record,subject,epoch,stage,fold,pred_eeg,pred_hrv,pred_fusion
slp01a,slp01,0,3,2,3,0,3
slp01a,slp01,1,3,2,3,0,3
slp01a,slp01,2,3,2,3,0,3
slp01a,slp01,3,3,2,3,0,3
slp01a,slp01,4,3,2,3,0,3
slp01a,slp01,5,3,2,3,0,2
slp01a,slp01,6,3,2,3,0,3
slp01a,slp01,7,3,2,3,0,2
slp01a,slp01,8,3,2,3,0,2
slp01a,slp01,9,3,2,3,0,3
slp01a,slp01,10,3,2,3,0,2
slp01a,slp01,11,3,2,3,0,2
slp01a,slp01,12,3,2,3,2,2
slp01a,slp01,13,3,2,3,0,2
slp01a,slp01,14,3,2,3,0,2
slp01a,slp01,15,2,2,3,0,2
slp01a,slp01,16,2,2,1,0,1
slp01a,slp01,17,2,2,2,0,2
slp01a,slp01,18,3,2,3,0,2
slp01a,slp01,19,3,2,3,0,2
slp01a,slp01,20,3,2,3,0,2
slp01a,slp01,21,3,2,2,0,2
slp01a,slp01,22,3,2,3,0,2
slp01a,slp01,23,3,2,3,0,2
slp01a,slp01,24,3,2,3,0,2
slp01a,slp01,25,3,2,3,0,3
slp01a,slp01,26,3,2,3,0,2
slp01a,slp01,27,3,2,3,0,2
slp01a,slp01,28,3,2,3,0,2
slp01a,slp01,29,3,2,3,0,3
slp01a,slp01,30,3,2,3,0,3
slp01a,slp01,31,3,2,3,0,3
slp01a,slp01,32,3,2,3,0,3
slp01a,slp01,33,3,2,3,0,3
slp01a,slp01,34,3,2,3,0,3
slp01a,slp01,35,3,2,3,0,2
slp01a,slp01,36,3,2,3,0,3
slp01a,slp01,37,3,2,3,0,2
slp01a,slp01,38,3,2,3,0,3
slp01a,slp01,39,3,2,3,0,3
slp01a,slp01,40,3,2,3,0,2
slp01a,slp01,41,3,2,3,0,3
slp01a,slp01,42,3,2,3,0,2
slp01a,slp01,43,2,2,3,0,3
slp01a,slp01,44,3,2,3,0,2
slp01a,slp01,45,2,2,2,0,2
slp01a,slp01,46,2,2,2,0,4
slp01a,slp01,47,2,2,2,0,2
slp01a,slp01,48,2,2,2,0,2
slp01a,slp01,49,2,2,4,0,4
slp01a,slp01,50,2,2,2,0,4
slp01a,slp01,51,2,2,4,0,4
slp01a,slp01,52,2,2,1,0,4
slp01a,slp01,53,2,2,2,0,4
slp01a,slp01,54,2,2,2,0,0
slp01a,slp01,55,2,2,2,0,4
slp01a,slp01,56,2,2,2,0,0
slp01a,slp01,57,2,2,2,0,0
slp01a,slp01,58,2,2,2,0,0
slp01a,slp01,59,2,2,2,0,2
slp01a,slp01,60,2,2,2,0,0
slp01a,slp01,61,2,2,2,0,0
slp01a,slp01,62,2,2,1,0,2
slp01a,slp01,63,0,2,1,0,4
slp01a,slp01,64,1,2,1,1,1
slp01a,slp01,65,2,2,1,1,4
slp01a,slp01,66,2,2,1,1,1
slp01a,slp01,67,2,2,2,1,1
slp01a,slp01,68,2,2,1,1,1
slp01a,slp01,69,2,2,2,1,1
slp01a,slp01,70,2,2,2,1,1
slp01a,slp01,71,2,2,2,0,1
slp01a,slp01,72,0,2,0,0,0
slp01a,slp01,73,0,2,2,0,0
slp01a,slp01,74,2,2,1,1,1
slp01a,slp01,75,2,2,1,1,1
slp01a,slp01,76,2,2,2,1,1
slp01a,slp01,77,2,2,2,1,2
slp01a,slp01,78,2,2,3,1,1
slp01a,slp01,79,2,2,2,1,1
slp01a,slp01,80,2,2,3,1,1
slp01a,slp01,81,2,2,2,1,1
slp01a,slp01,82,2,2,1,0,1
slp01a,slp01,83,2,2,2,0,2
slp01a,slp01,84,2,2,2,0,2
slp01a,slp01,85,2,2,3,0,2
slp01a,slp01,86,2,2,3,0,2
slp01a,slp01,87,2,2,2,0,2
slp01a,slp01,88,2,2,2,0,2
slp01a,slp01,89,2,2,2,0,2
slp01a,slp01,90,2,2,2,0,2
slp01a,slp01,91,2,2,3,0,2
slp01a,slp01,92,2,2,3,0,2
slp01a,slp01,93,3,2,3,0,2
slp01a,slp01,94,3,2,3,0,2
slp01a,slp01,95,3,2,3,0,2
slp01a,slp01,96,3,2,3,0,3
slp01a,slp01,97,3,2,3,0,2
slp01a,slp01,98,3,2,3,0,3
slp01a,slp01,99,3,2,3,0,3
slp01a,slp01,100,3,2,3,0,3
slp01a,slp01,101,3,2,3,0,3
slp01a,slp01,102,3,2,3,0,3
slp01a,slp01,103,3,2,3,0,2
slp01a,slp01,104,3,2,3,0,3
slp01a,slp01,105,3,2,3,0,3
slp01a,slp01,106,3,2,3,0,3
slp01a,slp01,107,3,2,3,0,3
slp01a,slp01,108,3,2,3,0,2
slp01a,slp01,109,3,2,3,0,3
slp01a,slp01,110,3,2,2,0,0
slp01a,slp01,111,3,2,2,0,3
slp01a,slp01,112,3,2,3,0,2
slp01a,slp01,113,3,2,3,0,2
slp01a,slp01,114,3,2,3,0,2
slp01a,slp01,115,3,2,3,0,2
slp01a,slp01,116,3,2,3,0,3
slp01a,slp01,117,3,2,3,0,3
slp01a,slp01,118,3,2,3,0,3
slp01a,slp01,119,3,2,3,0,3
slp01a,slp01,120,3,2,3,0,3
slp01a,slp01,121,3,2,3,0,3
slp01a,slp01,122,3,2,3,0,3
slp01a,slp01,123,3,2,3,0,3
slp01a,slp01,124,3,2,3,0,2
slp01a,slp01,125,3,2,3,0,3
slp01a,slp01,126,3,2,3,0,3
slp01a,slp01,127,3,2,3,0,2
slp01a,slp01,128,3,2,3,0,2
slp01a,slp01,129,3,2,3,0,2
slp01a,slp01,130,3,2,3,0,2
slp01a,slp01,131,3,2,3,0,3
slp01a,slp01,132,3,2,3,0,3
slp01a,slp01,133,3,2,3,0,3
slp01a,slp01,134,3,2,2,0,2
slp01a,slp01,135,3,2,3,0,2
slp01a,slp01,136,3,2,3,0,3
slp01a,slp01,137,3,2,3,0,3
slp01a,slp01,138,3,2,3,0,3
slp01a,slp01,139,3,2,3,0,3
slp01a,slp01,140,3,2,3,0,2
slp01a,slp01,141,3,2,3,0,3
slp01a,slp01,142,3,2,3,0,3
slp01a,slp01,143,3,2,3,0,3
slp01a,slp01,144,3,2,3,0,3
slp01a,slp01,145,3,2,3,0,3
slp01a,slp01,146,3,2,3,0,3
slp01a,slp01,147,3,2,3,0,2
slp01a,slp01,148,3,2,3,0,3
slp01a,slp01,149,3,2,3,0,2
slp01a,slp01,150,3,2,3,0,2
slp01a,slp01,151,3,2,3,0,3
slp01a,slp01,152,3,2,3,0,3
slp01a,slp01,153,3,2,3,0,2
slp01a,slp01,154,3,2,3,0,2
slp01a,slp01,155,3,2,3,0,2
slp01a,slp01,156,3,2,3,0,3
slp01a,slp01,157,3,2,3,0,2
slp01a,slp01,158,3,2,3,0,2
slp01a,slp01,159,3,2,3,1,2
slp01a,slp01,160,3,2,0,0,0
slp01a,slp01,162,2,2,2,0,0
slp01a,slp01,163,2,2,2,0,0
slp01a,slp01,164,2,2,2,0,1
slp01a,slp01,165,2,2,3,0,2
slp01a,slp01,166,2,2,2,0,0
slp01a,slp01,167,2,2,3,0,1
slp01a,slp01,168,2,2,2,0,0
slp01a,slp01,169,2,2,1,0,1
slp01a,slp01,170,2,2,2,2,2
slp01a,slp01,171,2,2,2,3,2
slp01a,slp01,172,2,2,3,2,3
slp01a,slp01,173,3,2,2,2,2
slp01a,slp01,174,2,2,2,2,2
slp01a,slp01,175,2,2,2,2,2
slp01a,slp01,176,2,2,1,2,2
slp01a,slp01,177,2,2,3,2,2
slp01a,slp01,178,2,2,3,2,2
slp01a,slp01,179,2,2,2,2,2
slp01a,slp01,180,2,2,1,2,2
slp01a,slp01,181,2,2,3,2,2
slp01a,slp01,182,2,2,2,2,2
slp01a,slp01,183,2,2,3,2,2
slp01a,slp01,184,2,2,1,2,2
slp01a,slp01,185,2,2,2,3,2
slp01a,slp01,186,2,2,3,2,2
slp01a,slp01,187,2,2,3,2,3
slp01a,slp01,188,3,2,2,2,2
slp01a,slp01,189,3,2,3,2,2
slp01a,slp01,190,2,2,3,2,2
slp01a,slp01,191,3,2,2,2,2
slp01a,slp01,192,2,2,3,2,2
slp01a,slp01,193,2,2,3,2,2
slp01a,slp01,194,2,2,3,2,2
slp01a,slp01,195,2,2,2,2,2
slp01a,slp01,196,2,2,2,2,2
slp01a,slp01,197,2,2,3,2,2
slp01a,slp01,198,2,2,2,2,2
slp01a,slp01,199,2,2,2,2,2
slp01a,slp01,200,2,2,3,2,2
slp01a,slp01,201,2,2,3,2,2
slp01a,slp01,202,2,2,3,2,3
slp01a,slp01,203,2,2,2,2,2
slp01a,slp01,204,2,2,2,2,2
slp01a,slp01,205,2,2,2,2,2
slp01a,slp01,206,2,2,2,2,2
slp01a,slp01,207,2,2,2,2,2
slp01a,slp01,208,2,2,2,2,2
slp01a,slp01,209,2,2,2,2,3
slp01a,slp01,210,2,2,2,2,3
slp01a,slp01,211,2,2,2,2,2
slp01a,slp01,212,2,2,2,2,2
slp01a,slp01,213,4,2,2,3,2
slp01a,slp01,214,2,2,1,3,0
slp01a,slp01,215,2,2,1,3,2
slp01a,slp01,216,2,2,1,3,2
slp01a,slp01,217,2,2,1,3,2
slp01a,slp01,218,2,2,1,3,2
slp01a,slp01,219,4,2,1,2,0
slp01a,slp01,220,4,2,1,0,4
slp01a,slp01,221,0,2,1,0,4
slp01a,slp01,222,2,2,1,0,4
slp01a,slp01,223,2,2,1,0,4
slp01a,slp01,224,2,2,1,0,0
slp01a,slp01,225,4,2,1,0,0
slp01a,slp01,226,4,2,1,0,0
slp01a,slp01,227,4,2,1,0,0
slp01a,slp01,228,4,2,2,0,0
slp01a,slp01,229,4,2,1,0,0
slp01a,slp01,230,4,2,2,0,0
slp01a,slp01,231,4,2,1,0,0
slp01a,slp01,232,4,2,0,0,0
slp01a,slp01,233,4,2,1,0,1
slp01a,slp01,234,4,2,0,0,0
slp01a,slp01,235,0,2,1,0,0
slp01a,slp01,236,0,2,1,0,0
slp01a,slp01,237,0,2,2,0,0
slp01a,slp01,238,2,2,2,0,0
slp01a,slp01,239,2,2,2,0,0
slp01b,slp01,0,2,2,1,3,0
slp01b,slp01,1,2,2,2,3,3
slp01b,slp01,2,2,2,1,3,1
slp01b,slp01,3,2,2,2,3,3
slp01b,slp01,4,2,2,1,3,0
slp01b,slp01,5,2,2,2,3,3
slp01b,slp01,6,2,2,2,3,3
slp01b,slp01,7,2,2,2,3,2
slp01b,slp01,8,2,2,1,3,1
slp01b,slp01,9,0,2,1,3,3
slp01b,slp01,10,0,2,0,0,0
slp01b,slp01,11,0,2,0,0,0
slp01b,slp01,12,0,2,2,0,0
slp01b,slp01,13,0,2,0,0,0
slp01b,slp01,14,0,2,2,0,0
slp01b,slp01,15,0,2,2,0,0
slp01b,slp01,16,0,2,2,0,0
slp01b,slp01,17,0,2,2,0,0
slp01b,slp01,18,0,2,0,0,0
slp01b,slp01,19,0,2,0,0,0
slp01b,slp01,20,0,2,0,0,0
slp01b,slp01,21,0,2,0,0,0
slp01b,slp01,22,0,2,0,0,0
slp01b,slp01,23,0,2,0,0,0
slp01b,slp01,24,0,2,0,0,0
slp01b,slp01,25,0,2,0,0,0
slp01b,slp01,26,0,2,0,0,0
slp01b,slp01,27,0,2,0,0,0
slp01b,slp01,28,0,2,0,0,0
slp01b,slp01,29,0,2,0,0,0
slp01b,slp01,30,0,2,0,0,0
slp01b,slp01,31,0,2,0,0,0
slp01b,slp01,32,0,2,0,0,0
slp01b,slp01,33,0,2,0,0,0
slp01b,slp01,34,0,2,0,0,0
slp01b,slp01,35,0,2,0,0,0
slp01b,slp01,36,0,2,0,0,0
slp01b,slp01,37,0,2,0,0,0
slp01b,slp01,38,0,2,0,0,0
slp01b,slp01,39,0,2,0,0,0
slp01b,slp01,40,0,2,0,0,0
slp01b,slp01,41,0,2,0,0,0
slp01b,slp01,42,0,2,0,0,0
slp01b,slp01,43,0,2,0,0,0
slp01b,slp01,44,0,2,0,0,0
slp01b,slp01,45,0,2,0,0,0
slp01b,slp01,46,0,2,0,3,0
slp01b,slp01,47,0,2,0,3,0
slp01b,slp01,48,0,2,0,3,0
slp01b,slp01,49,0,2,0,3,0
slp01b,slp01,50,0,2,0,3,0
slp01b,slp01,51,0,2,0,0,0
slp01b,slp01,52,0,2,0,0,0
slp01b,slp01,53,0,2,0,0,0
slp01b,slp01,54,0,2,0,0,0
slp01b,slp01,55,0,2,0,3,0
slp01b,slp01,56,0,2,0,0,0
slp01b,slp01,57,0,2,0,0,0
slp01b,slp01,58,0,2,0,0,0
slp01b,slp01,59,0,2,0,0,0
slp01b,slp01,60,0,2,0,0,0
slp01b,slp01,61,0,2,0,0,0
slp01b,slp01,62,0,2,0,0,0
slp01b,slp01,63,0,2,0,0,0
slp01b,slp01,64,0,2,0,0,0
slp01b,slp01,65,0,2,0,0,0
slp01b,slp01,66,0,2,0,0,0
slp01b,slp01,67,0,2,0,0,0
slp01b,slp01,68,0,2,0,2,0
slp01b,slp01,69,0,2,0,2,0
slp01b,slp01,70,0,2,0,2,0
slp01b,slp01,71,0,2,0,2,0
slp01b,slp01,72,0,2,0,2,0
slp01b,slp01,73,0,2,0,2,0
slp01b,slp01,74,0,2,0,2,0
slp01b,slp01,75,0,2,0,2,0
slp01b,slp01,76,0,2,0,2,0
slp01b,slp01,77,0,2,0,2,0
slp01b,slp01,78,0,2,0,0,0
slp01b,slp01,79,0,2,0,0,0
slp01b,slp01,80,0,2,0,0,0
slp01b,slp01,81,0,2,0,0,0
slp01b,slp01,82,0,2,0,3,0
slp01b,slp01,83,0,2,0,3,0
slp01b,slp01,84,0,2,0,0,0
slp01b,slp01,85,0,2,0,0,0
slp01b,slp01,86,0,2,0,0,0
slp01b,slp01,87,0,2,0,0,0
slp01b,slp01,88,0,2,0,0,0
slp01b,slp01,89,0,2,0,0,0
slp01b,slp01,90,0,2,0,0,0
slp01b,slp01,91,0,2,0,0,0
slp01b,slp01,92,0,2,0,4,0
slp01b,slp01,93,0,2,0,0,0
slp01b,slp01,94,0,2,0,0,0
slp01b,slp01,95,0,2,0,0,0
slp01b,slp01,96,0,2,0,0,0
slp01b,slp01,97,0,2,0,0,0
slp01b,slp01,98,0,2,0,0,0
slp01b,slp01,99,0,2,0,0,0
slp01b,slp01,100,0,2,0,0,0
slp01b,slp01,101,0,2,0,0,0
slp01b,slp01,102,0,2,0,0,0
slp01b,slp01,103,0,2,0,0,0
slp01b,slp01,104,0,2,0,0,0
slp01b,slp01,105,0,2,0,0,0
slp01b,slp01,106,0,2,0,0,0
slp01b,slp01,107,0,2,0,0,0
slp01b,slp01,108,0,2,0,0,0
slp01b,slp01,109,0,2,0,0,0
slp01b,slp01,110,0,2,0,0,0
slp01b,slp01,111,0,2,0,0,0
slp01b,slp01,112,0,2,0,0,0
slp01b,slp01,113,0,2,0,0,0
slp01b,slp01,114,0,2,0,0,0
slp01b,slp01,115,0,2,0,0,0
slp01b,slp01,116,0,2,0,0,0
slp01b,slp01,117,0,2,0,0,0
slp01b,slp01,118,0,2,0,0,0
slp01b,slp01,119,0,2,0,0,0
slp01b,slp01,120,0,2,0,2,0
slp01b,slp01,121,0,2,0,0,0
slp01b,slp01,122,0,2,0,0,0
slp01b,slp01,123,0,2,0,0,0
slp01b,slp01,124,0,2,0,0,0
slp01b,slp01,125,0,2,0,0,0
slp01b,slp01,126,0,2,0,0,0
slp01b,slp01,127,0,2,0,0,0
slp01b,slp01,128,0,2,0,0,0
slp01b,slp01,129,0,2,0,0,0
slp01b,slp01,130,0,2,0,0,0
slp01b,slp01,131,0,2,0,0,0
slp01b,slp01,132,0,2,0,0,0
slp01b,slp01,133,0,2,0,0,0
slp01b,slp01,134,0,2,0,0,0
slp01b,slp01,135,0,2,0,0,0
slp01b,slp01,136,0,2,0,0,0
slp01b,slp01,137,0,2,0,0,0
slp01b,slp01,138,1,2,1,0,0
slp01b,slp01,139,0,2,0,0,0
slp01b,slp01,140,0,2,0,0,0
slp01b,slp01,141,0,2,0,0,0
slp01b,slp01,142,1,2,1,0,0
slp01b,slp01,143,2,2,2,0,2
slp01b,slp01,144,0,2,0,0,0
slp01b,slp01,145,1,2,1,0,2
slp01b,slp01,146,2,2,1,0,0
slp01b,slp01,147,1,2,1,0,0
slp01b,slp01,148,2,2,1,0,1
slp01b,slp01,149,2,2,0,0,2
slp01b,slp01,150,2,2,1,0,2
slp01b,slp01,151,1,2,2,0,2
slp01b,slp01,152,0,2,1,0,1
slp01b,slp01,153,2,2,2,0,2
slp01b,slp01,154,2,2,1,0,2
slp01b,slp01,155,2,2,2,0,2
slp01b,slp01,156,2,2,1,0,2
slp01b,slp01,157,2,2,2,0,2
slp01b,slp01,158,2,2,1,0,2
slp01b,slp01,159,2,2,2,0,2
slp01b,slp01,160,2,2,2,0,2
slp01b,slp01,161,2,2,2,0,2
slp01b,slp01,162,2,2,2,3,2
slp01b,slp01,163,2,2,1,2,2
slp01b,slp01,164,2,2,0,2,1
slp01b,slp01,165,2,2,1,2,2
slp01b,slp01,166,2,2,2,2,2
slp01b,slp01,167,2,2,1,2,2
slp01b,slp01,168,2,2,1,2,2
slp01b,slp01,169,2,2,2,2,2
slp01b,slp01,170,2,2,2,2,2
slp01b,slp01,171,2,2,1,2,2
slp01b,slp01,172,2,2,1,2,2
slp01b,slp01,173,2,2,1,2,1
slp01b,slp01,174,2,2,2,2,2
slp01b,slp01,175,2,2,1,2,2
slp01b,slp01,176,2,2,1,2,2
slp01b,slp01,177,2,2,2,2,2
slp01b,slp01,178,2,2,2,2,2
slp01b,slp01,179,2,2,1,2,1
slp01b,slp01,180,2,2,2,2,2
slp01b,slp01,181,2,2,2,2,2
slp01b,slp01,182,2,2,2,2,2
slp01b,slp01,183,2,2,2,2,2
slp01b,slp01,184,2,2,1,2,1
slp01b,slp01,185,2,2,1,2,2
slp01b,slp01,186,2,2,1,2,2
slp01b,slp01,187,2,2,1,2,2
slp01b,slp01,188,2,2,2,2,2
slp01b,slp01,189,2,2,2,2,2
slp01b,slp01,190,2,2,2,2,2
slp01b,slp01,191,2,2,2,2,1
slp01b,slp01,192,2,2,1,2,2
slp01b,slp01,193,2,2,2,2,2
slp01b,slp01,194,2,2,1,2,2
slp01b,slp01,195,2,2,0,2,0
slp01b,slp01,196,0,2,0,0,0
slp01b,slp01,197,0,2,0,0,0
slp01b,slp01,198,0,2,0,0,0
slp01b,slp01,199,0,2,0,0,0
slp01b,slp01,200,0,2,0,0,0
slp01b,slp01,201,0,2,0,0,0
slp01b,slp01,202,0,2,0,0,0
slp01b,slp01,203,0,2,0,0,0
slp01b,slp01,204,0,2,0,0,0
slp01b,slp01,205,0,2,0,0,0
slp01b,slp01,206,0,2,0,0,0
slp01b,slp01,207,0,2,0,0,0
slp01b,slp01,208,0,2,0,0,0
slp01b,slp01,209,0,2,0,0,0
slp01b,slp01,210,0,2,0,0,0
slp01b,slp01,211,0,2,0,0,0
slp01b,slp01,212,0,2,0,0,0
slp01b,slp01,213,0,2,0,0,0
slp01b,slp01,214,0,2,0,0,0
slp01b,slp01,215,0,2,0,3,0
slp01b,slp01,216,0,2,0,3,0
slp01b,slp01,217,0,2,0,3,0
slp01b,slp01,218,0,2,0,3,0
slp01b,slp01,219,0,2,0,3,0
slp01b,slp01,220,0,2,0,3,0
slp01b,slp01,221,0,2,0,0,0
slp01b,slp01,222,0,2,0,0,0
slp01b,slp01,223,0,2,0,0,0
slp01b,slp01,224,0,2,0,0,0
slp01b,slp01,225,1,2,1,0,0
slp01b,slp01,226,1,2,1,1,0
slp01b,slp01,227,0,2,1,1,1
slp01b,slp01,228,1,2,0,1,1
slp01b,slp01,229,0,2,0,1,0
slp01b,slp01,230,0,2,1,1,1
slp01b,slp01,231,1,2,1,2,2
slp01b,slp01,232,2,2,1,2,2
slp01b,slp01,233,2,2,2,1,2
slp01b,slp01,234,2,2,1,1,1
slp01b,slp01,235,0,2,0,2,1
slp01b,slp01,236,1,2,2,2,2
slp01b,slp01,237,2,2,1,2,1
slp01b,slp01,238,2,2,2,2,2
slp01b,slp01,239,2,2,1,1,1
slp01b,slp01,240,2,2,1,1,1
slp01b,slp01,241,2,2,1,1,1
slp01b,slp01,242,2,2,2,1,2
slp01b,slp01,243,2,2,2,1,2
slp01b,slp01,244,2,2,2,1,1
slp01b,slp01,245,2,2,1,1,1
slp01b,slp01,246,2,2,1,1,1
slp01b,slp01,247,2,2,2,1,2
slp01b,slp01,248,2,2,1,1,2
slp01b,slp01,249,2,2,1,1,1
slp01b,slp01,250,2,2,2,1,2
slp01b,slp01,251,2,2,2,1,2
slp01b,slp01,252,2,2,0,1,0
slp01b,slp01,253,0,2,0,1,0
slp01b,slp01,254,0,2,1,1,0
slp01b,slp01,255,1,2,1,1,0
slp01b,slp01,256,0,2,2,0,2
slp01b,slp01,257,1,2,0,1,0
slp01b,slp01,258,0,2,1,1,1
slp01b,slp01,259,1,2,1,1,1
slp01b,slp01,260,2,2,1,1,1
slp01b,slp01,261,2,2,1,0,1
slp01b,slp01,262,2,2,2,0,1
slp01b,slp01,263,2,2,2,0,2
slp01b,slp01,264,2,2,2,1,2
slp01b,slp01,265,2,2,2,1,2
slp01b,slp01,266,4,2,1,1,0
slp01b,slp01,267,4,2,1,1,0
slp01b,slp01,268,4,2,2,1,2
slp01b,slp01,269,4,2,2,0,0
slp01b,slp01,270,4,2,1,1,0
slp01b,slp01,271,4,2,1,0,0
slp01b,slp01,272,4,2,0,0,0
slp01b,slp01,273,0,2,0,0,0
slp01b,slp01,274,0,2,1,0,4
slp01b,slp01,275,1,2,0,0,0
slp01b,slp01,276,0,2,0,0,0
slp01b,slp01,277,0,2,1,0,4
slp01b,slp01,278,1,2,2,0,0
slp01b,slp01,279,1,2,2,0,0
slp01b,slp01,280,2,2,4,0,0
slp01b,slp01,281,2,2,1,0,4
slp01b,slp01,282,0,2,2,0,0
slp01b,slp01,283,1,2,2,0,0
slp01b,slp01,284,2,2,0,0,0
slp01b,slp01,285,2,2,1,0,1
slp01b,slp01,286,2,2,1,1,0
slp01b,slp01,287,2,2,1,1,1
slp01b,slp01,288,2,2,2,1,1
slp01b,slp01,289,2,2,2,1,1
slp01b,slp01,290,2,2,1,1,1
slp01b,slp01,291,2,2,2,1,1
slp01b,slp01,292,2,2,4,1,1
slp01b,slp01,293,2,2,2,1,1
slp01b,slp01,294,2,2,2,1,2
slp01b,slp01,295,2,2,2,1,1
slp01b,slp01,296,2,2,2,1,2
slp01b,slp01,297,4,2,2,1,2
slp01b,slp01,298,4,2,2,1,2
slp01b,slp01,299,4,2,2,2,2
slp01b,slp01,300,4,2,1,2,1
slp01b,slp01,301,4,2,4,2,2
slp01b,slp01,302,4,2,2,2,2
slp01b,slp01,303,4,2,1,2,2
slp01b,slp01,304,4,2,4,2,2
slp01b,slp01,305,4,2,2,2,2
slp01b,slp01,306,4,2,4,2,2
slp01b,slp01,307,4,2,4,2,2
slp01b,slp01,308,4,2,0,2,0
slp01b,slp01,309,1,2,1,2,0
slp01b,slp01,310,1,2,1,2,1
slp01b,slp01,311,1,2,1,2,1
slp01b,slp01,312,1,2,2,4,1
slp01b,slp01,313,2,2,1,4,0
slp01b,slp01,314,2,2,1,4,1
slp01b,slp01,315,2,2,2,4,1
slp01b,slp01,316,2,2,2,1,1
slp01b,slp01,317,2,2,2,4,1
slp01b,slp01,318,2,2,2,4,1
slp01b,slp01,319,2,2,2,1,1
slp01b,slp01,320,4,2,2,1,0
slp01b,slp01,321,4,2,1,0,0
slp01b,slp01,322,4,2,2,1,1
slp01b,slp01,323,4,2,1,1,0
slp01b,slp01,324,4,2,2,0,0
slp01b,slp01,325,4,2,0,0,0
slp01b,slp01,326,0,2,0,0,0
slp01b,slp01,327,0,2,0,0,0
slp01b,slp01,328,0,2,1,0,1
slp01b,slp01,329,1,2,1,0,0
slp01b,slp01,330,2,2,0,0,1
slp01b,slp01,331,2,2,0,0,1
slp01b,slp01,332,2,2,1,0,0
slp01b,slp01,333,2,2,1,0,1
slp01b,slp01,334,1,2,1,0,2
slp01b,slp01,335,1,2,2,0,2
slp01b,slp01,336,2,2,1,2,1
slp01b,slp01,337,2,2,1,2,2
slp01b,slp01,338,2,2,4,2,2
slp01b,slp01,339,2,2,1,2,2
slp01b,slp01,340,2,2,2,2,2
slp01b,slp01,341,2,2,1,1,1
slp01b,slp01,342,2,2,1,1,1
slp01b,slp01,343,2,2,1,1,1
slp01b,slp01,344,2,2,1,1,1
slp01b,slp01,345,2,2,1,1,1
slp01b,slp01,346,2,2,1,1,1
slp01b,slp01,347,2,2,1,1,1
slp01b,slp01,348,2,2,2,4,0
slp01b,slp01,349,2,2,1,4,4
slp01b,slp01,350,2,2,0,0,0
slp01b,slp01,351,2,2,1,0,0
slp01b,slp01,352,0,2,1,0,0
slp01b,slp01,353,1,2,1,0,0
slp01b,slp01,354,1,2,2,0,0
slp01b,slp01,355,1,2,1,0,0
slp01b,slp01,356,2,2,1,0,0
slp01b,slp01,357,2,2,1,0,1
slp01b,slp01,358,2,2,2,0,2
slp01b,slp01,359,2,2,1,0,1
slp02a,slp02,0,2,4,2,0,0
slp02a,slp02,1,2,4,2,0,0
slp02a,slp02,2,2,4,2,0,0
slp02a,slp02,3,2,4,2,0,0
slp02a,slp02,4,2,4,2,2,2
slp02a,slp02,5,2,4,2,2,2
slp02a,slp02,8,2,4,2,2,2
slp02a,slp02,9,2,4,2,2,2
slp02a,slp02,10,2,4,0,2,2
slp02a,slp02,11,2,4,2,2,2
slp02a,slp02,12,2,4,2,2,2
slp02a,slp02,13,2,4,2,2,2
slp02a,slp02,14,2,4,2,2,2
slp02a,slp02,15,2,4,2,0,2
slp02a,slp02,16,2,4,2,2,2
slp02a,slp02,17,2,4,2,2,2
slp02a,slp02,18,2,4,2,2,2
slp02a,slp02,19,2,4,2,2,2
slp02a,slp02,20,2,4,2,2,2
slp02a,slp02,21,2,4,2,2,2
slp02a,slp02,22,2,4,2,2,2
slp02a,slp02,23,2,4,2,0,2
slp02a,slp02,24,2,4,2,0,2
slp02a,slp02,25,2,4,0,0,2
slp02a,slp02,26,2,4,2,0,2
slp02a,slp02,27,2,4,0,0,2
slp02a,slp02,28,2,4,2,0,2
slp02a,slp02,29,2,4,2,0,2
slp02a,slp02,30,2,4,2,0,2
slp02a,slp02,32,0,4,0,0,0
slp02a,slp02,33,0,4,0,0,0
slp02a,slp02,34,1,4,2,0,0
slp02a,slp02,35,2,4,2,0,0
slp02a,slp02,36,2,4,2,0,2
slp02a,slp02,37,2,4,2,2,2
slp02a,slp02,38,2,4,2,2,2
slp02a,slp02,39,2,4,2,2,2
slp02a,slp02,40,2,4,2,2,2
slp02a,slp02,41,2,4,2,2,2
slp02a,slp02,42,2,4,2,2,2
slp02a,slp02,43,2,4,2,2,2
slp02a,slp02,44,2,4,2,2,2
slp02a,slp02,45,2,4,1,2,2
slp02a,slp02,46,2,4,2,2,2
slp02a,slp02,47,2,4,2,2,2
slp02a,slp02,48,2,4,2,2,2
slp02a,slp02,49,2,4,2,2,2
slp02a,slp02,50,2,4,2,2,2
slp02a,slp02,51,2,4,2,3,0
slp02a,slp02,52,2,4,2,3,0
slp02a,slp02,53,2,4,2,0,0
slp02a,slp02,54,2,4,2,0,0
slp02a,slp02,55,2,4,2,0,0
slp02a,slp02,56,2,4,2,0,0
slp02a,slp02,57,2,4,2,0,0
slp02a,slp02,58,2,4,2,0,0
slp02a,slp02,59,2,4,2,0,0
slp02a,slp02,60,2,4,2,0,0
slp02a,slp02,61,3,4,2,0,3
slp02a,slp02,62,2,4,2,0,3
slp02a,slp02,63,2,4,2,0,3
slp02a,slp02,64,2,4,2,0,3
slp02a,slp02,65,2,4,2,0,0
slp02a,slp02,66,2,4,2,0,0
slp02a,slp02,67,2,4,2,0,0
slp02a,slp02,68,3,4,2,0,3
slp02a,slp02,69,2,4,0,0,3
slp02a,slp02,70,2,4,2,0,0
slp02a,slp02,71,2,4,2,0,0
slp02a,slp02,72,2,4,2,0,0
slp02a,slp02,73,3,4,2,0,3
slp02a,slp02,74,3,4,2,0,3
slp02a,slp02,75,2,4,2,0,0
slp02a,slp02,76,2,4,2,0,0
slp02a,slp02,77,2,4,2,0,0
slp02a,slp02,78,3,4,2,0,3
slp02a,slp02,79,3,4,2,0,3
slp02a,slp02,80,2,4,2,0,0
slp02a,slp02,81,3,4,2,0,3
slp02a,slp02,82,2,4,2,0,0
slp02a,slp02,83,2,4,2,0,3
slp02a,slp02,84,2,4,2,0,3
slp02a,slp02,85,2,4,0,0,3
slp02a,slp02,86,2,4,1,0,0
slp02a,slp02,87,4,4,1,2,0
slp02a,slp02,88,4,4,1,2,0
slp02a,slp02,89,4,4,1,2,0
slp02a,slp02,90,1,4,2,0,0
slp02a,slp02,93,1,4,2,0,0
slp02a,slp02,94,1,4,2,0,0
slp02a,slp02,96,1,4,0,0,0
slp02a,slp02,97,1,4,2,0,0
slp02a,slp02,98,1,4,2,0,0
slp02a,slp02,99,1,4,2,0,0
slp02a,slp02,100,1,4,2,0,0
slp02a,slp02,101,2,4,2,0,0
slp02a,slp02,102,1,4,0,0,0
slp02a,slp02,103,2,4,2,0,0
slp02a,slp02,104,2,4,2,0,2
slp02a,slp02,105,2,4,2,0,2
slp02a,slp02,106,2,4,2,0,2
slp02a,slp02,107,2,4,2,2,2
slp02a,slp02,108,2,4,2,2,2
slp02a,slp02,109,2,4,2,2,2
slp02a,slp02,110,2,4,2,2,2
slp02a,slp02,111,2,4,2,2,2
slp02a,slp02,112,1,4,2,2,2
slp02a,slp02,114,2,4,2,2,2
slp02a,slp02,115,2,4,2,2,2
slp02a,slp02,116,2,4,2,2,2
slp02a,slp02,117,2,4,2,2,2
slp02a,slp02,118,2,4,2,2,2
slp02a,slp02,120,2,4,2,2,2
slp02a,slp02,121,2,4,2,2,2
slp02a,slp02,122,2,4,2,2,2
slp02a,slp02,123,2,4,2,2,2
slp02a,slp02,124,2,4,2,0,2
slp02a,slp02,125,2,4,2,0,2
slp02a,slp02,126,2,4,2,0,2
slp02a,slp02,127,2,4,2,2,2
slp02a,slp02,128,2,4,2,2,2
slp02a,slp02,129,2,4,2,2,2
slp02a,slp02,130,2,4,2,2,2
slp02a,slp02,131,2,4,2,2,2
slp02a,slp02,132,2,4,2,2,2
slp02a,slp02,133,2,4,2,2,2
slp02a,slp02,134,2,4,2,2,2
slp02a,slp02,135,2,4,2,2,2
slp02a,slp02,136,2,4,2,2,2
slp02a,slp02,137,2,4,2,2,2
slp02a,slp02,138,2,4,2,2,2
slp02a,slp02,139,2,4,4,2,2
slp02a,slp02,140,2,4,1,2,2
slp02a,slp02,141,2,4,2,2,2
slp02a,slp02,142,2,4,2,2,2
slp02a,slp02,143,2,4,2,2,2
slp02a,slp02,144,2,4,2,2,2
slp02a,slp02,145,2,4,1,2,2
slp02a,slp02,146,2,4,1,2,2
slp02a,slp02,147,2,4,2,2,2
slp02a,slp02,148,2,4,2,2,2
slp02a,slp02,149,2,4,2,2,2
slp02a,slp02,150,2,4,2,2,2
slp02a,slp02,151,2,4,2,2,2
slp02a,slp02,152,2,4,1,2,2
slp02a,slp02,153,2,4,2,2,2
slp02a,slp02,154,2,4,2,2,2
slp02a,slp02,155,2,4,2,2,2
slp02a,slp02,156,2,4,2,2,2
slp02a,slp02,157,2,4,2,2,2
slp02a,slp02,158,2,4,2,2,2
slp02a,slp02,159,2,4,1,2,2
slp02a,slp02,160,2,4,2,2,2
slp02a,slp02,161,2,4,2,2,2
slp02a,slp02,162,2,4,2,2,2
slp02a,slp02,163,2,4,2,2,2
slp02a,slp02,164,2,4,2,2,2
slp02a,slp02,165,2,4,0,2,2
slp02a,slp02,166,0,4,0,0,2
slp02a,slp02,167,0,4,0,0,2
slp02a,slp02,168,0,4,3,0,0
slp02a,slp02,169,0,4,0,0,0
slp02a,slp02,170,0,4,0,0,0
slp02a,slp02,171,0,4,0,0,0
slp02a,slp02,172,0,4,0,0,0
slp02a,slp02,173,0,4,0,0,0
slp02a,slp02,174,0,4,0,0,0
slp02a,slp02,175,0,4,0,0,0
slp02a,slp02,176,0,4,0,0,0
slp02a,slp02,177,0,4,0,0,0
slp02a,slp02,178,0,4,0,0,0
slp02a,slp02,179,0,4,0,0,0
slp02a,slp02,180,0,4,0,0,0
slp02a,slp02,181,0,4,0,0,0
slp02a,slp02,182,0,4,0,0,0
slp02a,slp02,183,0,4,0,0,0
slp02a,slp02,184,0,4,0,0,0
slp02a,slp02,185,0,4,0,0,0
slp02a,slp02,186,0,4,0,0,0
slp02a,slp02,187,0,4,0,0,0
slp02a,slp02,188,0,4,0,0,0
slp02a,slp02,189,0,4,0,0,0
slp02a,slp02,190,0,4,0,0,0
slp02a,slp02,191,0,4,0,0,0
slp02a,slp02,192,0,4,0,0,0
slp02a,slp02,193,0,4,0,0,0
slp02a,slp02,194,0,4,0,0,0
slp02a,slp02,195,0,4,2,0,0
slp02a,slp02,196,0,4,0,0,0
slp02a,slp02,197,0,4,0,0,0
slp02a,slp02,198,0,4,0,0,0
slp02a,slp02,199,0,4,2,0,0
slp02a,slp02,200,0,4,0,0,0
slp02a,slp02,201,0,4,0,0,0
slp02a,slp02,202,0,4,0,0,0
slp02a,slp02,203,1,4,1,0,0
slp02a,slp02,204,0,4,0,0,0
slp02a,slp02,205,0,4,1,0,0
slp02a,slp02,206,0,4,0,0,0
slp02a,slp02,207,1,4,1,0,0
slp02a,slp02,208,2,4,2,0,0
slp02a,slp02,209,1,4,1,0,0
slp02a,slp02,210,1,4,1,0,0
slp02a,slp02,211,2,4,2,2,0
slp02a,slp02,212,2,4,2,2,2
slp02a,slp02,213,2,4,2,2,2
slp02a,slp02,214,2,4,2,2,2
slp02a,slp02,215,2,4,2,2,2
slp02a,slp02,216,2,4,2,2,2
slp02a,slp02,217,2,4,2,2,2
slp02a,slp02,218,2,4,2,2,2
slp02a,slp02,219,1,4,1,2,2
slp02a,slp02,220,2,4,2,2,2
slp02a,slp02,221,2,4,2,2,2
slp02a,slp02,222,2,4,2,2,2
slp02a,slp02,223,2,4,2,2,2
slp02a,slp02,224,2,4,2,2,2
slp02a,slp02,225,2,4,2,2,2
slp02a,slp02,226,2,4,2,2,2
slp02a,slp02,227,2,4,2,2,2
slp02a,slp02,228,2,4,2,2,2
slp02a,slp02,229,2,4,2,2,2
slp02a,slp02,230,2,4,2,2,2
slp02a,slp02,231,2,4,2,2,2
slp02a,slp02,232,2,4,2,2,2
slp02a,slp02,233,2,4,2,2,2
slp02a,slp02,234,2,4,2,2,2
slp02a,slp02,235,2,4,1,2,2
slp02a,slp02,236,4,4,1,2,2
slp02a,slp02,237,4,4,1,2,2
slp02a,slp02,238,4,4,1,2,2
slp02a,slp02,239,4,4,1,2,2
slp02a,slp02,240,4,4,1,2,2
slp02a,slp02,241,4,4,1,2,2
slp02a,slp02,242,4,4,1,2,2
slp02a,slp02,243,4,4,1,2,2
slp02a,slp02,244,4,4,1,2,2
slp02a,slp02,245,4,4,1,2,2
slp02a,slp02,246,4,4,1,2,2
slp02a,slp02,247,4,4,1,2,2
slp02a,slp02,248,4,4,0,2,0
slp02a,slp02,249,4,4,1,0,0
slp02a,slp02,250,4,4,1,0,4
slp02a,slp02,251,4,4,1,0,0
slp02a,slp02,252,4,4,1,0,4
slp02a,slp02,253,4,4,1,0,4
slp02a,slp02,254,4,4,1,0,0
slp02a,slp02,255,4,4,1,0,0
slp02a,slp02,256,4,4,1,0,0
slp02a,slp02,257,4,4,1,0,0
slp02a,slp02,258,4,4,1,2,2
slp02a,slp02,259,4,4,1,2,2
slp02a,slp02,260,4,4,0,2,2
slp02a,slp02,261,4,4,1,2,2
slp02a,slp02,262,4,4,1,2,2
slp02a,slp02,263,4,4,1,2,2
slp02a,slp02,264,4,4,1,2,2
slp02a,slp02,265,4,4,1,2,2
slp02a,slp02,266,4,4,1,2,2
slp02a,slp02,267,4,4,1,2,2
slp02a,slp02,268,4,4,1,2,2
slp02a,slp02,269,4,4,1,2,2
slp02a,slp02,270,4,4,1,2,2
slp02a,slp02,271,4,4,1,2,2
slp02a,slp02,272,4,4,1,2,2
slp02a,slp02,273,4,4,1,0,0
slp02a,slp02,274,4,4,1,0,0
slp02a,slp02,275,4,4,1,0,0
slp02a,slp02,276,4,4,1,0,4
slp02a,slp02,277,4,4,1,0,0
slp02a,slp02,278,4,4,1,0,1
slp02a,slp02,279,4,4,1,0,2
slp02a,slp02,280,4,4,1,0,0
slp02a,slp02,281,4,4,1,0,1
slp02a,slp02,282,4,4,1,0,0
slp02a,slp02,283,4,4,1,0,0
slp02a,slp02,284,4,4,0,0,0
slp02a,slp02,285,4,4,1,0,0
slp02a,slp02,286,2,4,1,0,0
slp02a,slp02,287,2,4,2,0,0
slp02a,slp02,288,2,4,1,0,0
slp02a,slp02,289,4,4,1,2,2
slp02a,slp02,290,4,4,1,2,2
slp02a,slp02,291,4,4,1,2,2
slp02a,slp02,292,4,4,1,2,2
slp02a,slp02,293,4,4,1,2,2
slp02a,slp02,294,4,4,1,2,2
slp02a,slp02,295,4,4,0,2,2
slp02a,slp02,296,0,4,2,2,2
slp02a,slp02,297,1,4,2,2,2
slp02a,slp02,298,2,4,2,2,2
slp02a,slp02,299,2,4,1,2,2
slp02a,slp02,300,4,4,1,2,2
slp02a,slp02,301,4,4,1,2,2
slp02a,slp02,302,4,4,1,2,2
slp02a,slp02,303,4,4,1,2,2
slp02a,slp02,304,4,4,1,2,2
slp02a,slp02,305,4,4,1,2,2
slp02a,slp02,306,4,4,1,2,2
slp02a,slp02,307,4,4,1,2,2
slp02a,slp02,308,4,4,1,2,2
slp02a,slp02,309,4,4,1,2,2
slp02a,slp02,310,4,4,1,2,2
slp02a,slp02,311,4,4,1,2,2
slp02a,slp02,312,4,4,0,2,2
slp02a,slp02,313,4,4,1,2,2
slp02a,slp02,314,4,4,1,2,2
slp02a,slp02,315,4,4,1,2,2
slp02a,slp02,316,4,4,0,2,2
slp02a,slp02,317,0,4,1,2,2
slp02a,slp02,318,1,4,1,2,2
slp02a,slp02,319,2,4,1,2,2
slp02a,slp02,320,2,4,1,2,2
slp02a,slp02,321,2,4,1,2,2
slp02a,slp02,322,2,4,1,2,2
slp02a,slp02,323,2,4,1,2,2
slp02a,slp02,324,2,4,1,2,2
slp02a,slp02,325,2,4,2,2,2
slp02a,slp02,326,2,4,2,2,2
slp02a,slp02,327,2,4,1,2,2
slp02a,slp02,328,2,4,2,2,2
slp02a,slp02,329,2,4,2,2,2
slp02a,slp02,330,2,4,1,2,2
slp02a,slp02,331,2,4,2,2,2
slp02a,slp02,332,2,4,2,2,2
slp02a,slp02,333,2,4,2,2,2
slp02a,slp02,334,2,4,2,2,2
slp02a,slp02,335,2,4,2,2,2
slp02a,slp02,336,2,4,2,2,2
slp02a,slp02,337,2,4,1,2,2
slp02a,slp02,338,2,4,2,2,2
slp02a,slp02,339,2,4,2,2,2
slp02a,slp02,340,2,4,2,2,2
slp02a,slp02,341,2,4,2,2,2
slp02a,slp02,342,2,4,2,2,2
slp02a,slp02,343,2,4,2,2,2
slp02a,slp02,344,2,4,2,2,2
slp02a,slp02,345,2,4,2,2,2
slp02a,slp02,346,2,4,2,2,2
slp02a,slp02,347,2,4,2,2,2
slp02a,slp02,348,2,4,1,2,2
slp02a,slp02,349,2,4,1,2,2
slp02a,slp02,350,2,4,2,2,2
slp02a,slp02,351,2,4,2,2,2
slp02a,slp02,352,2,4,2,2,2
slp02a,slp02,353,2,4,2,2,2
slp02a,slp02,354,2,4,2,2,2
slp02a,slp02,355,2,4,2,2,2
slp02a,slp02,356,2,4,2,2,2
slp02a,slp02,357,2,4,2,2,2
slp02a,slp02,358,2,4,2,2,2
slp02a,slp02,359,2,4,2,2,2
slp02b,slp02,0,2,4,2,0,0
slp02b,slp02,1,2,4,2,0,2
slp02b,slp02,2,2,4,2,3,0
slp02b,slp02,3,2,4,2,3,0
slp02b,slp02,4,2,4,2,3,2
slp02b,slp02,5,2,4,2,3,3
slp02b,slp02,6,2,4,2,3,2
slp02b,slp02,7,2,4,1,3,2
slp02b,slp02,8,2,4,2,3,2
slp02b,slp02,9,2,4,2,3,2
slp02b,slp02,10,2,4,2,2,2
slp02b,slp02,11,2,4,1,2,2
slp02b,slp02,12,2,4,2,2,2
slp02b,slp02,13,2,4,2,2,2
slp02b,slp02,14,2,4,2,2,2
slp02b,slp02,15,2,4,2,2,2
slp02b,slp02,16,2,4,2,2,2
slp02b,slp02,17,2,4,2,2,2
slp02b,slp02,18,2,4,2,2,2
slp02b,slp02,19,2,4,2,2,2
slp02b,slp02,20,2,4,1,2,2
slp02b,slp02,21,2,4,2,2,2
slp02b,slp02,22,2,4,2,2,2
slp02b,slp02,23,0,4,0,1,0
slp02b,slp02,24,0,4,0,1,0
slp02b,slp02,25,1,4,0,1,0
slp02b,slp02,26,1,4,1,0,0
slp02b,slp02,27,2,4,1,0,1
slp02b,slp02,28,2,4,1,0,0
slp02b,slp02,29,2,4,1,0,4
slp02b,slp02,30,2,4,1,0,0
slp02b,slp02,31,2,4,1,0,4
slp02b,slp02,32,2,4,1,0,4
slp02b,slp02,33,2,4,1,0,4
slp02b,slp02,34,2,4,1,4,4
slp02b,slp02,35,2,4,1,1,4
slp02b,slp02,36,2,4,1,0,4
slp02b,slp02,37,2,4,1,3,4
slp02b,slp02,38,2,4,2,3,0
slp02b,slp02,39,2,4,1,3,4
slp02b,slp02,40,2,4,1,3,4
slp02b,slp02,41,2,4,1,3,4
slp02b,slp02,42,2,4,1,3,4
slp02b,slp02,43,2,4,1,3,0
slp02b,slp02,44,2,4,2,3,4
slp02b,slp02,45,2,4,1,3,4
slp02b,slp02,46,2,4,1,3,4
slp02b,slp02,47,2,4,1,3,4
slp02b,slp02,48,2,4,1,3,2
slp02b,slp02,49,2,4,2,3,2
slp02b,slp02,50,2,4,2,3,0
slp02b,slp02,51,2,4,1,3,4
slp02b,slp02,52,2,4,2,3,2
slp02b,slp02,53,2,4,2,3,0
slp02b,slp02,54,2,4,1,3,2
slp02b,slp02,55,2,4,1,3,0
slp02b,slp02,56,2,4,2,3,2
slp02b,slp02,57,2,4,1,3,2
slp02b,slp02,58,2,4,2,3,0
slp02b,slp02,59,2,4,1,3,0
slp02b,slp02,60,2,4,1,3,0
slp02b,slp02,61,2,4,1,3,4
slp02b,slp02,62,0,4,0,0,0
slp02b,slp02,63,0,4,0,0,0
slp02b,slp02,64,0,4,1,0,0
slp02b,slp02,65,0,4,2,0,0
slp02b,slp02,66,1,4,1,0,0
slp02b,slp02,67,1,4,2,0,0
slp02b,slp02,68,1,4,1,0,0
slp02b,slp02,69,2,4,2,0,0
slp02b,slp02,70,2,4,2,0,0
slp02b,slp02,71,2,4,2,0,0
slp02b,slp02,72,2,4,1,0,0
slp02b,slp02,73,2,4,2,0,2
slp02b,slp02,74,2,4,1,0,2
slp02b,slp02,75,2,4,2,2,2
slp02b,slp02,76,2,4,1,2,1
slp02b,slp02,77,2,4,2,2,1
slp02b,slp02,78,2,4,2,2,1
slp02b,slp02,79,2,4,2,2,1
slp02b,slp02,80,2,4,2,2,1
slp02b,slp02,81,2,4,2,2,1
slp02b,slp02,82,2,4,2,2,2
slp02b,slp02,83,2,4,1,2,1
slp02b,slp02,84,2,4,2,2,1
slp02b,slp02,85,2,4,2,2,1
slp02b,slp02,86,2,4,1,2,1
slp02b,slp02,87,2,4,2,2,1
slp02b,slp02,88,2,4,2,2,1
slp02b,slp02,89,2,4,2,2,2
slp02b,slp02,90,2,4,2,2,2
slp02b,slp02,91,2,4,2,2,2
slp02b,slp02,92,2,4,0,2,2
slp02b,slp02,93,2,4,2,2,2
slp02b,slp02,95,2,4,1,2,2
slp02b,slp02,96,2,4,2,2,2
slp02b,slp02,97,2,4,2,2,2
slp02b,slp02,98,2,4,2,2,2
slp02b,slp02,99,2,4,2,2,2
slp02b,slp02,100,2,4,2,2,2
slp02b,slp02,101,2,4,2,2,2
slp02b,slp02,102,2,4,2,2,2
slp02b,slp02,103,2,4,1,2,2
slp02b,slp02,104,2,4,2,2,2
slp02b,slp02,105,2,4,2,2,2
slp02b,slp02,106,0,4,0,0,2
slp02b,slp02,107,0,4,0,0,0
slp02b,slp02,108,0,4,0,0,2
slp02b,slp02,109,0,4,1,0,2
slp02b,slp02,110,0,4,2,0,2
slp02b,slp02,111,0,4,0,0,0
slp02b,slp02,112,0,4,0,0,0
slp02b,slp02,113,0,4,0,1,0
slp02b,slp02,114,0,4,0,1,0
slp02b,slp02,115,0,4,0,0,0
slp02b,slp02,116,0,4,0,0,0
slp02b,slp02,117,0,4,0,0,0
slp02b,slp02,118,0,4,0,0,0
slp02b,slp02,119,0,4,0,0,0
slp02b,slp02,120,0,4,0,0,0
slp02b,slp02,121,0,4,2,0,0
slp02b,slp02,122,0,4,0,0,0
slp02b,slp02,123,0,4,1,0,0
slp02b,slp02,124,0,4,0,0,0
slp02b,slp02,125,0,4,1,0,0
slp02b,slp02,126,0,4,1,0,0
slp02b,slp02,127,1,4,1,0,0
slp02b,slp02,128,2,4,1,0,0
slp02b,slp02,129,1,4,1,0,0
slp02b,slp02,130,2,4,1,0,0
slp02b,slp02,131,2,4,2,0,0
slp02b,slp02,132,2,4,2,0,0
slp02b,slp02,133,2,4,2,2,0
slp02b,slp02,134,2,4,2,2,2
slp02b,slp02,135,2,4,2,2,2
slp02b,slp02,136,2,4,2,2,2
slp02b,slp02,137,2,4,2,2,2
slp02b,slp02,138,2,4,1,2,2
slp02b,slp02,139,2,4,1,2,2
slp02b,slp02,140,2,4,2,2,2
slp02b,slp02,141,2,4,2,2,2
slp02b,slp02,142,2,4,1,2,2
slp02b,slp02,143,4,4,1,2,2
slp02b,slp02,144,4,4,1,2,2
slp02b,slp02,145,4,4,1,2,2
slp02b,slp02,146,4,4,1,2,2
slp02b,slp02,147,4,4,0,2,2
slp02b,slp02,148,4,4,1,2,2
slp02b,slp02,149,2,4,1,2,2
slp02b,slp02,150,4,4,0,2,2
slp02b,slp02,151,4,4,1,2,2
slp02b,slp02,152,4,4,1,2,2
slp02b,slp02,153,2,4,2,2,2
slp02b,slp02,154,4,4,1,2,2
slp02b,slp02,155,4,4,1,2,2
slp02b,slp02,156,4,4,1,2,2
slp02b,slp02,157,4,4,1,2,2
slp02b,slp02,158,4,4,1,2,2
slp02b,slp02,159,4,4,1,2,2
slp02b,slp02,160,4,4,1,2,4
slp02b,slp02,161,4,4,1,2,2
slp02b,slp02,162,4,4,1,2,2
slp02b,slp02,163,4,4,0,2,2
slp02b,slp02,164,4,4,1,2,4
slp02b,slp02,165,4,4,1,4,2
slp02b,slp02,166,4,4,1,2,2
slp02b,slp02,167,4,4,1,2,2
slp02b,slp02,168,4,4,1,2,2
slp02b,slp02,169,4,4,1,2,2
slp02b,slp02,170,4,4,1,2,2
slp02b,slp02,171,4,4,1,2,2
slp02b,slp02,172,4,4,0,2,2
slp02b,slp02,173,4,4,2,2,2
slp02b,slp02,174,1,4,0,2,2
slp02b,slp02,175,0,4,0,2,2
slp02b,slp02,176,0,4,1,2,2
slp02b,slp02,177,0,4,1,2,2
slp02b,slp02,178,0,4,0,2,2
slp02b,slp02,179,1,4,1,2,2
slp02b,slp02,180,1,4,1,2,2
slp02b,slp02,181,2,4,2,2,2
slp02b,slp02,182,2,4,1,2,2
slp02b,slp02,183,2,4,2,2,2
slp02b,slp02,184,2,4,2,2,2
slp02b,slp02,185,2,4,2,2,2
slp02b,slp02,186,2,4,0,0,2
slp02b,slp02,187,0,4,0,0,0
slp02b,slp02,188,0,4,0,0,0
slp02b,slp02,189,0,4,0,0,0
slp02b,slp02,190,0,4,0,0,0
slp02b,slp02,191,0,4,0,0,0
slp02b,slp02,192,0,4,0,0,0
slp02b,slp02,193,0,4,1,0,0
slp02b,slp02,194,0,4,0,0,0
slp02b,slp02,195,0,4,0,0,0
slp02b,slp02,196,0,4,0,0,0
slp02b,slp02,197,0,4,0,0,0
slp02b,slp02,198,0,4,0,0,0
slp02b,slp02,199,0,4,0,0,0
slp02b,slp02,200,0,4,0,0,0
slp02b,slp02,201,0,4,0,0,0
slp02b,slp02,202,0,4,0,0,0
slp02b,slp02,203,0,4,0,0,0
slp02b,slp02,204,0,4,0,0,0
slp02b,slp02,205,0,4,0,0,0
slp02b,slp02,206,0,4,2,0,0
slp02b,slp02,207,0,4,0,0,0
slp02b,slp02,208,0,4,0,0,0
slp02b,slp02,209,0,4,0,0,0
slp02b,slp02,210,0,4,0,0,0
slp02b,slp02,211,0,4,1,0,0
slp02b,slp02,212,0,4,1,0,0
slp02b,slp02,213,1,4,1,0,0
slp02b,slp02,214,1,4,1,0,0
slp02b,slp02,215,1,4,0,0,0
slp02b,slp02,216,0,4,0,0,0
slp02b,slp02,217,0,4,1,0,0
slp02b,slp02,218,0,4,1,0,0
slp02b,slp02,219,1,4,2,0,0
slp02b,slp02,220,2,4,1,0,0
slp02b,slp02,221,2,4,1,0,0
slp02b,slp02,222,2,4,0,0,0
slp02b,slp02,223,0,4,2,0,0
slp02b,slp02,224,0,4,0,0,0
slp02b,slp02,225,0,4,0,0,0
slp02b,slp02,226,0,4,0,0,0
slp02b,slp02,227,0,4,0,0,0
slp02b,slp02,228,0,4,0,0,0
slp02b,slp02,229,0,4,0,0,0
slp02b,slp02,230,0,4,1,0,0
slp02b,slp02,231,0,4,0,0,0
slp02b,slp02,232,0,4,1,0,0
slp02b,slp02,233,0,4,0,0,0
slp02b,slp02,234,0,4,0,0,0
slp02b,slp02,235,0,4,0,0,0
slp02b,slp02,236,0,4,0,0,0
slp02b,slp02,237,0,4,0,0,0
slp02b,slp02,238,0,4,0,0,0
slp02b,slp02,239,0,4,2,0,0
slp02b,slp02,240,0,4,0,0,0
slp02b,slp02,241,0,4,0,0,0
slp02b,slp02,242,0,4,0,0,0
slp02b,slp02,243,0,4,0,0,0
slp02b,slp02,244,0,4,0,0,0
slp02b,slp02,245,0,4,0,0,0
slp02b,slp02,246,0,4,0,0,0
slp02b,slp02,247,0,4,0,0,0
slp02b,slp02,248,0,4,1,0,0
slp02b,slp02,249,0,4,0,0,0
slp02b,slp02,250,0,4,0,0,0
slp02b,slp02,251,0,4,0,0,0
slp02b,slp02,252,0,4,0,0,0
slp02b,slp02,253,0,4,0,0,0
slp02b,slp02,254,0,4,0,0,0
slp02b,slp02,255,0,4,0,0,0
slp02b,slp02,256,0,4,0,0,0
slp02b,slp02,257,0,4,0,0,0
slp02b,slp02,258,0,4,0,0,0
slp02b,slp02,259,0,4,0,0,0
slp02b,slp02,260,0,4,0,0,0
slp02b,slp02,261,0,4,0,0,0
slp02b,slp02,262,0,4,0,0,0
slp02b,slp02,263,0,4,0,0,0
slp02b,slp02,264,0,4,0,0,0
slp02b,slp02,265,0,4,0,0,0
slp02b,slp02,266,0,4,0,0,0
slp02b,slp02,267,0,4,0,0,0
slp02b,slp02,268,0,4,0,0,0
slp02b,slp02,269,0,4,0,0,0
slp03,slp03,0,2,4,2,0,2
slp03,slp03,1,2,4,2,0,2
slp03,slp03,2,2,4,2,1,2
slp03,slp03,3,2,4,2,1,2
slp03,slp03,4,2,4,2,1,2
slp03,slp03,5,2,4,2,1,2
slp03,slp03,6,2,4,2,1,2
slp03,slp03,7,2,4,2,1,2
slp03,slp03,8,2,4,2,1,2
slp03,slp03,9,2,4,2,1,2
slp03,slp03,10,2,4,2,2,2
slp03,slp03,11,2,4,2,2,2
slp03,slp03,12,2,4,2,1,2
slp03,slp03,13,0,4,3,4,2
slp03,slp03,14,1,4,1,4,1
slp03,slp03,15,0,4,4,4,1
slp03,slp03,16,1,4,2,4,1
slp03,slp03,17,1,4,2,4,2
slp03,slp03,18,1,4,1,4,1
slp03,slp03,19,1,4,2,4,2
slp03,slp03,20,0,4,2,4,1
slp03,slp03,21,1,4,0,4,0
slp03,slp03,22,1,4,1,4,1
slp03,slp03,23,0,4,2,1,1
slp03,slp03,24,0,4,4,1,1
slp03,slp03,25,1,4,0,4,1
slp03,slp03,26,1,4,1,1,1
slp03,slp03,27,1,4,2,1,1
slp03,slp03,28,1,4,2,1,1
slp03,slp03,29,1,4,2,1,1
slp03,slp03,30,1,4,2,4,1
slp03,slp03,31,2,4,2,4,1
slp03,slp03,32,2,4,2,4,1
slp03,slp03,33,2,4,2,4,1
slp03,slp03,34,1,4,1,1,1
slp03,slp03,35,1,4,2,1,1
slp03,slp03,36,1,4,4,1,1
slp03,slp03,37,1,4,2,4,2
slp03,slp03,38,1,4,2,1,2
slp03,slp03,39,1,4,2,1,2
slp03,slp03,40,1,4,2,1,2
slp03,slp03,41,2,4,2,1,2
slp03,slp03,42,2,4,2,1,2
slp03,slp03,43,2,4,2,1,2
slp03,slp03,44,2,4,2,1,2
slp03,slp03,45,2,4,2,1,2
slp03,slp03,46,2,4,2,1,2
slp03,slp03,47,2,4,2,1,2
slp03,slp03,48,2,4,2,1,2
slp03,slp03,49,2,4,2,1,2
slp03,slp03,50,2,4,2,1,2
slp03,slp03,51,2,4,2,1,2
slp03,slp03,52,2,4,2,1,2
slp03,slp03,53,2,4,2,1,2
slp03,slp03,54,2,4,2,1,2
slp03,slp03,55,2,4,2,1,2
slp03,slp03,56,2,4,2,1,2
slp03,slp03,57,2,4,2,1,2
slp03,slp03,58,2,4,2,1,2
slp03,slp03,59,2,4,2,2,2
slp03,slp03,60,2,4,2,2,2
slp03,slp03,61,2,4,2,2,2
slp03,slp03,62,2,4,3,2,2
slp03,slp03,63,2,4,2,2,2
slp03,slp03,64,2,4,2,2,2
slp03,slp03,65,2,4,2,2,2
slp03,slp03,66,2,4,2,2,2
slp03,slp03,67,2,4,2,2,2
slp03,slp03,68,2,4,2,2,2
slp03,slp03,69,2,4,3,2,2
slp03,slp03,70,2,4,2,2,2
slp03,slp03,71,2,4,2,2,2
slp03,slp03,72,2,4,3,2,2
slp03,slp03,73,2,4,2,2,2
slp03,slp03,74,2,4,2,2,2
slp03,slp03,75,2,4,2,2,2
slp03,slp03,76,2,4,2,2,2
slp03,slp03,77,2,4,2,2,2
slp03,slp03,78,2,4,2,2,2
slp03,slp03,79,2,4,2,2,2
slp03,slp03,80,2,4,3,2,2
slp03,slp03,81,2,4,2,2,2
slp03,slp03,82,2,4,3,2,2
slp03,slp03,83,2,4,2,2,2
slp03,slp03,84,2,4,2,2,2
slp03,slp03,85,2,4,2,2,2
slp03,slp03,86,2,4,2,2,2
slp03,slp03,87,2,4,2,2,2
slp03,slp03,88,4,4,2,2,2
slp03,slp03,89,0,4,1,1,2
slp03,slp03,90,1,4,2,1,2
slp03,slp03,91,1,4,2,1,2
slp03,slp03,92,4,4,2,1,2
slp03,slp03,93,4,4,2,1,1
slp03,slp03,94,4,4,2,1,1
slp03,slp03,95,4,4,1,1,1
slp03,slp03,96,4,4,2,1,1
slp03,slp03,97,1,4,1,1,1
slp03,slp03,98,4,4,1,4,4
slp03,slp03,99,4,4,2,4,2
slp03,slp03,100,4,4,1,4,2
slp03,slp03,101,4,4,1,4,1
slp03,slp03,102,1,4,2,4,2
slp03,slp03,103,4,4,4,4,4
slp03,slp03,104,4,4,1,4,1
slp03,slp03,105,4,4,4,4,2
slp03,slp03,106,4,4,4,4,4
slp03,slp03,107,4,4,1,4,1
slp03,slp03,108,4,4,2,1,1
slp03,slp03,109,4,4,1,1,1
slp03,slp03,110,4,4,1,1,1
slp03,slp03,111,4,4,1,1,1
slp03,slp03,112,1,4,4,1,1
slp03,slp03,113,1,4,1,1,1
slp03,slp03,114,4,4,1,4,1
slp03,slp03,115,1,4,1,4,1
slp03,slp03,116,4,4,2,4,1
slp03,slp03,117,4,4,1,1,1
slp03,slp03,118,1,4,1,1,1
slp03,slp03,119,4,4,2,1,1
slp03,slp03,120,4,4,1,4,1
slp03,slp03,121,4,4,1,4,1
slp03,slp03,122,1,4,1,1,1
slp03,slp03,123,1,4,1,1,1
slp03,slp03,124,1,4,1,1,1
slp03,slp03,125,4,4,2,1,1
slp03,slp03,126,4,4,1,1,1
slp03,slp03,127,4,4,1,1,1
slp03,slp03,128,1,4,1,1,1
slp03,slp03,129,4,4,2,1,1
slp03,slp03,130,1,4,1,1,1
slp03,slp03,131,4,4,2,1,1
slp03,slp03,132,1,4,1,1,1
slp03,slp03,133,1,4,4,1,1
slp03,slp03,134,4,4,1,1,1
slp03,slp03,135,1,4,1,1,1
slp03,slp03,136,4,4,2,1,1
slp03,slp03,137,4,4,2,1,1
slp03,slp03,138,4,4,2,4,1
slp03,slp03,139,4,4,2,4,1
slp03,slp03,140,1,4,1,2,2
slp03,slp03,141,1,4,2,2,2
slp03,slp03,142,1,4,2,2,2
slp03,slp03,143,1,4,2,2,2
slp03,slp03,144,1,4,2,2,2
slp03,slp03,145,1,4,2,2,2
slp03,slp03,146,2,4,2,2,2
slp03,slp03,147,2,4,2,2,2
slp03,slp03,148,2,4,2,2,2
slp03,slp03,149,2,4,2,2,2
slp03,slp03,150,1,4,2,2,2
slp03,slp03,151,2,4,2,2,2
slp03,slp03,152,2,4,2,2,2
slp03,slp03,153,2,4,2,2,2
slp03,slp03,154,2,4,2,2,2
slp03,slp03,155,2,4,1,2,2
slp03,slp03,156,1,4,2,2,2
slp03,slp03,157,2,4,2,2,2
slp03,slp03,158,2,4,2,2,2
slp03,slp03,159,1,4,2,2,2
slp03,slp03,160,2,4,2,2,2
slp03,slp03,161,2,4,2,1,2
slp03,slp03,162,1,4,1,1,1
slp03,slp03,163,1,4,1,4,1
slp03,slp03,164,0,4,0,1,1
slp03,slp03,165,0,4,1,1,1
slp03,slp03,166,0,4,1,1,1
slp03,slp03,167,0,4,0,0,1
slp03,slp03,168,0,4,0,0,1
slp03,slp03,169,0,4,1,0,0
slp03,slp03,170,0,4,1,0,1
slp03,slp03,171,0,4,1,0,0
slp03,slp03,172,0,4,0,0,0
slp03,slp03,173,0,4,2,0,0
slp03,slp03,174,0,4,2,0,0
slp03,slp03,175,0,4,2,0,0
slp03,slp03,176,0,4,2,0,0
slp03,slp03,177,0,4,1,1,1
slp03,slp03,178,0,4,0,1,0
slp03,slp03,179,0,4,1,1,1
slp03,slp03,180,0,4,2,1,1
slp03,slp03,181,0,4,2,1,0
slp03,slp03,182,0,4,3,1,2
slp03,slp03,183,0,4,1,1,1
slp03,slp03,184,0,4,2,1,1
slp03,slp03,185,0,4,0,1,1
slp03,slp03,186,0,4,0,1,1
slp03,slp03,187,0,4,1,1,1
slp03,slp03,188,0,4,0,1,1
slp03,slp03,189,0,4,0,1,1
slp03,slp03,190,0,4,1,1,1
slp03,slp03,191,0,4,4,1,1
slp03,slp03,192,0,4,2,1,1
slp03,slp03,193,0,4,1,1,0
slp03,slp03,194,0,4,1,1,1
slp03,slp03,195,0,4,2,1,1
slp03,slp03,196,0,4,1,1,0
slp03,slp03,197,0,4,0,1,0
slp03,slp03,198,0,4,0,1,0
slp03,slp03,199,0,4,0,1,0
slp03,slp03,200,0,4,0,0,0
slp03,slp03,201,0,4,0,0,0
slp03,slp03,202,0,4,0,0,0
slp03,slp03,203,1,4,0,0,0
slp03,slp03,204,1,4,0,0,0
slp03,slp03,205,1,4,0,0,0
slp03,slp03,206,1,4,0,0,0
slp03,slp03,207,1,4,0,0,0
slp03,slp03,208,1,4,0,0,0
slp03,slp03,209,1,4,0,2,0
slp03,slp03,210,1,4,0,2,0
slp03,slp03,211,2,4,0,2,0
slp03,slp03,212,2,4,0,0,0
slp03,slp03,213,2,4,1,0,0
slp03,slp03,214,2,4,4,0,0
slp03,slp03,215,2,4,1,0,2
slp03,slp03,216,2,4,2,0,2
slp03,slp03,217,2,4,2,0,2
slp03,slp03,218,2,4,2,0,2
slp03,slp03,219,2,4,2,2,2
slp03,slp03,220,2,4,2,2,2
slp03,slp03,221,2,4,2,2,2
slp03,slp03,222,2,4,2,2,2
slp03,slp03,223,2,4,2,2,2
slp03,slp03,224,2,4,2,2,2
slp03,slp03,225,2,4,2,2,2
slp03,slp03,226,2,4,2,2,2
slp03,slp03,227,2,4,2,2,2
slp03,slp03,228,2,4,2,0,2
slp03,slp03,229,2,4,2,0,2
slp03,slp03,230,2,4,2,0,2
slp03,slp03,231,2,4,2,0,2
slp03,slp03,232,2,4,2,0,2
slp03,slp03,233,2,4,2,0,2
slp03,slp03,234,2,4,2,2,2
slp03,slp03,235,2,4,2,2,2
slp03,slp03,236,2,4,2,2,2
slp03,slp03,237,2,4,2,2,2
slp03,slp03,238,2,4,2,2,2
slp03,slp03,239,2,4,2,2,2
slp03,slp03,240,3,4,2,2,2
slp03,slp03,241,3,4,2,2,2
slp03,slp03,242,3,4,2,2,2
slp03,slp03,243,3,4,2,2,2
slp03,slp03,244,3,4,3,2,2
slp03,slp03,245,3,4,3,2,2
slp03,slp03,246,3,4,3,2,2
slp03,slp03,247,3,4,3,2,2
slp03,slp03,248,3,4,3,2,3
slp03,slp03,249,3,4,3,2,2
slp03,slp03,250,3,4,3,2,3
slp03,slp03,251,3,4,3,2,2
slp03,slp03,252,3,4,3,2,3
slp03,slp03,253,3,4,3,2,2
slp03,slp03,254,3,4,3,2,2
slp03,slp03,255,2,4,3,2,2
slp03,slp03,256,2,4,3,2,2
slp03,slp03,257,2,4,3,2,3
slp03,slp03,258,2,4,3,2,3
slp03,slp03,259,2,4,3,2,3
slp03,slp03,260,2,4,3,3,3
slp03,slp03,261,2,4,3,3,3
slp03,slp03,262,3,4,3,3,3
slp03,slp03,263,3,4,3,3,3
slp03,slp03,264,3,4,3,0,2
slp03,slp03,265,3,4,2,0,2
slp03,slp03,266,3,4,3,0,2
slp03,slp03,267,3,4,3,0,2
slp03,slp03,268,3,4,3,0,2
slp03,slp03,269,3,4,3,0,2
slp03,slp03,270,3,4,3,0,2
slp03,slp03,271,3,4,3,1,2
slp03,slp03,272,3,4,3,4,2
slp03,slp03,273,3,4,3,0,3
slp03,slp03,274,3,4,3,0,2
slp03,slp03,275,3,4,3,2,3
slp03,slp03,276,3,4,3,3,3
slp03,slp03,277,3,4,3,0,3
slp03,slp03,278,3,4,3,0,3
slp03,slp03,279,3,4,3,0,2
slp03,slp03,280,3,4,3,0,2
slp03,slp03,281,3,4,3,0,3
slp03,slp03,282,3,4,3,3,2
slp03,slp03,283,3,4,3,3,3
slp03,slp03,284,3,4,3,3,3
slp03,slp03,285,3,4,3,3,3
slp03,slp03,286,3,4,3,2,3
slp03,slp03,287,3,4,3,2,3
slp03,slp03,288,3,4,3,2,3
slp03,slp03,289,3,4,3,2,3
slp03,slp03,290,3,4,3,2,3
slp03,slp03,291,3,4,3,2,3
slp03,slp03,292,3,4,3,2,3
slp03,slp03,293,3,4,3,2,3
slp03,slp03,294,3,4,3,2,3
slp03,slp03,295,3,4,3,2,3
slp03,slp03,296,3,4,3,2,3
slp03,slp03,297,3,4,3,2,3
slp03,slp03,298,3,4,3,2,3
slp03,slp03,299,3,4,3,2,3
slp03,slp03,300,3,4,3,2,3
slp03,slp03,301,3,4,3,2,3
slp03,slp03,302,2,4,3,2,3
slp03,slp03,303,2,4,3,2,3
slp03,slp03,304,3,4,3,2,3
slp03,slp03,305,2,4,3,2,3
slp03,slp03,306,2,4,3,2,3
slp03,slp03,307,0,4,3,2,3
slp03,slp03,308,1,4,3,2,3
slp03,slp03,309,2,4,3,3,3
slp03,slp03,310,2,4,3,3,3
slp03,slp03,311,2,4,3,0,3
slp03,slp03,312,2,4,2,0,2
slp03,slp03,313,2,4,3,0,2
slp03,slp03,314,2,4,2,0,2
slp03,slp03,315,4,4,4,0,4
slp03,slp03,316,4,4,1,0,0
slp03,slp03,317,4,4,2,0,2
slp03,slp03,318,4,4,2,1,2
slp03,slp03,319,4,4,2,1,2
slp03,slp03,320,4,4,2,0,2
slp03,slp03,321,4,4,2,1,2
slp03,slp03,322,4,4,2,1,2
slp03,slp03,323,1,4,2,1,2
slp03,slp03,324,4,4,2,1,2
slp03,slp03,325,4,4,1,2,2
slp03,slp03,326,4,4,2,2,2
slp03,slp03,327,4,4,2,2,2
slp03,slp03,328,4,4,1,2,2
slp03,slp03,329,4,4,1,2,2
slp03,slp03,330,4,4,1,1,2
slp03,slp03,331,4,4,1,1,2
slp03,slp03,332,4,4,1,1,1
slp03,slp03,333,4,4,2,1,2
slp03,slp03,334,4,4,1,1,2
slp03,slp03,335,4,4,1,1,1
slp03,slp03,336,4,4,1,1,1
slp03,slp03,337,4,4,1,1,1
slp03,slp03,338,4,4,1,2,1
slp03,slp03,339,4,4,1,1,2
slp03,slp03,340,4,4,1,2,1
slp03,slp03,341,4,4,1,2,2
slp03,slp03,342,4,4,2,0,2
slp03,slp03,343,1,4,2,2,2
slp03,slp03,344,4,4,2,2,2
slp03,slp03,345,4,4,2,2,2
slp03,slp03,346,0,4,4,2,1
slp03,slp03,347,0,4,2,2,2
slp03,slp03,348,0,4,1,2,2
slp03,slp03,349,0,4,1,2,2
slp03,slp03,350,0,4,1,2,2
slp03,slp03,351,0,4,1,2,1
slp03,slp03,352,0,4,1,2,1
slp03,slp03,353,0,4,1,2,2
slp03,slp03,354,0,4,4,2,1
slp03,slp03,355,0,4,1,1,1
slp03,slp03,356,0,4,0,1,1
slp03,slp03,357,0,4,0,1,1
slp03,slp03,358,0,4,1,1,1
slp03,slp03,359,0,4,0,1,1
slp03,slp03,360,1,4,0,1,1
slp03,slp03,361,1,4,0,1,1
slp03,slp03,362,1,4,0,1,0
slp03,slp03,363,1,4,0,4,0
slp03,slp03,364,1,4,0,0,0
slp03,slp03,365,1,4,2,0,2
slp03,slp03,366,2,4,0,0,0
slp03,slp03,367,2,4,0,0,0
slp03,slp03,368,2,4,0,4,0
slp03,slp03,369,2,4,0,0,4
slp03,slp03,370,2,4,1,4,4
slp03,slp03,371,2,4,1,0,4
slp03,slp03,372,2,4,1,0,4
slp03,slp03,373,2,4,1,0,4
slp03,slp03,374,2,4,1,0,4
slp03,slp03,375,2,4,2,0,2
slp03,slp03,376,2,4,2,0,2
slp03,slp03,377,2,4,2,0,2
slp03,slp03,378,2,4,2,0,2
slp03,slp03,379,2,4,2,0,2
slp03,slp03,380,2,4,2,0,2
slp03,slp03,381,2,4,2,0,2
slp03,slp03,382,2,4,2,0,2
slp03,slp03,383,2,4,2,0,2
slp03,slp03,384,2,4,2,2,2
slp03,slp03,385,2,4,2,2,2
slp03,slp03,386,2,4,2,2,2
slp03,slp03,387,1,4,2,2,2
slp03,slp03,388,2,4,2,2,2
slp03,slp03,389,2,4,2,2,2
slp03,slp03,390,2,4,2,2,2
slp03,slp03,391,2,4,2,2,2
slp03,slp03,392,2,4,2,3,2
slp03,slp03,393,2,4,2,3,2
slp03,slp03,394,2,4,2,3,2
slp03,slp03,395,2,4,2,3,2
slp03,slp03,396,2,4,2,2,2
slp03,slp03,397,2,4,2,2,2
slp03,slp03,398,2,4,2,2,2
slp03,slp03,399,2,4,2,2,2
slp03,slp03,400,2,4,2,2,2
slp03,slp03,401,2,4,2,0,2
slp03,slp03,402,2,4,2,0,2
slp03,slp03,403,2,4,2,0,2
slp03,slp03,404,2,4,2,0,2
slp03,slp03,405,2,4,2,2,2
slp03,slp03,406,2,4,2,2,2
slp03,slp03,407,2,4,2,2,2
slp03,slp03,408,2,4,2,2,2
slp03,slp03,409,2,4,2,0,2
slp03,slp03,410,2,4,3,0,2
slp03,slp03,411,2,4,2,0,2
slp03,slp03,412,2,4,2,0,2
slp03,slp03,413,2,4,2,0,2
slp03,slp03,414,2,4,2,0,2
slp03,slp03,415,2,4,2,2,2
slp03,slp03,416,2,4,2,2,2
slp03,slp03,417,2,4,2,2,2
slp03,slp03,418,2,4,3,2,2
slp03,slp03,419,2,4,2,2,2
slp03,slp03,420,2,4,2,2,2
slp03,slp03,421,2,4,2,2,2
slp03,slp03,422,2,4,3,2,2
slp03,slp03,423,2,4,2,2,2
slp03,slp03,424,2,4,3,2,2
slp03,slp03,425,2,4,3,2,3
slp03,slp03,426,3,4,2,2,2
slp03,slp03,427,3,4,3,2,3
slp03,slp03,428,3,4,2,2,2
slp03,slp03,429,3,4,2,2,2
slp03,slp03,430,3,4,3,2,3
slp03,slp03,431,3,4,3,2,3
slp03,slp03,432,3,4,3,2,2
slp03,slp03,433,3,4,3,2,2
slp03,slp03,434,3,4,3,3,3
slp03,slp03,435,3,4,3,2,2
slp03,slp03,436,3,4,3,2,3
slp03,slp03,437,3,4,3,2,3
slp03,slp03,438,3,4,3,3,2
slp03,slp03,439,3,4,3,3,3
slp03,slp03,440,3,4,3,3,3
slp03,slp03,441,3,4,3,2,2
slp03,slp03,442,3,4,3,2,3
slp03,slp03,443,3,4,3,2,2
slp03,slp03,444,3,4,3,2,3
slp03,slp03,445,3,4,3,2,2
slp03,slp03,446,3,4,3,2,3
slp03,slp03,447,3,4,3,3,3
slp03,slp03,448,2,4,3,3,3
slp03,slp03,449,2,4,3,3,3
slp03,slp03,450,2,4,3,0,3
slp03,slp03,451,2,4,3,0,2
slp03,slp03,452,2,4,3,0,3
slp03,slp03,453,2,4,3,0,3
slp03,slp03,454,1,4,3,3,3
slp03,slp03,455,0,4,3,3,3
slp03,slp03,456,0,4,2,3,2
slp03,slp03,457,0,4,2,0,2
slp03,slp03,458,0,4,2,0,2
slp03,slp03,459,0,4,2,0,2
slp03,slp03,460,0,4,2,0,2
slp03,slp03,461,0,4,2,0,2
slp03,slp03,462,0,4,2,2,2
slp03,slp03,463,0,4,0,0,0
slp03,slp03,464,0,4,1,0,0
slp03,slp03,465,0,4,2,0,0
slp03,slp03,466,0,4,0,0,0
slp03,slp03,467,0,4,4,0,0
slp03,slp03,468,0,4,1,0,0
slp03,slp03,469,0,4,0,0,0
slp03,slp03,470,0,4,0,0,0
slp03,slp03,471,0,4,0,0,0
slp03,slp03,472,0,4,1,0,0
slp03,slp03,473,0,4,1,0,0
slp03,slp03,474,0,4,0,0,0
slp03,slp03,475,0,4,0,0,0
slp03,slp03,476,0,4,0,0,0
slp03,slp03,477,0,4,1,0,0
slp03,slp03,478,0,4,1,0,0
slp03,slp03,479,0,4,1,0,0
slp03,slp03,480,0,4,0,0,0
slp03,slp03,481,0,4,0,0,0
slp03,slp03,482,0,4,0,0,0
slp03,slp03,483,0,4,0,0,0
slp03,slp03,484,0,4,0,0,0
slp03,slp03,485,0,4,4,0,0
slp03,slp03,486,0,4,0,0,0
slp03,slp03,487,0,4,1,0,0
slp03,slp03,488,0,4,4,0,0
slp03,slp03,489,0,4,0,4,0
slp03,slp03,490,0,4,0,4,0
slp03,slp03,491,0,4,4,4,4
slp03,slp03,492,0,4,3,4,3
slp03,slp03,493,0,4,0,4,0
slp03,slp03,494,0,4,0,4,0
slp03,slp03,495,0,4,0,4,0
slp03,slp03,496,0,4,0,4,0
slp03,slp03,497,0,4,4,4,4
slp03,slp03,498,0,4,0,4,0
slp03,slp03,499,0,4,2,4,0
slp03,slp03,500,0,4,0,4,4
slp03,slp03,501,0,4,0,0,0
slp03,slp03,502,0,4,1,0,0
slp03,slp03,503,0,4,2,0,0
slp03,slp03,504,1,4,0,0,0
slp03,slp03,505,1,4,1,0,0
slp03,slp03,506,1,4,0,0,0
slp03,slp03,507,1,4,1,0,1
slp03,slp03,508,1,4,0,0,0
slp03,slp03,509,1,4,1,0,0
slp03,slp03,510,2,4,0,0,0
slp03,slp03,511,2,4,0,0,0
slp03,slp03,512,2,4,4,0,0
slp03,slp03,513,2,4,4,0,4
slp03,slp03,514,2,4,4,0,4
slp03,slp03,515,2,4,4,0,0
slp03,slp03,516,2,4,1,0,4
slp03,slp03,517,2,4,2,0,2
slp03,slp03,518,4,4,2,2,2
slp03,slp03,519,4,4,2,2,2
slp03,slp03,520,4,4,2,2,2
slp03,slp03,521,4,4,1,2,2
slp03,slp03,522,4,4,2,2,2
slp03,slp03,523,4,4,2,2,2
slp03,slp03,524,4,4,2,2,2
slp03,slp03,525,1,4,2,2,2
slp03,slp03,526,4,4,2,2,2
slp03,slp03,527,1,4,1,2,0
slp03,slp03,528,4,4,1,2,0
slp03,slp03,529,0,4,1,0,0
slp03,slp03,530,1,4,1,0,4
slp03,slp03,531,2,4,2,0,4
slp03,slp03,532,0,4,2,0,2
slp03,slp03,533,1,4,0,4,0
slp03,slp03,534,2,4,2,4,4
slp03,slp03,535,2,4,2,4,2
slp03,slp03,536,2,4,2,1,2
slp03,slp03,537,2,4,4,1,1
slp03,slp03,538,2,4,1,1,1
slp03,slp03,539,2,4,1,2,2
slp03,slp03,540,2,4,0,1,0
slp03,slp03,541,0,4,1,1,2
slp03,slp03,542,2,4,2,2,2
slp03,slp03,543,2,4,2,2,2
slp03,slp03,544,2,4,2,1,2
slp03,slp03,545,2,4,2,1,2
slp03,slp03,546,2,4,1,1,1
slp03,slp03,547,2,4,2,2,2
slp03,slp03,548,2,4,2,2,2
slp03,slp03,549,2,4,0,4,0
slp03,slp03,550,2,4,2,0,2
slp03,slp03,551,2,4,2,1,2
slp03,slp03,552,2,4,2,1,2
slp03,slp03,553,2,4,2,2,2
slp03,slp03,554,2,4,2,2,2
slp03,slp03,555,2,4,2,2,2
slp03,slp03,556,2,4,2,2,2
slp03,slp03,557,2,4,2,1,2
slp03,slp03,558,0,4,2,1,2
slp03,slp03,559,1,4,2,2,2
slp03,slp03,560,2,4,2,2,2
slp03,slp03,561,2,4,2,2,2
slp03,slp03,562,2,4,2,2,2
slp03,slp03,563,2,4,2,2,2
slp03,slp03,564,2,4,2,2,2
slp03,slp03,565,1,4,2,2,2
slp03,slp03,566,2,4,0,0,0
slp03,slp03,567,2,4,2,1,2
slp03,slp03,568,2,4,2,0,2
slp03,slp03,569,2,4,2,1,2
slp03,slp03,570,2,4,2,1,2
slp03,slp03,571,2,4,2,2,2
slp03,slp03,572,2,4,2,1,2
slp03,slp03,573,2,4,2,1,2
slp03,slp03,574,2,4,2,2,2
slp03,slp03,575,2,4,2,2,2
slp03,slp03,576,2,4,2,2,2
slp03,slp03,577,2,4,2,2,2
slp03,slp03,578,2,4,2,2,2
slp03,slp03,579,2,4,2,2,2
slp03,slp03,580,2,4,2,2,2
slp03,slp03,581,0,4,2,2,2
slp03,slp03,582,0,4,2,2,2
slp03,slp03,583,0,4,2,2,2
slp03,slp03,584,0,4,2,2,2
slp03,slp03,585,0,4,2,2,2
slp03,slp03,586,1,4,2,2,2
slp03,slp03,587,1,4,2,2,2
slp03,slp03,588,2,4,2,2,2
slp03,slp03,589,1,4,2,0,1
slp03,slp03,590,0,4,0,1,0
slp03,slp03,591,0,4,0,0,0
slp03,slp03,592,1,4,0,0,0
slp03,slp03,593,1,4,0,0,0
slp03,slp03,594,2,4,1,0,2
slp03,slp03,595,2,4,2,0,2
slp03,slp03,596,2,4,2,0,2
slp03,slp03,597,2,4,4,0,0
slp03,slp03,598,2,4,0,0,0
slp03,slp03,599,2,4,0,0,0
slp03,slp03,600,2,4,2,0,2
slp03,slp03,601,2,4,2,1,2
slp03,slp03,602,2,4,2,2,2
slp03,slp03,603,2,4,2,1,2
slp03,slp03,604,1,4,2,1,2
slp03,slp03,605,1,4,2,1,2
slp03,slp03,606,2,4,2,2,2
slp03,slp03,607,2,4,2,2,2
slp03,slp03,608,2,4,2,2,2
slp03,slp03,609,2,4,2,2,2
slp03,slp03,610,2,4,2,2,2
slp03,slp03,611,2,4,2,2,2
slp03,slp03,612,2,4,1,2,1
slp03,slp03,613,2,4,2,1,2
slp03,slp03,614,0,4,2,1,2
slp03,slp03,615,1,4,2,2,2
slp03,slp03,616,2,4,2,1,2
slp03,slp03,617,2,4,2,1,2
slp03,slp03,618,2,4,2,1,2
slp03,slp03,619,2,4,2,1,2
slp03,slp03,620,2,4,2,1,2
slp03,slp03,621,2,4,1,0,1
slp03,slp03,622,2,4,1,0,1
slp03,slp03,623,2,4,2,0,2
slp03,slp03,624,2,4,2,0,2
slp03,slp03,625,0,4,2,0,2
slp03,slp03,626,2,4,2,2,2
slp03,slp03,627,2,4,2,1,2
slp03,slp03,628,2,4,2,1,2
slp03,slp03,629,2,4,2,1,2
slp03,slp03,630,2,4,2,1,2
slp03,slp03,631,1,4,2,2,2
slp03,slp03,632,2,4,2,2,2
slp03,slp03,633,2,4,1,2,1
slp03,slp03,634,2,4,2,1,2
slp03,slp03,635,2,4,2,2,2
slp03,slp03,636,2,4,2,1,2
slp03,slp03,637,2,4,2,2,2
slp03,slp03,638,0,4,4,2,4
slp03,slp03,639,1,4,2,1,2
slp03,slp03,640,1,4,2,2,2
slp03,slp03,641,2,4,2,2,2
slp03,slp03,642,1,4,2,2,2
slp03,slp03,643,1,4,2,2,2
slp03,slp03,644,2,4,2,2,2
slp03,slp03,645,2,4,2,1,2
slp03,slp03,646,2,4,0,2,0
slp03,slp03,647,2,4,2,2,2
slp03,slp03,648,2,4,2,2,2
slp03,slp03,649,2,4,2,2,2
slp03,slp03,650,2,4,2,2,2
slp03,slp03,651,2,4,2,1,2
slp03,slp03,652,2,4,2,2,2
slp03,slp03,653,2,4,2,2,2
slp03,slp03,654,2,4,2,2,2
slp03,slp03,655,2,4,2,2,2
slp03,slp03,656,0,4,2,2,2
slp03,slp03,657,1,4,2,2,2
slp03,slp03,658,1,4,2,2,2
slp03,slp03,659,2,4,2,2,2
slp03,slp03,660,1,4,2,2,2
slp03,slp03,661,2,4,2,2,2
slp03,slp03,662,2,4,2,2,2
slp03,slp03,663,2,4,2,2,1
slp03,slp03,664,2,4,0,0,0
slp03,slp03,665,0,4,1,0,1
slp03,slp03,666,2,4,2,0,2
slp03,slp03,667,2,4,2,0,2
slp03,slp03,668,2,4,2,0,2
slp03,slp03,669,2,4,2,0,2
slp03,slp03,670,2,4,2,0,2
slp03,slp03,671,0,4,2,1,2
slp03,slp03,672,0,4,2,0,2
slp03,slp03,673,0,4,1,0,0
slp03,slp03,674,0,4,2,2,2
slp03,slp03,675,0,4,2,2,2
slp03,slp03,676,0,4,2,2,2
slp03,slp03,677,0,4,2,2,2
slp03,slp03,678,0,4,4,1,1
slp03,slp03,679,0,4,1,0,0
slp03,slp03,680,1,4,0,0,0
slp03,slp03,681,1,4,0,0,0
slp03,slp03,682,1,4,0,0,0
slp03,slp03,683,1,4,2,0,4
slp03,slp03,684,1,4,0,0,0
slp03,slp03,685,2,4,4,0,4
slp03,slp03,686,2,4,1,4,0
slp03,slp03,687,2,4,0,4,0
slp03,slp03,688,2,4,1,0,4
slp03,slp03,689,2,4,1,0,0
slp03,slp03,690,2,4,1,0,0
slp03,slp03,691,0,4,2,0,2
slp03,slp03,692,1,4,2,0,2
slp03,slp03,693,1,4,2,0,2
slp03,slp03,694,2,4,2,0,2
slp03,slp03,695,2,4,2,1,2
slp03,slp03,696,2,4,2,2,2
slp03,slp03,697,2,4,2,2,2
slp03,slp03,698,0,4,4,2,2
slp03,slp03,699,0,4,0,2,0
slp03,slp03,700,1,4,2,2,2
slp03,slp03,701,1,4,2,2,2
slp03,slp03,702,1,4,2,2,2
slp03,slp03,703,2,4,1,2,2
slp03,slp03,704,4,4,2,1,2
slp03,slp03,705,0,4,1,1,1
slp03,slp03,706,0,4,0,1,0
slp03,slp03,707,0,4,1,1,1
slp03,slp03,708,0,4,2,2,2
slp03,slp03,709,1,4,1,1,1
slp03,slp03,710,0,4,2,1,2
slp03,slp03,711,0,4,1,1,1
slp03,slp03,712,0,4,0,1,0
slp03,slp03,713,0,4,1,0,0
slp03,slp03,714,0,4,0,0,0
slp03,slp03,715,0,4,0,0,0
slp03,slp03,716,0,4,2,0,2
slp03,slp03,717,0,4,0,0,0
slp03,slp03,718,0,4,0,0,0
slp03,slp03,719,0,4,0,0,0
slp04,slp04,0,0,5,0,0,0
slp04,slp04,1,1,5,1,0,4
slp04,slp04,2,1,5,0,0,0
slp04,slp04,3,2,5,4,0,4
slp04,slp04,4,2,5,4,0,4
slp04,slp04,5,2,5,4,0,4
slp04,slp04,6,2,5,2,4,4
slp04,slp04,7,0,5,0,4,0
slp04,slp04,8,1,5,0,4,0
slp04,slp04,9,1,5,0,4,2
slp04,slp04,10,2,5,4,4,4
slp04,slp04,11,2,5,4,4,4
slp04,slp04,12,2,5,0,4,0
slp04,slp04,13,2,5,0,4,4
slp04,slp04,14,2,5,2,4,2
slp04,slp04,15,2,5,4,4,4
slp04,slp04,16,2,5,2,4,4
slp04,slp04,17,2,5,2,4,4
slp04,slp04,18,0,5,0,4,4
slp04,slp04,19,0,5,0,0,0
slp04,slp04,20,0,5,0,0,0
slp04,slp04,21,0,5,0,0,0
slp04,slp04,22,0,5,0,0,0
slp04,slp04,23,0,5,0,0,0
slp04,slp04,24,0,5,0,0,0
slp04,slp04,25,0,5,0,0,0
slp04,slp04,26,0,5,0,0,0
slp04,slp04,27,0,5,0,0,0
slp04,slp04,28,0,5,0,0,0
slp04,slp04,29,0,5,0,0,0
slp04,slp04,30,0,5,0,0,0
slp04,slp04,31,0,5,0,0,0
slp04,slp04,32,0,5,0,0,0
slp04,slp04,33,0,5,0,0,0
slp04,slp04,34,0,5,0,0,0
slp04,slp04,35,0,5,0,0,0
slp04,slp04,36,1,5,0,0,0
slp04,slp04,37,1,5,0,0,0
slp04,slp04,38,1,5,0,0,0
slp04,slp04,39,1,5,0,0,0
slp04,slp04,40,1,5,0,0,0
slp04,slp04,41,0,5,0,0,0
slp04,slp04,42,0,5,0,0,0
slp04,slp04,43,1,5,2,0,0
slp04,slp04,44,2,5,0,2,0
slp04,slp04,45,2,5,2,4,4
slp04,slp04,46,2,5,2,4,2
slp04,slp04,47,2,5,2,4,2
slp04,slp04,48,2,5,4,4,2
slp04,slp04,49,2,5,2,4,2
slp04,slp04,50,2,5,2,4,2
slp04,slp04,51,2,5,1,4,2
slp04,slp04,52,2,5,2,4,2
slp04,slp04,53,2,5,2,4,2
slp04,slp04,54,2,5,2,4,2
slp04,slp04,55,2,5,2,4,4
slp04,slp04,56,2,5,2,4,2
slp04,slp04,57,2,5,2,4,2
slp04,slp04,58,2,5,2,2,2
slp04,slp04,59,2,5,2,2,2
slp04,slp04,60,2,5,2,2,2
slp04,slp04,61,2,5,2,4,2
slp04,slp04,62,2,5,2,2,2
slp04,slp04,63,2,5,2,4,2
slp04,slp04,64,2,5,2,4,2
slp04,slp04,65,2,5,2,4,2
slp04,slp04,66,2,5,2,2,2
slp04,slp04,67,2,5,2,2,2
slp04,slp04,68,2,5,2,2,2
slp04,slp04,69,2,5,2,2,2
slp04,slp04,70,2,5,2,2,2
slp04,slp04,71,3,5,2,2,2
slp04,slp04,72,3,5,2,0,2
slp04,slp04,73,3,5,2,0,2
slp04,slp04,74,3,5,2,0,2
slp04,slp04,75,3,5,2,0,2
slp04,slp04,76,3,5,3,0,3
slp04,slp04,77,3,5,3,0,3
slp04,slp04,78,3,5,2,0,2
slp04,slp04,79,3,5,3,0,3
slp04,slp04,80,3,5,2,4,2
slp04,slp04,81,3,5,2,4,2
slp04,slp04,82,3,5,2,4,2
slp04,slp04,83,3,5,2,4,2
slp04,slp04,84,3,5,2,4,2
slp04,slp04,85,3,5,2,4,2
slp04,slp04,86,3,5,2,4,2
slp04,slp04,87,3,5,2,4,2
slp04,slp04,88,3,5,2,4,2
slp04,slp04,89,3,5,2,4,2
slp04,slp04,90,3,5,2,4,2
slp04,slp04,91,3,5,3,2,3
slp04,slp04,92,2,5,3,4,3
slp04,slp04,93,2,5,2,4,2
slp04,slp04,94,2,5,2,4,2
slp04,slp04,95,2,5,2,4,2
slp04,slp04,96,2,5,2,4,2
slp04,slp04,97,2,5,3,4,2
slp04,slp04,98,2,5,2,4,2
slp04,slp04,99,3,5,3,4,2
slp04,slp04,100,2,5,2,4,2
slp04,slp04,101,2,5,2,1,2
slp04,slp04,102,2,5,0,1,2
slp04,slp04,103,0,5,0,0,0
slp04,slp04,104,0,5,0,0,0
slp04,slp04,105,0,5,0,0,0
slp04,slp04,106,0,5,0,0,0
slp04,slp04,107,0,5,0,0,0
slp04,slp04,108,1,5,0,0,0
slp04,slp04,109,1,5,0,0,0
slp04,slp04,110,2,5,4,0,0
slp04,slp04,111,2,5,0,0,0
slp04,slp04,112,0,5,0,0,0
slp04,slp04,113,1,5,0,0,0
slp04,slp04,114,2,5,4,2,2
slp04,slp04,115,2,5,0,2,0
slp04,slp04,116,2,5,0,2,0
slp04,slp04,117,2,5,2,2,2
slp04,slp04,118,2,5,0,2,2
slp04,slp04,119,2,5,2,2,2
slp04,slp04,120,2,5,2,2,2
slp04,slp04,121,0,5,2,2,2
slp04,slp04,122,0,5,0,4,4
slp04,slp04,123,0,5,0,4,0
slp04,slp04,124,1,5,1,2,2
slp04,slp04,125,2,5,1,2,2
slp04,slp04,126,2,5,2,2,2
slp04,slp04,127,2,5,0,2,0
slp04,slp04,128,1,5,4,2,2
slp04,slp04,129,1,5,0,2,2
slp04,slp04,130,0,5,4,2,2
slp04,slp04,131,2,5,2,2,2
slp04,slp04,132,2,5,2,2,2
slp04,slp04,133,2,5,2,2,2
slp04,slp04,134,2,5,0,2,2
slp04,slp04,135,2,5,2,2,2
slp04,slp04,136,2,5,2,2,2
slp04,slp04,137,2,5,2,0,0
slp04,slp04,138,2,5,2,2,2
slp04,slp04,139,2,5,2,0,0
slp04,slp04,140,2,5,0,2,0
slp04,slp04,141,2,5,1,2,2
slp04,slp04,142,2,5,2,2,2
slp04,slp04,143,2,5,4,2,2
slp04,slp04,144,2,5,2,2,2
slp04,slp04,145,2,5,2,2,2
slp04,slp04,146,2,5,2,2,2
slp04,slp04,147,2,5,2,2,2
slp04,slp04,148,2,5,4,2,2
slp04,slp04,149,2,5,2,2,2
slp04,slp04,150,2,5,2,2,2
slp04,slp04,151,2,5,2,2,2
slp04,slp04,152,2,5,2,2,2
slp04,slp04,153,2,5,2,0,2
slp04,slp04,154,2,5,2,0,2
slp04,slp04,155,2,5,2,0,2
slp04,slp04,156,2,5,2,0,0
slp04,slp04,157,2,5,2,0,0
slp04,slp04,158,2,5,2,0,2
slp04,slp04,159,2,5,2,0,2
slp04,slp04,160,2,5,0,0,0
slp04,slp04,161,2,5,2,0,0
slp04,slp04,162,2,5,2,0,2
slp04,slp04,163,2,5,2,0,0
slp04,slp04,164,2,5,0,0,0
slp04,slp04,165,2,5,2,0,2
slp04,slp04,166,2,5,2,0,2
slp04,slp04,167,2,5,2,0,2
slp04,slp04,168,2,5,2,4,2
slp04,slp04,169,2,5,2,4,4
slp04,slp04,170,2,5,2,4,2
slp04,slp04,171,2,5,2,4,4
slp04,slp04,172,2,5,2,4,2
slp04,slp04,173,2,5,2,4,2
slp04,slp04,174,2,5,0,4,0
slp04,slp04,175,0,5,0,0,0
slp04,slp04,176,0,5,0,0,0
slp04,slp04,177,0,5,0,2,0
slp04,slp04,178,0,5,0,2,0
slp04,slp04,179,0,5,0,2,0
slp04,slp04,180,0,5,0,2,0
slp04,slp04,181,0,5,0,0,0
slp04,slp04,182,0,5,0,2,0
slp04,slp04,183,1,5,0,0,0
slp04,slp04,184,0,5,2,0,1
slp04,slp04,185,1,5,0,2,1
slp04,slp04,186,1,5,2,2,2
slp04,slp04,187,2,5,4,2,2
slp04,slp04,188,2,5,2,2,2
slp04,slp04,189,2,5,2,2,2
slp04,slp04,190,2,5,4,2,2
slp04,slp04,191,2,5,2,2,2
slp04,slp04,192,2,5,2,4,2
slp04,slp04,193,2,5,0,4,2
slp04,slp04,194,0,5,0,4,0
slp04,slp04,195,0,5,0,4,0
slp04,slp04,196,0,5,2,4,2
slp04,slp04,197,1,5,2,4,2
slp04,slp04,198,2,5,0,4,0
slp04,slp04,199,2,5,1,4,2
slp04,slp04,200,2,5,2,4,2
slp04,slp04,201,2,5,2,4,2
slp04,slp04,202,2,5,2,4,2
slp04,slp04,203,2,5,2,4,2
slp04,slp04,204,2,5,2,4,2
slp04,slp04,205,2,5,2,4,2
slp04,slp04,206,2,5,2,4,2
slp04,slp04,207,2,5,2,4,2
slp04,slp04,208,2,5,2,4,4
slp04,slp04,209,2,5,2,4,4
slp04,slp04,210,2,5,2,4,4
slp04,slp04,211,2,5,2,4,2
slp04,slp04,212,2,5,2,4,2
slp04,slp04,213,2,5,2,4,4
slp04,slp04,214,2,5,2,4,4
slp04,slp04,215,2,5,2,4,2
slp04,slp04,216,2,5,0,4,4
slp04,slp04,217,2,5,0,4,0
slp04,slp04,218,0,5,0,4,4
slp04,slp04,219,1,5,1,4,4
slp04,slp04,220,2,5,2,4,2
slp04,slp04,221,2,5,0,4,4
slp04,slp04,222,2,5,2,4,2
slp04,slp04,223,2,5,2,4,2
slp04,slp04,224,2,5,2,4,2
slp04,slp04,225,2,5,2,4,2
slp04,slp04,226,2,5,2,4,4
slp04,slp04,227,2,5,2,4,2
slp04,slp04,228,2,5,1,4,4
slp04,slp04,229,2,5,2,4,2
slp04,slp04,230,2,5,2,4,4
slp04,slp04,231,2,5,2,4,4
slp04,slp04,232,2,5,2,4,4
slp04,slp04,233,2,5,2,4,4
slp04,slp04,234,2,5,2,4,2
slp04,slp04,235,2,5,2,4,4
slp04,slp04,236,2,5,0,4,4
slp04,slp04,237,2,5,2,4,2
slp04,slp04,238,2,5,2,4,4
slp04,slp04,239,2,5,2,4,4
slp04,slp04,240,2,5,2,4,2
slp04,slp04,241,2,5,2,4,4
slp04,slp04,242,2,5,2,4,2
slp04,slp04,243,2,5,0,4,4
slp04,slp04,244,2,5,2,4,2
slp04,slp04,245,2,5,2,4,2
slp04,slp04,246,2,5,2,4,4
slp04,slp04,247,2,5,2,4,4
slp04,slp04,248,2,5,2,4,4
slp04,slp04,249,2,5,2,4,4
slp04,slp04,250,2,5,2,4,2
slp04,slp04,251,2,5,2,4,2
slp04,slp04,252,2,5,2,4,2
slp04,slp04,253,2,5,2,4,4
slp04,slp04,254,2,5,2,4,2
slp04,slp04,255,2,5,2,4,2
slp04,slp04,256,2,5,2,4,4
slp04,slp04,257,2,5,2,4,4
slp04,slp04,258,2,5,2,4,2
slp04,slp04,259,2,5,2,4,2
slp04,slp04,260,2,5,2,4,2
slp04,slp04,261,2,5,2,4,4
slp04,slp04,262,2,5,2,4,2
slp04,slp04,263,2,5,2,4,4
slp04,slp04,264,2,5,2,4,2
slp04,slp04,265,2,5,2,4,2
slp04,slp04,266,2,5,2,4,4
slp04,slp04,267,2,5,2,4,2
slp04,slp04,268,2,5,2,4,2
slp04,slp04,269,2,5,2,4,2
slp04,slp04,270,2,5,2,4,2
slp04,slp04,271,2,5,0,4,4
slp04,slp04,272,2,5,2,4,4
slp04,slp04,273,2,5,2,4,4
slp04,slp04,274,2,5,2,4,2
slp04,slp04,275,2,5,2,4,2
slp04,slp04,276,2,5,2,4,2
slp04,slp04,277,2,5,2,4,2
slp04,slp04,278,2,5,2,4,2
slp04,slp04,279,2,5,2,4,4
slp04,slp04,280,2,5,2,4,2
slp04,slp04,281,2,5,2,4,4
slp04,slp04,282,2,5,2,4,2
slp04,slp04,283,2,5,2,4,4
slp04,slp04,284,2,5,2,4,4
slp04,slp04,285,2,5,2,4,2
slp04,slp04,286,2,5,2,4,4
slp04,slp04,287,2,5,2,4,2
slp04,slp04,288,2,5,2,4,2
slp04,slp04,289,2,5,3,4,2
slp04,slp04,290,2,5,2,4,2
slp04,slp04,291,2,5,2,4,2
slp04,slp04,292,2,5,2,4,4
slp04,slp04,293,2,5,2,4,4
slp04,slp04,294,2,5,2,4,4
slp04,slp04,295,2,5,2,4,4
slp04,slp04,296,2,5,2,4,2
slp04,slp04,297,2,5,2,4,4
slp04,slp04,298,2,5,2,4,2
slp04,slp04,299,2,5,2,4,2
slp04,slp04,300,2,5,2,4,2
slp04,slp04,301,2,5,2,4,2
slp04,slp04,302,2,5,2,4,2
slp04,slp04,303,2,5,3,4,2
slp04,slp04,304,2,5,2,4,2
slp04,slp04,305,2,5,2,4,2
slp04,slp04,306,2,5,2,4,2
slp04,slp04,307,2,5,2,4,2
slp04,slp04,308,2,5,2,4,4
slp04,slp04,309,2,5,0,4,4
slp04,slp04,310,2,5,2,4,2
slp04,slp04,311,2,5,2,4,2
slp04,slp04,312,2,5,2,4,2
slp04,slp04,313,2,5,1,4,4
slp04,slp04,314,2,5,2,4,2
slp04,slp04,315,2,5,0,0,0
slp04,slp04,316,0,5,0,0,0
slp04,slp04,317,0,5,0,0,0
slp04,slp04,318,0,5,0,0,0
slp04,slp04,319,1,5,0,0,0
slp04,slp04,320,1,5,4,0,0
slp04,slp04,321,2,5,2,0,2
slp04,slp04,322,2,5,2,0,2
slp04,slp04,323,2,5,2,0,0
slp04,slp04,324,2,5,0,0,0
slp04,slp04,325,2,5,2,0,2
slp04,slp04,326,2,5,2,0,2
slp04,slp04,327,2,5,2,1,2
slp04,slp04,328,2,5,1,1,0
slp04,slp04,329,2,5,2,1,2
slp04,slp04,330,2,5,2,1,1
slp04,slp04,331,2,5,2,1,2
slp04,slp04,332,2,5,2,1,2
slp04,slp04,333,2,5,2,1,2
slp04,slp04,334,2,5,1,4,4
slp04,slp04,335,2,5,2,4,2
slp04,slp04,336,2,5,2,4,2
slp04,slp04,337,2,5,2,4,2
slp04,slp04,338,2,5,2,4,4
slp04,slp04,339,2,5,2,4,2
slp04,slp04,340,2,5,2,4,2
slp04,slp04,341,2,5,2,4,4
slp04,slp04,342,2,5,2,4,2
slp04,slp04,343,2,5,2,4,2
slp04,slp04,344,2,5,2,4,2
slp04,slp04,345,2,5,2,4,2
slp04,slp04,346,2,5,2,4,2
slp04,slp04,347,2,5,2,4,4
slp04,slp04,348,2,5,2,4,2
slp04,slp04,349,2,5,2,4,4
slp04,slp04,350,2,5,2,4,2
slp04,slp04,351,2,5,2,4,2
slp04,slp04,352,2,5,2,4,2
slp04,slp04,353,2,5,2,4,4
slp04,slp04,354,2,5,2,4,2
slp04,slp04,355,2,5,2,4,4
slp04,slp04,356,2,5,2,4,2
slp04,slp04,357,2,5,2,4,2
slp04,slp04,358,2,5,2,4,4
slp04,slp04,359,2,5,2,4,4
slp04,slp04,360,2,5,2,4,4
slp04,slp04,361,2,5,2,4,4
slp04,slp04,362,2,5,2,4,4
slp04,slp04,363,2,5,2,4,4
slp04,slp04,364,2,5,1,4,4
slp04,slp04,365,2,5,1,4,4
slp04,slp04,366,2,5,2,4,4
slp04,slp04,367,2,5,2,4,4
slp04,slp04,368,2,5,1,4,4
slp04,slp04,369,2,5,4,4,4
slp04,slp04,370,2,5,1,4,4
slp04,slp04,371,2,5,1,4,4
slp04,slp04,372,2,5,2,4,2
slp04,slp04,373,4,5,0,0,2
slp04,slp04,374,4,5,0,2,0
slp04,slp04,375,0,5,0,2,0
slp04,slp04,376,0,5,0,2,0
slp04,slp04,377,0,5,0,2,0
slp04,slp04,378,0,5,0,2,0
slp04,slp04,379,0,5,0,2,0
slp04,slp04,380,0,5,0,2,0
slp04,slp04,381,0,5,0,2,0
slp04,slp04,382,0,5,0,2,0
slp04,slp04,383,0,5,0,2,0
slp04,slp04,384,0,5,0,2,0
slp04,slp04,385,0,5,0,2,0
slp04,slp04,386,0,5,0,2,0
slp04,slp04,387,0,5,0,2,0
slp04,slp04,388,0,5,0,2,0
slp04,slp04,389,0,5,0,2,0
slp04,slp04,390,0,5,0,2,0
slp04,slp04,391,0,5,0,2,0
slp04,slp04,392,0,5,0,2,0
slp04,slp04,393,0,5,0,2,0
slp04,slp04,394,0,5,0,2,0
slp04,slp04,395,0,5,0,2,0
slp04,slp04,396,0,5,0,2,0
slp04,slp04,397,0,5,0,2,0
slp04,slp04,398,0,5,0,2,0
slp04,slp04,399,0,5,0,2,0
slp04,slp04,400,0,5,1,2,1
slp04,slp04,401,0,5,0,2,0
slp04,slp04,402,1,5,4,2,2
slp04,slp04,403,1,5,0,2,0
slp04,slp04,404,1,5,0,2,0
slp04,slp04,405,0,5,0,2,0
slp04,slp04,406,0,5,0,2,0
slp04,slp04,407,0,5,0,0,0
slp04,slp04,408,0,5,0,0,0
slp04,slp04,409,0,5,0,0,0
slp04,slp04,410,0,5,0,0,0
slp04,slp04,411,0,5,0,0,0
slp04,slp04,412,0,5,0,0,0
slp04,slp04,413,0,5,0,0,0
slp04,slp04,414,0,5,0,0,0
slp04,slp04,415,0,5,0,0,0
slp04,slp04,416,0,5,0,0,0
slp04,slp04,417,0,5,0,2,0
slp04,slp04,418,0,5,0,2,0
slp04,slp04,419,0,5,0,2,0
slp04,slp04,420,0,5,0,2,0
slp04,slp04,421,0,5,0,2,0
slp04,slp04,422,0,5,0,2,0
slp04,slp04,423,0,5,0,2,0
slp04,slp04,424,0,5,1,2,2
slp04,slp04,425,0,5,0,2,0
slp04,slp04,426,1,5,0,2,0
slp04,slp04,427,0,5,0,2,0
slp04,slp04,428,0,5,0,2,0
slp04,slp04,429,0,5,0,2,2
slp04,slp04,430,0,5,0,2,0
slp04,slp04,431,0,5,0,0,0
slp04,slp04,432,0,5,0,0,0
slp04,slp04,433,0,5,0,0,0
slp04,slp04,434,0,5,0,0,0
slp04,slp04,435,0,5,0,0,0
slp04,slp04,436,0,5,0,0,0
slp04,slp04,437,0,5,0,0,0
slp04,slp04,438,0,5,0,0,0
slp04,slp04,439,0,5,0,0,0
slp04,slp04,440,0,5,0,0,0
slp04,slp04,441,0,5,0,2,0
slp04,slp04,442,0,5,0,2,0
slp04,slp04,443,0,5,0,2,0
slp04,slp04,444,0,5,0,0,0
slp04,slp04,445,0,5,0,0,0
slp04,slp04,446,0,5,0,2,0
slp04,slp04,447,0,5,0,2,0
slp04,slp04,448,0,5,0,1,0
slp04,slp04,449,0,5,0,1,0
slp04,slp04,450,0,5,0,4,0
slp04,slp04,451,0,5,0,4,0
slp04,slp04,452,0,5,0,0,0
slp04,slp04,453,0,5,0,0,0
slp04,slp04,454,0,5,0,0,0
slp04,slp04,455,0,5,0,0,0
slp04,slp04,456,0,5,0,0,0
slp04,slp04,457,0,5,0,0,0
slp04,slp04,458,0,5,0,0,0
slp04,slp04,459,0,5,0,0,0
slp04,slp04,460,0,5,0,0,0
slp04,slp04,461,0,5,0,0,0
slp04,slp04,462,0,5,0,0,0
slp04,slp04,463,0,5,0,0,0
slp04,slp04,464,0,5,0,0,0
slp04,slp04,465,0,5,0,0,0
slp04,slp04,466,0,5,0,0,0
slp04,slp04,467,0,5,0,0,0
slp04,slp04,468,0,5,0,0,0
slp04,slp04,469,0,5,0,0,0
slp04,slp04,470,0,5,0,0,0
slp04,slp04,471,0,5,0,2,0
slp04,slp04,472,0,5,0,2,0
slp04,slp04,473,0,5,0,2,0
slp04,slp04,474,0,5,0,2,0
slp04,slp04,475,0,5,0,2,0
slp04,slp04,476,0,5,0,2,1
slp04,slp04,477,1,5,0,2,1
slp04,slp04,478,1,5,1,2,1
slp04,slp04,479,1,5,4,2,1
slp04,slp04,480,1,5,1,2,0
slp04,slp04,481,2,5,4,2,1
slp04,slp04,482,2,5,4,2,1
slp04,slp04,483,2,5,1,2,2
slp04,slp04,484,2,5,2,2,2
slp04,slp04,485,2,5,2,2,2
slp04,slp04,486,2,5,2,2,2
slp04,slp04,487,2,5,4,2,2
slp04,slp04,488,2,5,2,2,2
slp04,slp04,489,2,5,1,0,2
slp04,slp04,490,2,5,2,0,2
slp04,slp04,491,2,5,2,2,2
slp04,slp04,492,2,5,2,2,2
slp04,slp04,493,2,5,2,2,2
slp04,slp04,494,2,5,1,2,2
slp04,slp04,495,2,5,1,2,2
slp04,slp04,496,2,5,2,2,2
slp04,slp04,497,2,5,2,2,2
slp04,slp04,498,2,5,0,2,0
slp04,slp04,499,2,5,0,2,0
slp04,slp04,500,2,5,0,2,0
slp04,slp04,501,0,5,2,2,2
slp04,slp04,502,0,5,4,2,2
slp04,slp04,503,1,5,1,2,1
slp04,slp04,504,2,5,2,2,2
slp04,slp04,505,2,5,2,2,2
slp04,slp04,506,2,5,2,2,2
slp04,slp04,507,2,5,1,2,2
slp04,slp04,508,2,5,2,2,2
slp04,slp04,509,2,5,2,2,2
slp04,slp04,510,2,5,2,2,2
slp04,slp04,511,2,5,2,2,2
slp04,slp04,512,2,5,2,2,2
slp04,slp04,513,2,5,2,2,2
slp04,slp04,514,2,5,2,2,2
slp04,slp04,515,2,5,2,2,2
slp04,slp04,516,2,5,2,2,2
slp04,slp04,517,2,5,0,2,2
slp04,slp04,518,2,5,1,2,2
slp04,slp04,519,2,5,2,2,2
slp04,slp04,520,2,5,2,2,2
slp04,slp04,521,2,5,2,1,2
slp04,slp04,522,2,5,2,1,2
slp04,slp04,523,2,5,2,1,2
slp04,slp04,524,2,5,2,1,1
slp04,slp04,525,2,5,2,1,2
slp04,slp04,526,2,5,2,4,4
slp04,slp04,527,2,5,0,0,0
slp04,slp04,528,2,5,0,0,0
slp04,slp04,529,2,5,0,4,0
slp04,slp04,530,1,5,4,4,4
slp04,slp04,531,1,5,2,0,0
slp04,slp04,532,1,5,4,0,2
slp04,slp04,533,1,5,2,0,1
slp04,slp04,534,1,5,2,2,2
slp04,slp04,535,2,5,2,2,2
slp04,slp04,536,2,5,2,2,2
slp04,slp04,537,2,5,2,2,2
slp04,slp04,538,2,5,2,2,2
slp04,slp04,539,2,5,2,2,2
slp04,slp04,540,2,5,2,2,2
slp04,slp04,541,2,5,2,2,2
slp04,slp04,542,2,5,2,2,2
slp04,slp04,543,2,5,2,2,2
slp04,slp04,544,2,5,2,2,2
slp04,slp04,545,2,5,2,2,2
slp04,slp04,546,2,5,2,3,2
slp04,slp04,547,2,5,2,2,2
slp04,slp04,548,2,5,2,3,2
slp04,slp04,549,2,5,2,3,2
slp04,slp04,550,2,5,2,2,2
slp04,slp04,551,2,5,2,2,2
slp04,slp04,552,2,5,2,2,2
slp04,slp04,553,2,5,3,2,3
slp04,slp04,554,2,5,3,2,3
slp04,slp04,555,2,5,2,2,3
slp04,slp04,556,2,5,2,2,2
slp04,slp04,557,2,5,3,2,3
slp04,slp04,558,2,5,3,2,3
slp04,slp04,559,2,5,2,2,2
slp04,slp04,560,2,5,2,2,2
slp04,slp04,561,3,5,3,2,3
slp04,slp04,562,2,5,3,2,3
slp04,slp04,563,3,5,2,2,3
slp04,slp04,564,2,5,3,2,3
slp04,slp04,565,3,5,3,2,3
slp04,slp04,566,2,5,3,2,3
slp04,slp04,567,3,5,3,2,3
slp04,slp04,568,2,5,2,2,2
slp04,slp04,569,2,5,2,2,3
slp04,slp04,570,2,5,3,2,3
slp04,slp04,571,2,5,3,2,3
slp04,slp04,572,2,5,3,2,3
slp04,slp04,573,2,5,3,2,3
slp04,slp04,574,2,5,3,2,3
slp04,slp04,575,3,5,3,2,3
slp04,slp04,576,2,5,3,2,3
slp04,slp04,577,3,5,3,2,3
slp04,slp04,578,2,5,3,2,3
slp04,slp04,579,3,5,3,2,3
slp04,slp04,580,3,5,3,2,3
slp04,slp04,581,2,5,3,2,3
slp04,slp04,582,3,5,3,0,2
slp04,slp04,583,3,5,0,0,0
slp04,slp04,584,3,5,2,4,2
slp04,slp04,585,2,5,0,2,0
slp04,slp04,586,2,5,0,2,0
slp04,slp04,587,2,5,2,2,2
slp04,slp04,588,0,5,2,2,2
slp04,slp04,589,0,5,2,2,2
slp04,slp04,590,2,5,2,2,2
slp04,slp04,591,2,5,2,2,2
slp04,slp04,592,2,5,1,1,1
slp04,slp04,593,2,5,2,1,2
slp04,slp04,594,2,5,2,2,2
slp04,slp04,595,2,5,2,1,2
slp04,slp04,596,1,5,2,2,2
slp04,slp04,597,1,5,2,2,2
slp04,slp04,598,1,5,2,2,2
slp04,slp04,599,1,5,2,2,2
slp04,slp04,600,1,5,2,2,2
slp04,slp04,601,1,5,2,2,2
slp04,slp04,602,1,5,2,2,2
slp04,slp04,603,1,5,2,2,2
slp04,slp04,604,1,5,3,2,2
slp04,slp04,605,1,5,2,2,2
slp04,slp04,606,1,5,2,2,2
slp04,slp04,607,1,5,0,2,0
slp04,slp04,608,1,5,4,1,2
slp04,slp04,609,1,5,2,2,2
slp04,slp04,610,1,5,2,2,2
slp04,slp04,611,1,5,2,2,2
slp04,slp04,612,1,5,0,2,0
slp04,slp04,613,1,5,0,2,0
slp04,slp04,614,1,5,1,2,1
slp04,slp04,615,0,5,2,2,2
slp04,slp04,616,0,5,2,2,2
slp04,slp04,617,1,5,2,2,2
slp04,slp04,618,2,5,2,2,2
slp04,slp04,619,2,5,2,2,2
slp04,slp04,620,2,5,2,2,2
slp04,slp04,621,2,5,2,2,2
slp04,slp04,622,2,5,2,2,2
slp04,slp04,623,2,5,2,2,2
slp04,slp04,624,2,5,2,2,2
slp04,slp04,625,2,5,2,2,2
slp04,slp04,626,2,5,2,2,2
slp04,slp04,627,2,5,3,2,2
slp04,slp04,628,2,5,2,2,2
slp04,slp04,629,2,5,2,2,2
slp04,slp04,630,2,5,1,2,4
slp04,slp04,631,2,5,1,1,4
slp04,slp04,632,2,5,1,4,4
slp04,slp04,633,4,5,1,4,4
slp04,slp04,634,4,5,2,4,4
slp04,slp04,635,4,5,1,0,4
slp04,slp04,636,4,5,1,0,0
slp04,slp04,637,4,5,1,4,4
slp04,slp04,638,4,5,1,4,4
slp04,slp04,639,4,5,1,4,4
slp04,slp04,640,4,5,0,0,0
slp04,slp04,641,4,5,1,4,4
slp04,slp04,642,4,5,1,4,4
slp04,slp04,643,4,5,1,4,4
slp04,slp04,644,4,5,1,4,4
slp04,slp04,645,4,5,1,4,4
slp04,slp04,646,4,5,1,4,4
slp04,slp04,647,4,5,0,0,0
slp04,slp04,648,4,5,0,0,0
slp04,slp04,649,4,5,0,0,0
slp04,slp04,650,0,5,0,0,0
slp04,slp04,651,0,5,1,0,0
slp04,slp04,652,1,5,1,0,1
slp04,slp04,653,1,5,1,1,1
slp04,slp04,654,2,5,2,1,2
slp04,slp04,655,2,5,1,1,1
slp04,slp04,656,2,5,2,0,2
slp04,slp04,657,2,5,2,2,2
slp04,slp04,658,2,5,2,2,2
slp04,slp04,659,2,5,2,2,2
slp04,slp04,660,2,5,1,2,1
slp04,slp04,661,2,5,1,2,1
slp04,slp04,662,2,5,1,2,2
slp04,slp04,663,4,5,0,2,0
slp04,slp04,664,4,5,0,2,0
slp04,slp04,665,4,5,4,2,1
slp04,slp04,666,4,5,2,2,2
slp04,slp04,667,1,5,1,2,4
slp04,slp04,668,2,5,2,2,2
slp04,slp04,669,2,5,2,2,2
slp04,slp04,670,2,5,2,2,2
slp04,slp04,671,2,5,2,2,2
slp04,slp04,672,2,5,2,2,2
slp04,slp04,673,2,5,2,2,2
slp04,slp04,674,2,5,2,2,2
slp04,slp04,675,2,5,2,2,2
slp04,slp04,676,2,5,2,2,1
slp04,slp04,677,2,5,2,2,2
slp04,slp04,678,2,5,2,2,1
slp04,slp04,679,2,5,2,2,2
slp04,slp04,680,2,5,2,2,2
slp04,slp04,681,2,5,2,2,2
slp04,slp04,682,2,5,2,2,2
slp04,slp04,683,2,5,2,2,2
slp04,slp04,684,2,5,2,2,2
slp04,slp04,685,2,5,1,2,2
slp04,slp04,686,2,5,2,2,2
slp04,slp04,687,2,5,2,2,2
slp04,slp04,688,2,5,2,2,2
slp04,slp04,689,2,5,2,2,2
slp04,slp04,690,2,5,1,2,2
slp04,slp04,691,2,5,2,2,2
slp04,slp04,692,2,5,2,2,2
slp04,slp04,693,2,5,2,2,2
slp04,slp04,694,2,5,2,2,2
slp04,slp04,695,2,5,2,2,2
slp04,slp04,696,2,5,2,2,2
slp04,slp04,697,2,5,1,2,2
slp04,slp04,698,2,5,2,2,2
slp04,slp04,699,2,5,2,2,2
slp04,slp04,700,2,5,4,2,1
slp04,slp04,701,2,5,2,2,2
slp04,slp04,702,2,5,2,2,2
slp04,slp04,703,2,5,2,2,2
slp04,slp04,704,2,5,2,2,2
slp04,slp04,705,2,5,2,2,2
slp04,slp04,706,2,5,2,2,2
slp04,slp04,707,2,5,2,2,2
slp04,slp04,708,2,5,2,2,2
slp04,slp04,709,2,5,0,2,0
slp04,slp04,710,2,5,0,2,0
slp04,slp04,711,2,5,0,2,0
slp04,slp04,712,0,5,0,2,0
slp04,slp04,713,0,5,0,2,0
slp04,slp04,714,0,5,0,2,0
slp04,slp04,715,0,5,0,2,0
slp04,slp04,716,0,5,0,2,0
slp04,slp04,717,0,5,0,2,0
slp04,slp04,718,0,5,0,2,0
slp04,slp04,719,0,5,0,2,0
slp14,slp14,6,0,5,0,0,0
slp14,slp14,7,0,5,0,0,0
slp14,slp14,8,0,5,0,0,0
slp14,slp14,9,0,5,0,0,0
slp14,slp14,10,0,5,0,0,0
slp14,slp14,11,0,5,0,0,0
slp14,slp14,12,0,5,0,0,0
slp14,slp14,13,0,5,0,0,0
slp14,slp14,14,0,5,0,0,0
slp14,slp14,15,0,5,0,0,0
slp14,slp14,16,1,5,0,0,0
slp14,slp14,17,0,5,0,0,0
slp14,slp14,18,0,5,0,0,0
slp14,slp14,19,0,5,0,0,0
slp14,slp14,20,0,5,0,0,0
slp14,slp14,21,0,5,0,0,0
slp14,slp14,22,1,5,0,0,0
slp14,slp14,23,1,5,0,0,0
slp14,slp14,24,1,5,0,0,0
slp14,slp14,25,1,5,0,0,0
slp14,slp14,26,1,5,1,0,0
slp14,slp14,27,1,5,0,0,0
slp14,slp14,28,1,5,2,0,2
slp14,slp14,29,2,5,2,0,2
slp14,slp14,30,1,5,0,4,2
slp14,slp14,31,1,5,2,4,2
slp14,slp14,32,1,5,2,4,2
slp14,slp14,33,1,5,1,4,2
slp14,slp14,34,1,5,2,4,2
slp14,slp14,35,2,5,2,4,2
slp14,slp14,36,2,5,2,4,2
slp14,slp14,37,2,5,0,0,0
slp14,slp14,38,1,5,2,0,2
slp14,slp14,39,2,5,4,0,2
slp14,slp14,40,1,5,2,1,2
slp14,slp14,41,1,5,2,1,2
slp14,slp14,42,2,5,2,1,2
slp14,slp14,43,2,5,2,1,2
slp14,slp14,44,2,5,2,1,1
slp14,slp14,45,2,5,0,1,2
slp14,slp14,46,2,5,2,1,2
slp14,slp14,47,1,5,1,2,1
slp14,slp14,48,2,5,2,1,2
slp14,slp14,49,2,5,2,1,1
slp14,slp14,50,2,5,2,1,2
slp14,slp14,51,1,5,2,1,2
slp14,slp14,52,1,5,2,1,1
slp14,slp14,53,2,5,2,1,2
slp14,slp14,54,2,5,3,1,2
slp14,slp14,55,2,5,0,1,2
slp14,slp14,56,1,5,2,1,2
slp14,slp14,57,0,5,0,0,0
slp14,slp14,58,0,5,0,1,0
slp14,slp14,59,0,5,0,0,0
slp14,slp14,60,0,5,0,0,0
slp14,slp14,61,1,5,0,0,0
slp14,slp14,62,1,5,3,0,2
slp14,slp14,63,2,5,2,0,2
slp14,slp14,64,2,5,2,0,2
slp14,slp14,65,2,5,0,0,2
slp14,slp14,66,2,5,3,0,2
slp14,slp14,67,1,5,3,1,2
slp14,slp14,68,2,5,2,2,2
slp14,slp14,69,2,5,3,2,2
slp14,slp14,70,2,5,2,2,2
slp14,slp14,71,2,5,3,2,2
slp14,slp14,72,2,5,2,0,2
slp14,slp14,74,1,5,2,4,2
slp14,slp14,75,2,5,2,1,2
slp14,slp14,76,2,5,2,0,2
slp14,slp14,77,2,5,3,1,2
slp14,slp14,78,2,5,2,0,2
slp14,slp14,79,2,5,2,1,2
slp14,slp14,80,2,5,2,0,2
slp14,slp14,81,2,5,2,0,2
slp14,slp14,82,2,5,2,0,2
slp14,slp14,83,2,5,3,0,2
slp14,slp14,84,3,5,3,4,2
slp14,slp14,85,3,5,0,4,2
slp14,slp14,86,3,5,3,0,2
slp14,slp14,87,3,5,0,0,2
slp14,slp14,88,3,5,3,4,2
slp14,slp14,89,3,5,0,4,2
slp14,slp14,90,3,5,3,4,2
slp14,slp14,91,3,5,3,4,2
slp14,slp14,92,3,5,3,4,2
slp14,slp14,93,3,5,3,4,2
slp14,slp14,94,3,5,3,4,2
slp14,slp14,95,3,5,3,4,2
slp14,slp14,96,3,5,3,4,2
slp14,slp14,97,3,5,3,4,2
slp14,slp14,98,3,5,3,2,2
slp14,slp14,99,3,5,3,4,2
slp14,slp14,100,2,5,3,2,2
slp14,slp14,101,2,5,2,2,2
slp14,slp14,102,2,5,3,2,2
slp14,slp14,103,2,5,3,2,2
slp14,slp14,104,3,5,3,2,3
slp14,slp14,105,3,5,3,2,2
slp14,slp14,106,3,5,3,2,3
slp14,slp14,107,3,5,3,2,2
slp14,slp14,108,3,5,3,2,2
slp14,slp14,109,3,5,3,2,2
slp14,slp14,110,3,5,3,2,2
slp14,slp14,111,3,5,3,2,2
slp14,slp14,112,3,5,3,2,3
slp14,slp14,113,2,5,3,2,3
slp14,slp14,114,3,5,3,2,3
slp14,slp14,115,3,5,2,2,3
slp14,slp14,116,2,5,3,2,3
slp14,slp14,117,3,5,3,2,3
slp14,slp14,118,3,5,3,2,3
slp14,slp14,119,3,5,3,2,3
slp14,slp14,120,3,5,3,3,3
slp14,slp14,121,3,5,3,2,3
slp14,slp14,122,3,5,3,3,3
slp14,slp14,123,3,5,3,2,2
slp14,slp14,124,3,5,3,2,2
slp14,slp14,125,3,5,3,2,2
slp14,slp14,126,3,5,3,2,2
slp14,slp14,127,2,5,3,2,2
slp14,slp14,128,3,5,3,2,2
slp14,slp14,129,3,5,3,2,2
slp14,slp14,130,3,5,3,2,2
slp14,slp14,131,2,5,3,2,2
slp14,slp14,132,3,5,3,2,2
slp14,slp14,133,3,5,0,2,2
slp14,slp14,134,0,5,0,2,0
slp14,slp14,135,0,5,0,0,0
slp14,slp14,136,1,5,2,0,0
slp14,slp14,137,1,5,2,0,2
slp14,slp14,138,2,5,2,0,2
slp14,slp14,139,1,5,2,0,2
slp14,slp14,140,1,5,0,0,0
slp14,slp14,141,0,5,0,0,0
slp14,slp14,142,1,5,2,0,1
slp14,slp14,143,1,5,2,1,2
slp14,slp14,144,2,5,3,1,2
slp14,slp14,145,2,5,2,1,2
slp14,slp14,146,1,5,0,1,1
slp14,slp14,147,1,5,2,2,2
slp14,slp14,148,2,5,3,1,2
slp14,slp14,149,2,5,2,1,2
slp14,slp14,150,2,5,0,2,0
slp14,slp14,151,1,5,2,2,2
slp14,slp14,152,2,5,2,1,2
slp14,slp14,153,1,5,0,2,0
slp14,slp14,154,1,5,0,1,2
slp14,slp14,155,1,5,2,1,2
slp14,slp14,156,2,5,0,1,0
slp14,slp14,157,0,5,0,1,0
slp14,slp14,158,0,5,0,1,0
slp14,slp14,159,0,5,0,1,0
slp14,slp14,160,0,5,0,1,0
slp14,slp14,161,0,5,0,1,0
slp14,slp14,162,1,5,0,1,1
slp14,slp14,163,1,5,0,1,0
slp14,slp14,164,2,5,0,1,1
slp14,slp14,165,1,5,0,1,0
slp14,slp14,166,1,5,0,1,0
slp14,slp14,167,1,5,0,1,1
slp14,slp14,168,1,5,2,1,1
slp14,slp14,169,1,5,2,1,1
slp14,slp14,170,1,5,0,1,0
slp14,slp14,171,4,5,0,1,0
slp14,slp14,172,4,5,0,2,1
slp14,slp14,173,4,5,0,1,0
slp14,slp14,174,4,5,0,1,0
slp14,slp14,175,4,5,0,1,0
slp14,slp14,176,4,5,0,1,0
slp14,slp14,177,4,5,0,1,0
slp14,slp14,178,4,5,0,1,0
slp14,slp14,179,4,5,0,1,1
slp14,slp14,180,1,5,0,0,0
slp14,slp14,181,4,5,0,1,1
slp14,slp14,182,4,5,0,4,1
slp14,slp14,183,4,5,0,1,1
slp14,slp14,184,4,5,2,1,1
slp14,slp14,185,4,5,1,1,1
slp14,slp14,186,4,5,2,1,1
slp14,slp14,187,4,5,2,2,1
slp14,slp14,188,4,5,0,2,2
slp14,slp14,189,4,5,0,2,2
slp14,slp14,190,4,5,0,2,0
slp14,slp14,191,4,5,0,1,0
slp14,slp14,192,4,5,0,1,0
slp14,slp14,193,4,5,0,1,1
slp14,slp14,194,4,5,0,1,1
slp14,slp14,195,4,5,0,1,0
slp14,slp14,196,4,5,2,1,1
slp14,slp14,197,4,5,0,1,0
slp14,slp14,198,4,5,2,1,1
slp14,slp14,199,4,5,0,4,0
slp14,slp14,200,4,5,0,1,0
slp14,slp14,201,4,5,2,4,1
slp14,slp14,202,4,5,0,1,0
slp14,slp14,203,4,5,0,1,2
slp14,slp14,204,4,5,0,4,0
slp14,slp14,205,4,5,0,1,0
slp14,slp14,206,4,5,2,4,1
slp14,slp14,207,4,5,0,4,0
slp14,slp14,208,1,5,1,4,1
slp14,slp14,209,1,5,1,4,1
slp14,slp14,210,1,5,0,4,0
slp14,slp14,211,1,5,0,4,0
slp14,slp14,212,1,5,2,2,1
slp14,slp14,213,1,5,1,1,1
slp14,slp14,214,1,5,0,1,1
slp14,slp14,215,2,5,1,1,1
slp14,slp14,216,1,5,0,4,0
slp14,slp14,217,1,5,2,4,1
slp14,slp14,218,2,5,1,4,1
slp14,slp14,219,2,5,2,1,2
slp14,slp14,220,1,5,1,1,1
slp14,slp14,221,1,5,2,1,1
slp14,slp14,222,1,5,2,1,2
slp14,slp14,223,1,5,1,1,1
slp14,slp14,224,1,5,0,1,1
slp14,slp14,225,1,5,0,1,0
slp14,slp14,226,2,5,2,1,1
slp14,slp14,227,1,5,1,1,1
slp14,slp14,228,1,5,2,1,1
slp14,slp14,229,2,5,2,1,2
slp14,slp14,230,2,5,1,1,1
slp14,slp14,231,1,5,2,1,1
slp14,slp14,232,2,5,2,1,2
slp14,slp14,233,1,5,1,1,1
slp14,slp14,234,1,5,2,1,1
slp14,slp14,235,2,5,0,1,1
slp14,slp14,236,2,5,2,1,1
slp14,slp14,237,1,5,0,1,1
slp14,slp14,238,1,5,2,1,2
slp14,slp14,239,2,5,2,1,2
slp14,slp14,240,2,5,2,1,1
slp14,slp14,241,1,5,2,1,1
slp14,slp14,242,2,5,0,1,1
slp14,slp14,243,2,5,2,1,1
slp14,slp14,244,1,5,2,1,1
slp14,slp14,245,1,5,2,1,2
slp14,slp14,246,2,5,2,1,2
slp14,slp14,247,2,5,1,1,1
slp14,slp14,248,1,5,2,1,2
slp14,slp14,249,2,5,2,1,2
slp14,slp14,250,2,5,2,1,1
slp14,slp14,251,1,5,2,1,2
slp14,slp14,252,2,5,2,1,1
slp14,slp14,253,2,5,2,1,2
slp14,slp14,254,2,5,2,1,1
slp14,slp14,255,1,5,2,1,1
slp14,slp14,256,2,5,2,1,2
slp14,slp14,257,1,5,0,1,1
slp14,slp14,258,0,5,0,1,0
slp14,slp14,259,0,5,0,0,0
slp14,slp14,260,0,5,0,0,0
slp14,slp14,261,0,5,0,0,0
slp14,slp14,262,0,5,0,1,0
slp14,slp14,263,0,5,0,1,0
slp14,slp14,264,0,5,0,0,0
slp14,slp14,265,0,5,0,0,0
slp14,slp14,266,0,5,0,0,0
slp14,slp14,267,0,5,0,0,0
slp14,slp14,268,1,5,0,0,0
slp14,slp14,269,1,5,0,4,0
slp14,slp14,270,1,5,0,0,0
slp14,slp14,271,1,5,0,0,0
slp14,slp14,272,1,5,2,4,0
slp14,slp14,273,1,5,0,4,2
slp14,slp14,274,2,5,0,4,0
slp14,slp14,275,1,5,1,4,4
slp14,slp14,276,1,5,2,4,2
slp14,slp14,277,2,5,2,4,2
slp14,slp14,278,2,5,0,1,0
slp14,slp14,279,2,5,0,1,0
slp14,slp14,280,0,5,0,0,0
slp14,slp14,281,0,5,0,4,0
slp14,slp14,282,0,5,0,0,0
slp14,slp14,283,0,5,0,0,0
slp14,slp14,284,0,5,0,2,0
slp14,slp14,285,1,5,0,2,0
slp14,slp14,286,0,5,0,2,0
slp14,slp14,287,1,5,2,2,2
slp14,slp14,288,1,5,0,2,2
slp14,slp14,289,2,5,2,2,2
slp14,slp14,290,2,5,2,2,2
slp14,slp14,291,1,5,1,2,0
slp14,slp14,292,1,5,0,2,2
slp14,slp14,293,2,5,2,2,2
slp14,slp14,294,2,5,2,0,2
slp14,slp14,295,1,5,1,0,1
slp14,slp14,296,1,5,2,0,2
slp14,slp14,297,2,5,0,0,0
slp14,slp14,298,2,5,0,0,0
slp14,slp14,299,0,5,0,0,0
slp14,slp14,300,0,5,2,0,2
slp14,slp14,301,1,5,2,0,0
slp14,slp14,302,1,5,0,0,0
slp14,slp14,303,1,5,2,0,0
slp14,slp14,304,1,5,1,0,0
slp14,slp14,305,2,5,2,0,2
slp14,slp14,306,2,5,2,0,2
slp14,slp14,307,1,5,2,0,0
slp14,slp14,308,2,5,0,0,2
slp14,slp14,309,2,5,0,0,0
slp14,slp14,310,0,5,2,0,2
slp14,slp14,311,1,5,2,0,2
slp14,slp14,312,1,5,2,0,2
slp14,slp14,313,1,5,0,0,0
slp14,slp14,314,2,5,2,0,2
slp14,slp14,315,1,5,0,0,0
slp14,slp14,316,1,5,0,4,0
slp14,slp14,317,1,5,0,0,2
slp14,slp14,318,1,5,1,4,2
slp14,slp14,319,1,5,0,2,0
slp14,slp14,320,2,5,2,2,2
slp14,slp14,321,1,5,0,2,0
slp14,slp14,322,2,5,1,2,2
slp14,slp14,323,1,5,0,2,0
slp14,slp14,324,2,5,2,2,2
slp14,slp14,325,2,5,0,2,0
slp14,slp14,326,0,5,0,0,0
slp14,slp14,327,1,5,0,1,0
slp14,slp14,328,1,5,0,0,0
slp14,slp14,329,0,5,0,0,0
slp14,slp14,330,0,5,0,0,0
slp14,slp14,331,0,5,0,1,0
slp14,slp14,332,0,5,0,1,0
slp14,slp14,333,0,5,0,1,0
slp14,slp14,334,0,5,2,1,0
slp14,slp14,335,0,5,0,1,0
slp14,slp14,336,0,5,2,0,2
slp14,slp14,337,0,5,0,0,0
slp14,slp14,338,0,5,0,0,0
slp14,slp14,339,0,5,2,0,0
slp14,slp14,340,0,5,0,0,0
slp14,slp14,341,0,5,0,0,0
slp14,slp14,342,0,5,0,0,0
slp14,slp14,343,0,5,0,0,0
slp14,slp14,344,0,5,0,0,0
slp14,slp14,345,0,5,0,0,0
slp14,slp14,346,0,5,0,0,0
slp14,slp14,347,0,5,0,0,0
slp14,slp14,348,0,5,2,0,0
slp14,slp14,349,0,5,0,0,0
slp14,slp14,350,0,5,0,0,0
slp14,slp14,351,0,5,0,3,0
slp14,slp14,352,0,5,0,0,0
slp14,slp14,353,0,5,0,3,0
slp14,slp14,354,0,5,0,3,0
slp14,slp14,355,0,5,0,3,0
slp14,slp14,356,0,5,0,3,0
slp14,slp14,357,0,5,0,3,0
slp14,slp14,358,0,5,0,3,0
slp14,slp14,359,0,5,0,3,0
slp14,slp14,360,0,5,0,2,2
slp14,slp14,361,0,5,0,2,2
slp14,slp14,362,0,5,0,2,0
slp14,slp14,363,0,5,0,2,0
slp14,slp14,364,0,5,0,2,0
slp14,slp14,365,0,5,0,3,0
slp14,slp14,366,0,5,0,2,0
slp14,slp14,367,0,5,0,4,0
slp14,slp14,368,0,5,0,0,0
slp14,slp14,369,0,5,0,0,0
slp14,slp14,370,0,5,0,0,0
slp14,slp14,371,0,5,0,0,0
slp14,slp14,372,0,5,0,0,0
slp14,slp14,373,0,5,0,0,0
slp14,slp14,374,0,5,0,0,0
slp14,slp14,375,0,5,0,0,0
slp14,slp14,376,0,5,0,0,0
slp14,slp14,377,0,5,0,0,0
slp14,slp14,378,0,5,0,0,0
slp14,slp14,379,0,5,0,0,0
slp14,slp14,380,0,5,0,0,0
slp14,slp14,381,0,5,0,0,0
slp14,slp14,382,0,5,0,0,0
slp14,slp14,383,0,5,0,0,0
slp14,slp14,384,0,5,0,0,0
slp14,slp14,385,0,5,0,0,0
slp14,slp14,386,0,5,0,0,0
slp14,slp14,387,0,5,0,2,0
slp14,slp14,388,0,5,0,2,0
slp14,slp14,389,0,5,0,0,0
slp14,slp14,390,0,5,0,0,0
slp14,slp14,391,0,5,0,2,0
slp14,slp14,392,0,5,0,4,0
slp14,slp14,393,0,5,0,4,0
slp14,slp14,394,0,5,0,4,0
slp14,slp14,395,0,5,0,4,0
slp14,slp14,396,0,5,0,4,0
slp14,slp14,397,0,5,0,4,0
slp14,slp14,398,0,5,0,4,0
slp14,slp14,399,1,5,0,4,0
slp14,slp14,400,0,5,0,0,0
slp14,slp14,401,0,5,0,0,0
slp14,slp14,402,0,5,0,0,0
slp14,slp14,403,0,5,0,0,0
slp14,slp14,404,0,5,0,0,0
slp14,slp14,405,0,5,0,0,0
slp14,slp14,406,0,5,0,0,0
slp14,slp14,407,0,5,0,0,0
slp14,slp14,408,0,5,0,0,0
slp14,slp14,409,0,5,0,0,0
slp14,slp14,410,0,5,0,2,0
slp14,slp14,411,0,5,0,2,0
slp14,slp14,412,0,5,0,2,0
slp14,slp14,413,0,5,0,2,0
slp14,slp14,414,0,5,0,2,0
slp14,slp14,415,0,5,0,2,0
slp14,slp14,416,0,5,0,2,2
slp14,slp14,417,0,5,0,2,0
slp14,slp14,418,0,5,0,2,0
slp14,slp14,419,0,5,0,2,0
slp14,slp14,420,0,5,0,2,0
slp14,slp14,421,0,5,0,2,0
slp14,slp14,422,0,5,0,2,0
slp14,slp14,423,0,5,0,2,0
slp14,slp14,424,0,5,0,2,0
slp14,slp14,425,0,5,0,2,0
slp14,slp14,426,0,5,0,2,0
slp14,slp14,427,0,5,0,2,0
slp14,slp14,428,0,5,0,2,2
slp14,slp14,429,0,5,0,2,0
slp14,slp14,430,0,5,0,2,2
slp14,slp14,431,0,5,0,2,0
slp14,slp14,432,0,5,0,2,2
slp14,slp14,433,0,5,0,2,0
slp14,slp14,434,0,5,2,2,2
slp14,slp14,435,0,5,0,2,2
slp14,slp14,436,0,5,0,1,2
slp14,slp14,437,0,5,0,1,2
slp14,slp14,438,0,5,0,1,1
slp14,slp14,439,0,5,0,1,0
slp14,slp14,440,0,5,0,1,1
slp14,slp14,441,0,5,0,2,0
slp14,slp14,442,0,5,0,1,0
slp14,slp14,443,0,5,0,4,0
slp14,slp14,444,0,5,0,1,2
slp14,slp14,445,0,5,0,1,0
slp14,slp14,446,0,5,0,0,0
slp14,slp14,447,0,5,0,0,0
slp14,slp14,448,0,5,0,0,0
slp14,slp14,449,0,5,0,0,0
slp14,slp14,450,0,5,0,0,0
slp14,slp14,451,0,5,2,0,0
slp14,slp14,452,0,5,0,0,0
slp14,slp14,453,0,5,0,0,0
slp14,slp14,454,0,5,0,0,0
slp14,slp14,455,0,5,0,0,0
slp14,slp14,456,0,5,0,0,0
slp14,slp14,457,0,5,0,2,0
slp14,slp14,458,0,5,0,1,0
slp14,slp14,459,0,5,0,1,0
slp14,slp14,460,0,5,0,2,0
slp14,slp14,461,0,5,0,2,0
slp14,slp14,462,0,5,0,3,0
slp14,slp14,463,0,5,0,0,0
slp14,slp14,464,0,5,0,0,0
slp14,slp14,465,0,5,0,0,0
slp14,slp14,466,0,5,0,0,0
slp14,slp14,467,0,5,0,0,0
slp14,slp14,468,0,5,0,0,0
slp14,slp14,469,0,5,0,0,0
slp14,slp14,470,0,5,0,0,0
slp14,slp14,471,0,5,0,0,0
slp14,slp14,472,0,5,0,0,0
slp14,slp14,473,0,5,0,0,0
slp14,slp14,474,0,5,0,0,0
slp14,slp14,475,0,5,0,0,0
slp14,slp14,476,0,5,0,0,0
slp14,slp14,477,0,5,0,0,0
slp14,slp14,478,0,5,0,0,0
slp14,slp14,479,0,5,0,4,0
slp14,slp14,480,0,5,0,4,0
slp14,slp14,481,0,5,0,2,0
slp14,slp14,482,0,5,0,2,0
slp14,slp14,483,0,5,0,2,0
slp14,slp14,484,0,5,0,2,0
slp14,slp14,485,0,5,0,2,0
slp14,slp14,486,0,5,0,2,0
slp14,slp14,487,0,5,0,2,0
slp14,slp14,488,0,5,0,2,0
slp14,slp14,489,0,5,0,3,0
slp14,slp14,490,1,5,0,3,0
slp14,slp14,491,0,5,0,2,0
slp14,slp14,492,0,5,0,2,0
slp14,slp14,493,0,5,0,2,0
slp14,slp14,494,0,5,0,2,0
slp14,slp14,495,0,5,0,2,0
slp14,slp14,496,0,5,0,2,0
slp14,slp14,497,1,5,0,2,0
slp14,slp14,498,1,5,0,2,0
slp14,slp14,499,1,5,0,2,0
slp14,slp14,500,0,5,0,2,0
slp14,slp14,501,1,5,0,2,0
slp14,slp14,502,1,5,0,2,0
slp14,slp14,503,0,5,2,2,2
slp14,slp14,504,1,5,0,2,0
slp14,slp14,505,1,5,0,2,0
slp14,slp14,506,0,5,0,2,0
slp14,slp14,507,0,5,0,2,0
slp14,slp14,508,0,5,0,0,0
slp14,slp14,509,0,5,0,0,0
slp14,slp14,510,0,5,0,0,0
slp14,slp14,511,0,5,0,0,0
slp14,slp14,512,0,5,0,0,0
slp14,slp14,513,0,5,0,0,0
slp14,slp14,514,0,5,0,0,0
slp14,slp14,515,0,5,0,0,0
slp14,slp14,516,0,5,0,2,0
slp14,slp14,517,1,5,0,2,0
slp14,slp14,518,1,5,0,0,0
slp14,slp14,519,1,5,0,2,0
slp14,slp14,520,0,5,0,0,0
slp14,slp14,521,1,5,0,2,2
slp14,slp14,522,1,5,2,2,2
slp14,slp14,523,1,5,0,2,2
slp14,slp14,524,1,5,0,0,0
slp14,slp14,525,1,5,0,0,0
slp14,slp14,526,0,5,0,0,0
slp14,slp14,527,0,5,0,0,0
slp14,slp14,528,0,5,0,0,0
slp14,slp14,529,0,5,0,0,0
slp14,slp14,530,0,5,0,0,0
slp14,slp14,531,0,5,0,0,0
slp14,slp14,532,1,5,0,0,0
slp14,slp14,533,0,5,0,0,0
slp14,slp14,534,1,5,2,0,0
slp14,slp14,535,1,5,0,0,0
slp14,slp14,536,1,5,0,4,0
slp14,slp14,537,1,5,0,0,0
slp14,slp14,538,1,5,0,4,0
slp14,slp14,539,1,5,0,4,0
slp14,slp14,540,0,5,0,0,0
slp14,slp14,541,0,5,0,0,0
slp14,slp14,542,0,5,0,4,0
slp14,slp14,543,1,5,0,4,0
slp14,slp14,544,0,5,0,2,0
slp14,slp14,545,1,5,0,2,0
slp14,slp14,546,1,5,0,2,0
slp14,slp14,547,1,5,1,2,2
slp14,slp14,548,0,5,0,2,0
slp14,slp14,549,1,5,0,2,0
slp14,slp14,550,1,5,0,2,0
slp14,slp14,551,0,5,0,2,0
slp14,slp14,552,0,5,0,2,0
slp14,slp14,553,1,5,0,0,0
slp14,slp14,554,0,5,0,0,0
slp14,slp14,555,0,5,0,0,0
slp14,slp14,556,0,5,0,0,0
slp14,slp14,557,0,5,0,0,0
slp14,slp14,558,0,5,0,0,0
slp14,slp14,559,0,5,0,0,0
slp14,slp14,560,0,5,1,0,0
slp14,slp14,561,0,5,2,0,0
slp14,slp14,562,1,5,2,0,2
slp14,slp14,563,1,5,2,0,2
slp14,slp14,564,2,5,2,0,2
slp14,slp14,565,2,5,2,2,2
slp14,slp14,566,2,5,0,2,0
slp14,slp14,567,2,5,2,2,2
slp14,slp14,568,2,5,2,2,2
slp14,slp14,569,0,5,0,2,2
slp14,slp14,570,1,5,0,2,0
slp14,slp14,571,2,5,0,2,0
slp14,slp14,572,0,5,0,2,0
slp14,slp14,573,0,5,0,2,0
slp14,slp14,574,0,5,0,2,0
slp14,slp14,575,1,5,0,2,0
slp14,slp14,576,0,5,0,2,0
slp14,slp14,577,0,5,0,2,0
slp14,slp14,578,0,5,0,1,0
slp14,slp14,579,0,5,0,2,2
slp14,slp14,580,1,5,2,4,2
slp14,slp14,581,1,5,2,4,2
slp14,slp14,582,1,5,2,2,2
slp14,slp14,583,2,5,0,4,0
slp14,slp14,584,2,5,0,0,0
slp14,slp14,585,2,5,0,0,0
slp14,slp14,586,0,5,0,0,0
slp14,slp14,587,0,5,0,0,0
slp14,slp14,588,0,5,0,0,0
slp14,slp14,589,0,5,0,0,0
slp14,slp14,590,1,5,0,0,0
slp14,slp14,591,1,5,0,0,0
slp14,slp14,592,1,5,0,0,0
slp14,slp14,593,1,5,0,0,0
slp14,slp14,594,1,5,0,0,0
slp14,slp14,595,1,5,0,4,0
slp14,slp14,596,0,5,0,4,0
slp14,slp14,597,1,5,1,4,4
slp14,slp14,598,1,5,2,4,2
slp14,slp14,599,1,5,2,4,2
slp14,slp14,600,1,5,2,4,2
slp14,slp14,601,1,5,1,1,2
slp14,slp14,602,2,5,2,0,2
slp14,slp14,603,1,5,0,0,0
slp14,slp14,604,2,5,0,0,0
slp14,slp14,605,2,5,0,0,0
slp14,slp14,606,1,5,0,0,0
slp14,slp14,607,0,5,0,0,0
slp14,slp14,608,0,5,0,0,0
slp14,slp14,609,0,5,0,0,0
slp14,slp14,610,0,5,0,0,0
slp14,slp14,611,0,5,0,0,0
slp14,slp14,612,0,5,0,0,0
slp14,slp14,613,0,5,0,0,0
slp14,slp14,614,1,5,2,0,0
slp14,slp14,615,1,5,2,0,0
slp14,slp14,616,1,5,1,0,0
slp14,slp14,617,2,5,0,3,2
slp14,slp14,618,2,5,2,3,3
slp14,slp14,619,1,5,1,3,4
slp14,slp14,620,2,5,0,0,0
slp14,slp14,621,2,5,2,4,2
slp14,slp14,622,2,5,3,2,2
slp14,slp14,623,1,5,0,4,0
slp14,slp14,624,2,5,2,4,4
slp14,slp14,625,2,5,1,0,0
slp14,slp14,626,0,5,2,4,2
slp14,slp14,627,1,5,2,4,2
slp14,slp14,628,1,5,2,4,2
slp14,slp14,629,2,5,2,2,2
slp14,slp14,630,1,5,2,2,2
slp14,slp14,631,2,5,1,2,4
slp14,slp14,632,2,5,0,2,2
slp14,slp14,633,2,5,0,0,0
slp14,slp14,634,2,5,0,0,0
slp14,slp14,635,0,5,0,0,0
slp14,slp14,636,0,5,0,2,2
slp14,slp14,637,0,5,0,2,2
slp14,slp14,638,1,5,0,2,0
slp14,slp14,639,1,5,2,2,2
slp14,slp14,640,1,5,2,2,2
slp14,slp14,641,1,5,1,2,1
slp14,slp14,642,2,5,2,0,2
slp14,slp14,643,2,5,2,2,2
slp14,slp14,644,1,5,2,2,2
slp14,slp14,645,2,5,1,2,2
slp14,slp14,646,2,5,0,2,2
slp14,slp14,647,2,5,0,0,0
slp14,slp14,648,2,5,0,0,0
slp14,slp14,649,1,5,0,1,0
slp14,slp14,650,0,5,0,1,0
slp14,slp14,651,0,5,0,1,0
slp14,slp14,652,0,5,0,1,0
slp14,slp14,653,0,5,0,2,0
slp14,slp14,654,0,5,0,2,0
slp14,slp14,655,0,5,0,2,0
slp14,slp14,656,0,5,0,2,0
slp14,slp14,657,1,5,0,2,0
slp14,slp14,658,0,5,0,2,0
slp14,slp14,659,0,5,0,2,2
slp14,slp14,660,1,5,0,2,2
slp14,slp14,661,1,5,2,2,2
slp14,slp14,662,1,5,2,2,2
slp14,slp14,663,2,5,0,2,0
slp14,slp14,664,2,5,1,2,2
slp14,slp14,665,2,5,0,2,0
slp14,slp14,666,1,5,0,2,2
slp14,slp14,667,2,5,0,2,0
slp14,slp14,668,1,5,0,0,0
slp14,slp14,669,1,5,0,0,0
slp14,slp14,670,0,5,0,0,0
slp14,slp14,671,0,5,0,0,0
slp14,slp14,672,0,5,0,0,0
slp14,slp14,673,0,5,0,0,0
slp14,slp14,674,0,5,0,0,0
slp14,slp14,675,0,5,0,0,0
slp14,slp14,676,0,5,0,0,0
slp14,slp14,677,0,5,0,0,0
slp14,slp14,678,0,5,0,0,0
slp14,slp14,679,0,5,0,0,0
slp14,slp14,680,0,5,0,0,0
slp14,slp14,681,0,5,0,0,0
slp14,slp14,682,0,5,0,0,0
slp14,slp14,683,0,5,0,0,0
slp14,slp14,684,0,5,0,0,0
slp14,slp14,685,0,5,0,0,0
slp14,slp14,686,0,5,0,0,0
slp14,slp14,687,0,5,0,0,0
slp14,slp14,688,0,5,0,0,0
slp14,slp14,689,0,5,0,0,0
slp14,slp14,690,0,5,0,0,0
slp14,slp14,691,0,5,0,0,0
slp14,slp14,692,0,5,0,0,0
slp14,slp14,693,0,5,0,0,0
slp14,slp14,694,1,5,0,0,0
slp14,slp14,695,0,5,0,2,0
slp14,slp14,696,0,5,0,0,0
slp14,slp14,697,0,5,0,0,0
slp14,slp14,698,0,5,0,0,0
slp14,slp14,699,0,5,0,0,0
slp14,slp14,700,0,5,0,2,0
slp14,slp14,701,0,5,0,2,0
slp14,slp14,702,0,5,0,2,0
slp14,slp14,703,0,5,0,2,0
slp14,slp14,704,0,5,0,2,0
slp14,slp14,705,1,5,0,2,0
slp14,slp14,706,1,5,0,2,0
slp14,slp14,707,1,5,0,2,0
slp14,slp14,708,0,5,1,2,1
slp14,slp14,709,0,5,0,2,2
slp14,slp14,710,0,5,0,2,0
slp14,slp14,711,1,5,0,2,0
slp14,slp14,712,2,5,0,2,2
slp14,slp14,713,0,5,0,2,0
slp14,slp14,714,0,5,0,2,2
slp14,slp14,715,1,5,0,2,2
slp14,slp14,716,1,5,1,2,2
slp14,slp14,717,1,5,0,2,2
slp14,slp14,718,1,5,0,2,0
slp14,slp14,719,1,5,2,2,2
slp16,slp16,26,0,1,0,0,0
slp16,slp16,27,0,1,0,0,0
slp16,slp16,28,0,1,0,0,0
slp16,slp16,29,0,1,0,0,0
slp16,slp16,30,0,1,0,0,0
slp16,slp16,31,0,1,2,0,0
slp16,slp16,32,0,1,0,0,0
slp16,slp16,33,0,1,0,0,0
slp16,slp16,34,0,1,0,0,0
slp16,slp16,35,0,1,0,0,0
slp16,slp16,36,0,1,0,0,0
slp16,slp16,37,0,1,0,0,0
slp16,slp16,38,0,1,0,0,0
slp16,slp16,39,0,1,0,0,0
slp16,slp16,40,1,1,1,0,0
slp16,slp16,41,0,1,0,0,0
slp16,slp16,42,1,1,1,0,0
slp16,slp16,43,1,1,0,0,0
slp16,slp16,44,0,1,0,0,0
slp16,slp16,45,1,1,0,0,0
slp16,slp16,46,0,1,1,0,0
slp16,slp16,47,1,1,1,0,0
slp16,slp16,48,0,1,0,0,0
slp16,slp16,49,1,1,1,0,0
slp16,slp16,50,1,1,0,0,0
slp16,slp16,51,1,1,2,0,2
slp16,slp16,52,1,1,4,2,2
slp16,slp16,53,1,1,1,2,0
slp16,slp16,54,1,1,1,2,0
slp16,slp16,55,0,1,0,1,0
slp16,slp16,56,0,1,0,1,0
slp16,slp16,57,1,1,1,0,0
slp16,slp16,58,1,1,1,1,0
slp16,slp16,59,1,1,0,0,0
slp16,slp16,60,1,1,1,0,0
slp16,slp16,61,1,1,1,1,0
slp16,slp16,62,1,1,1,0,0
slp16,slp16,63,1,1,4,0,0
slp16,slp16,64,1,1,1,0,0
slp16,slp16,65,1,1,1,2,0
slp16,slp16,66,1,1,0,2,0
slp16,slp16,67,1,1,1,2,2
slp16,slp16,68,1,1,1,0,0
slp16,slp16,69,1,1,1,2,2
slp16,slp16,70,0,1,1,0,0
slp16,slp16,71,0,1,1,0,0
slp16,slp16,72,0,1,0,0,0
slp16,slp16,73,0,1,1,0,0
slp16,slp16,74,0,1,0,0,0
slp16,slp16,75,0,1,0,0,0
slp16,slp16,76,0,1,0,0,0
slp16,slp16,77,0,1,0,0,0
slp16,slp16,78,0,1,0,0,0
slp16,slp16,79,0,1,2,0,0
slp16,slp16,80,0,1,0,0,0
slp16,slp16,81,0,1,1,0,0
slp16,slp16,82,1,1,0,0,0
slp16,slp16,83,0,1,0,0,0
slp16,slp16,84,0,1,0,0,0
slp16,slp16,85,0,1,0,0,0
slp16,slp16,86,0,1,0,0,0
slp16,slp16,87,0,1,0,0,0
slp16,slp16,88,0,1,0,0,0
slp16,slp16,89,0,1,0,0,0
slp16,slp16,90,0,1,0,0,0
slp16,slp16,91,0,1,0,0,0
slp16,slp16,92,0,1,1,0,0
slp16,slp16,93,0,1,0,0,0
slp16,slp16,94,1,1,0,0,0
slp16,slp16,95,1,1,1,0,0
slp16,slp16,96,1,1,1,2,2
slp16,slp16,97,1,1,0,2,0
slp16,slp16,98,1,1,1,2,0
slp16,slp16,99,1,1,1,2,0
slp16,slp16,100,1,1,0,2,0
slp16,slp16,101,0,1,1,2,0
slp16,slp16,102,1,1,1,2,0
slp16,slp16,103,1,1,1,2,2
slp16,slp16,104,1,1,0,2,2
slp16,slp16,105,1,1,2,2,2
slp16,slp16,106,1,1,1,2,0
slp16,slp16,107,1,1,4,2,2
slp16,slp16,108,1,1,1,2,0
slp16,slp16,109,1,1,2,2,2
slp16,slp16,110,1,1,2,2,2
slp16,slp16,111,1,1,1,2,2
slp16,slp16,112,1,1,1,2,2
slp16,slp16,113,1,1,1,2,2
slp16,slp16,114,1,1,1,2,2
slp16,slp16,115,1,1,2,2,2
slp16,slp16,116,1,1,1,2,2
slp16,slp16,117,1,1,0,2,2
slp16,slp16,118,1,1,1,2,2
slp16,slp16,119,1,1,1,2,2
slp16,slp16,120,1,1,4,2,0
slp16,slp16,121,1,1,1,2,2
slp16,slp16,122,2,1,0,2,2
slp16,slp16,123,2,1,2,0,2
slp16,slp16,124,2,1,2,0,2
slp16,slp16,125,2,1,1,2,0
slp16,slp16,126,1,1,2,2,2
slp16,slp16,127,1,1,2,2,2
slp16,slp16,128,1,1,2,2,2
slp16,slp16,129,1,1,2,2,2
slp16,slp16,130,1,1,1,2,2
slp16,slp16,131,1,1,1,2,2
slp16,slp16,132,1,1,2,2,2
slp16,slp16,133,1,1,1,2,2
slp16,slp16,134,1,1,1,2,2
slp16,slp16,135,1,1,1,2,2
slp16,slp16,136,1,1,1,2,2
slp16,slp16,137,1,1,2,2,2
slp16,slp16,138,2,1,1,2,2
slp16,slp16,139,2,1,1,2,2
slp16,slp16,140,2,1,1,2,2
slp16,slp16,141,2,1,2,2,2
slp16,slp16,142,2,1,1,2,2
slp16,slp16,143,2,1,2,2,2
slp16,slp16,144,2,1,2,2,2
slp16,slp16,145,2,1,1,2,2
slp16,slp16,146,2,1,1,2,2
slp16,slp16,147,2,1,2,2,2
slp16,slp16,148,2,1,2,2,2
slp16,slp16,149,2,1,1,2,2
slp16,slp16,150,2,1,2,2,2
slp16,slp16,151,2,1,1,2,2
slp16,slp16,152,2,1,1,2,2
slp16,slp16,153,2,1,1,2,2
slp16,slp16,154,2,1,1,1,2
slp16,slp16,155,2,1,1,2,2
slp16,slp16,156,2,1,1,0,1
slp16,slp16,157,2,1,1,2,2
slp16,slp16,158,2,1,1,2,2
slp16,slp16,159,2,1,2,2,1
slp16,slp16,160,2,1,0,0,0
slp16,slp16,161,0,1,1,0,0
slp16,slp16,162,2,1,1,0,1
slp16,slp16,163,2,1,2,0,1
slp16,slp16,164,2,1,2,0,0
slp16,slp16,165,2,1,2,0,2
slp16,slp16,166,2,1,2,0,1
slp16,slp16,167,2,1,1,0,1
slp16,slp16,168,2,1,1,0,0
slp16,slp16,169,2,1,2,0,2
slp16,slp16,170,2,1,1,0,1
slp16,slp16,171,2,1,2,1,2
slp16,slp16,172,2,1,4,2,1
slp16,slp16,173,2,1,2,1,2
slp16,slp16,174,2,1,1,2,1
slp16,slp16,175,2,1,2,2,1
slp16,slp16,176,2,1,1,2,1
slp16,slp16,177,2,1,2,2,2
slp16,slp16,178,2,1,2,2,2
slp16,slp16,179,2,1,2,2,2
slp16,slp16,180,2,1,2,1,2
slp16,slp16,181,2,1,2,2,2
slp16,slp16,182,2,1,2,2,2
slp16,slp16,183,2,1,1,2,1
slp16,slp16,184,2,1,2,2,2
slp16,slp16,185,2,1,2,2,2
slp16,slp16,186,2,1,1,2,1
slp16,slp16,187,2,1,1,2,1
slp16,slp16,188,2,1,1,2,1
slp16,slp16,189,2,1,1,2,1
slp16,slp16,190,2,1,1,2,1
slp16,slp16,191,2,1,2,2,1
slp16,slp16,192,2,1,1,2,1
slp16,slp16,193,2,1,4,2,1
slp16,slp16,194,2,1,1,2,1
slp16,slp16,195,2,1,1,2,1
slp16,slp16,196,2,1,0,2,1
slp16,slp16,197,0,1,2,2,2
slp16,slp16,198,1,1,1,2,1
slp16,slp16,199,0,1,1,2,1
slp16,slp16,200,1,1,1,2,1
slp16,slp16,201,2,1,1,2,1
slp16,slp16,202,2,1,1,1,1
slp16,slp16,203,2,1,1,0,1
slp16,slp16,204,2,1,1,0,1
slp16,slp16,205,2,1,2,1,1
slp16,slp16,206,2,1,1,2,1
slp16,slp16,207,2,1,2,1,1
slp16,slp16,208,2,1,1,1,1
slp16,slp16,209,2,1,2,1,2
slp16,slp16,210,2,1,4,1,1
slp16,slp16,211,2,1,2,0,1
slp16,slp16,212,2,1,2,2,2
slp16,slp16,213,2,1,4,0,1
slp16,slp16,214,2,1,2,0,1
slp16,slp16,215,2,1,1,2,0
slp16,slp16,216,2,1,1,2,0
slp16,slp16,217,2,1,1,0,1
slp16,slp16,218,2,1,1,0,1
slp16,slp16,219,2,1,1,0,1
slp16,slp16,220,2,1,2,2,1
slp16,slp16,221,2,1,2,2,1
slp16,slp16,222,2,1,2,1,2
slp16,slp16,223,2,1,0,1,1
slp16,slp16,224,2,1,1,1,1
slp16,slp16,225,2,1,2,1,1
slp16,slp16,226,2,1,1,1,1
slp16,slp16,227,2,1,1,1,1
slp16,slp16,228,2,1,1,1,1
slp16,slp16,229,2,1,0,1,1
slp16,slp16,230,2,1,0,2,2
slp16,slp16,231,2,1,0,0,0
slp16,slp16,232,0,1,0,0,0
slp16,slp16,233,0,1,1,0,0
slp16,slp16,234,1,1,1,0,0
slp16,slp16,235,2,1,1,0,0
slp16,slp16,236,2,1,1,0,1
slp16,slp16,237,2,1,1,0,0
slp16,slp16,238,2,1,4,0,0
slp16,slp16,239,2,1,1,0,0
slp16,slp16,240,2,1,1,0,1
slp16,slp16,241,2,1,1,1,2
slp16,slp16,242,2,1,2,1,1
slp16,slp16,243,2,1,1,1,1
slp16,slp16,244,2,1,2,1,1
slp16,slp16,245,2,1,4,1,1
slp16,slp16,246,2,1,1,1,2
slp16,slp16,247,2,1,1,2,2
slp16,slp16,248,2,1,2,2,2
slp16,slp16,249,2,1,1,2,2
slp16,slp16,250,2,1,2,2,2
slp16,slp16,251,2,1,2,2,2
slp16,slp16,252,2,1,2,2,2
slp16,slp16,253,2,1,2,0,2
slp16,slp16,254,2,1,0,0,0
slp16,slp16,255,0,1,0,0,0
slp16,slp16,256,0,1,0,0,0
slp16,slp16,257,0,1,1,0,0
slp16,slp16,258,1,1,1,0,1
slp16,slp16,259,1,1,1,0,1
slp16,slp16,260,1,1,1,0,1
slp16,slp16,261,2,1,2,0,1
slp16,slp16,262,2,1,1,0,1
slp16,slp16,263,2,1,1,0,1
slp16,slp16,264,2,1,1,2,1
slp16,slp16,265,2,1,2,2,1
slp16,slp16,266,2,1,1,2,1
slp16,slp16,267,2,1,2,1,1
slp16,slp16,268,2,1,1,2,1
slp16,slp16,269,0,1,1,2,1
slp16,slp16,270,1,1,1,2,1
slp16,slp16,271,2,1,1,2,1
slp16,slp16,272,2,1,1,0,1
slp16,slp16,273,2,1,1,0,0
slp16,slp16,274,2,1,2,0,2
slp16,slp16,275,2,1,1,0,1
slp16,slp16,276,2,1,2,0,0
slp16,slp16,277,2,1,1,0,0
slp16,slp16,278,0,1,1,0,0
slp16,slp16,279,2,1,1,0,1
slp16,slp16,280,2,1,1,0,1
slp16,slp16,281,2,1,1,0,0
slp16,slp16,282,2,1,1,2,1
slp16,slp16,283,2,1,1,2,1
slp16,slp16,284,2,1,2,2,2
slp16,slp16,285,2,1,0,2,0
slp16,slp16,286,2,1,1,0,0
slp16,slp16,287,0,1,4,0,0
slp16,slp16,288,0,1,1,0,0
slp16,slp16,289,2,1,1,0,0
slp16,slp16,290,2,1,1,0,0
slp16,slp16,291,0,1,2,0,0
slp16,slp16,292,0,1,2,0,0
slp16,slp16,293,0,1,2,0,0
slp16,slp16,294,0,1,0,0,0
slp16,slp16,295,0,1,0,0,0
slp16,slp16,296,0,1,0,0,0
slp16,slp16,297,0,1,0,0,0
slp16,slp16,298,0,1,0,0,0
slp16,slp16,299,0,1,0,0,0
slp16,slp16,300,0,1,0,0,0
slp16,slp16,301,0,1,0,0,0
slp16,slp16,302,0,1,0,0,0
slp16,slp16,303,0,1,0,0,0
slp16,slp16,304,0,1,0,0,0
slp16,slp16,305,0,1,1,1,1
slp16,slp16,306,1,1,0,0,0
slp16,slp16,307,1,1,1,0,0
slp16,slp16,308,1,1,0,0,0
slp16,slp16,309,0,1,0,0,0
slp16,slp16,310,0,1,0,0,0
slp16,slp16,311,0,1,0,0,0
slp16,slp16,312,0,1,0,0,0
slp16,slp16,313,0,1,1,0,0
slp16,slp16,314,1,1,1,0,0
slp16,slp16,315,1,1,0,0,0
slp16,slp16,316,1,1,0,0,0
slp16,slp16,317,0,1,1,0,1
slp16,slp16,318,1,1,0,0,0
slp16,slp16,319,0,1,0,1,0
slp16,slp16,320,1,1,1,1,1
slp16,slp16,321,0,1,0,1,1
slp16,slp16,322,4,1,1,1,1
slp16,slp16,323,0,1,0,1,1
slp16,slp16,324,4,1,1,1,1
slp16,slp16,325,4,1,1,1,1
slp16,slp16,326,4,1,0,1,0
slp16,slp16,327,4,1,1,1,1
slp16,slp16,328,0,1,2,1,1
slp16,slp16,329,4,1,1,1,1
slp16,slp16,330,0,1,1,1,1
slp16,slp16,331,4,1,0,2,1
slp16,slp16,332,4,1,1,4,1
slp16,slp16,333,0,1,1,2,1
slp16,slp16,334,4,1,1,2,1
slp16,slp16,335,4,1,0,2,2
slp16,slp16,336,4,1,1,1,1
slp16,slp16,337,0,1,0,1,1
slp16,slp16,338,4,1,0,1,1
slp16,slp16,339,0,1,1,1,1
slp16,slp16,340,0,1,0,1,1
slp16,slp16,341,4,1,1,1,1
slp16,slp16,342,1,1,0,1,1
slp16,slp16,343,1,1,1,1,1
slp16,slp16,344,0,1,0,1,1
slp16,slp16,345,0,1,1,1,1
slp16,slp16,346,1,1,1,1,1
slp16,slp16,347,0,1,0,1,1
slp16,slp16,348,4,1,1,1,1
slp16,slp16,349,4,1,0,1,1
slp16,slp16,350,4,1,1,4,1
slp16,slp16,351,4,1,1,1,1
slp16,slp16,352,4,1,0,1,1
slp16,slp16,353,0,1,0,1,0
slp16,slp16,354,0,1,0,1,1
slp16,slp16,355,1,1,0,0,0
slp16,slp16,356,0,1,0,0,0
slp16,slp16,357,0,1,0,0,0
slp16,slp16,358,0,1,0,0,0
slp16,slp16,359,0,1,0,0,0
slp16,slp16,360,0,1,0,0,0
slp16,slp16,361,0,1,4,0,0
slp16,slp16,362,0,1,0,0,0
slp16,slp16,363,0,1,2,0,0
slp16,slp16,364,0,1,1,0,0
slp16,slp16,365,0,1,0,0,0
slp16,slp16,366,0,1,2,0,0
slp16,slp16,367,0,1,0,0,0
slp16,slp16,368,0,1,2,0,0
slp16,slp16,369,0,1,1,0,0
slp16,slp16,370,0,1,0,0,0
slp16,slp16,371,0,1,0,0,0
slp16,slp16,372,0,1,0,0,0
slp16,slp16,373,0,1,0,0,0
slp16,slp16,374,0,1,2,0,0
slp16,slp16,375,0,1,0,0,0
slp16,slp16,376,0,1,0,0,0
slp16,slp16,377,0,1,0,0,0
slp16,slp16,378,0,1,2,0,0
slp16,slp16,379,0,1,2,0,0
slp16,slp16,380,0,1,1,0,0
slp16,slp16,381,0,1,0,0,0
slp16,slp16,382,0,1,2,0,0
slp16,slp16,383,0,1,0,0,0
slp16,slp16,384,0,1,0,0,0
slp16,slp16,385,0,1,0,0,0
slp16,slp16,386,0,1,0,0,0
slp16,slp16,387,0,1,1,0,0
slp16,slp16,388,0,1,0,0,0
slp16,slp16,389,0,1,0,0,0
slp16,slp16,390,0,1,0,0,0
slp16,slp16,391,0,1,0,0,0
slp16,slp16,392,0,1,0,0,0
slp16,slp16,393,0,1,0,0,0
slp16,slp16,394,0,1,0,0,0
slp16,slp16,395,0,1,0,0,0
slp16,slp16,396,0,1,1,0,0
slp16,slp16,397,0,1,0,0,0
slp16,slp16,398,0,1,0,0,0
slp16,slp16,399,0,1,0,0,0
slp16,slp16,400,0,1,0,0,0
slp16,slp16,401,0,1,0,0,0
slp16,slp16,402,0,1,0,0,0
slp16,slp16,403,0,1,0,0,0
slp16,slp16,404,0,1,0,0,0
slp16,slp16,405,0,1,0,0,0
slp16,slp16,406,0,1,0,4,0
slp16,slp16,407,0,1,0,0,0
slp16,slp16,408,0,1,0,4,0
slp16,slp16,409,0,1,0,4,0
slp16,slp16,410,0,1,0,0,0
slp16,slp16,411,0,1,0,4,0
slp16,slp16,412,0,1,0,4,0
slp16,slp16,413,0,1,0,4,0
slp16,slp16,414,0,1,0,4,0
slp16,slp16,415,0,1,0,4,0
slp16,slp16,416,0,1,0,4,0
slp16,slp16,417,0,1,0,4,0
slp16,slp16,418,0,1,0,0,0
slp16,slp16,419,0,1,0,0,0
slp16,slp16,420,0,1,0,0,0
slp16,slp16,421,0,1,0,0,0
slp16,slp16,422,0,1,1,0,0
slp16,slp16,423,0,1,0,0,0
slp16,slp16,424,0,1,0,0,0
slp16,slp16,425,0,1,0,0,0
slp16,slp16,426,0,1,0,0,0
slp16,slp16,427,0,1,0,0,0
slp16,slp16,428,0,1,0,0,0
slp16,slp16,429,0,1,0,0,0
slp16,slp16,430,0,1,0,0,0
slp16,slp16,431,0,1,0,0,0
slp16,slp16,432,0,1,2,0,0
slp16,slp16,433,0,1,0,0,0
slp16,slp16,434,0,1,0,0,0
slp16,slp16,435,0,1,0,0,0
slp16,slp16,436,0,1,0,0,0
slp16,slp16,437,0,1,2,0,0
slp16,slp16,438,0,1,0,0,0
slp16,slp16,439,0,1,0,0,0
slp16,slp16,440,0,1,0,0,0
slp16,slp16,441,0,1,0,0,0
slp16,slp16,442,0,1,2,0,0
slp16,slp16,443,0,1,0,0,0
slp16,slp16,444,0,1,3,0,0
slp16,slp16,445,0,1,0,0,0
slp16,slp16,446,0,1,0,0,0
slp16,slp16,447,0,1,2,0,0
slp16,slp16,448,0,1,0,0,0
slp16,slp16,449,0,1,2,0,0
slp16,slp16,450,0,1,2,0,0
slp16,slp16,451,0,1,0,0,0
slp16,slp16,452,0,1,0,0,0
slp16,slp16,453,0,1,0,0,0
slp16,slp16,454,0,1,2,0,0
slp16,slp16,455,0,1,2,0,0
slp16,slp16,456,0,1,0,0,0
slp16,slp16,457,0,1,0,0,0
slp16,slp16,458,0,1,0,0,0
slp16,slp16,459,0,1,0,0,0
slp16,slp16,460,0,1,0,0,0
slp16,slp16,461,0,1,0,0,0
slp16,slp16,462,0,1,0,0,0
slp16,slp16,463,0,1,0,0,0
slp16,slp16,464,0,1,0,0,0
slp16,slp16,465,0,1,0,0,0
slp16,slp16,466,0,1,0,0,0
slp16,slp16,467,0,1,0,0,0
slp16,slp16,468,0,1,0,0,0
slp16,slp16,469,0,1,0,0,0
slp16,slp16,470,0,1,0,0,0
slp16,slp16,471,0,1,0,0,0
slp16,slp16,472,0,1,0,0,0
slp16,slp16,473,0,1,0,0,0
slp16,slp16,474,0,1,0,0,0
slp16,slp16,475,0,1,1,0,0
slp16,slp16,476,0,1,0,0,0
slp16,slp16,477,0,1,0,0,0
slp16,slp16,478,0,1,0,0,0
slp16,slp16,479,0,1,0,0,0
slp16,slp16,480,0,1,0,0,0
slp16,slp16,481,0,1,0,0,0
slp16,slp16,482,0,1,0,0,0
slp16,slp16,483,0,1,0,0,0
slp16,slp16,484,0,1,0,0,0
slp16,slp16,485,0,1,0,2,0
slp16,slp16,486,0,1,0,1,0
slp16,slp16,487,0,1,0,1,0
slp16,slp16,488,0,1,0,0,0
slp16,slp16,489,0,1,0,0,0
slp16,slp16,490,0,1,0,0,0
slp16,slp16,491,0,1,0,0,0
slp16,slp16,492,0,1,0,0,0
slp16,slp16,493,0,1,1,0,0
slp16,slp16,494,0,1,0,0,0
slp16,slp16,495,1,1,0,0,0
slp16,slp16,496,0,1,0,0,0
slp16,slp16,497,0,1,0,0,0
slp16,slp16,498,0,1,0,1,0
slp16,slp16,499,0,1,0,0,0
slp16,slp16,500,0,1,0,0,0
slp16,slp16,501,0,1,0,0,0
slp16,slp16,502,0,1,1,0,0
slp16,slp16,503,0,1,0,0,0
slp16,slp16,504,0,1,0,0,0
slp16,slp16,505,0,1,0,0,0
slp16,slp16,506,0,1,0,0,0
slp16,slp16,507,0,1,0,0,0
slp16,slp16,508,0,1,0,0,0
slp16,slp16,509,0,1,1,0,0
slp16,slp16,510,0,1,0,0,0
slp16,slp16,511,0,1,0,0,0
slp16,slp16,512,0,1,0,0,0
slp16,slp16,513,0,1,0,0,0
slp16,slp16,514,0,1,0,0,0
slp16,slp16,515,0,1,0,1,0
slp16,slp16,516,0,1,0,0,0
slp16,slp16,517,0,1,0,0,0
slp16,slp16,518,0,1,0,0,0
slp16,slp16,519,0,1,0,0,0
slp16,slp16,520,0,1,0,2,0
slp16,slp16,521,0,1,0,2,0
slp16,slp16,522,0,1,0,0,0
slp16,slp16,523,0,1,1,0,0
slp16,slp16,524,0,1,0,0,0
slp16,slp16,525,0,1,0,0,0
slp16,slp16,526,0,1,0,0,0
slp16,slp16,527,0,1,0,0,0
slp16,slp16,528,0,1,0,0,0
slp16,slp16,529,0,1,0,0,0
slp16,slp16,530,0,1,0,0,0
slp16,slp16,531,0,1,0,0,0
slp16,slp16,532,0,1,0,0,0
slp16,slp16,533,0,1,0,0,0
slp16,slp16,534,0,1,0,0,0
slp16,slp16,535,0,1,0,0,0
slp16,slp16,536,0,1,0,0,0
slp16,slp16,537,0,1,0,0,0
slp16,slp16,538,0,1,0,0,0
slp16,slp16,539,0,1,0,0,0
slp16,slp16,540,0,1,0,0,0
slp16,slp16,541,0,1,0,0,0
slp16,slp16,542,0,1,0,0,0
slp16,slp16,543,0,1,0,0,0
slp16,slp16,544,0,1,0,0,0
slp16,slp16,545,0,1,0,0,0
slp16,slp16,546,0,1,1,0,0
slp16,slp16,547,0,1,0,0,0
slp16,slp16,548,0,1,1,1,4
slp16,slp16,549,0,1,1,2,2
slp16,slp16,550,1,1,1,2,1
slp16,slp16,551,1,1,2,3,2
slp16,slp16,552,1,1,1,3,2
slp16,slp16,553,1,1,1,3,1
slp16,slp16,554,2,1,1,3,0
slp16,slp16,555,2,1,1,3,2
slp16,slp16,556,2,1,1,3,2
slp16,slp16,557,2,1,1,3,2
slp16,slp16,558,2,1,1,3,2
slp16,slp16,559,2,1,1,2,4
slp16,slp16,560,2,1,1,1,1
slp16,slp16,561,2,1,1,1,1
slp16,slp16,562,2,1,2,1,2
slp16,slp16,563,2,1,1,2,1
slp16,slp16,564,2,1,1,1,1
slp16,slp16,565,2,1,2,0,0
slp16,slp16,566,2,1,1,0,0
slp16,slp16,567,2,1,1,0,0
slp16,slp16,568,0,1,0,0,0
slp16,slp16,569,1,1,0,0,0
slp16,slp16,570,1,1,0,0,0
slp16,slp16,571,0,1,0,0,0
slp16,slp16,572,0,1,1,0,0
slp16,slp16,573,1,1,0,0,0
slp16,slp16,574,1,1,1,0,0
slp16,slp16,575,0,1,1,0,0
slp16,slp16,576,0,1,1,0,0
slp16,slp16,577,1,1,1,0,0
slp16,slp16,578,1,1,1,0,0
slp16,slp16,579,1,1,0,0,0
slp16,slp16,580,1,1,4,2,1
slp16,slp16,581,2,1,1,1,1
slp16,slp16,582,0,1,1,1,1
slp16,slp16,583,2,1,1,2,0
slp16,slp16,584,2,1,1,2,2
slp16,slp16,585,2,1,1,2,1
slp16,slp16,586,2,1,4,1,1
slp16,slp16,587,2,1,1,1,1
slp16,slp16,588,2,1,2,2,2
slp16,slp16,589,2,1,2,1,2
slp16,slp16,590,2,1,2,1,2
slp16,slp16,591,2,1,2,4,2
slp16,slp16,592,2,1,2,1,2
slp16,slp16,593,2,1,2,1,2
slp16,slp16,594,2,1,2,4,2
slp16,slp16,595,2,1,2,4,2
slp16,slp16,596,2,1,2,0,2
slp16,slp16,597,2,1,2,4,2
slp16,slp16,598,2,1,2,4,2
slp16,slp16,599,2,1,2,4,2
slp16,slp16,600,2,1,2,2,2
slp16,slp16,601,2,1,2,2,2
slp16,slp16,602,2,1,2,2,2
slp16,slp16,603,2,1,2,0,2
slp16,slp16,604,2,1,2,0,2
slp16,slp16,605,3,1,3,0,2
slp16,slp16,606,3,1,2,0,2
slp16,slp16,607,3,1,2,0,2
slp16,slp16,608,3,1,2,0,2
slp16,slp16,609,3,1,2,0,2
slp16,slp16,610,3,1,3,0,3
slp16,slp16,611,3,1,2,0,2
slp16,slp16,612,3,1,3,0,3
slp16,slp16,613,3,1,3,0,3
slp16,slp16,614,3,1,2,0,2
slp16,slp16,615,3,1,3,0,3
slp16,slp16,616,3,1,3,0,3
slp16,slp16,617,3,1,2,0,2
slp16,slp16,618,3,1,3,0,3
slp16,slp16,619,3,1,2,0,2
slp16,slp16,620,3,1,3,0,3
slp16,slp16,621,3,1,2,0,3
slp16,slp16,622,3,1,3,0,3
slp16,slp16,623,3,1,3,2,3
slp16,slp16,624,3,1,3,2,3
slp16,slp16,625,3,1,3,0,2
slp16,slp16,626,3,1,1,0,0
slp16,slp16,627,3,1,1,0,0
slp16,slp16,628,3,1,1,0,0
slp16,slp16,629,0,1,4,0,0
slp16,slp16,630,0,1,1,0,0
slp16,slp16,631,1,1,1,0,0
slp16,slp16,632,1,1,1,0,1
slp16,slp16,633,0,1,1,0,0
slp16,slp16,634,1,1,0,0,0
slp16,slp16,635,1,1,0,0,0
slp16,slp16,636,0,1,0,0,0
slp16,slp16,637,0,1,1,0,1
slp16,slp16,638,1,1,1,0,1
slp16,slp16,639,0,1,1,1,1
slp16,slp16,640,1,1,1,0,0
slp16,slp16,641,1,1,1,0,1
slp16,slp16,642,1,1,1,0,1
slp16,slp16,643,2,1,0,0,0
slp16,slp16,644,2,1,1,1,1
slp16,slp16,645,1,1,1,2,1
slp16,slp16,646,1,1,1,1,1
slp16,slp16,647,2,1,1,1,1
slp16,slp16,648,2,1,4,1,4
slp16,slp16,649,2,1,4,2,4
slp16,slp16,650,2,1,1,4,4
slp16,slp16,651,4,1,4,1,4
slp16,slp16,652,4,1,1,1,0
slp16,slp16,653,4,1,4,0,0
slp16,slp16,654,4,1,2,0,0
slp16,slp16,655,4,1,1,0,0
slp16,slp16,656,4,1,1,4,4
slp16,slp16,657,4,1,1,4,4
slp16,slp16,658,4,1,1,4,4
slp16,slp16,659,4,1,4,4,4
slp16,slp16,660,4,1,4,4,4
slp16,slp16,661,4,1,4,4,4
slp16,slp16,662,4,1,1,4,4
slp16,slp16,663,4,1,1,4,4
slp16,slp16,664,4,1,1,4,4
slp16,slp16,665,4,1,1,4,4
slp16,slp16,666,4,1,1,4,4
slp16,slp16,667,4,1,4,4,4
slp16,slp16,668,4,1,1,4,4
slp16,slp16,669,4,1,2,4,4
slp16,slp16,670,4,1,1,4,4
slp16,slp16,671,4,1,1,4,4
slp16,slp16,672,4,1,1,4,4
slp16,slp16,673,4,1,1,4,4
slp16,slp16,674,4,1,1,4,4
slp16,slp16,675,4,1,4,4,4
slp16,slp16,676,4,1,4,4,4
slp16,slp16,677,4,1,1,4,0
slp16,slp16,678,4,1,4,4,4
slp16,slp16,679,4,1,1,4,4
slp16,slp16,680,4,1,1,4,4
slp16,slp16,681,4,1,1,4,4
slp16,slp16,682,4,1,4,4,4
slp16,slp16,683,4,1,1,4,4
slp16,slp16,684,4,1,0,4,0
slp16,slp16,685,4,1,1,4,4
slp16,slp16,686,4,1,1,4,4
slp16,slp16,687,4,1,1,4,4
slp16,slp16,688,4,1,1,4,0
slp16,slp16,689,4,1,1,4,4
slp16,slp16,690,4,1,1,4,4
slp16,slp16,691,4,1,1,4,4
slp16,slp16,692,4,1,4,4,4
slp16,slp16,693,4,1,1,4,4
slp16,slp16,694,4,1,1,4,4
slp16,slp16,695,4,1,0,4,0
slp16,slp16,696,4,1,0,4,0
slp16,slp16,697,4,1,1,4,0
slp16,slp16,698,0,1,0,4,0
slp16,slp16,699,0,1,0,0,0
slp16,slp16,700,0,1,0,0,0
slp16,slp16,701,0,1,0,0,0
slp16,slp16,702,0,1,0,0,0
slp16,slp16,703,0,1,0,0,0
slp16,slp16,704,1,1,0,0,0
slp16,slp16,705,0,1,0,0,0
slp16,slp16,706,0,1,0,0,0
slp16,slp16,707,0,1,0,0,0
slp16,slp16,708,0,1,0,0,0
slp16,slp16,709,0,1,0,0,0
slp16,slp16,710,0,1,0,0,0
slp16,slp16,711,0,1,0,0,0
slp16,slp16,712,0,1,0,0,0
slp16,slp16,713,0,1,0,0,0
slp16,slp16,714,1,1,0,0,0
slp16,slp16,715,0,1,0,0,0
slp16,slp16,716,0,1,0,0,0
slp16,slp16,717,0,1,0,0,0
slp16,slp16,718,0,1,0,0,0
slp16,slp16,719,0,1,1,0,0
slp32,slp32,0,0,5,0,0,0
slp32,slp32,1,0,5,0,0,0
slp32,slp32,2,0,5,0,0,0
slp32,slp32,3,0,5,0,4,0
slp32,slp32,4,0,5,0,4,0
slp32,slp32,5,0,5,0,0,0
slp32,slp32,6,0,5,0,0,0
slp32,slp32,7,0,5,0,0,0
slp32,slp32,8,0,5,0,0,0
slp32,slp32,9,0,5,0,0,0
slp32,slp32,10,0,5,0,0,0
slp32,slp32,11,0,5,0,0,0
slp32,slp32,12,0,5,0,0,0
slp32,slp32,13,0,5,0,0,0
slp32,slp32,14,0,5,0,0,0
slp32,slp32,15,0,5,0,0,0
slp32,slp32,16,0,5,0,0,0
slp32,slp32,17,0,5,0,0,0
slp32,slp32,18,0,5,0,0,0
slp32,slp32,19,0,5,0,0,0
slp32,slp32,20,0,5,0,0,0
slp32,slp32,21,0,5,0,0,0
slp32,slp32,22,0,5,0,0,0
slp32,slp32,23,0,5,0,0,0
slp32,slp32,24,0,5,0,0,0
slp32,slp32,25,0,5,0,0,0
slp32,slp32,26,0,5,0,0,0
slp32,slp32,27,0,5,0,0,0
slp32,slp32,28,0,5,0,0,0
slp32,slp32,29,0,5,0,0,0
slp32,slp32,30,0,5,0,0,0
slp32,slp32,31,0,5,0,0,0
slp32,slp32,32,0,5,0,0,0
slp32,slp32,33,0,5,0,0,0
slp32,slp32,34,0,5,0,4,0
slp32,slp32,35,0,5,0,4,0
slp32,slp32,36,0,5,0,4,0
slp32,slp32,37,0,5,0,4,0
slp32,slp32,38,0,5,0,4,0
slp32,slp32,39,0,5,0,4,0
slp32,slp32,40,0,5,0,4,0
slp32,slp32,41,0,5,0,4,0
slp32,slp32,42,0,5,0,4,0
slp32,slp32,43,0,5,0,4,0
slp32,slp32,44,0,5,0,0,0
slp32,slp32,45,0,5,0,0,0
slp32,slp32,46,0,5,0,0,0
slp32,slp32,47,0,5,0,0,0
slp32,slp32,48,0,5,0,0,0
slp32,slp32,49,0,5,0,0,0
slp32,slp32,50,0,5,0,0,0
slp32,slp32,51,0,5,0,0,0
slp32,slp32,52,0,5,0,0,0
slp32,slp32,53,0,5,0,0,0
slp32,slp32,54,0,5,0,0,0
slp32,slp32,55,0,5,0,0,0
slp32,slp32,56,0,5,0,0,0
slp32,slp32,57,0,5,0,0,0
slp32,slp32,58,0,5,0,0,0
slp32,slp32,59,0,5,0,0,3
slp32,slp32,60,0,5,0,0,0
slp32,slp32,61,0,5,0,0,0
slp32,slp32,62,0,5,0,0,0
slp32,slp32,63,0,5,0,0,0
slp32,slp32,64,0,5,0,0,0
slp32,slp32,65,0,5,0,0,0
slp32,slp32,66,0,5,0,0,0
slp32,slp32,67,0,5,0,0,0
slp32,slp32,68,0,5,0,0,0
slp32,slp32,69,0,5,0,0,0
slp32,slp32,70,0,5,0,0,0
slp32,slp32,71,0,5,0,0,0
slp32,slp32,72,0,5,0,0,0
slp32,slp32,73,0,5,0,0,0
slp32,slp32,74,0,5,0,0,0
slp32,slp32,75,0,5,0,0,0
slp32,slp32,76,0,5,0,0,0
slp32,slp32,77,0,5,0,0,0
slp32,slp32,78,0,5,0,0,0
slp32,slp32,79,0,5,0,0,0
slp32,slp32,80,0,5,0,0,0
slp32,slp32,81,0,5,0,0,0
slp32,slp32,82,0,5,0,0,0
slp32,slp32,83,0,5,0,0,0
slp32,slp32,84,0,5,0,0,0
slp32,slp32,85,0,5,0,0,0
slp32,slp32,86,0,5,0,0,0
slp32,slp32,87,0,5,0,0,0
slp32,slp32,88,0,5,0,0,0
slp32,slp32,89,0,5,0,0,0
slp32,slp32,90,0,5,1,0,0
slp32,slp32,91,1,5,0,0,0
slp32,slp32,92,0,5,0,0,0
slp32,slp32,93,0,5,0,4,0
slp32,slp32,94,1,5,0,4,0
slp32,slp32,95,1,5,1,4,4
slp32,slp32,96,2,5,0,4,0
slp32,slp32,97,1,5,1,4,1
slp32,slp32,98,1,5,1,4,4
slp32,slp32,99,2,5,1,4,4
slp32,slp32,100,2,5,1,1,1
slp32,slp32,101,2,5,0,1,0
slp32,slp32,102,2,5,0,2,0
slp32,slp32,103,1,5,4,1,1
slp32,slp32,104,2,5,2,1,2
slp32,slp32,105,2,5,1,1,1
slp32,slp32,106,2,5,4,1,1
slp32,slp32,107,2,5,4,1,1
slp32,slp32,108,2,5,0,1,1
slp32,slp32,109,2,5,2,1,1
slp32,slp32,110,2,5,4,1,1
slp32,slp32,111,2,5,2,1,1
slp32,slp32,112,2,5,2,1,2
slp32,slp32,113,2,5,2,1,1
slp32,slp32,114,2,5,2,1,2
slp32,slp32,115,2,5,1,1,1
slp32,slp32,116,2,5,1,1,1
slp32,slp32,117,2,5,2,1,1
slp32,slp32,118,2,5,4,1,1
slp32,slp32,119,2,5,2,1,2
slp32,slp32,120,2,5,1,1,1
slp32,slp32,121,2,5,2,1,2
slp32,slp32,122,2,5,2,1,2
slp32,slp32,123,2,5,2,1,2
slp32,slp32,124,2,5,0,1,0
slp32,slp32,125,0,5,0,1,0
slp32,slp32,126,0,5,0,1,0
slp32,slp32,127,0,5,0,1,0
slp32,slp32,128,0,5,0,1,0
slp32,slp32,129,0,5,0,0,0
slp32,slp32,130,0,5,0,0,0
slp32,slp32,131,0,5,0,0,0
slp32,slp32,132,0,5,0,0,0
slp32,slp32,133,0,5,0,0,0
slp32,slp32,134,0,5,0,0,0
slp32,slp32,135,0,5,0,0,0
slp32,slp32,136,0,5,0,0,0
slp32,slp32,137,0,5,0,0,0
slp32,slp32,138,0,5,0,0,0
slp32,slp32,139,0,5,0,0,0
slp32,slp32,140,0,5,0,0,0
slp32,slp32,141,0,5,0,0,0
slp32,slp32,142,0,5,0,0,0
slp32,slp32,143,0,5,0,0,0
slp32,slp32,144,0,5,0,0,0
slp32,slp32,145,0,5,0,0,0
slp32,slp32,146,0,5,0,0,0
slp32,slp32,147,0,5,0,0,0
slp32,slp32,148,0,5,0,0,0
slp32,slp32,149,0,5,0,0,0
slp32,slp32,150,0,5,0,0,0
slp32,slp32,151,0,5,0,0,0
slp32,slp32,152,0,5,0,0,0
slp32,slp32,153,0,5,0,0,0
slp32,slp32,154,0,5,0,0,0
slp32,slp32,155,0,5,0,0,0
slp32,slp32,156,0,5,0,0,0
slp32,slp32,157,0,5,0,0,0
slp32,slp32,158,0,5,1,0,0
slp32,slp32,159,1,5,0,0,0
slp32,slp32,160,2,5,0,0,0
slp32,slp32,161,2,5,0,0,0
slp32,slp32,162,2,5,0,0,0
slp32,slp32,163,2,5,0,0,0
slp32,slp32,164,1,5,0,0,0
slp32,slp32,165,0,5,0,0,0
slp32,slp32,166,0,5,0,0,0
slp32,slp32,167,1,5,0,0,0
slp32,slp32,168,1,5,4,0,0
slp32,slp32,169,2,5,1,0,0
slp32,slp32,170,2,5,2,0,2
slp32,slp32,171,2,5,2,2,2
slp32,slp32,172,2,5,1,2,4
slp32,slp32,173,2,5,2,0,2
slp32,slp32,174,2,5,2,2,2
slp32,slp32,175,2,5,2,2,2
slp32,slp32,176,2,5,2,3,2
slp32,slp32,177,2,5,2,3,2
slp32,slp32,178,2,5,1,3,2
slp32,slp32,179,2,5,2,2,2
slp32,slp32,180,2,5,2,2,2
slp32,slp32,181,2,5,2,2,2
slp32,slp32,182,2,5,2,0,2
slp32,slp32,183,2,5,2,0,2
slp32,slp32,184,2,5,2,0,2
slp32,slp32,185,2,5,3,0,2
slp32,slp32,186,2,5,3,0,2
slp32,slp32,187,3,5,2,0,2
slp32,slp32,188,2,5,2,0,2
slp32,slp32,189,2,5,2,0,2
slp32,slp32,190,2,5,2,0,2
slp32,slp32,191,2,5,2,2,2
slp32,slp32,192,2,5,3,2,2
slp32,slp32,193,2,5,2,2,2
slp32,slp32,194,3,5,2,2,2
slp32,slp32,195,2,5,2,2,2
slp32,slp32,196,2,5,3,2,3
slp32,slp32,197,2,5,2,2,2
slp32,slp32,198,2,5,2,2,2
slp32,slp32,199,2,5,2,2,2
slp32,slp32,200,2,5,3,2,3
slp32,slp32,201,2,5,2,2,2
slp32,slp32,202,2,5,2,0,2
slp32,slp32,203,2,5,3,0,2
slp32,slp32,204,3,5,3,2,2
slp32,slp32,205,2,5,2,0,2
slp32,slp32,206,2,5,3,0,2
slp32,slp32,207,2,5,3,0,2
slp32,slp32,208,3,5,2,0,2
slp32,slp32,209,2,5,2,0,2
slp32,slp32,210,2,5,2,0,2
slp32,slp32,211,2,5,3,0,2
slp32,slp32,212,3,5,3,2,3
slp32,slp32,213,2,5,3,2,2
slp32,slp32,214,3,5,3,2,2
slp32,slp32,215,3,5,2,2,2
slp32,slp32,216,2,5,3,2,3
slp32,slp32,217,3,5,3,2,3
slp32,slp32,218,3,5,3,2,3
slp32,slp32,219,3,5,3,2,3
slp32,slp32,220,3,5,3,0,3
slp32,slp32,221,3,5,2,0,2
slp32,slp32,222,2,5,3,0,3
slp32,slp32,223,2,5,3,2,3
slp32,slp32,224,2,5,3,2,3
slp32,slp32,225,2,5,3,2,3
slp32,slp32,226,2,5,3,2,3
slp32,slp32,227,3,5,2,2,2
slp32,slp32,228,2,5,3,2,3
slp32,slp32,229,2,5,2,2,2
slp32,slp32,230,3,5,3,2,3
slp32,slp32,231,3,5,2,2,2
slp32,slp32,232,2,5,2,2,2
slp32,slp32,233,2,5,3,2,3
slp32,slp32,234,3,5,2,2,2
slp32,slp32,235,3,5,3,2,3
slp32,slp32,236,3,5,2,2,2
slp32,slp32,237,2,5,2,2,2
slp32,slp32,238,2,5,3,2,3
slp32,slp32,239,2,5,2,2,2
slp32,slp32,240,3,5,2,2,2
slp32,slp32,241,2,5,3,2,3
slp32,slp32,242,2,5,3,2,2
slp32,slp32,243,3,5,2,2,2
slp32,slp32,244,2,5,2,2,2
slp32,slp32,245,2,5,3,2,2
slp32,slp32,246,3,5,3,2,2
slp32,slp32,247,3,5,2,2,2
slp32,slp32,248,3,5,3,2,2
slp32,slp32,249,3,5,3,2,2
slp32,slp32,250,3,5,3,2,2
slp32,slp32,251,3,5,3,2,2
slp32,slp32,252,3,5,3,2,2
slp32,slp32,253,3,5,3,2,2
slp32,slp32,254,3,5,3,1,3
slp32,slp32,255,3,5,2,4,2
slp32,slp32,256,3,5,2,2,2
slp32,slp32,257,2,5,2,2,2
slp32,slp32,258,3,5,2,2,3
slp32,slp32,259,2,5,3,2,3
slp32,slp32,260,3,5,2,3,2
slp32,slp32,261,3,5,3,3,3
slp32,slp32,262,2,5,2,3,2
slp32,slp32,263,2,5,2,3,2
slp32,slp32,264,2,5,3,3,3
slp32,slp32,265,2,5,3,2,2
slp32,slp32,266,2,5,2,2,2
slp32,slp32,267,3,5,3,2,2
slp32,slp32,268,2,5,3,2,2
slp32,slp32,269,3,5,3,2,2
slp32,slp32,270,2,5,2,2,2
slp32,slp32,271,2,5,3,2,2
slp32,slp32,272,3,5,2,2,2
slp32,slp32,273,2,5,3,2,2
slp32,slp32,274,2,5,3,2,2
slp32,slp32,275,2,5,3,2,3
slp32,slp32,276,3,5,2,2,2
slp32,slp32,277,2,5,3,2,2
slp32,slp32,278,3,5,3,2,2
slp32,slp32,279,3,5,2,2,2
slp32,slp32,280,2,5,3,2,3
slp32,slp32,281,3,5,3,2,2
slp32,slp32,282,3,5,2,2,2
slp32,slp32,283,2,5,3,2,2
slp32,slp32,284,2,5,2,2,2
slp32,slp32,285,2,5,3,2,2
slp32,slp32,286,3,5,2,2,2
slp32,slp32,287,2,5,3,2,2
slp32,slp32,288,2,5,2,2,2
slp32,slp32,289,3,5,2,2,2
slp32,slp32,290,2,5,3,2,2
slp32,slp32,291,2,5,3,2,2
slp32,slp32,292,3,5,2,2,2
slp32,slp32,293,3,5,3,2,2
slp32,slp32,294,2,5,3,2,2
slp32,slp32,295,3,5,3,2,2
slp32,slp32,296,3,5,3,2,2
slp32,slp32,297,2,5,3,2,3
slp32,slp32,298,3,5,2,3,2
slp32,slp32,299,3,5,2,3,2
slp32,slp32,300,2,5,2,2,2
slp32,slp32,301,2,5,2,4,2
slp32,slp32,302,2,5,2,2,2
slp32,slp32,303,2,5,2,2,2
slp32,slp32,304,2,5,3,2,3
slp32,slp32,305,2,5,2,2,2
slp32,slp32,306,3,5,2,2,2
slp32,slp32,307,2,5,3,2,2
slp32,slp32,308,2,5,3,1,2
slp32,slp32,309,3,5,3,1,2
slp32,slp32,310,2,5,3,2,2
slp32,slp32,311,2,5,3,2,2
slp32,slp32,312,3,5,3,2,2
slp32,slp32,313,3,5,3,1,2
slp32,slp32,314,3,5,2,1,2
slp32,slp32,315,3,5,2,2,2
slp32,slp32,316,2,5,3,1,2
slp32,slp32,317,2,5,2,1,2
slp32,slp32,318,2,5,2,2,2
slp32,slp32,319,2,5,2,2,2
slp32,slp32,320,2,5,3,2,2
slp32,slp32,321,2,5,2,2,2
slp32,slp32,322,3,5,3,2,2
slp32,slp32,323,2,5,2,2,2
slp32,slp32,324,3,5,3,2,2
slp32,slp32,325,2,5,3,2,2
slp32,slp32,326,2,5,3,2,2
slp32,slp32,327,2,5,2,2,2
slp32,slp32,328,2,5,3,2,2
slp32,slp32,329,2,5,3,2,2
slp32,slp32,330,3,5,2,2,2
slp32,slp32,331,2,5,3,2,2
slp32,slp32,332,2,5,2,2,2
slp32,slp32,333,2,5,2,2,2
slp32,slp32,334,2,5,2,2,2
slp32,slp32,335,2,5,3,2,2
slp32,slp32,336,2,5,3,2,2
slp32,slp32,337,3,5,3,2,2
slp32,slp32,338,2,5,2,2,2
slp32,slp32,339,2,5,3,2,2
slp32,slp32,340,2,5,3,2,2
slp32,slp32,341,2,5,2,2,2
slp32,slp32,342,2,5,0,2,0
slp32,slp32,343,2,5,0,0,0
slp32,slp32,344,0,5,0,1,0
slp32,slp32,345,0,5,0,1,0
slp32,slp32,346,0,5,2,0,0
slp32,slp32,347,0,5,2,0,0
slp32,slp32,348,0,5,0,0,0
slp32,slp32,349,0,5,0,0,0
slp32,slp32,350,0,5,0,0,0
slp32,slp32,351,0,5,2,0,0
slp32,slp32,352,0,5,0,0,0
slp32,slp32,353,0,5,0,0,0
slp32,slp32,354,0,5,2,0,0
slp32,slp32,355,0,5,0,0,0
slp32,slp32,356,0,5,0,0,0
slp32,slp32,357,0,5,0,0,0
slp32,slp32,358,0,5,0,0,0
slp32,slp32,359,0,5,0,0,0
slp32,slp32,360,0,5,0,0,0
slp32,slp32,361,0,5,0,0,0
slp32,slp32,362,0,5,0,0,0
slp32,slp32,363,0,5,0,0,0
slp32,slp32,364,0,5,0,0,0
slp32,slp32,365,0,5,0,0,0
slp32,slp32,366,0,5,0,0,0
slp32,slp32,367,0,5,0,0,0
slp32,slp32,368,0,5,0,0,0
slp32,slp32,369,0,5,0,0,0
slp32,slp32,370,0,5,0,0,0
slp32,slp32,371,0,5,0,0,0
slp32,slp32,372,0,5,0,0,0
slp32,slp32,373,0,5,0,0,0
slp32,slp32,374,0,5,0,0,0
slp32,slp32,375,0,5,0,0,0
slp32,slp32,376,0,5,0,0,0
slp32,slp32,377,0,5,0,0,0
slp32,slp32,378,0,5,0,0,0
slp32,slp32,379,0,5,0,0,0
slp32,slp32,380,0,5,0,0,0
slp32,slp32,381,0,5,0,0,0
slp32,slp32,382,0,5,0,0,0
slp32,slp32,383,0,5,0,0,0
slp32,slp32,384,0,5,0,0,0
slp32,slp32,385,0,5,0,0,0
slp32,slp32,386,0,5,0,0,0
slp32,slp32,387,0,5,0,0,0
slp32,slp32,388,0,5,0,0,0
slp32,slp32,389,0,5,0,0,0
slp32,slp32,390,0,5,0,0,0
slp32,slp32,391,0,5,0,0,0
slp32,slp32,392,0,5,0,0,0
slp32,slp32,393,0,5,0,0,0
slp32,slp32,394,0,5,0,0,0
slp32,slp32,395,0,5,0,0,0
slp32,slp32,396,0,5,0,0,0
slp32,slp32,397,0,5,0,0,0
slp32,slp32,398,0,5,0,0,0
slp32,slp32,399,0,5,0,0,0
slp32,slp32,400,0,5,0,0,0
slp32,slp32,401,0,5,0,0,0
slp32,slp32,402,0,5,0,0,0
slp32,slp32,403,0,5,0,0,0
slp32,slp32,404,0,5,0,0,0
slp32,slp32,405,0,5,0,0,0
slp32,slp32,406,0,5,0,0,0
slp32,slp32,407,0,5,0,0,0
slp32,slp32,408,0,5,0,0,0
slp32,slp32,409,0,5,0,0,0
slp32,slp32,410,0,5,0,0,0
slp32,slp32,411,0,5,0,0,0
slp32,slp32,412,0,5,0,0,0
slp32,slp32,413,0,5,0,0,0
slp32,slp32,414,0,5,0,0,0
slp32,slp32,415,0,5,0,4,0
slp32,slp32,416,0,5,0,4,0
slp32,slp32,417,0,5,1,4,0
slp32,slp32,418,0,5,0,2,0
slp32,slp32,419,0,5,0,4,0
slp32,slp32,420,0,5,0,4,0
slp32,slp32,421,1,5,0,4,0
slp32,slp32,422,1,5,0,4,0
slp32,slp32,423,1,5,1,4,1
slp32,slp32,424,1,5,1,2,1
slp32,slp32,425,0,5,1,4,2
slp32,slp32,426,1,5,1,2,1
slp32,slp32,427,2,5,2,2,2
slp32,slp32,428,0,5,2,2,2
slp32,slp32,429,1,5,2,2,2
slp32,slp32,430,2,5,0,2,1
slp32,slp32,431,2,5,2,2,1
slp32,slp32,432,0,5,0,2,0
slp32,slp32,433,1,5,0,2,0
slp32,slp32,434,0,5,0,2,0
slp32,slp32,435,0,5,0,2,0
slp32,slp32,436,0,5,0,1,0
slp32,slp32,437,0,5,0,4,0
slp32,slp32,438,0,5,0,2,0
slp32,slp32,439,0,5,0,4,0
slp32,slp32,440,0,5,0,0,0
slp32,slp32,441,0,5,0,0,0
slp32,slp32,442,0,5,0,0,0
slp32,slp32,443,0,5,0,0,0
slp32,slp32,444,0,5,0,0,0
slp32,slp32,445,0,5,0,0,0
slp32,slp32,446,0,5,0,0,0
slp32,slp32,447,0,5,0,0,0
slp32,slp32,448,0,5,0,0,0
slp32,slp32,449,0,5,0,0,0
slp32,slp32,450,0,5,0,0,0
slp32,slp32,451,0,5,0,0,0
slp32,slp32,452,0,5,0,0,0
slp32,slp32,453,0,5,0,0,0
slp32,slp32,454,0,5,0,0,0
slp32,slp32,455,0,5,0,0,0
slp32,slp32,456,0,5,0,0,0
slp32,slp32,457,0,5,0,0,0
slp32,slp32,458,0,5,0,0,0
slp32,slp32,459,0,5,0,0,0
slp32,slp32,460,0,5,0,0,0
slp32,slp32,461,0,5,0,0,0
slp32,slp32,462,0,5,0,0,0
slp32,slp32,463,0,5,0,0,0
slp32,slp32,464,0,5,0,0,0
slp32,slp32,465,0,5,0,0,0
slp32,slp32,466,0,5,0,0,0
slp32,slp32,467,0,5,0,0,0
slp32,slp32,468,0,5,0,0,0
slp32,slp32,469,0,5,0,0,0
slp32,slp32,470,0,5,0,0,0
slp32,slp32,471,0,5,0,0,0
slp32,slp32,472,0,5,0,0,0
slp32,slp32,473,0,5,0,0,0
slp32,slp32,474,0,5,0,0,0
slp32,slp32,475,0,5,0,0,0
slp32,slp32,476,0,5,0,0,0
slp32,slp32,477,0,5,0,0,0
slp32,slp32,478,0,5,0,0,0
slp32,slp32,479,0,5,0,0,0
slp32,slp32,480,0,5,0,0,0
slp32,slp32,481,0,5,0,0,0
slp32,slp32,482,0,5,0,0,0
slp32,slp32,483,0,5,0,0,0
slp32,slp32,484,0,5,0,0,0
slp32,slp32,485,0,5,0,0,0
slp32,slp32,486,0,5,0,0,0
slp32,slp32,487,0,5,0,0,0
slp32,slp32,488,0,5,0,0,0
slp32,slp32,489,0,5,0,0,0
slp32,slp32,490,0,5,0,0,0
slp32,slp32,491,0,5,0,0,0
slp32,slp32,492,0,5,0,0,0
slp32,slp32,493,0,5,0,0,0
slp32,slp32,494,0,5,0,0,0
slp32,slp32,495,0,5,0,0,0
slp32,slp32,496,0,5,0,0,0
slp32,slp32,497,0,5,0,0,0
slp32,slp32,498,0,5,0,0,0
slp32,slp32,499,0,5,0,0,0
slp32,slp32,500,0,5,0,0,0
slp32,slp32,501,0,5,0,0,0
slp32,slp32,502,0,5,0,0,0
slp32,slp32,503,0,5,0,0,0
slp32,slp32,504,0,5,0,0,0
slp32,slp32,505,0,5,0,0,0
slp32,slp32,506,0,5,0,0,0
slp32,slp32,507,0,5,0,0,0
slp32,slp32,508,0,5,0,0,0
slp32,slp32,509,0,5,0,0,0
slp32,slp32,510,0,5,0,0,0
slp32,slp32,511,0,5,0,0,0
slp32,slp32,512,0,5,0,0,0
slp32,slp32,513,0,5,0,0,0
slp32,slp32,514,0,5,0,0,0
slp32,slp32,515,0,5,0,0,0
slp32,slp32,516,0,5,0,0,0
slp32,slp32,517,0,5,0,0,0
slp32,slp32,518,0,5,0,0,0
slp32,slp32,519,0,5,0,4,0
slp32,slp32,520,0,5,0,3,0
slp32,slp32,521,0,5,0,0,0
slp32,slp32,522,0,5,0,0,0
slp32,slp32,523,0,5,0,4,0
slp32,slp32,524,0,5,0,4,0
slp32,slp32,525,0,5,0,4,0
slp32,slp32,526,0,5,0,4,0
slp32,slp32,527,0,5,0,0,0
slp32,slp32,528,0,5,0,0,0
slp32,slp32,529,0,5,0,0,0
slp32,slp32,530,0,5,0,0,0
slp32,slp32,531,0,5,0,0,0
slp32,slp32,532,0,5,0,0,0
slp32,slp32,533,0,5,0,0,0
slp32,slp32,534,0,5,0,0,0
slp32,slp32,535,0,5,0,0,0
slp32,slp32,536,0,5,0,0,0
slp32,slp32,537,0,5,0,0,0
slp32,slp32,538,0,5,0,0,0
slp32,slp32,539,0,5,0,0,0
slp32,slp32,540,0,5,0,0,0
slp32,slp32,541,0,5,0,0,0
slp32,slp32,542,0,5,0,0,0
slp32,slp32,543,0,5,0,0,0
slp32,slp32,544,0,5,0,0,0
slp32,slp32,545,0,5,0,0,0
slp32,slp32,546,0,5,0,2,0
slp32,slp32,547,0,5,0,0,0
slp32,slp32,548,0,5,0,0,0
slp32,slp32,549,0,5,0,0,0
slp32,slp32,550,0,5,0,0,0
slp32,slp32,551,0,5,0,0,0
slp32,slp32,552,0,5,0,0,0
slp32,slp32,553,0,5,0,0,0
slp32,slp32,554,0,5,0,0,0
slp32,slp32,555,0,5,0,0,0
slp32,slp32,556,0,5,1,0,0
slp32,slp32,557,0,5,1,3,0
slp32,slp32,558,0,5,0,2,0
slp32,slp32,559,0,5,1,1,1
slp32,slp32,560,1,5,0,1,1
slp32,slp32,561,0,5,1,1,1
slp32,slp32,562,1,5,0,1,1
slp32,slp32,563,0,5,1,1,1
slp32,slp32,564,1,5,1,1,1
slp32,slp32,565,0,5,1,1,1
slp32,slp32,566,1,5,0,1,1
slp32,slp32,567,0,5,0,1,2
slp32,slp32,568,1,5,0,1,0
slp32,slp32,569,2,5,0,0,0
slp32,slp32,570,0,5,0,0,0
slp32,slp32,571,0,5,0,0,0
slp32,slp32,572,0,5,0,0,0
slp32,slp32,573,0,5,1,0,0
slp32,slp32,574,0,5,0,0,0
slp32,slp32,575,0,5,0,0,0
slp32,slp32,576,0,5,0,0,0
slp32,slp32,577,1,5,0,0,0
slp32,slp32,578,0,5,0,0,0
slp32,slp32,579,0,5,0,4,4
slp32,slp32,580,0,5,0,4,0
slp32,slp32,581,0,5,1,4,4
slp32,slp32,582,0,5,1,4,4
slp32,slp32,583,0,5,1,4,1
slp32,slp32,584,1,5,1,4,4
slp32,slp32,585,1,5,0,1,0
slp32,slp32,586,0,5,0,0,1
slp32,slp32,587,1,5,1,0,1
slp32,slp32,588,0,5,1,1,1
slp32,slp32,589,0,5,0,1,1
slp32,slp32,590,1,5,1,1,1
slp32,slp32,591,2,5,1,0,1
slp32,slp32,592,2,5,4,0,1
slp32,slp32,593,2,5,0,0,0
slp32,slp32,594,2,5,4,2,1
slp32,slp32,595,2,5,4,2,1
slp32,slp32,596,2,5,2,2,2
slp32,slp32,597,2,5,1,2,2
slp32,slp32,598,2,5,0,0,0
slp32,slp32,599,2,5,0,0,0
slp32,slp32,600,2,5,0,1,0
slp32,slp32,601,0,5,0,1,0
slp32,slp32,602,0,5,0,4,0
slp32,slp32,603,0,5,0,4,0
slp32,slp32,604,0,5,0,4,0
slp32,slp32,605,0,5,0,4,0
slp32,slp32,606,0,5,0,4,0
slp32,slp32,607,0,5,0,0,0
slp32,slp32,608,0,5,0,0,0
slp32,slp32,609,0,5,0,0,0
slp32,slp32,610,0,5,0,0,0
slp32,slp32,611,0,5,0,0,0
slp32,slp32,612,0,5,0,0,0
slp32,slp32,613,0,5,0,0,0
slp32,slp32,614,0,5,0,0,0
slp32,slp32,615,0,5,0,0,0
slp32,slp32,616,0,5,0,4,0
slp32,slp32,617,0,5,0,0,0
slp32,slp32,618,0,5,0,0,0
slp32,slp32,619,0,5,0,0,0
slp32,slp32,620,0,5,0,0,0
slp32,slp32,621,0,5,0,0,0
slp32,slp32,622,0,5,0,0,0
slp32,slp32,623,0,5,0,0,0
slp32,slp32,624,0,5,0,0,0
slp32,slp32,625,0,5,0,0,0
slp32,slp32,626,0,5,0,0,0
slp32,slp32,627,0,5,0,0,0
slp32,slp32,628,0,5,0,0,0
slp32,slp32,629,0,5,0,0,0
slp32,slp32,630,0,5,0,0,0
slp32,slp32,631,0,5,0,0,0
slp32,slp32,632,0,5,0,0,0
slp32,slp32,633,0,5,0,0,0
slp32,slp32,634,0,5,0,0,0
slp32,slp32,635,0,5,0,0,0
slp32,slp32,636,0,5,0,0,0
slp32,slp32,637,0,5,0,0,0
slp32,slp32,638,0,5,0,0,0
slp32,slp32,639,0,5,0,0,0
slp37,slp37,2,0,2,1,0,0
slp37,slp37,3,1,2,0,0,0
slp37,slp37,4,1,2,0,0,0
slp37,slp37,5,0,2,0,0,0
slp37,slp37,6,1,2,1,0,0
slp37,slp37,7,1,2,1,0,0
slp37,slp37,8,2,2,1,0,0
slp37,slp37,9,2,2,2,0,0
slp37,slp37,10,2,2,1,0,0
slp37,slp37,11,2,2,4,1,1
slp37,slp37,12,2,2,2,0,0
slp37,slp37,13,2,2,1,0,0
slp37,slp37,14,2,2,2,0,0
slp37,slp37,15,2,2,0,0,0
slp37,slp37,16,2,2,1,0,2
slp37,slp37,17,2,2,2,0,2
slp37,slp37,18,2,2,2,0,2
slp37,slp37,19,2,2,1,2,2
slp37,slp37,20,2,2,1,2,2
slp37,slp37,21,2,2,1,2,2
slp37,slp37,22,2,2,2,2,2
slp37,slp37,23,2,2,2,2,2
slp37,slp37,24,2,2,2,2,2
slp37,slp37,25,2,2,1,2,2
slp37,slp37,26,2,2,2,2,2
slp37,slp37,27,2,2,1,2,2
slp37,slp37,28,2,2,1,2,2
slp37,slp37,29,2,2,1,2,2
slp37,slp37,30,2,2,2,2,2
slp37,slp37,31,2,2,1,2,2
slp37,slp37,32,2,2,2,2,2
slp37,slp37,33,2,2,1,2,2
slp37,slp37,34,2,2,2,2,2
slp37,slp37,35,2,2,2,2,2
slp37,slp37,36,2,2,0,2,2
slp37,slp37,37,2,2,2,2,2
slp37,slp37,38,2,2,1,2,2
slp37,slp37,39,2,2,2,2,2
slp37,slp37,40,2,2,2,2,2
slp37,slp37,41,2,2,2,2,2
slp37,slp37,42,2,2,2,2,2
slp37,slp37,43,2,2,2,2,2
slp37,slp37,44,2,2,1,2,2
slp37,slp37,45,2,2,1,2,2
slp37,slp37,46,2,2,1,2,2
slp37,slp37,47,2,2,2,2,2
slp37,slp37,48,2,2,0,2,2
slp37,slp37,49,2,2,1,2,2
slp37,slp37,50,2,2,1,2,2
slp37,slp37,51,2,2,2,2,2
slp37,slp37,52,2,2,1,2,2
slp37,slp37,53,2,2,1,2,2
slp37,slp37,54,2,2,1,2,2
slp37,slp37,55,2,2,1,2,0
slp37,slp37,56,2,2,2,2,2
slp37,slp37,57,2,2,0,2,2
slp37,slp37,58,2,2,1,2,2
slp37,slp37,59,2,2,1,2,0
slp37,slp37,60,2,2,1,2,2
slp37,slp37,61,2,2,0,2,2
slp37,slp37,62,2,2,1,2,0
slp37,slp37,63,2,2,1,2,0
slp37,slp37,64,2,2,2,2,0
slp37,slp37,65,2,2,0,2,0
slp37,slp37,66,2,2,1,0,0
slp37,slp37,67,2,2,2,2,0
slp37,slp37,68,2,2,1,2,0
slp37,slp37,69,2,2,2,2,0
slp37,slp37,70,2,2,2,2,0
slp37,slp37,71,2,2,1,2,0
slp37,slp37,72,2,2,1,2,2
slp37,slp37,73,2,2,2,2,2
slp37,slp37,74,2,2,1,2,0
slp37,slp37,75,2,2,1,2,2
slp37,slp37,76,2,2,2,2,2
slp37,slp37,77,2,2,1,2,0
slp37,slp37,78,2,2,1,2,2
slp37,slp37,79,2,2,1,2,2
slp37,slp37,80,2,2,2,2,2
slp37,slp37,81,2,2,2,2,0
slp37,slp37,82,2,2,1,0,0
slp37,slp37,83,2,2,1,0,0
slp37,slp37,84,2,2,1,2,0
slp37,slp37,85,2,2,0,2,0
slp37,slp37,86,2,2,0,2,0
slp37,slp37,87,2,2,2,2,0
slp37,slp37,88,2,2,1,0,0
slp37,slp37,89,2,2,2,0,0
slp37,slp37,90,2,2,1,2,0
slp37,slp37,91,2,2,0,2,0
slp37,slp37,92,2,2,1,2,0
slp37,slp37,93,2,2,0,0,0
slp37,slp37,94,2,2,0,0,0
slp37,slp37,95,2,2,2,0,0
slp37,slp37,96,2,2,1,0,0
slp37,slp37,97,2,2,2,0,0
slp37,slp37,98,2,2,2,0,0
slp37,slp37,99,2,2,1,0,0
slp37,slp37,100,2,2,1,0,0
slp37,slp37,101,2,2,2,0,0
slp37,slp37,102,2,2,0,0,0
slp37,slp37,103,2,2,0,0,0
slp37,slp37,104,2,2,1,0,0
slp37,slp37,105,2,2,2,0,0
slp37,slp37,106,2,2,2,0,0
slp37,slp37,107,2,2,1,0,0
slp37,slp37,108,2,2,1,0,0
slp37,slp37,109,2,2,2,0,0
slp37,slp37,110,2,2,0,0,0
slp37,slp37,111,2,2,0,0,0
slp37,slp37,112,2,2,2,1,0
slp37,slp37,113,2,2,1,0,0
slp37,slp37,114,2,2,2,0,0
slp37,slp37,115,2,2,0,0,0
slp37,slp37,116,2,2,1,0,0
slp37,slp37,117,2,2,0,0,0
slp37,slp37,118,2,2,2,0,0
slp37,slp37,119,2,2,2,0,0
slp37,slp37,120,2,2,0,0,0
slp37,slp37,121,2,2,1,0,0
slp37,slp37,122,2,2,1,0,0
slp37,slp37,123,2,2,0,0,0
slp37,slp37,124,2,2,1,0,0
slp37,slp37,125,2,2,2,0,0
slp37,slp37,126,2,2,2,0,0
slp37,slp37,127,2,2,0,0,0
slp37,slp37,128,2,2,2,0,0
slp37,slp37,129,2,2,1,0,0
slp37,slp37,130,2,2,1,0,0
slp37,slp37,131,2,2,2,0,0
slp37,slp37,132,2,2,0,0,0
slp37,slp37,133,2,2,2,0,0
slp37,slp37,134,2,2,1,0,0
slp37,slp37,135,2,2,2,0,0
slp37,slp37,136,2,2,0,0,0
slp37,slp37,137,2,2,1,0,0
slp37,slp37,138,2,2,2,0,0
slp37,slp37,139,2,2,2,0,0
slp37,slp37,140,2,2,1,0,0
slp37,slp37,141,2,2,1,0,0
slp37,slp37,142,2,2,1,0,0
slp37,slp37,143,2,2,1,0,0
slp37,slp37,144,2,2,0,0,0
slp37,slp37,145,2,2,2,0,0
slp37,slp37,146,2,2,2,0,0
slp37,slp37,147,2,2,2,0,0
slp37,slp37,148,2,2,1,0,0
slp37,slp37,149,2,2,2,0,0
slp37,slp37,150,2,2,0,0,0
slp37,slp37,151,1,2,2,0,0
slp37,slp37,152,2,2,1,0,0
slp37,slp37,153,2,2,2,0,0
slp37,slp37,154,2,2,2,0,0
slp37,slp37,155,2,2,2,0,0
slp37,slp37,156,2,2,0,0,0
slp37,slp37,157,0,2,0,1,0
slp37,slp37,158,1,2,1,1,1
slp37,slp37,159,2,2,0,1,0
slp37,slp37,160,1,2,2,1,2
slp37,slp37,161,2,2,0,2,0
slp37,slp37,162,0,2,2,2,2
slp37,slp37,163,2,2,2,4,2
slp37,slp37,164,2,2,2,4,2
slp37,slp37,165,2,2,0,4,2
slp37,slp37,166,2,2,1,4,2
slp37,slp37,167,2,2,1,4,2
slp37,slp37,168,2,2,1,4,2
slp37,slp37,169,2,2,4,4,2
slp37,slp37,170,2,2,2,2,2
slp37,slp37,171,2,2,2,2,2
slp37,slp37,172,2,2,2,2,2
slp37,slp37,173,2,2,0,2,2
slp37,slp37,174,2,2,1,2,2
slp37,slp37,175,2,2,2,0,2
slp37,slp37,176,2,2,2,0,2
slp37,slp37,177,2,2,1,1,2
slp37,slp37,178,2,2,2,2,2
slp37,slp37,179,2,2,1,2,2
slp37,slp37,180,2,2,1,4,2
slp37,slp37,181,2,2,2,2,2
slp37,slp37,182,2,2,2,1,2
slp37,slp37,183,2,2,0,1,0
slp37,slp37,184,2,2,1,1,2
slp37,slp37,185,2,2,2,4,2
slp37,slp37,186,2,2,2,2,2
slp37,slp37,187,2,2,2,2,1
slp37,slp37,188,2,2,2,1,2
slp37,slp37,189,2,2,1,1,2
slp37,slp37,190,2,2,1,1,2
slp37,slp37,191,2,2,1,2,1
slp37,slp37,192,2,2,2,4,1
slp37,slp37,193,2,2,2,2,1
slp37,slp37,194,2,2,1,2,1
slp37,slp37,195,2,2,2,1,2
slp37,slp37,196,2,2,2,0,0
slp37,slp37,197,2,2,1,1,1
slp37,slp37,198,2,2,1,1,1
slp37,slp37,199,2,2,1,1,2
slp37,slp37,200,2,2,1,1,1
slp37,slp37,201,2,2,2,1,1
slp37,slp37,202,2,2,1,1,1
slp37,slp37,203,2,2,1,1,1
slp37,slp37,204,2,2,0,1,0
slp37,slp37,205,0,2,0,0,0
slp37,slp37,206,0,2,0,1,0
slp37,slp37,207,1,2,0,1,0
slp37,slp37,208,2,2,2,1,0
slp37,slp37,209,2,2,1,1,1
slp37,slp37,210,2,2,1,1,0
slp37,slp37,211,2,2,2,1,0
slp37,slp37,212,2,2,0,1,1
slp37,slp37,213,2,2,1,1,1
slp37,slp37,214,2,2,2,1,0
slp37,slp37,215,2,2,0,1,1
slp37,slp37,216,2,2,1,1,1
slp37,slp37,217,2,2,0,1,0
slp37,slp37,218,2,2,2,0,0
slp37,slp37,219,2,2,2,0,0
slp37,slp37,220,2,2,2,1,1
slp37,slp37,221,2,2,0,1,0
slp37,slp37,222,2,2,2,1,0
slp37,slp37,223,2,2,2,1,1
slp37,slp37,224,2,2,2,1,1
slp37,slp37,225,2,2,2,1,0
slp37,slp37,226,2,2,0,1,0
slp37,slp37,227,2,2,1,1,0
slp37,slp37,228,2,2,2,1,0
slp37,slp37,229,2,2,2,1,0
slp37,slp37,230,2,2,1,1,1
slp37,slp37,231,2,2,2,1,0
slp37,slp37,232,2,2,2,1,0
slp37,slp37,233,2,2,2,0,0
slp37,slp37,234,2,2,2,0,0
slp37,slp37,235,2,2,0,1,0
slp37,slp37,236,2,2,0,2,0
slp37,slp37,237,2,2,2,2,0
slp37,slp37,238,2,2,0,2,0
slp37,slp37,239,2,2,0,2,0
slp37,slp37,240,0,2,0,0,0
slp37,slp37,241,0,2,0,0,0
slp37,slp37,242,0,2,0,0,0
slp37,slp37,243,0,2,0,0,0
slp37,slp37,244,0,2,1,0,0
slp37,slp37,245,1,2,2,4,2
slp37,slp37,246,2,2,0,1,0
slp37,slp37,247,2,2,0,0,0
slp37,slp37,248,2,2,0,0,0
slp37,slp37,249,2,2,2,0,2
slp37,slp37,250,2,2,1,1,0
slp37,slp37,251,2,2,1,1,0
slp37,slp37,252,2,2,2,1,0
slp37,slp37,253,2,2,2,1,0
slp37,slp37,254,2,2,2,1,0
slp37,slp37,255,2,2,1,0,0
slp37,slp37,256,2,2,1,0,0
slp37,slp37,257,2,2,1,1,0
slp37,slp37,258,2,2,0,1,0
slp37,slp37,259,2,2,2,0,0
slp37,slp37,260,2,2,2,0,0
slp37,slp37,261,2,2,2,1,0
slp37,slp37,262,2,2,0,1,0
slp37,slp37,263,2,2,2,1,0
slp37,slp37,264,2,2,1,1,1
slp37,slp37,265,2,2,0,1,0
slp37,slp37,266,2,2,0,1,0
slp37,slp37,267,2,2,1,1,0
slp37,slp37,268,2,2,1,1,0
slp37,slp37,269,2,2,0,1,0
slp37,slp37,270,2,2,0,1,1
slp37,slp37,271,2,2,0,1,1
slp37,slp37,272,2,2,2,1,0
slp37,slp37,273,2,2,0,1,0
slp37,slp37,274,2,2,1,1,2
slp37,slp37,275,2,2,2,1,2
slp37,slp37,276,2,2,2,1,2
slp37,slp37,277,2,2,2,1,2
slp37,slp37,278,2,2,2,2,2
slp37,slp37,279,2,2,2,2,2
slp37,slp37,280,2,2,2,2,2
slp37,slp37,281,2,2,2,2,2
slp37,slp37,282,2,2,2,2,2
slp37,slp37,283,2,2,0,2,2
slp37,slp37,284,2,2,0,2,2
slp37,slp37,285,2,2,0,2,2
slp37,slp37,286,2,2,2,2,2
slp37,slp37,287,2,2,2,2,2
slp37,slp37,288,2,2,3,2,3
slp37,slp37,289,2,2,0,2,2
slp37,slp37,290,2,2,2,2,2
slp37,slp37,291,2,2,0,2,2
slp37,slp37,292,2,2,2,2,2
slp37,slp37,293,2,2,0,4,3
slp37,slp37,294,2,2,1,2,4
slp37,slp37,295,2,2,0,4,2
slp37,slp37,296,2,2,1,4,2
slp37,slp37,297,2,2,2,4,2
slp37,slp37,298,2,2,1,4,2
slp37,slp37,299,2,2,2,2,2
slp37,slp37,300,2,2,2,4,2
slp37,slp37,301,2,2,2,4,2
slp37,slp37,302,2,2,1,4,4
slp37,slp37,303,2,2,2,4,2
slp37,slp37,304,2,2,2,4,2
slp37,slp37,305,2,2,0,2,1
slp37,slp37,306,2,2,2,2,2
slp37,slp37,307,2,2,2,2,2
slp37,slp37,308,2,2,0,4,0
slp37,slp37,309,2,2,0,4,0
slp37,slp37,310,0,2,0,4,0
slp37,slp37,311,0,2,0,0,0
slp37,slp37,312,0,2,0,0,0
slp37,slp37,313,0,2,0,0,0
slp37,slp37,314,0,2,1,0,0
slp37,slp37,315,0,2,1,0,0
slp37,slp37,316,0,2,0,0,0
slp37,slp37,317,0,2,0,0,0
slp37,slp37,318,0,2,0,0,0
slp37,slp37,319,0,2,0,0,0
slp37,slp37,320,0,2,0,0,0
slp37,slp37,321,0,2,0,0,0
slp37,slp37,322,0,2,0,0,0
slp37,slp37,323,0,2,0,0,0
slp37,slp37,324,0,2,0,0,0
slp37,slp37,325,0,2,0,0,0
slp37,slp37,326,0,2,0,0,0
slp37,slp37,327,0,2,0,0,0
slp37,slp37,328,0,2,0,0,0
slp37,slp37,329,0,2,0,0,0
slp37,slp37,330,0,2,1,0,0
slp37,slp37,331,0,2,0,0,0
slp37,slp37,332,0,2,0,0,0
slp37,slp37,333,0,2,0,0,0
slp37,slp37,334,0,2,4,0,0
slp37,slp37,335,0,2,0,0,0
slp37,slp37,336,0,2,0,0,0
slp37,slp37,337,0,2,0,0,0
slp37,slp37,338,0,2,0,0,0
slp37,slp37,339,0,2,0,4,0
slp37,slp37,340,0,2,0,4,0
slp37,slp37,341,0,2,0,4,0
slp37,slp37,342,0,2,0,4,0
slp37,slp37,343,0,2,0,4,0
slp37,slp37,344,0,2,0,3,0
slp37,slp37,345,0,2,0,3,0
slp37,slp37,346,0,2,0,3,0
slp37,slp37,347,0,2,0,3,0
slp37,slp37,348,0,2,0,0,0
slp37,slp37,349,0,2,0,3,0
slp37,slp37,350,0,2,0,2,0
slp37,slp37,351,0,2,0,2,0
slp37,slp37,352,1,2,0,2,0
slp37,slp37,353,0,2,0,2,0
slp37,slp37,354,0,2,1,2,0
slp37,slp37,355,1,2,1,2,2
slp37,slp37,356,1,2,1,2,1
slp37,slp37,357,2,2,1,4,0
slp37,slp37,358,2,2,1,4,4
slp37,slp37,359,2,2,1,0,1
slp37,slp37,360,2,2,2,0,2
slp37,slp37,361,2,2,0,1,0
slp37,slp37,362,2,2,0,1,0
slp37,slp37,363,0,2,1,1,0
slp37,slp37,364,1,2,0,1,0
slp37,slp37,365,2,2,0,1,1
slp37,slp37,366,2,2,0,1,0
slp37,slp37,367,2,2,2,1,0
slp37,slp37,368,1,2,1,1,1
slp37,slp37,369,2,2,2,1,1
slp37,slp37,370,2,2,2,1,2
slp37,slp37,371,2,2,2,1,2
slp37,slp37,372,2,2,2,1,0
slp37,slp37,373,2,2,2,0,1
slp37,slp37,374,2,2,2,1,2
slp37,slp37,375,2,2,2,1,2
slp37,slp37,376,2,2,0,0,0
slp37,slp37,377,2,2,0,2,0
slp37,slp37,378,0,2,0,2,0
slp37,slp37,379,0,2,0,2,0
slp37,slp37,380,0,2,1,0,0
slp37,slp37,381,0,2,0,2,0
slp37,slp37,382,1,2,1,2,1
slp37,slp37,383,2,2,1,0,1
slp37,slp37,384,2,2,0,0,0
slp37,slp37,385,2,2,0,0,0
slp37,slp37,386,2,2,1,0,0
slp37,slp37,387,2,2,0,0,0
slp37,slp37,388,2,2,0,0,0
slp37,slp37,389,2,2,2,0,0
slp37,slp37,390,2,2,0,0,0
slp37,slp37,391,2,2,2,0,0
slp37,slp37,392,2,2,2,0,0
slp37,slp37,393,2,2,1,0,0
slp37,slp37,394,2,2,0,0,0
slp37,slp37,395,2,2,0,0,0
slp37,slp37,396,2,2,1,0,0
slp37,slp37,397,2,2,2,0,0
slp37,slp37,398,2,2,2,0,0
slp37,slp37,399,2,2,2,0,0
slp37,slp37,400,2,2,1,0,0
slp37,slp37,401,2,2,2,0,0
slp37,slp37,402,2,2,1,0,0
slp37,slp37,403,2,2,2,0,0
slp37,slp37,404,2,2,2,0,2
slp37,slp37,405,2,2,0,0,0
slp37,slp37,406,2,2,2,2,2
slp37,slp37,407,2,2,1,2,0
slp37,slp37,408,2,2,2,0,2
slp37,slp37,409,2,2,0,2,2
slp37,slp37,410,2,2,2,0,2
slp37,slp37,411,2,2,1,2,0
slp37,slp37,412,2,2,2,2,0
slp37,slp37,413,2,2,2,0,0
slp37,slp37,414,2,2,2,2,0
slp37,slp37,415,2,2,2,2,2
slp37,slp37,416,2,2,1,2,0
slp37,slp37,417,2,2,0,2,0
slp37,slp37,418,2,2,1,2,0
slp37,slp37,419,2,2,2,2,0
slp37,slp37,420,2,2,1,2,0
slp37,slp37,421,2,2,0,2,0
slp37,slp37,422,2,2,2,2,0
slp37,slp37,423,2,2,2,2,0
slp37,slp37,424,2,2,2,0,0
slp37,slp37,425,2,2,0,0,0
slp37,slp37,426,2,2,0,0,0
slp37,slp37,427,2,2,2,2,0
slp37,slp37,428,2,2,2,2,0
slp37,slp37,429,2,2,2,2,0
slp37,slp37,430,2,2,2,2,0
slp37,slp37,431,2,2,2,2,0
slp37,slp37,432,2,2,2,2,0
slp37,slp37,433,2,2,2,2,0
slp37,slp37,434,2,2,0,2,0
slp37,slp37,435,2,2,2,2,0
slp37,slp37,436,2,2,1,2,0
slp37,slp37,437,2,2,1,2,0
slp37,slp37,438,2,2,4,0,2
slp37,slp37,439,2,2,2,0,0
slp37,slp37,440,2,2,0,0,0
slp37,slp37,441,2,2,2,2,0
slp37,slp37,442,2,2,2,0,0
slp37,slp37,443,2,2,1,0,0
slp37,slp37,444,2,2,2,0,0
slp37,slp37,445,2,2,1,2,0
slp37,slp37,446,2,2,2,2,0
slp37,slp37,447,2,2,2,2,0
slp37,slp37,448,2,2,2,2,2
slp37,slp37,449,2,2,2,0,0
slp37,slp37,450,2,2,1,0,0
slp37,slp37,451,2,2,2,0,0
slp37,slp37,452,2,2,1,0,0
slp37,slp37,453,2,2,2,0,0
slp37,slp37,454,2,2,0,2,0
slp37,slp37,455,2,2,0,0,0
slp37,slp37,456,2,2,1,0,0
slp37,slp37,457,2,2,2,0,0
slp37,slp37,458,2,2,0,0,0
slp37,slp37,459,2,2,1,0,0
slp37,slp37,460,2,2,2,0,0
slp37,slp37,461,2,2,1,2,0
slp37,slp37,462,2,2,0,2,0
slp37,slp37,463,2,2,0,1,0
slp37,slp37,464,2,2,2,1,0
slp37,slp37,465,2,2,1,2,0
slp37,slp37,466,2,2,2,2,0
slp37,slp37,467,2,2,0,1,0
slp37,slp37,468,2,2,0,0,0
slp37,slp37,469,2,2,0,0,0
slp37,slp37,470,2,2,2,0,2
slp37,slp37,471,2,2,2,1,0
slp37,slp37,472,2,2,2,2,2
slp37,slp37,473,2,2,1,2,0
slp37,slp37,474,2,2,2,2,0
slp37,slp37,475,2,2,0,2,0
slp37,slp37,476,2,2,0,2,0
slp37,slp37,477,2,2,2,0,0
slp37,slp37,478,2,2,1,2,0
slp37,slp37,479,2,2,1,2,0
slp37,slp37,480,2,2,2,2,0
slp37,slp37,481,2,2,2,2,0
slp37,slp37,482,2,2,2,2,2
slp37,slp37,483,2,2,0,2,0
slp37,slp37,484,2,2,2,2,2
slp37,slp37,485,2,2,0,2,0
slp37,slp37,486,2,2,1,2,0
slp37,slp37,487,2,2,2,2,0
slp37,slp37,488,2,2,1,2,0
slp37,slp37,489,2,2,0,2,0
slp37,slp37,490,2,2,1,2,0
slp37,slp37,491,2,2,0,2,0
slp37,slp37,492,2,2,2,2,0
slp37,slp37,493,2,2,0,2,0
slp37,slp37,494,2,2,2,2,0
slp37,slp37,495,2,2,1,2,0
slp37,slp37,496,2,2,2,2,0
slp37,slp37,497,2,2,1,0,0
slp37,slp37,498,2,2,0,2,0
slp37,slp37,499,2,2,1,2,2
slp37,slp37,500,2,2,0,2,4
slp37,slp37,501,2,2,2,2,2
slp37,slp37,502,2,2,0,2,2
slp37,slp37,503,2,2,2,2,2
slp37,slp37,504,2,2,0,2,2
slp37,slp37,505,2,2,1,2,2
slp37,slp37,506,2,2,0,2,2
slp37,slp37,507,2,2,0,2,0
slp37,slp37,508,2,2,1,2,2
slp37,slp37,509,2,2,2,2,2
slp37,slp37,510,2,2,2,2,2
slp37,slp37,511,2,2,2,0,2
slp37,slp37,512,2,2,0,2,0
slp37,slp37,513,2,2,1,0,0
slp37,slp37,514,2,2,0,0,0
slp37,slp37,515,2,2,1,2,0
slp37,slp37,516,2,2,0,0,0
slp37,slp37,517,2,2,0,0,0
slp37,slp37,518,2,2,0,0,0
slp37,slp37,519,2,2,1,0,0
slp37,slp37,520,2,2,0,0,0
slp37,slp37,521,2,2,1,0,0
slp37,slp37,522,2,2,2,0,0
slp37,slp37,523,2,2,0,0,0
slp37,slp37,524,2,2,2,0,0
slp37,slp37,525,2,2,2,0,0
slp37,slp37,526,2,2,2,0,0
slp37,slp37,527,2,2,2,0,0
slp37,slp37,528,2,2,0,0,0
slp37,slp37,529,2,2,2,2,0
slp37,slp37,530,2,2,0,2,0
slp37,slp37,531,2,2,0,2,0
slp37,slp37,532,2,2,0,2,0
slp37,slp37,533,2,2,0,2,0
slp37,slp37,534,2,2,0,2,0
slp37,slp37,535,2,2,0,2,0
slp37,slp37,536,2,2,0,2,0
slp37,slp37,537,2,2,0,2,0
slp37,slp37,538,0,2,0,2,0
slp37,slp37,539,0,2,0,0,0
slp37,slp37,540,0,2,0,0,0
slp37,slp37,541,0,2,0,0,0
slp37,slp37,542,0,2,0,0,0
slp37,slp37,543,0,2,0,0,0
slp37,slp37,544,0,2,0,0,0
slp37,slp37,545,0,2,1,0,0
slp37,slp37,546,0,2,0,0,0
slp37,slp37,547,0,2,2,0,0
slp37,slp37,548,0,2,2,0,0
slp37,slp37,549,0,2,2,0,0
slp37,slp37,550,1,2,2,1,0
slp37,slp37,551,2,2,2,1,0
slp37,slp37,552,2,2,2,1,1
slp37,slp37,553,2,2,2,1,1
slp37,slp37,554,2,2,2,1,1
slp37,slp37,555,2,2,2,2,1
slp37,slp37,556,2,2,2,2,0
slp37,slp37,557,2,2,2,2,2
slp37,slp37,558,2,2,2,2,2
slp37,slp37,559,2,2,2,1,2
slp37,slp37,560,2,2,0,2,1
slp37,slp37,561,2,2,2,2,1
slp37,slp37,562,2,2,2,2,2
slp37,slp37,563,2,2,0,2,1
slp37,slp37,564,2,2,2,2,1
slp37,slp37,565,2,2,0,2,2
slp37,slp37,566,2,2,0,2,2
slp37,slp37,567,2,2,0,2,2
slp37,slp37,568,2,2,2,2,2
slp37,slp37,569,2,2,0,2,2
slp37,slp37,570,2,2,0,2,2
slp37,slp37,571,2,2,0,2,2
slp37,slp37,572,2,2,2,2,2
slp37,slp37,573,2,2,2,2,2
slp37,slp37,574,2,2,0,0,2
slp37,slp37,575,2,2,2,0,2
slp37,slp37,576,2,2,0,0,2
slp37,slp37,577,2,2,0,0,2
slp37,slp37,578,2,2,0,0,0
slp37,slp37,579,2,2,0,0,2
slp37,slp37,580,2,2,2,0,2
slp37,slp37,581,2,2,0,0,2
slp37,slp37,582,2,2,2,0,2
slp37,slp37,583,2,2,0,2,2
slp37,slp37,584,2,2,0,0,2
slp37,slp37,585,2,2,2,2,2
slp37,slp37,586,2,2,2,2,2
slp37,slp37,587,2,2,0,2,2
slp37,slp37,588,2,2,0,2,2
slp37,slp37,589,2,2,0,2,2
slp37,slp37,590,2,2,0,2,2
slp37,slp37,591,2,2,0,2,2
slp37,slp37,592,2,2,0,2,2
slp37,slp37,593,2,2,0,2,2
slp37,slp37,594,2,2,0,2,2
slp37,slp37,595,2,2,0,2,2
slp37,slp37,596,2,2,2,2,2
slp37,slp37,597,2,2,0,2,2
slp37,slp37,598,2,2,0,2,2
slp37,slp37,599,2,2,0,2,2
slp37,slp37,600,2,2,0,2,2
slp37,slp37,601,2,2,0,2,2
slp37,slp37,602,2,2,2,2,2
slp37,slp37,603,2,2,0,2,2
slp37,slp37,604,2,2,0,2,2
slp37,slp37,605,2,2,0,2,2
slp37,slp37,606,2,2,0,2,2
slp37,slp37,607,2,2,0,2,2
slp37,slp37,608,2,2,0,2,2
slp37,slp37,609,2,2,0,2,2
slp37,slp37,610,2,2,2,2,2
slp37,slp37,611,2,2,2,2,2
slp37,slp37,612,2,2,0,2,2
slp37,slp37,613,2,2,0,2,2
slp37,slp37,614,2,2,0,2,2
slp37,slp37,615,2,2,0,2,2
slp37,slp37,616,2,2,0,2,2
slp37,slp37,617,2,2,0,2,2
slp37,slp37,618,2,2,0,2,2
slp37,slp37,619,2,2,0,2,2
slp37,slp37,620,2,2,0,2,2
slp37,slp37,621,2,2,0,2,2
slp37,slp37,622,2,2,0,2,2
slp37,slp37,623,2,2,0,2,2
slp37,slp37,624,2,2,0,2,2
slp37,slp37,625,2,2,0,2,2
slp37,slp37,626,2,2,0,2,2
slp37,slp37,627,2,2,0,2,2
slp37,slp37,628,2,2,0,2,2
slp37,slp37,629,2,2,2,2,2
slp37,slp37,630,2,2,0,2,2
slp37,slp37,631,2,2,0,2,2
slp37,slp37,632,2,2,0,2,2
slp37,slp37,633,2,2,0,2,2
slp37,slp37,634,2,2,0,2,2
slp37,slp37,635,2,2,0,2,2
slp37,slp37,636,2,2,0,2,2
slp37,slp37,637,2,2,0,2,2
slp37,slp37,638,2,2,0,2,2
slp37,slp37,639,2,2,0,2,2
slp37,slp37,640,2,2,0,2,2
slp37,slp37,641,2,2,0,2,2
slp37,slp37,642,2,2,0,2,2
slp37,slp37,643,2,2,0,2,2
slp37,slp37,644,2,2,0,2,2
slp37,slp37,645,2,2,0,2,2
slp37,slp37,646,2,2,0,2,2
slp37,slp37,647,2,2,0,2,2
slp37,slp37,648,2,2,0,2,2
slp37,slp37,649,2,2,0,2,2
slp37,slp37,650,2,2,0,2,2
slp37,slp37,651,2,2,0,2,2
slp37,slp37,652,2,2,0,2,2
slp37,slp37,653,2,2,0,2,2
slp37,slp37,654,2,2,0,2,2
slp37,slp37,655,2,2,0,2,2
slp37,slp37,656,2,2,0,2,2
slp37,slp37,657,2,2,0,2,2
slp37,slp37,658,2,2,0,2,2
slp37,slp37,659,2,2,0,2,2
slp37,slp37,660,2,2,0,2,2
slp37,slp37,661,2,2,0,2,2
slp37,slp37,662,2,2,0,2,2
slp37,slp37,663,2,2,0,2,2
slp37,slp37,664,2,2,0,2,2
slp37,slp37,665,2,2,0,2,2
slp37,slp37,666,2,2,0,2,2
slp37,slp37,667,2,2,0,2,2
slp37,slp37,668,2,2,0,2,2
slp37,slp37,669,2,2,0,2,2
slp37,slp37,670,2,2,0,2,2
slp37,slp37,671,2,2,0,2,2
slp37,slp37,672,2,2,0,2,2
slp37,slp37,673,2,2,2,2,2
slp37,slp37,674,2,2,0,2,2
slp37,slp37,675,2,2,0,2,2
slp37,slp37,676,4,2,0,2,2
slp37,slp37,677,4,2,0,2,2
slp37,slp37,678,4,2,0,2,2
slp37,slp37,679,4,2,0,2,2
slp37,slp37,680,4,2,0,2,2
slp37,slp37,681,4,2,0,2,2
slp37,slp37,682,4,2,1,2,2
slp37,slp37,683,4,2,0,2,2
slp37,slp37,684,4,2,0,0,0
slp37,slp37,685,4,2,0,0,0
slp37,slp37,686,4,2,0,0,0
slp37,slp37,687,0,2,0,0,0
slp37,slp37,688,0,2,0,0,0
slp37,slp37,689,0,2,0,0,0
slp37,slp37,690,1,2,1,0,0
slp37,slp37,691,1,2,2,0,0
slp37,slp37,692,1,2,0,1,0
slp37,slp37,693,1,2,1,1,0
slp37,slp37,694,2,2,2,1,2
slp37,slp37,695,2,2,0,1,2
slp37,slp37,696,1,2,0,1,2
slp37,slp37,697,2,2,0,0,2
slp37,slp37,698,2,2,0,1,2
slp37,slp37,699,2,2,2,0,2
slp41,slp41,0,0,1,0,0,0
slp41,slp41,1,0,1,0,0,0
slp41,slp41,2,0,1,0,0,0
slp41,slp41,3,0,1,2,0,0
slp41,slp41,4,0,1,2,0,0
slp41,slp41,5,0,1,2,1,0
slp41,slp41,6,0,1,2,4,0
slp41,slp41,7,0,1,2,0,0
slp41,slp41,8,0,1,2,0,0
slp41,slp41,9,0,1,0,0,0
slp41,slp41,10,0,1,1,0,0
slp41,slp41,11,0,1,2,0,0
slp41,slp41,12,0,1,0,0,0
slp41,slp41,13,0,1,2,0,0
slp41,slp41,14,0,1,0,0,0
slp41,slp41,15,0,1,0,0,0
slp41,slp41,16,0,1,0,0,0
slp41,slp41,17,0,1,0,0,0
slp41,slp41,18,0,1,0,0,0
slp41,slp41,19,0,1,0,0,0
slp41,slp41,20,0,1,0,0,0
slp41,slp41,21,0,1,2,0,0
slp41,slp41,22,0,1,2,0,0
slp41,slp41,23,0,1,2,0,0
slp41,slp41,24,0,1,0,0,0
slp41,slp41,25,0,1,1,0,0
slp41,slp41,26,0,1,0,0,0
slp41,slp41,27,0,1,0,0,0
slp41,slp41,28,0,1,0,0,0
slp41,slp41,29,0,1,0,0,0
slp41,slp41,30,0,1,0,4,0
slp41,slp41,31,0,1,0,0,0
slp41,slp41,32,0,1,2,0,0
slp41,slp41,33,0,1,0,4,0
slp41,slp41,34,0,1,2,4,0
slp41,slp41,35,0,1,2,4,0
slp41,slp41,36,0,1,0,4,0
slp41,slp41,37,0,1,2,4,0
slp41,slp41,38,0,1,2,4,0
slp41,slp41,39,0,1,2,0,0
slp41,slp41,40,0,1,2,0,0
slp41,slp41,41,0,1,0,0,0
slp41,slp41,42,0,1,0,0,0
slp41,slp41,43,0,1,0,0,0
slp41,slp41,44,0,1,0,0,0
slp41,slp41,45,0,1,0,0,0
slp41,slp41,46,0,1,0,0,0
slp41,slp41,47,0,1,0,0,0
slp41,slp41,48,0,1,0,0,0
slp41,slp41,49,0,1,0,0,0
slp41,slp41,50,0,1,0,0,0
slp41,slp41,51,0,1,0,0,0
slp41,slp41,52,0,1,0,0,0
slp41,slp41,53,0,1,0,0,0
slp41,slp41,54,0,1,0,0,0
slp41,slp41,55,0,1,0,0,0
slp41,slp41,56,0,1,2,0,0
slp41,slp41,57,0,1,0,0,0
slp41,slp41,58,0,1,0,0,0
slp41,slp41,59,0,1,0,0,0
slp41,slp41,60,0,1,0,0,0
slp41,slp41,61,0,1,0,0,0
slp41,slp41,62,0,1,0,0,0
slp41,slp41,63,0,1,0,0,0
slp41,slp41,64,0,1,2,0,0
slp41,slp41,65,0,1,0,4,0
slp41,slp41,66,0,1,0,0,0
slp41,slp41,67,0,1,0,0,0
slp41,slp41,68,0,1,0,0,0
slp41,slp41,69,0,1,0,0,0
slp41,slp41,70,0,1,0,0,0
slp41,slp41,71,0,1,0,0,0
slp41,slp41,72,0,1,2,0,0
slp41,slp41,73,0,1,2,0,0
slp41,slp41,74,0,1,0,4,0
slp41,slp41,75,0,1,0,4,0
slp41,slp41,76,0,1,0,4,0
slp41,slp41,77,0,1,0,4,0
slp41,slp41,78,0,1,0,4,0
slp41,slp41,79,0,1,0,0,0
slp41,slp41,80,0,1,0,0,4
slp41,slp41,81,0,1,0,0,0
slp41,slp41,82,0,1,0,0,0
slp41,slp41,83,0,1,0,0,0
slp41,slp41,84,1,1,0,4,0
slp41,slp41,85,1,1,0,4,0
slp41,slp41,86,1,1,0,4,0
slp41,slp41,87,1,1,0,4,0
slp41,slp41,88,1,1,0,4,0
slp41,slp41,89,1,1,0,4,0
slp41,slp41,90,1,1,0,4,0
slp41,slp41,91,1,1,1,4,0
slp41,slp41,92,1,1,2,4,1
slp41,slp41,93,1,1,2,4,0
slp41,slp41,94,1,1,4,4,4
slp41,slp41,95,1,1,0,4,0
slp41,slp41,96,0,1,0,4,0
slp41,slp41,97,1,1,1,4,1
slp41,slp41,98,2,1,2,4,0
slp41,slp41,99,1,1,2,4,4
slp41,slp41,100,1,1,0,4,0
slp41,slp41,101,0,1,0,4,0
slp41,slp41,102,0,1,0,4,0
slp41,slp41,103,1,1,1,4,0
slp41,slp41,104,1,1,1,4,0
slp41,slp41,105,1,1,1,4,4
slp41,slp41,106,1,1,2,4,4
slp41,slp41,107,2,1,1,0,4
slp41,slp41,108,2,1,2,4,4
slp41,slp41,109,2,1,1,4,4
slp41,slp41,110,2,1,2,0,4
slp41,slp41,111,2,1,2,0,4
slp41,slp41,112,2,1,2,0,1
slp41,slp41,113,1,1,2,2,1
slp41,slp41,114,2,1,2,2,2
slp41,slp41,115,2,1,2,2,1
slp41,slp41,116,2,1,1,2,1
slp41,slp41,117,2,1,2,1,2
slp41,slp41,118,2,1,4,2,1
slp41,slp41,119,1,1,2,2,1
slp41,slp41,120,1,1,2,1,1
slp41,slp41,121,2,1,2,1,1
slp41,slp41,122,2,1,2,1,1
slp41,slp41,123,1,1,2,1,1
slp41,slp41,124,1,1,2,1,1
slp41,slp41,125,2,1,2,1,2
slp41,slp41,126,2,1,2,1,1
slp41,slp41,127,2,1,2,2,1
slp41,slp41,128,2,1,2,1,1
slp41,slp41,129,2,1,2,1,1
slp41,slp41,130,1,1,2,1,2
slp41,slp41,131,2,1,2,1,2
slp41,slp41,132,2,1,2,1,1
slp41,slp41,133,2,1,2,1,1
slp41,slp41,134,1,1,2,1,1
slp41,slp41,135,0,1,0,0,0
slp41,slp41,136,0,1,0,0,0
slp41,slp41,137,0,1,0,0,0
slp41,slp41,138,0,1,0,0,0
slp41,slp41,139,0,1,0,0,0
slp41,slp41,140,0,1,0,2,0
slp41,slp41,141,0,1,2,1,2
slp41,slp41,142,0,1,0,1,1
slp41,slp41,143,0,1,0,2,0
slp41,slp41,144,0,1,0,1,0
slp41,slp41,145,1,1,0,2,0
slp41,slp41,146,1,1,2,2,0
slp41,slp41,147,1,1,1,4,4
slp41,slp41,148,1,1,0,4,0
slp41,slp41,149,1,1,2,4,4
slp41,slp41,150,1,1,2,4,2
slp41,slp41,151,1,1,2,2,1
slp41,slp41,152,2,1,1,2,4
slp41,slp41,153,2,1,1,0,1
slp41,slp41,154,2,1,1,0,4
slp41,slp41,155,2,1,1,0,1
slp41,slp41,156,1,1,1,0,1
slp41,slp41,157,2,1,1,0,1
slp41,slp41,158,2,1,1,0,1
slp41,slp41,159,1,1,1,0,1
slp41,slp41,160,1,1,1,0,1
slp41,slp41,161,1,1,1,4,4
slp41,slp41,162,1,1,1,2,4
slp41,slp41,163,2,1,1,2,1
slp41,slp41,164,1,1,1,2,1
slp41,slp41,165,1,1,1,2,1
slp41,slp41,166,2,1,1,2,1
slp41,slp41,167,1,1,1,1,1
slp41,slp41,168,1,1,1,1,1
slp41,slp41,169,1,1,1,1,1
slp41,slp41,170,2,1,1,1,1
slp41,slp41,171,1,1,1,1,1
slp41,slp41,172,1,1,1,1,1
slp41,slp41,173,2,1,1,1,1
slp41,slp41,174,1,1,1,1,1
slp41,slp41,175,0,1,0,1,2
slp41,slp41,176,1,1,1,1,1
slp41,slp41,177,2,1,1,1,1
slp41,slp41,178,1,1,1,1,1
slp41,slp41,179,1,1,1,1,1
slp41,slp41,180,1,1,1,1,1
slp41,slp41,181,2,1,1,2,1
slp41,slp41,182,2,1,1,2,2
slp41,slp41,183,1,1,1,2,1
slp41,slp41,184,2,1,1,2,2
slp41,slp41,185,2,1,1,2,2
slp41,slp41,186,1,1,1,2,2
slp41,slp41,187,1,1,1,2,2
slp41,slp41,188,2,1,1,2,2
slp41,slp41,189,1,1,1,2,1
slp41,slp41,190,1,1,1,2,1
slp41,slp41,191,2,1,1,1,1
slp41,slp41,192,2,1,1,1,1
slp41,slp41,193,1,1,1,1,1
slp41,slp41,194,1,1,1,1,1
slp41,slp41,195,1,1,1,1,1
slp41,slp41,196,2,1,1,1,1
slp41,slp41,197,1,1,1,1,1
slp41,slp41,198,1,1,1,1,1
slp41,slp41,199,2,1,1,1,1
slp41,slp41,200,2,1,1,1,1
slp41,slp41,201,1,1,1,1,1
slp41,slp41,202,1,1,1,1,1
slp41,slp41,203,1,1,1,1,1
slp41,slp41,204,1,1,2,1,2
slp41,slp41,205,2,1,2,1,2
slp41,slp41,206,2,1,1,1,2
slp41,slp41,207,1,1,1,1,1
slp41,slp41,208,1,1,1,1,1
slp41,slp41,209,2,1,1,1,1
slp41,slp41,210,2,1,1,2,1
slp41,slp41,211,2,1,1,2,1
slp41,slp41,212,1,1,1,2,1
slp41,slp41,213,1,1,1,2,1
slp41,slp41,214,2,1,1,2,2
slp41,slp41,215,2,1,1,2,2
slp41,slp41,216,1,1,1,2,2
slp41,slp41,217,2,1,1,2,2
slp41,slp41,218,2,1,1,2,2
slp41,slp41,219,2,1,1,2,2
slp41,slp41,220,1,1,1,2,2
slp41,slp41,221,1,1,1,2,2
slp41,slp41,222,1,1,1,2,2
slp41,slp41,223,2,1,1,2,2
slp41,slp41,224,2,1,1,2,2
slp41,slp41,225,2,1,2,2,2
slp41,slp41,226,2,1,1,2,2
slp41,slp41,227,1,1,2,2,2
slp41,slp41,228,2,1,1,2,2
slp41,slp41,229,1,1,1,2,2
slp41,slp41,230,1,1,1,2,2
slp41,slp41,231,2,1,1,2,2
slp41,slp41,232,2,1,1,2,2
slp41,slp41,233,1,1,1,2,2
slp41,slp41,234,2,1,1,2,2
slp41,slp41,235,2,1,1,2,2
slp41,slp41,236,1,1,1,2,2
slp41,slp41,237,1,1,1,2,1
slp41,slp41,238,2,1,1,2,1
slp41,slp41,239,1,1,1,2,1
slp41,slp41,240,2,1,1,2,2
slp41,slp41,241,1,1,0,2,1
slp41,slp41,242,1,1,0,2,1
slp41,slp41,243,1,1,0,2,2
slp41,slp41,244,1,1,0,2,2
slp41,slp41,245,0,1,0,2,0
slp41,slp41,246,0,1,0,2,0
slp41,slp41,247,1,1,0,2,0
slp41,slp41,248,1,1,0,2,2
slp41,slp41,249,0,1,0,2,0
slp41,slp41,250,1,1,1,2,2
slp41,slp41,251,1,1,1,2,2
slp41,slp41,252,1,1,1,2,2
slp41,slp41,253,2,1,0,2,2
slp41,slp41,254,2,1,2,2,2
slp41,slp41,255,1,1,1,2,2
slp41,slp41,256,2,1,1,2,2
slp41,slp41,257,1,1,1,2,2
slp41,slp41,258,2,1,1,2,1
slp41,slp41,259,1,1,1,1,1
slp41,slp41,260,1,1,1,1,1
slp41,slp41,261,2,1,1,1,1
slp41,slp41,262,1,1,1,1,1
slp41,slp41,263,1,1,1,1,1
slp41,slp41,264,2,1,1,1,1
slp41,slp41,265,2,1,1,2,1
slp41,slp41,266,1,1,1,2,1
slp41,slp41,267,2,1,1,2,2
slp41,slp41,268,1,1,1,2,2
slp41,slp41,269,2,1,1,2,1
slp41,slp41,270,1,1,0,2,1
slp41,slp41,271,1,1,0,2,1
slp41,slp41,272,1,1,0,2,2
slp41,slp41,273,1,1,1,2,2
slp41,slp41,274,2,1,0,2,2
slp41,slp41,275,1,1,1,2,2
slp41,slp41,276,1,1,1,2,2
slp41,slp41,277,2,1,1,2,2
slp41,slp41,278,2,1,1,2,2
slp41,slp41,279,1,1,0,2,2
slp41,slp41,280,0,1,0,2,2
slp41,slp41,281,0,1,0,2,2
slp41,slp41,282,0,1,0,2,0
slp41,slp41,283,0,1,0,2,0
slp41,slp41,284,0,1,0,2,0
slp41,slp41,285,1,1,0,2,0
slp41,slp41,286,1,1,1,2,0
slp41,slp41,287,0,1,0,2,0
slp41,slp41,288,1,1,0,2,0
slp41,slp41,289,1,1,0,2,0
slp41,slp41,290,2,1,1,2,2
slp41,slp41,291,1,1,0,2,0
slp41,slp41,292,2,1,1,2,2
slp41,slp41,293,1,1,1,2,2
slp41,slp41,294,1,1,1,2,2
slp41,slp41,295,1,1,1,2,2
slp41,slp41,296,1,1,0,2,0
slp41,slp41,297,1,1,1,2,2
slp41,slp41,298,1,1,1,2,2
slp41,slp41,299,2,1,1,2,2
slp41,slp41,300,2,1,1,2,2
slp41,slp41,301,2,1,2,2,2
slp41,slp41,302,2,1,1,2,2
slp41,slp41,303,2,1,2,2,2
slp41,slp41,304,2,1,1,2,2
slp41,slp41,305,2,1,1,2,2
slp41,slp41,306,1,1,1,2,2
slp41,slp41,307,1,1,1,2,2
slp41,slp41,308,2,1,1,2,2
slp41,slp41,309,1,1,1,2,2
slp41,slp41,310,1,1,1,2,2
slp41,slp41,311,1,1,1,2,2
slp41,slp41,312,1,1,1,2,2
slp41,slp41,313,2,1,1,2,2
slp41,slp41,314,2,1,4,2,2
slp41,slp41,315,2,1,1,2,2
slp41,slp41,316,2,1,1,2,2
slp41,slp41,317,2,1,1,2,2
slp41,slp41,318,2,1,1,2,2
slp41,slp41,319,2,1,1,2,2
slp41,slp41,320,1,1,1,2,2
slp41,slp41,321,1,1,1,2,2
slp41,slp41,322,1,1,1,2,2
slp41,slp41,323,1,1,1,2,2
slp41,slp41,324,1,1,1,2,2
slp41,slp41,325,1,1,1,2,2
slp41,slp41,326,1,1,1,2,1
slp41,slp41,327,1,1,1,2,2
slp41,slp41,328,1,1,1,2,1
slp41,slp41,329,1,1,1,2,2
slp41,slp41,330,1,1,0,2,2
slp41,slp41,331,2,1,1,2,2
slp41,slp41,332,2,1,2,2,2
slp41,slp41,333,1,1,1,2,2
slp41,slp41,334,1,1,1,2,2
slp41,slp41,335,1,1,1,2,2
slp41,slp41,336,1,1,0,2,0
slp41,slp41,337,2,1,1,2,2
slp41,slp41,338,1,1,1,2,2
slp41,slp41,339,1,1,1,2,2
slp41,slp41,340,2,1,2,2,2
slp41,slp41,341,1,1,1,2,1
slp41,slp41,342,2,1,1,1,1
slp41,slp41,343,2,1,2,1,2
slp41,slp41,344,4,1,4,1,1
slp41,slp41,345,4,1,4,4,4
slp41,slp41,346,4,1,4,1,4
slp41,slp41,347,4,1,4,4,4
slp41,slp41,348,4,1,4,4,4
slp41,slp41,349,4,1,0,1,1
slp41,slp41,350,4,1,4,1,1
slp41,slp41,351,4,1,1,2,2
slp41,slp41,352,4,1,4,2,4
slp41,slp41,353,4,1,4,2,4
slp41,slp41,354,4,1,4,2,1
slp41,slp41,355,4,1,1,2,1
slp41,slp41,356,4,1,1,2,1
slp41,slp41,357,4,1,1,2,2
slp41,slp41,358,4,1,0,2,2
slp41,slp41,359,4,1,1,2,2
slp41,slp41,360,4,1,0,2,2
slp41,slp41,361,4,1,4,2,2
slp41,slp41,362,4,1,4,2,1
slp41,slp41,363,4,1,4,2,1
slp41,slp41,364,4,1,4,2,2
slp41,slp41,365,4,1,1,2,2
slp41,slp41,366,4,1,4,2,2
slp41,slp41,367,4,1,1,2,2
slp41,slp41,368,4,1,1,2,2
slp41,slp41,369,4,1,1,2,2
slp41,slp41,370,4,1,4,2,1
slp41,slp41,371,4,1,0,2,2
slp41,slp41,372,4,1,4,2,1
slp41,slp41,373,4,1,4,1,1
slp41,slp41,374,4,1,4,1,1
slp41,slp41,375,4,1,4,1,1
slp41,slp41,376,4,1,1,1,1
slp41,slp41,377,4,1,1,1,1
slp41,slp41,378,4,1,4,1,1
slp41,slp41,379,4,1,0,1,1
slp41,slp41,380,4,1,1,4,1
slp41,slp41,381,4,1,4,2,4
slp41,slp41,382,4,1,4,2,4
slp41,slp41,383,4,1,4,2,4
slp41,slp41,384,4,1,0,2,4
slp41,slp41,385,4,1,4,2,2
slp41,slp41,386,4,1,0,2,1
slp41,slp41,387,4,1,4,2,2
slp41,slp41,388,4,1,4,2,2
slp41,slp41,389,4,1,1,2,2
slp41,slp41,390,4,1,0,2,1
slp41,slp41,391,1,1,1,1,1
slp41,slp41,392,0,1,1,1,1
slp41,slp41,393,1,1,0,1,1
slp41,slp41,394,1,1,0,2,1
slp41,slp41,395,1,1,0,2,1
slp41,slp41,396,1,1,0,2,1
slp41,slp41,397,1,1,0,2,0
slp41,slp41,398,1,1,0,2,1
slp41,slp41,399,1,1,1,2,2
slp41,slp41,400,1,1,0,2,0
slp41,slp41,401,1,1,0,2,0
slp41,slp41,402,1,1,0,2,2
slp41,slp41,403,1,1,0,2,2
slp41,slp41,404,1,1,1,2,2
slp41,slp41,405,1,1,0,2,2
slp41,slp41,406,1,1,1,2,1
slp41,slp41,407,1,1,0,2,0
slp41,slp41,408,1,1,0,0,0
slp41,slp41,409,0,1,0,0,0
slp41,slp41,410,0,1,0,0,0
slp41,slp41,411,0,1,0,0,0
slp41,slp41,412,0,1,0,0,0
slp41,slp41,413,0,1,0,0,0
slp41,slp41,414,0,1,0,0,0
slp41,slp41,415,0,1,0,0,0
slp41,slp41,416,0,1,0,0,0
slp41,slp41,417,0,1,0,0,0
slp41,slp41,418,0,1,0,2,0
slp41,slp41,419,0,1,0,2,0
slp41,slp41,420,0,1,0,1,1
slp41,slp41,421,0,1,0,1,0
slp41,slp41,422,1,1,0,2,1
slp41,slp41,423,0,1,0,2,0
slp41,slp41,424,0,1,0,2,0
slp41,slp41,425,0,1,0,2,0
slp41,slp41,426,0,1,0,2,0
slp41,slp41,427,0,1,0,2,1
slp41,slp41,428,0,1,0,2,0
slp41,slp41,429,0,1,0,2,0
slp41,slp41,430,1,1,0,2,0
slp41,slp41,431,1,1,0,2,0
slp41,slp41,432,0,1,0,2,0
slp41,slp41,433,0,1,0,2,0
slp41,slp41,434,0,1,0,2,0
slp41,slp41,435,0,1,0,2,0
slp41,slp41,436,0,1,0,2,0
slp41,slp41,437,0,1,0,2,0
slp41,slp41,438,1,1,1,2,1
slp41,slp41,439,0,1,0,2,0
slp41,slp41,440,0,1,0,2,0
slp41,slp41,441,0,1,0,0,0
slp41,slp41,442,0,1,0,0,0
slp41,slp41,443,0,1,0,0,0
slp41,slp41,444,0,1,0,0,0
slp41,slp41,445,0,1,0,0,0
slp41,slp41,446,0,1,0,0,0
slp41,slp41,447,0,1,0,0,0
slp41,slp41,448,0,1,0,0,0
slp41,slp41,449,0,1,0,0,0
slp41,slp41,450,0,1,0,0,0
slp41,slp41,451,0,1,0,0,0
slp41,slp41,452,0,1,0,4,0
slp41,slp41,453,1,1,4,4,4
slp41,slp41,454,0,1,0,2,0
slp41,slp41,455,1,1,0,2,1
slp41,slp41,456,0,1,0,1,0
slp41,slp41,457,1,1,0,1,1
slp41,slp41,458,0,1,0,4,0
slp41,slp41,459,0,1,0,1,0
slp41,slp41,460,0,1,0,1,0
slp41,slp41,461,0,1,0,1,1
slp41,slp41,462,0,1,0,1,1
slp41,slp41,463,1,1,0,1,0
slp41,slp41,464,0,1,0,1,0
slp41,slp41,465,2,1,1,1,1
slp41,slp41,466,2,1,1,1,1
slp41,slp41,467,2,1,1,1,2
slp41,slp41,468,2,1,1,1,2
slp41,slp41,469,2,1,1,2,2
slp41,slp41,470,2,1,2,0,2
slp41,slp41,471,2,1,1,1,2
slp41,slp41,472,2,1,1,4,4
slp41,slp41,473,2,1,1,4,2
slp41,slp41,474,2,1,2,0,2
slp41,slp41,475,2,1,1,0,2
slp41,slp41,476,2,1,2,0,2
slp41,slp41,477,2,1,2,2,2
slp41,slp41,478,2,1,2,0,2
slp41,slp41,479,2,1,2,2,2
slp41,slp41,480,2,1,2,0,2
slp41,slp41,481,2,1,2,0,2
slp41,slp41,482,2,1,2,0,2
slp41,slp41,483,2,1,2,0,2
slp41,slp41,484,2,1,2,0,2
slp41,slp41,485,2,1,2,0,2
slp41,slp41,486,2,1,2,0,2
slp41,slp41,487,2,1,2,0,2
slp41,slp41,488,2,1,2,0,2
slp41,slp41,489,2,1,2,0,2
slp41,slp41,490,2,1,2,0,2
slp41,slp41,491,2,1,2,2,2
slp41,slp41,492,2,1,2,2,2
slp41,slp41,493,2,1,2,2,2
slp41,slp41,494,2,1,2,2,2
slp41,slp41,495,2,1,2,0,2
slp41,slp41,496,2,1,2,0,2
slp41,slp41,497,2,1,2,0,2
slp41,slp41,498,2,1,2,3,2
slp41,slp41,499,2,1,2,3,2
slp41,slp41,500,3,1,2,3,2
slp41,slp41,501,3,1,2,0,2
slp41,slp41,502,3,1,2,3,2
slp41,slp41,503,3,1,2,0,2
slp41,slp41,504,3,1,2,0,2
slp41,slp41,505,3,1,2,3,2
slp41,slp41,506,3,1,2,3,2
slp41,slp41,507,3,1,2,0,2
slp41,slp41,508,3,1,2,0,2
slp41,slp41,509,3,1,2,0,2
slp41,slp41,510,3,1,2,0,2
slp41,slp41,511,3,1,2,0,2
slp41,slp41,512,2,1,2,0,2
slp41,slp41,513,2,1,2,0,2
slp41,slp41,514,2,1,2,0,2
slp41,slp41,515,2,1,2,0,2
slp41,slp41,516,2,1,2,0,2
slp41,slp41,517,3,1,2,0,2
slp41,slp41,518,2,1,2,0,2
slp41,slp41,519,2,1,2,0,2
slp41,slp41,520,2,1,2,0,2
slp41,slp41,521,2,1,2,0,2
slp41,slp41,522,2,1,2,0,2
slp41,slp41,523,2,1,2,0,2
slp41,slp41,524,2,1,2,0,2
slp41,slp41,525,2,1,2,0,3
slp41,slp41,526,2,1,2,0,2
slp41,slp41,527,2,1,2,0,2
slp41,slp41,528,2,1,2,0,2
slp41,slp41,529,2,1,2,0,3
slp41,slp41,530,2,1,2,0,2
slp41,slp41,531,2,1,2,0,2
slp41,slp41,532,2,1,2,3,2
slp41,slp41,533,2,1,2,3,2
slp41,slp41,534,2,1,2,4,2
slp41,slp41,535,2,1,2,4,2
slp41,slp41,536,2,1,2,2,2
slp41,slp41,537,2,1,2,2,2
slp41,slp41,538,4,1,1,0,2
slp41,slp41,539,4,1,1,0,4
slp41,slp41,540,4,1,4,0,4
slp41,slp41,541,4,1,1,0,4
slp41,slp41,542,4,1,1,0,2
slp41,slp41,543,4,1,1,0,4
slp41,slp41,544,4,1,1,4,2
slp41,slp41,545,4,1,4,4,4
slp41,slp41,546,4,1,1,0,4
slp41,slp41,547,4,1,4,0,4
slp41,slp41,548,4,1,1,4,4
slp41,slp41,549,4,1,1,4,4
slp41,slp41,550,4,1,4,4,4
slp41,slp41,551,4,1,4,4,4
slp41,slp41,552,4,1,1,0,2
slp41,slp41,553,4,1,4,0,4
slp41,slp41,554,4,1,1,0,2
slp41,slp41,555,4,1,1,0,2
slp41,slp41,556,4,1,4,0,4
slp41,slp41,557,1,1,1,0,0
slp41,slp41,558,1,1,4,0,4
slp41,slp41,559,1,1,1,4,4
slp41,slp41,560,1,1,4,4,4
slp41,slp41,561,1,1,4,0,4
slp41,slp41,562,1,1,4,0,4
slp41,slp41,563,1,1,4,4,4
slp41,slp41,564,0,1,0,4,0
slp41,slp41,565,0,1,0,1,1
slp41,slp41,566,1,1,0,1,1
slp41,slp41,567,1,1,0,1,4
slp41,slp41,568,1,1,4,1,4
slp41,slp41,569,1,1,4,1,4
slp41,slp41,570,2,1,1,1,1
slp41,slp41,571,2,1,1,1,1
slp41,slp41,572,2,1,1,0,4
slp41,slp41,573,2,1,2,4,2
slp41,slp41,574,2,1,1,1,4
slp41,slp41,575,2,1,1,1,2
slp41,slp41,576,2,1,1,0,2
slp41,slp41,577,2,1,1,2,2
slp41,slp41,578,2,1,1,2,2
slp41,slp41,579,2,1,1,2,2
slp41,slp41,580,2,1,1,2,2
slp41,slp41,581,2,1,1,2,2
slp41,slp41,582,2,1,1,2,2
slp41,slp41,583,2,1,1,0,2
slp41,slp41,584,2,1,4,0,4
slp41,slp41,585,4,1,4,0,4
slp41,slp41,586,4,1,1,4,4
slp41,slp41,587,4,1,4,4,4
slp41,slp41,588,4,1,4,4,4
slp41,slp41,589,4,1,1,4,4
slp41,slp41,590,4,1,1,0,4
slp41,slp41,591,4,1,4,1,4
slp41,slp41,592,4,1,4,0,4
slp41,slp41,593,4,1,4,0,4
slp41,slp41,594,4,1,1,0,0
slp41,slp41,595,4,1,4,0,4
slp41,slp41,596,4,1,4,0,4
slp41,slp41,597,4,1,4,0,4
slp41,slp41,598,4,1,4,0,0
slp41,slp41,599,4,1,4,0,4
slp41,slp41,600,4,1,1,1,4
slp41,slp41,601,4,1,4,0,4
slp41,slp41,602,4,1,4,1,4
slp41,slp41,603,4,1,4,0,4
slp41,slp41,604,4,1,1,0,2
slp41,slp41,605,4,1,4,0,4
slp41,slp41,606,4,1,4,2,0
slp41,slp41,607,4,1,4,2,4
slp41,slp41,608,4,1,4,0,4
slp41,slp41,609,0,1,0,1,0
slp41,slp41,610,0,1,0,0,0
slp41,slp41,611,1,1,0,0,0
slp41,slp41,612,1,1,1,0,0
slp41,slp41,613,1,1,1,0,0
slp41,slp41,614,1,1,4,0,1
slp41,slp41,615,1,1,1,0,1
slp41,slp41,616,2,1,1,0,1
slp41,slp41,617,1,1,0,0,0
slp41,slp41,618,0,1,4,0,1
slp41,slp41,619,0,1,0,2,0
slp41,slp41,620,1,1,4,2,1
slp41,slp41,621,0,1,1,2,1
slp41,slp41,622,0,1,0,2,0
slp41,slp41,623,2,1,1,2,2
slp41,slp41,624,0,1,0,2,1
slp41,slp41,625,1,1,0,2,1
slp41,slp41,626,2,1,1,2,2
slp41,slp41,627,0,1,0,2,0
slp41,slp41,628,1,1,0,2,1
slp41,slp41,629,1,1,1,2,2
slp41,slp41,630,0,1,0,2,0
slp41,slp41,631,2,1,1,2,2
slp41,slp41,632,1,1,1,2,2
slp41,slp41,633,0,1,0,2,0
slp41,slp41,634,1,1,1,2,1
slp41,slp41,635,2,1,1,2,2
slp41,slp41,636,1,1,0,2,1
slp41,slp41,637,0,1,1,2,2
slp41,slp41,638,0,1,0,2,0
slp41,slp41,639,1,1,4,2,2
slp41,slp41,640,1,1,0,2,1
slp41,slp41,641,1,1,4,2,1
slp41,slp41,642,2,1,1,2,2
slp41,slp41,643,1,1,0,2,1
slp41,slp41,644,0,1,1,2,2
slp41,slp41,645,0,1,0,2,1
slp41,slp41,646,2,1,1,2,2
slp41,slp41,647,0,1,1,2,2
slp41,slp41,648,0,1,0,2,0
slp41,slp41,649,1,1,1,2,2
slp41,slp41,650,0,1,0,2,2
slp41,slp41,651,1,1,0,2,0
slp41,slp41,652,0,1,1,2,2
slp41,slp41,653,0,1,4,2,2
slp41,slp41,654,0,1,1,2,2
slp41,slp41,655,0,1,0,2,0
slp41,slp41,656,1,1,1,2,2
slp41,slp41,657,1,1,0,2,1
slp41,slp41,658,1,1,1,2,2
slp41,slp41,659,2,1,1,2,2
slp41,slp41,660,1,1,0,2,1
slp41,slp41,661,0,1,1,2,2
slp41,slp41,662,0,1,1,2,2
slp41,slp41,663,1,1,4,2,2
slp41,slp41,664,1,1,0,2,1
slp41,slp41,665,1,1,0,2,2
slp41,slp41,666,1,1,4,2,2
slp41,slp41,667,1,1,4,2,2
slp41,slp41,668,1,1,1,2,2
slp41,slp41,669,1,1,0,2,1
slp41,slp41,670,2,1,4,2,2
slp41,slp41,671,2,1,4,2,1
slp41,slp41,672,1,1,1,2,1
slp41,slp41,673,0,1,4,2,1
slp41,slp41,674,2,1,0,1,1
slp41,slp41,675,1,1,1,2,2
slp41,slp41,676,0,1,4,1,1
slp41,slp41,677,0,1,1,1,1
slp41,slp41,678,0,1,0,1,1
slp41,slp41,679,1,1,4,1,1
slp41,slp41,680,1,1,4,1,1
slp41,slp41,681,2,1,4,1,1
slp41,slp41,682,2,1,1,1,1
slp41,slp41,683,0,1,4,1,1
slp41,slp41,684,2,1,1,1,2
slp41,slp41,685,0,1,0,1,1
slp41,slp41,686,1,1,1,1,1
slp41,slp41,687,2,1,4,1,1
slp41,slp41,688,1,1,0,2,1
slp41,slp41,689,2,1,2,2,2
slp41,slp41,690,0,1,0,2,0
slp41,slp41,691,0,1,4,2,1
slp41,slp41,692,2,1,1,2,2
slp41,slp41,693,1,1,1,2,1
slp41,slp41,694,0,1,1,2,1
slp41,slp41,695,0,1,0,2,0
slp41,slp41,696,2,1,1,2,1
slp41,slp41,697,0,1,1,2,1
slp41,slp41,698,1,1,4,2,1
slp41,slp41,699,2,1,1,2,1
slp41,slp41,700,2,1,1,2,2
slp41,slp41,701,2,1,1,2,1
slp41,slp41,702,2,1,1,2,1
slp41,slp41,703,2,1,1,2,2
slp41,slp41,704,1,1,4,2,1
slp41,slp41,705,0,1,2,2,2
slp41,slp41,706,0,1,1,2,1
slp41,slp41,707,2,1,1,2,2
slp41,slp41,708,0,1,1,1,1
slp41,slp41,709,0,1,1,2,1
slp41,slp41,710,0,1,1,2,1
slp41,slp41,711,0,1,1,2,2
slp41,slp41,712,0,1,1,2,1
slp41,slp41,713,0,1,0,1,1
slp41,slp41,714,2,1,1,2,2
slp41,slp41,715,1,1,1,2,1
slp41,slp41,716,1,1,1,2,1
slp41,slp41,717,1,1,2,2,2
slp41,slp41,718,1,1,4,2,1
slp41,slp41,719,1,1,1,2,2
slp41,slp41,720,0,1,4,2,1
slp41,slp41,721,1,1,1,2,1
slp41,slp41,722,2,1,1,2,1
slp41,slp41,723,2,1,1,2,2
slp41,slp41,724,0,1,1,1,1
slp41,slp41,725,2,1,1,1,1
slp41,slp41,726,0,1,1,1,1
slp41,slp41,727,0,1,0,1,1
slp41,slp41,728,2,1,0,1,1
slp41,slp41,729,2,1,4,1,1
slp41,slp41,730,2,1,1,1,1
slp41,slp41,731,1,1,1,1,1
slp41,slp41,732,2,1,1,1,1
slp41,slp41,733,1,1,1,1,1
slp41,slp41,734,2,1,1,2,1
slp41,slp41,735,0,1,1,1,1
slp41,slp41,736,2,1,4,1,1
slp41,slp41,737,2,1,1,2,1
slp41,slp41,738,1,1,1,2,1
slp41,slp41,739,1,1,1,2,2
slp41,slp41,740,1,1,0,2,1
slp41,slp41,741,1,1,1,2,1
slp41,slp41,742,2,1,1,2,1
slp41,slp41,743,1,1,1,2,1
slp41,slp41,744,0,1,0,2,1
slp41,slp41,745,2,1,1,2,1
slp41,slp41,746,2,1,1,2,1
slp41,slp41,747,2,1,1,1,1
slp41,slp41,748,0,1,1,2,2
slp41,slp41,749,0,1,1,1,1
slp41,slp41,750,2,1,1,2,1
slp41,slp41,751,2,1,1,1,1
slp41,slp41,752,2,1,1,1,1
slp41,slp41,753,1,1,1,1,1
slp41,slp41,754,1,1,1,1,1
slp41,slp41,755,1,1,1,1,1
slp41,slp41,756,1,1,4,1,1
slp41,slp41,757,0,1,1,1,2
slp41,slp41,758,0,1,1,1,1
slp41,slp41,759,0,1,1,1,1
slp41,slp41,760,0,1,1,1,1
slp41,slp41,761,2,1,1,1,2
slp41,slp41,762,0,1,1,1,1
slp41,slp41,763,0,1,0,1,0
slp41,slp41,764,2,1,1,1,2
slp41,slp41,765,0,1,0,0,2
slp41,slp41,766,0,1,0,0,0
slp41,slp41,767,0,1,0,0,0
slp41,slp41,768,0,1,0,2,0
slp41,slp41,769,0,1,1,2,0
slp41,slp41,770,0,1,0,0,0
slp41,slp41,771,0,1,0,0,0
slp41,slp41,772,0,1,0,2,0
slp41,slp41,773,0,1,0,0,0
slp41,slp41,774,0,1,0,0,0
slp41,slp41,775,0,1,0,2,1
slp41,slp41,776,0,1,0,2,1
slp41,slp41,777,0,1,0,2,1
slp41,slp41,778,0,1,0,2,0
slp41,slp41,779,0,1,0,2,1
slp45,slp45,0,0,3,0,0,0
slp45,slp45,1,0,3,0,0,0
slp45,slp45,2,0,3,0,0,0
slp45,slp45,3,0,3,0,0,0
slp45,slp45,4,0,3,0,0,0
slp45,slp45,5,0,3,0,0,0
slp45,slp45,6,0,3,0,0,0
slp45,slp45,7,0,3,0,0,0
slp45,slp45,8,0,3,0,0,0
slp45,slp45,9,1,3,1,0,2
slp45,slp45,10,1,3,1,0,0
slp45,slp45,11,1,3,1,0,0
slp45,slp45,12,2,3,2,0,0
slp45,slp45,13,2,3,2,0,0
slp45,slp45,14,1,3,1,2,2
slp45,slp45,15,2,3,2,2,2
slp45,slp45,16,2,3,2,2,2
slp45,slp45,17,2,3,2,2,2
slp45,slp45,18,2,3,2,2,2
slp45,slp45,19,2,3,2,2,2
slp45,slp45,20,2,3,2,2,2
slp45,slp45,21,2,3,2,2,2
slp45,slp45,22,2,3,2,2,2
slp45,slp45,23,2,3,2,2,2
slp45,slp45,24,2,3,2,2,2
slp45,slp45,25,2,3,2,2,2
slp45,slp45,26,2,3,2,2,2
slp45,slp45,27,2,3,2,2,2
slp45,slp45,28,2,3,2,2,2
slp45,slp45,29,2,3,2,2,2
slp45,slp45,30,2,3,2,2,2
slp45,slp45,31,3,3,2,2,2
slp45,slp45,32,3,3,2,2,2
slp45,slp45,33,2,3,3,2,3
slp45,slp45,34,3,3,2,2,2
slp45,slp45,35,2,3,2,2,2
slp45,slp45,36,3,3,2,2,2
slp45,slp45,37,3,3,2,2,2
slp45,slp45,38,3,3,2,2,2
slp45,slp45,39,3,3,3,2,3
slp45,slp45,40,3,3,2,2,2
slp45,slp45,41,3,3,3,2,3
slp45,slp45,42,3,3,3,2,3
slp45,slp45,43,3,3,3,2,3
slp45,slp45,44,3,3,3,2,3
slp45,slp45,45,3,3,3,2,3
slp45,slp45,46,3,3,3,2,2
slp45,slp45,47,3,3,3,2,3
slp45,slp45,48,3,3,3,2,3
slp45,slp45,49,3,3,3,2,3
slp45,slp45,50,3,3,3,2,3
slp45,slp45,51,3,3,3,2,3
slp45,slp45,52,3,3,3,2,3
slp45,slp45,53,3,3,2,2,2
slp45,slp45,54,3,3,3,2,3
slp45,slp45,55,3,3,3,2,3
slp45,slp45,56,3,3,3,2,3
slp45,slp45,57,3,3,3,2,3
slp45,slp45,58,3,3,3,2,3
slp45,slp45,59,3,3,3,2,3
slp45,slp45,60,3,3,3,2,3
slp45,slp45,61,3,3,3,2,3
slp45,slp45,62,3,3,3,2,3
slp45,slp45,64,2,3,2,2,2
slp45,slp45,65,2,3,3,0,2
slp45,slp45,66,2,3,3,0,2
slp45,slp45,67,2,3,2,0,2
slp45,slp45,68,2,3,2,0,2
slp45,slp45,69,2,3,2,0,2
slp45,slp45,70,2,3,2,0,2
slp45,slp45,71,2,3,2,0,2
slp45,slp45,72,2,3,2,0,2
slp45,slp45,73,2,3,3,2,2
slp45,slp45,74,2,3,2,2,2
slp45,slp45,75,2,3,2,2,2
slp45,slp45,76,2,3,2,2,2
slp45,slp45,77,2,3,2,2,2
slp45,slp45,78,2,3,2,2,2
slp45,slp45,79,2,3,2,2,2
slp45,slp45,80,2,3,2,2,3
slp45,slp45,81,2,3,2,2,2
slp45,slp45,82,2,3,2,2,3
slp45,slp45,83,3,3,3,2,3
slp45,slp45,84,3,3,2,2,2
slp45,slp45,85,3,3,3,2,3
slp45,slp45,86,3,3,3,2,3
slp45,slp45,87,2,3,2,2,2
slp45,slp45,88,3,3,2,2,2
slp45,slp45,89,3,3,2,2,2
slp45,slp45,90,3,3,3,2,3
slp45,slp45,91,3,3,2,2,3
slp45,slp45,92,3,3,3,2,3
slp45,slp45,93,3,3,3,2,3
slp45,slp45,94,3,3,3,2,3
slp45,slp45,95,3,3,3,2,3
slp45,slp45,96,3,3,2,2,2
slp45,slp45,97,3,3,2,2,3
slp45,slp45,98,3,3,3,2,3
slp45,slp45,99,3,3,3,2,3
slp45,slp45,100,3,3,3,2,3
slp45,slp45,101,3,3,3,2,3
slp45,slp45,102,3,3,3,2,3
slp45,slp45,103,3,3,3,2,3
slp45,slp45,104,3,3,3,3,3
slp45,slp45,105,3,3,3,2,3
slp45,slp45,106,2,3,3,2,3
slp45,slp45,107,2,3,3,2,3
slp45,slp45,108,2,3,3,2,3
slp45,slp45,109,2,3,3,2,3
slp45,slp45,110,3,3,3,2,3
slp45,slp45,111,3,3,3,2,3
slp45,slp45,112,3,3,3,2,3
slp45,slp45,113,3,3,3,2,3
slp45,slp45,114,3,3,3,2,3
slp45,slp45,115,3,3,3,2,3
slp45,slp45,116,3,3,3,2,3
slp45,slp45,117,3,3,3,2,3
slp45,slp45,118,3,3,3,0,3
slp45,slp45,119,3,3,3,0,3
slp45,slp45,120,2,3,2,0,2
slp45,slp45,121,2,3,2,0,2
slp45,slp45,122,2,3,3,0,3
slp45,slp45,123,2,3,2,2,2
slp45,slp45,124,2,3,3,3,3
slp45,slp45,125,2,3,2,2,2
slp45,slp45,126,2,3,2,2,2
slp45,slp45,127,2,3,2,2,2
slp45,slp45,128,2,3,2,2,2
slp45,slp45,129,2,3,2,2,2
slp45,slp45,130,2,3,2,2,2
slp45,slp45,131,3,3,3,2,3
slp45,slp45,132,2,3,3,2,3
slp45,slp45,133,2,3,2,2,2
slp45,slp45,134,2,3,2,2,2
slp45,slp45,135,2,3,3,2,2
slp45,slp45,136,2,3,2,2,3
slp45,slp45,137,2,3,2,1,2
slp45,slp45,138,2,3,3,1,3
slp45,slp45,139,2,3,2,1,2
slp45,slp45,140,2,3,3,1,3
slp45,slp45,141,2,3,2,0,2
slp45,slp45,142,2,3,2,0,2
slp45,slp45,143,2,3,2,0,3
slp45,slp45,144,2,3,2,0,4
slp45,slp45,145,2,3,2,0,2
slp45,slp45,146,2,3,2,0,2
slp45,slp45,147,4,3,2,1,2
slp45,slp45,148,4,3,2,2,2
slp45,slp45,149,4,3,1,2,2
slp45,slp45,150,4,3,2,2,2
slp45,slp45,151,4,3,2,2,2
slp45,slp45,152,1,3,1,1,2
slp45,slp45,153,1,3,2,1,1
slp45,slp45,154,2,3,2,1,2
slp45,slp45,155,2,3,2,1,1
slp45,slp45,156,2,3,2,1,2
slp45,slp45,157,2,3,2,1,2
slp45,slp45,158,2,3,2,1,2
slp45,slp45,159,2,3,2,1,1
slp45,slp45,160,2,3,2,1,3
slp45,slp45,161,2,3,2,1,3
slp45,slp45,162,2,3,0,2,2
slp45,slp45,163,1,3,2,2,2
slp45,slp45,164,2,3,0,2,2
slp45,slp45,165,1,3,0,2,2
slp45,slp45,166,1,3,2,2,2
slp45,slp45,167,2,3,2,2,2
slp45,slp45,168,1,3,2,2,2
slp45,slp45,169,2,3,2,2,2
slp45,slp45,170,1,3,2,2,2
slp45,slp45,171,2,3,2,2,2
slp45,slp45,172,1,3,2,2,2
slp45,slp45,173,2,3,0,0,0
slp45,slp45,174,0,3,0,0,0
slp45,slp45,175,0,3,1,0,0
slp45,slp45,176,1,3,2,0,0
slp45,slp45,177,2,3,2,0,0
slp45,slp45,178,2,3,2,0,0
slp45,slp45,179,2,3,2,0,0
slp45,slp45,180,2,3,2,0,0
slp45,slp45,181,2,3,2,0,0
slp45,slp45,182,2,3,0,0,0
slp45,slp45,183,2,3,2,0,0
slp45,slp45,184,2,3,2,2,2
slp45,slp45,185,2,3,2,2,2
slp45,slp45,186,2,3,2,2,2
slp45,slp45,187,2,3,2,2,2
slp45,slp45,188,2,3,2,2,2
slp45,slp45,189,2,3,2,2,2
slp45,slp45,190,0,3,0,2,2
slp45,slp45,191,0,3,0,0,0
slp45,slp45,192,0,3,0,0,0
slp45,slp45,193,0,3,0,0,0
slp45,slp45,194,0,3,0,0,0
slp45,slp45,195,0,3,0,0,0
slp45,slp45,196,0,3,0,0,0
slp45,slp45,197,0,3,0,0,0
slp45,slp45,198,0,3,0,0,0
slp45,slp45,199,0,3,0,0,0
slp45,slp45,200,0,3,0,0,0
slp45,slp45,201,0,3,0,0,0
slp45,slp45,202,0,3,0,0,0
slp45,slp45,203,0,3,0,0,0
slp45,slp45,204,0,3,0,0,0
slp45,slp45,205,0,3,0,0,0
slp45,slp45,206,0,3,0,2,1
slp45,slp45,207,0,3,0,2,0
slp45,slp45,208,0,3,0,2,0
slp45,slp45,209,0,3,0,2,0
slp45,slp45,210,0,3,0,2,0
slp45,slp45,211,0,3,0,2,0
slp45,slp45,212,0,3,0,0,0
slp45,slp45,213,0,3,0,0,0
slp45,slp45,214,0,3,0,0,0
slp45,slp45,215,0,3,0,0,0
slp45,slp45,216,0,3,0,0,0
slp45,slp45,217,0,3,0,0,0
slp45,slp45,218,0,3,1,0,0
slp45,slp45,219,1,3,0,0,0
slp45,slp45,220,1,3,0,0,0
slp45,slp45,221,1,3,0,0,0
slp45,slp45,222,1,3,0,1,1
slp45,slp45,223,0,3,0,0,0
slp45,slp45,224,1,3,1,0,0
slp45,slp45,225,0,3,0,0,0
slp45,slp45,226,1,3,1,0,2
slp45,slp45,227,1,3,1,0,1
slp45,slp45,228,0,3,0,0,0
slp45,slp45,229,0,3,0,0,0
slp45,slp45,230,1,3,1,0,0
slp45,slp45,231,0,3,0,0,0
slp45,slp45,232,1,3,1,0,0
slp45,slp45,233,1,3,2,0,0
slp45,slp45,234,2,3,0,0,0
slp45,slp45,235,1,3,2,0,2
slp45,slp45,236,2,3,2,0,2
slp45,slp45,237,2,3,2,0,0
slp45,slp45,238,2,3,2,0,2
slp45,slp45,239,2,3,2,0,2
slp45,slp45,240,2,3,2,0,2
slp45,slp45,241,2,3,2,0,2
slp45,slp45,242,2,3,2,0,2
slp45,slp45,243,2,3,2,0,2
slp45,slp45,244,2,3,2,2,2
slp45,slp45,245,2,3,2,2,2
slp45,slp45,246,2,3,0,2,2
slp45,slp45,247,1,3,0,3,2
slp45,slp45,248,2,3,2,1,2
slp45,slp45,249,2,3,2,1,2
slp45,slp45,250,2,3,2,1,2
slp45,slp45,251,2,3,2,2,2
slp45,slp45,252,2,3,2,2,2
slp45,slp45,253,2,3,2,1,2
slp45,slp45,254,2,3,2,2,2
slp45,slp45,255,2,3,2,2,2
slp45,slp45,256,2,3,2,2,2
slp45,slp45,257,2,3,2,2,2
slp45,slp45,258,3,3,2,2,2
slp45,slp45,259,2,3,2,2,2
slp45,slp45,260,2,3,2,2,2
slp45,slp45,261,2,3,2,2,2
slp45,slp45,262,0,3,2,2,2
slp45,slp45,263,0,3,0,2,2
slp45,slp45,264,0,3,0,2,1
slp45,slp45,265,1,3,2,1,2
slp45,slp45,266,1,3,2,2,2
slp45,slp45,267,2,3,2,2,2
slp45,slp45,268,2,3,2,2,2
slp45,slp45,269,2,3,2,2,2
slp45,slp45,270,2,3,2,2,2
slp45,slp45,271,3,3,2,2,2
slp45,slp45,272,2,3,2,2,2
slp45,slp45,273,2,3,2,2,2
slp45,slp45,274,2,3,2,3,2
slp45,slp45,275,2,3,2,2,2
slp45,slp45,276,2,3,2,2,2
slp45,slp45,277,2,3,2,3,2
slp45,slp45,278,2,3,2,3,2
slp45,slp45,279,2,3,2,3,2
slp45,slp45,280,2,3,2,3,2
slp45,slp45,281,2,3,2,3,2
slp45,slp45,282,2,3,2,3,2
slp45,slp45,283,2,3,2,3,2
slp45,slp45,284,2,3,2,3,2
slp45,slp45,285,2,3,2,3,2
slp45,slp45,286,2,3,2,3,2
slp45,slp45,287,3,3,2,3,2
slp45,slp45,288,1,3,0,2,2
slp45,slp45,289,2,3,0,0,2
slp45,slp45,290,2,3,3,0,2
slp45,slp45,291,2,3,2,0,2
slp45,slp45,292,2,3,3,0,2
slp45,slp45,293,2,3,2,0,2
slp45,slp45,294,3,3,2,0,2
slp45,slp45,295,2,3,2,0,2
slp45,slp45,296,2,3,2,0,2
slp45,slp45,297,3,3,2,0,2
slp45,slp45,298,2,3,2,0,2
slp45,slp45,299,2,3,0,0,2
slp45,slp45,300,2,3,2,0,2
slp45,slp45,301,2,3,3,0,2
slp45,slp45,302,2,3,2,0,2
slp45,slp45,303,2,3,2,0,2
slp45,slp45,304,2,3,2,0,2
slp45,slp45,305,2,3,2,0,2
slp45,slp45,306,2,3,2,0,2
slp45,slp45,307,2,3,2,0,2
slp45,slp45,308,2,3,2,2,2
slp45,slp45,309,2,3,2,2,2
slp45,slp45,310,2,3,2,2,2
slp45,slp45,311,2,3,2,2,2
slp45,slp45,312,2,3,2,2,2
slp45,slp45,313,2,3,2,2,2
slp45,slp45,314,2,3,2,2,2
slp45,slp45,315,2,3,2,2,2
slp45,slp45,316,2,3,2,2,2
slp45,slp45,317,2,3,2,2,2
slp45,slp45,318,2,3,2,2,2
slp45,slp45,319,3,3,2,2,3
slp45,slp45,320,2,3,2,2,2
slp45,slp45,321,3,3,2,2,2
slp45,slp45,322,2,3,2,2,2
slp45,slp45,323,3,3,2,2,2
slp45,slp45,324,2,3,2,2,2
slp45,slp45,325,2,3,2,2,3
slp45,slp45,326,2,3,2,2,2
slp45,slp45,327,2,3,2,2,2
slp45,slp45,328,2,3,2,3,2
slp45,slp45,329,3,3,2,3,2
slp45,slp45,330,3,3,2,2,3
slp45,slp45,331,3,3,2,2,2
slp45,slp45,332,2,3,2,2,3
slp45,slp45,333,3,3,2,2,2
slp45,slp45,334,2,3,2,3,3
slp45,slp45,335,3,3,2,2,2
slp45,slp45,336,3,3,2,2,3
slp45,slp45,337,3,3,2,2,3
slp45,slp45,338,3,3,2,2,2
slp45,slp45,339,3,3,2,2,3
slp45,slp45,340,3,3,2,2,3
slp45,slp45,341,3,3,2,2,3
slp45,slp45,342,3,3,2,2,3
slp45,slp45,343,3,3,2,2,3
slp45,slp45,344,2,3,2,3,3
slp45,slp45,345,3,3,2,2,2
slp45,slp45,346,3,3,2,2,3
slp45,slp45,347,2,3,3,2,3
slp45,slp45,348,3,3,3,2,3
slp45,slp45,349,2,3,2,2,2
slp45,slp45,350,2,3,3,2,3
slp45,slp45,351,2,3,2,2,2
slp45,slp45,352,4,3,2,1,2
slp45,slp45,353,4,3,1,1,1
slp45,slp45,354,4,3,2,2,2
slp45,slp45,355,4,3,1,0,4
slp45,slp45,356,4,3,4,0,4
slp45,slp45,357,4,3,2,0,0
slp45,slp45,358,4,3,2,4,0
slp45,slp45,359,4,3,4,4,4
slp45,slp45,360,4,3,1,4,4
slp45,slp45,361,4,3,1,4,4
slp45,slp45,362,4,3,2,4,4
slp45,slp45,363,4,3,1,4,4
slp45,slp45,364,4,3,2,4,4
slp45,slp45,365,4,3,1,4,4
slp45,slp45,366,4,3,1,4,4
slp45,slp45,367,4,3,1,4,4
slp45,slp45,368,4,3,2,4,4
slp45,slp45,369,4,3,1,4,4
slp45,slp45,370,4,3,1,4,4
slp45,slp45,371,4,3,1,4,4
slp45,slp45,372,4,3,1,4,4
slp45,slp45,373,4,3,2,4,4
slp45,slp45,374,4,3,1,4,4
slp45,slp45,375,4,3,2,4,0
slp45,slp45,376,4,3,1,4,4
slp45,slp45,377,4,3,1,0,4
slp45,slp45,378,4,3,1,0,4
slp45,slp45,379,4,3,2,0,4
slp45,slp45,380,4,3,2,0,0
slp45,slp45,381,4,3,2,0,0
slp45,slp45,382,4,3,2,0,0
slp45,slp45,383,4,3,0,4,0
slp45,slp45,384,1,3,2,4,2
slp45,slp45,385,2,3,2,0,2
slp45,slp45,386,2,3,0,0,0
slp45,slp45,387,0,3,1,0,1
slp45,slp45,388,1,3,0,0,0
slp45,slp45,389,1,3,0,1,0
slp45,slp45,390,1,3,2,2,2
slp45,slp45,391,2,3,0,2,0
slp45,slp45,392,0,3,0,2,0
slp45,slp45,393,0,3,0,1,0
slp45,slp45,394,0,3,0,0,0
slp45,slp45,395,0,3,3,0,0
slp45,slp45,396,0,3,0,0,0
slp45,slp45,397,0,3,0,0,0
slp45,slp45,398,0,3,0,0,0
slp45,slp45,399,0,3,0,0,0
slp45,slp45,400,0,3,0,0,0
slp45,slp45,401,0,3,3,0,0
slp45,slp45,402,0,3,1,0,0
slp45,slp45,403,0,3,0,0,0
slp45,slp45,404,0,3,0,0,0
slp45,slp45,405,0,3,0,0,0
slp45,slp45,406,0,3,0,0,0
slp45,slp45,407,0,3,0,0,0
slp45,slp45,408,0,3,0,0,0
slp45,slp45,409,0,3,0,0,0
slp45,slp45,410,0,3,3,0,0
slp45,slp45,411,0,3,0,0,0
slp45,slp45,412,0,3,0,0,0
slp45,slp45,413,0,3,0,0,0
slp45,slp45,414,0,3,0,0,0
slp45,slp45,415,0,3,0,0,0
slp45,slp45,416,0,3,0,0,0
slp45,slp45,417,0,3,0,0,0
slp45,slp45,418,0,3,0,0,0
slp45,slp45,419,0,3,2,0,0
slp45,slp45,420,1,3,4,0,1
slp45,slp45,421,1,3,0,0,0
slp45,slp45,422,0,3,1,0,1
slp45,slp45,423,1,3,1,0,4
slp45,slp45,424,1,3,0,0,0
slp45,slp45,425,1,3,1,0,1
slp45,slp45,426,1,3,0,0,0
slp45,slp45,427,0,3,1,0,0
slp45,slp45,428,1,3,2,2,2
slp45,slp45,429,1,3,2,2,2
slp45,slp45,430,2,3,2,2,2
slp45,slp45,431,2,3,0,2,0
slp45,slp45,432,0,3,2,2,2
slp45,slp45,433,1,3,2,2,2
slp45,slp45,434,2,3,2,2,2
slp45,slp45,435,2,3,2,2,2
slp45,slp45,436,2,3,2,2,2
slp45,slp45,437,2,3,2,2,2
slp45,slp45,438,2,3,2,2,2
slp45,slp45,439,2,3,2,2,2
slp45,slp45,440,2,3,2,2,2
slp45,slp45,441,2,3,2,2,2
slp45,slp45,442,2,3,2,2,2
slp45,slp45,443,2,3,2,2,2
slp45,slp45,444,2,3,2,3,2
slp45,slp45,445,2,3,2,3,2
slp45,slp45,446,2,3,2,2,2
slp45,slp45,447,2,3,2,3,2
slp45,slp45,448,2,3,2,3,2
slp45,slp45,449,2,3,0,3,2
slp45,slp45,450,2,3,2,3,2
slp45,slp45,451,2,3,2,2,2
slp45,slp45,452,2,3,0,2,2
slp45,slp45,453,2,3,2,2,2
slp45,slp45,454,2,3,2,2,2
slp45,slp45,455,2,3,2,2,2
slp45,slp45,456,2,3,0,2,2
slp45,slp45,457,2,3,2,1,2
slp45,slp45,458,2,3,2,1,2
slp45,slp45,459,2,3,2,3,2
slp45,slp45,460,2,3,2,2,2
slp45,slp45,461,2,3,2,2,2
slp45,slp45,462,2,3,2,2,2
slp45,slp45,463,2,3,2,2,2
slp45,slp45,464,2,3,2,2,2
slp45,slp45,465,2,3,2,2,2
slp45,slp45,466,2,3,2,3,3
slp45,slp45,467,3,3,2,3,3
slp45,slp45,469,2,3,2,2,3
slp45,slp45,470,2,3,2,2,2
slp45,slp45,471,2,3,0,1,2
slp45,slp45,472,2,3,2,2,1
slp45,slp45,473,2,3,2,1,2
slp45,slp45,474,2,3,2,1,2
slp45,slp45,475,2,3,0,0,0
slp45,slp45,476,1,3,2,0,2
slp45,slp45,477,2,3,2,0,2
slp45,slp45,478,2,3,2,0,0
slp45,slp45,479,2,3,2,0,2
slp45,slp45,480,2,3,0,0,0
slp45,slp45,481,2,3,0,0,0
slp45,slp45,482,2,3,2,0,2
slp45,slp45,483,2,3,2,0,2
slp45,slp45,484,2,3,2,0,2
slp45,slp45,485,2,3,2,1,2
slp45,slp45,486,2,3,2,1,2
slp45,slp45,487,2,3,2,1,2
slp45,slp45,488,2,3,2,1,2
slp45,slp45,489,2,3,0,1,1
slp45,slp45,490,2,3,2,1,2
slp45,slp45,491,2,3,2,1,2
slp45,slp45,492,2,3,2,2,2
slp45,slp45,493,2,3,2,2,2
slp45,slp45,494,2,3,2,2,2
slp45,slp45,495,2,3,2,2,2
slp45,slp45,496,2,3,2,2,2
slp45,slp45,497,2,3,2,2,2
slp45,slp45,498,2,3,2,2,2
slp45,slp45,499,2,3,2,2,2
slp45,slp45,500,2,3,2,2,2
slp45,slp45,501,2,3,2,2,2
slp45,slp45,502,2,3,3,3,3
slp45,slp45,503,2,3,2,3,2
slp45,slp45,504,2,3,2,3,2
slp45,slp45,505,2,3,2,3,2
slp45,slp45,506,2,3,2,2,2
slp45,slp45,507,2,3,2,2,2
slp45,slp45,508,3,3,2,3,2
slp45,slp45,509,2,3,2,3,2
slp45,slp45,510,2,3,2,3,2
slp45,slp45,511,2,3,2,3,3
slp45,slp45,512,2,3,2,3,2
slp45,slp45,513,2,3,2,3,3
slp45,slp45,514,2,3,2,2,2
slp45,slp45,515,2,3,2,3,2
slp45,slp45,516,2,3,2,2,3
slp45,slp45,517,3,3,2,2,2
slp45,slp45,518,3,3,3,2,3
slp45,slp45,519,3,3,3,2,3
slp45,slp45,520,3,3,3,2,3
slp45,slp45,521,3,3,2,2,3
slp45,slp45,522,3,3,3,2,3
slp45,slp45,523,3,3,3,2,3
slp45,slp45,524,3,3,3,3,3
slp45,slp45,525,3,3,3,2,3
slp45,slp45,526,3,3,3,2,3
slp45,slp45,527,3,3,2,2,3
slp45,slp45,528,2,3,2,2,2
slp45,slp45,529,2,3,2,2,3
slp45,slp45,530,2,3,2,2,2
slp45,slp45,531,2,3,2,1,2
slp45,slp45,532,2,3,3,1,2
slp45,slp45,533,2,3,2,1,2
slp45,slp45,534,2,3,2,1,1
slp45,slp45,535,2,3,2,1,2
slp45,slp45,536,2,3,0,1,2
slp45,slp45,537,2,3,2,1,2
slp45,slp45,538,1,3,2,1,2
slp45,slp45,539,2,3,2,1,2
slp45,slp45,540,2,3,2,1,1
slp45,slp45,541,2,3,2,1,2
slp45,slp45,542,1,3,2,1,2
slp45,slp45,543,2,3,2,1,1
slp45,slp45,544,2,3,2,1,2
slp45,slp45,545,2,3,2,2,2
slp45,slp45,546,2,3,2,2,3
slp45,slp45,547,2,3,2,2,2
slp45,slp45,548,2,3,2,2,2
slp45,slp45,549,2,3,2,2,2
slp45,slp45,550,2,3,2,0,3
slp45,slp45,551,2,3,2,0,2
slp45,slp45,552,2,3,2,0,2
slp45,slp45,553,2,3,2,0,2
slp45,slp45,554,2,3,3,0,3
slp45,slp45,555,2,3,2,0,2
slp45,slp45,556,2,3,2,0,2
slp45,slp45,557,2,3,2,0,2
slp45,slp45,558,1,3,1,0,0
slp45,slp45,559,4,3,1,0,0
slp45,slp45,560,4,3,2,0,2
slp45,slp45,561,4,3,1,0,4
slp45,slp45,562,4,3,1,0,0
slp45,slp45,563,4,3,4,0,0
slp45,slp45,564,4,3,1,0,0
slp45,slp45,565,4,3,1,0,0
slp45,slp45,566,4,3,0,0,0
slp45,slp45,567,4,3,1,0,1
slp45,slp45,568,1,3,2,0,0
slp45,slp45,569,2,3,2,0,0
slp45,slp45,570,2,3,0,0,0
slp45,slp45,571,2,3,2,0,0
slp45,slp45,572,0,3,4,0,0
slp45,slp45,573,1,3,2,0,2
slp45,slp45,574,2,3,2,0,0
slp45,slp45,575,2,3,2,0,2
slp45,slp45,576,2,3,3,0,0
slp45,slp45,577,3,3,0,0,0
slp45,slp45,578,0,3,0,0,0
slp45,slp45,579,0,3,0,0,0
slp45,slp45,580,0,3,0,0,0
slp45,slp45,581,0,3,0,0,0
slp45,slp45,582,0,3,0,0,0
slp45,slp45,583,0,3,0,0,0
slp45,slp45,584,0,3,1,0,0
slp45,slp45,585,0,3,4,0,2
slp45,slp45,586,1,3,2,0,2
slp45,slp45,587,1,3,2,0,2
slp45,slp45,588,1,3,2,0,2
slp45,slp45,589,2,3,2,2,2
slp45,slp45,590,2,3,2,2,2
slp45,slp45,591,2,3,2,2,2
slp45,slp45,592,2,3,2,2,2
slp45,slp45,593,2,3,2,2,2
slp45,slp45,594,2,3,2,2,2
slp45,slp45,595,2,3,2,2,2
slp45,slp45,596,2,3,0,3,2
slp45,slp45,598,1,3,0,0,0
slp45,slp45,599,1,3,3,0,2
slp45,slp45,600,2,3,2,0,2
slp45,slp45,601,2,3,2,0,2
slp45,slp45,602,2,3,2,0,2
slp45,slp45,603,2,3,0,0,0
slp45,slp45,604,2,3,2,0,2
slp45,slp45,605,2,3,2,0,2
slp45,slp45,606,2,3,2,0,2
slp45,slp45,607,2,3,2,2,2
slp45,slp45,608,2,3,0,2,2
slp45,slp45,609,1,3,2,2,2
slp45,slp45,610,2,3,2,2,2
slp45,slp45,611,2,3,2,3,2
slp45,slp45,612,2,3,2,2,2
slp45,slp45,613,2,3,3,3,3
slp45,slp45,614,2,3,2,3,2
slp45,slp45,615,2,3,0,3,2
slp45,slp45,616,2,3,2,3,2
slp45,slp45,617,2,3,2,3,2
slp45,slp45,618,2,3,2,3,3
slp45,slp45,619,2,3,2,3,2
slp45,slp45,620,2,3,2,3,2
slp45,slp45,621,2,3,2,3,2
slp45,slp45,622,2,3,2,3,2
slp45,slp45,623,2,3,2,3,2
slp45,slp45,624,2,3,2,3,3
slp45,slp45,625,2,3,2,3,2
slp45,slp45,626,2,3,2,3,2
slp45,slp45,627,2,3,2,3,2
slp45,slp45,628,2,3,2,3,2
slp45,slp45,629,2,3,2,3,2
slp45,slp45,630,2,3,2,3,2
slp45,slp45,631,2,3,2,3,2
slp45,slp45,632,2,3,2,3,2
slp45,slp45,633,2,3,2,3,2
slp45,slp45,634,2,3,2,3,2
slp45,slp45,635,2,3,0,2,2
slp45,slp45,636,2,3,2,2,2
slp45,slp45,637,2,3,2,2,2
slp45,slp45,638,2,3,2,3,3
slp45,slp45,639,2,3,2,2,2
slp45,slp45,640,2,3,2,3,2
slp45,slp45,641,2,3,2,3,2
slp45,slp45,642,2,3,2,3,2
slp45,slp45,643,2,3,2,3,2
slp45,slp45,644,2,3,2,3,2
slp45,slp45,645,2,3,2,3,2
slp45,slp45,646,2,3,2,3,2
slp45,slp45,647,2,3,2,3,2
slp45,slp45,648,2,3,2,3,2
slp45,slp45,649,2,3,2,3,2
slp45,slp45,650,2,3,2,3,2
slp45,slp45,651,2,3,2,3,2
slp45,slp45,652,2,3,2,3,3
slp45,slp45,653,2,3,2,3,2
slp45,slp45,654,2,3,2,3,2
slp45,slp45,655,2,3,2,3,2
slp45,slp45,656,2,3,2,3,3
slp45,slp45,657,2,3,2,3,2
slp45,slp45,658,2,3,2,3,3
slp45,slp45,659,2,3,2,3,2
slp45,slp45,660,2,3,2,3,2
slp45,slp45,661,2,3,2,3,2
slp45,slp45,662,2,3,2,3,2
slp45,slp45,663,2,3,2,3,2
slp45,slp45,664,2,3,2,3,2
slp45,slp45,665,2,3,2,3,2
slp45,slp45,666,2,3,2,3,2
slp45,slp45,667,2,3,2,2,2
slp45,slp45,668,2,3,2,3,2
slp45,slp45,669,2,3,2,3,2
slp45,slp45,670,2,3,2,3,2
slp45,slp45,671,3,3,2,3,2
slp45,slp45,672,2,3,2,2,3
slp45,slp45,673,3,3,3,2,3
slp45,slp45,675,2,3,2,0,2
slp45,slp45,676,2,3,2,0,2
slp45,slp45,677,2,3,2,0,2
slp45,slp45,678,1,3,2,0,0
slp45,slp45,679,2,3,2,0,2
slp45,slp45,680,2,3,2,0,2
slp45,slp45,681,2,3,2,0,0
slp45,slp45,682,2,3,2,0,0
slp45,slp45,683,2,3,2,0,0
slp45,slp45,684,2,3,2,1,2
slp45,slp45,685,4,3,2,0,2
slp45,slp45,686,4,3,2,1,2
slp45,slp45,687,4,3,2,0,1
slp45,slp45,688,4,3,2,1,2
slp45,slp45,689,4,3,2,2,2
slp45,slp45,690,4,3,2,0,4
slp45,slp45,691,4,3,1,0,4
slp45,slp45,692,4,3,0,1,0
slp45,slp45,693,4,3,1,1,2
slp45,slp45,694,4,3,1,0,1
slp45,slp45,695,4,3,2,0,3
slp45,slp45,696,4,3,2,0,4
slp45,slp45,697,4,3,2,0,2
slp45,slp45,698,4,3,4,1,4
slp45,slp45,699,4,3,0,1,1
slp45,slp45,700,4,3,1,1,1
slp45,slp45,701,4,3,1,1,1
slp45,slp45,702,4,3,1,0,4
slp45,slp45,703,4,3,1,1,1
slp45,slp45,704,4,3,2,1,1
slp45,slp45,705,4,3,1,1,4
slp45,slp45,706,4,3,1,1,4
slp45,slp45,707,4,3,1,1,4
slp45,slp45,708,4,3,2,1,4
slp45,slp45,709,4,3,4,0,0
slp45,slp45,710,2,3,1,0,4
slp45,slp45,711,2,3,1,0,4
slp45,slp45,712,2,3,2,0,4
slp45,slp45,713,2,3,4,0,4
slp45,slp45,714,2,3,1,0,0
slp45,slp45,715,2,3,1,0,4
slp45,slp45,716,2,3,4,0,4
slp45,slp45,717,2,3,1,0,4
slp45,slp45,718,2,3,1,0,4
slp45,slp45,719,2,3,1,0,0
slp45,slp45,720,4,3,1,0,0
slp45,slp45,721,4,3,1,0,4
slp45,slp45,722,4,3,2,0,4
slp45,slp45,723,4,3,0,0,0
slp45,slp45,724,4,3,1,0,1
slp45,slp45,725,4,3,2,0,1
slp45,slp45,726,4,3,2,1,2
slp45,slp45,727,4,3,2,0,2
slp45,slp45,728,4,3,2,1,2
slp45,slp45,729,4,3,2,1,2
slp45,slp45,730,0,3,2,1,2
slp45,slp45,731,0,3,2,2,2
slp45,slp45,732,0,3,1,2,1
slp45,slp45,733,0,3,2,4,2
slp45,slp45,734,0,3,1,2,4
slp45,slp45,735,0,3,1,3,2
slp45,slp45,736,0,3,2,2,2
slp45,slp45,737,0,3,1,2,4
slp45,slp45,738,0,3,2,2,4
slp45,slp45,739,0,3,1,2,4
slp45,slp45,740,0,3,1,2,4
slp45,slp45,741,0,3,4,2,4
slp45,slp45,742,0,3,1,0,4
slp45,slp45,743,0,3,1,2,4
slp45,slp45,744,0,3,4,2,4
slp45,slp45,745,0,3,1,2,4
slp45,slp45,746,0,3,1,0,4
slp45,slp45,747,0,3,1,0,4
slp45,slp45,748,0,3,1,0,4
slp45,slp45,749,0,3,2,0,0
slp45,slp45,750,0,3,0,0,0
slp45,slp45,751,0,3,2,2,2
slp45,slp45,752,0,3,2,2,2
slp45,slp45,753,0,3,2,2,2
slp45,slp45,754,0,3,2,2,2
slp45,slp45,755,0,3,2,2,2
slp45,slp45,756,0,3,2,2,2
slp45,slp45,757,0,3,2,2,2
slp45,slp45,758,0,3,2,2,2
slp45,slp45,759,0,3,2,2,2
slp48,slp48,0,0,2,0,0,0
slp48,slp48,1,0,2,0,3,0
slp48,slp48,2,0,2,0,0,0
slp48,slp48,3,0,2,0,0,0
slp48,slp48,4,0,2,0,0,0
slp48,slp48,5,0,2,0,0,0
slp48,slp48,6,0,2,0,0,0
slp48,slp48,7,0,2,0,0,0
slp48,slp48,8,0,2,0,0,0
slp48,slp48,9,1,2,0,0,0
slp48,slp48,10,1,2,0,2,0
slp48,slp48,11,0,2,0,2,0
slp48,slp48,12,1,2,0,2,0
slp48,slp48,13,1,2,1,0,0
slp48,slp48,14,1,2,0,0,0
slp48,slp48,15,1,2,1,0,1
slp48,slp48,16,2,2,0,0,0
slp48,slp48,17,2,2,0,0,0
slp48,slp48,18,1,2,0,0,0
slp48,slp48,19,1,2,1,0,1
slp48,slp48,20,1,2,1,0,0
slp48,slp48,21,1,2,0,0,0
slp48,slp48,22,1,2,4,0,1
slp48,slp48,23,1,2,0,0,0
slp48,slp48,24,1,2,0,0,0
slp48,slp48,25,1,2,1,0,1
slp48,slp48,26,1,2,1,2,1
slp48,slp48,27,1,2,4,2,1
slp48,slp48,28,2,2,1,1,1
slp48,slp48,29,1,2,0,0,0
slp48,slp48,30,1,2,0,0,0
slp48,slp48,31,1,2,0,0,0
slp48,slp48,32,1,2,0,0,0
slp48,slp48,33,1,2,4,0,1
slp48,slp48,34,1,2,0,0,1
slp48,slp48,35,1,2,1,0,0
slp48,slp48,36,1,2,0,0,0
slp48,slp48,37,1,2,0,0,0
slp48,slp48,38,2,2,1,0,1
slp48,slp48,39,1,2,1,1,1
slp48,slp48,40,2,2,1,1,1
slp48,slp48,41,2,2,1,1,1
slp48,slp48,42,1,2,1,1,1
slp48,slp48,43,2,2,1,1,1
slp48,slp48,44,2,2,1,1,1
slp48,slp48,45,2,2,1,1,1
slp48,slp48,46,2,2,1,1,1
slp48,slp48,47,2,2,1,1,1
slp48,slp48,48,2,2,1,4,1
slp48,slp48,49,2,2,1,0,1
slp48,slp48,50,2,2,1,0,1
slp48,slp48,51,2,2,4,0,1
slp48,slp48,52,2,2,1,0,1
slp48,slp48,53,2,2,4,0,0
slp48,slp48,54,2,2,4,0,1
slp48,slp48,55,2,2,1,0,1
slp48,slp48,56,1,2,1,0,2
slp48,slp48,57,2,2,0,0,0
slp48,slp48,58,1,2,4,0,0
slp48,slp48,59,2,2,1,0,1
slp48,slp48,60,1,2,1,0,1
slp48,slp48,61,2,2,1,0,1
slp48,slp48,62,1,2,4,0,1
slp48,slp48,63,1,2,1,0,1
slp48,slp48,64,1,2,1,0,1
slp48,slp48,65,2,2,2,0,1
slp48,slp48,66,2,2,1,0,1
slp48,slp48,67,2,2,1,1,1
slp48,slp48,68,2,2,1,1,1
slp48,slp48,69,2,2,4,1,1
slp48,slp48,70,2,2,4,1,1
slp48,slp48,71,1,2,1,0,1
slp48,slp48,72,2,2,1,0,1
slp48,slp48,73,1,2,1,0,1
slp48,slp48,74,2,2,1,0,1
slp48,slp48,75,2,2,1,0,1
slp48,slp48,76,2,2,1,0,1
slp48,slp48,77,2,2,1,0,1
slp48,slp48,78,2,2,1,0,1
slp48,slp48,79,2,2,4,0,1
slp48,slp48,80,2,2,1,0,1
slp48,slp48,81,1,2,4,1,1
slp48,slp48,82,2,2,1,1,1
slp48,slp48,83,2,2,1,1,1
slp48,slp48,84,2,2,1,1,1
slp48,slp48,85,2,2,1,1,1
slp48,slp48,86,2,2,2,1,2
slp48,slp48,87,2,2,1,1,1
slp48,slp48,88,2,2,1,0,1
slp48,slp48,89,2,2,1,0,1
slp48,slp48,90,2,2,0,0,1
slp48,slp48,91,2,2,0,0,1
slp48,slp48,92,1,2,1,0,4
slp48,slp48,93,1,2,4,0,4
slp48,slp48,94,2,2,1,0,4
slp48,slp48,95,2,2,1,0,2
slp48,slp48,96,2,2,4,0,4
slp48,slp48,97,2,2,1,0,4
slp48,slp48,98,2,2,1,0,4
slp48,slp48,99,2,2,0,0,4
slp48,slp48,100,1,2,1,0,4
slp48,slp48,101,1,2,1,0,4
slp48,slp48,102,1,2,1,0,4
slp48,slp48,103,2,2,1,0,1
slp48,slp48,104,2,2,4,0,0
slp48,slp48,105,1,2,1,0,1
slp48,slp48,106,1,2,4,0,1
slp48,slp48,107,1,2,1,0,1
slp48,slp48,108,2,2,1,0,1
slp48,slp48,109,2,2,0,0,0
slp48,slp48,110,0,2,0,0,0
slp48,slp48,111,1,2,0,0,0
slp48,slp48,112,0,2,0,0,0
slp48,slp48,113,0,2,0,0,0
slp48,slp48,114,1,2,0,0,0
slp48,slp48,115,0,2,0,0,0
slp48,slp48,116,0,2,0,0,0
slp48,slp48,117,0,2,0,0,0
slp48,slp48,118,0,2,0,0,0
slp48,slp48,119,0,2,1,0,0
slp48,slp48,120,1,2,1,0,1
slp48,slp48,121,2,2,1,1,1
slp48,slp48,122,1,2,1,1,1
slp48,slp48,123,1,2,1,1,1
slp48,slp48,124,1,2,1,1,1
slp48,slp48,125,1,2,1,1,1
slp48,slp48,126,2,2,1,1,1
slp48,slp48,127,2,2,1,1,1
slp48,slp48,128,2,2,4,1,1
slp48,slp48,129,2,2,1,1,1
slp48,slp48,130,2,2,1,1,1
slp48,slp48,131,2,2,1,1,1
slp48,slp48,132,2,2,1,1,1
slp48,slp48,133,1,2,1,1,1
slp48,slp48,134,1,2,1,0,1
slp48,slp48,135,1,2,1,1,1
slp48,slp48,136,2,2,1,1,2
slp48,slp48,137,2,2,1,1,1
slp48,slp48,138,1,2,1,1,1
slp48,slp48,139,2,2,1,4,1
slp48,slp48,140,1,2,1,1,1
slp48,slp48,141,1,2,1,1,2
slp48,slp48,142,2,2,1,1,1
slp48,slp48,143,2,2,0,0,0
slp48,slp48,144,1,2,4,0,1
slp48,slp48,145,2,2,1,0,1
slp48,slp48,146,2,2,1,0,1
slp48,slp48,147,1,2,4,0,1
slp48,slp48,148,1,2,1,0,2
slp48,slp48,149,2,2,2,1,1
slp48,slp48,150,2,2,1,1,1
slp48,slp48,151,2,2,1,1,1
slp48,slp48,152,1,2,1,1,1
slp48,slp48,153,2,2,1,1,1
slp48,slp48,154,2,2,1,1,1
slp48,slp48,155,1,2,1,1,1
slp48,slp48,156,2,2,1,1,1
slp48,slp48,157,1,2,1,1,1
slp48,slp48,158,1,2,1,1,1
slp48,slp48,159,2,2,1,1,1
slp48,slp48,160,1,2,1,1,1
slp48,slp48,161,1,2,1,1,2
slp48,slp48,162,2,2,1,1,1
slp48,slp48,163,2,2,1,1,1
slp48,slp48,164,1,2,4,1,1
slp48,slp48,165,2,2,1,1,1
slp48,slp48,166,2,2,1,1,1
slp48,slp48,167,1,2,2,1,1
slp48,slp48,168,2,2,1,1,1
slp48,slp48,169,1,2,1,1,1
slp48,slp48,170,1,2,2,1,2
slp48,slp48,171,2,2,1,1,1
slp48,slp48,172,1,2,4,1,1
slp48,slp48,173,1,2,1,1,1
slp48,slp48,174,2,2,1,1,1
slp48,slp48,175,1,2,2,1,1
slp48,slp48,176,2,2,2,1,1
slp48,slp48,177,1,2,1,1,1
slp48,slp48,178,2,2,4,1,1
slp48,slp48,179,1,2,4,1,1
slp48,slp48,180,1,2,1,1,1
slp48,slp48,181,1,2,1,1,1
slp48,slp48,182,2,2,1,1,1
slp48,slp48,183,1,2,2,1,1
slp48,slp48,184,2,2,1,1,1
slp48,slp48,185,2,2,1,1,1
slp48,slp48,186,2,2,1,1,1
slp48,slp48,187,1,2,2,1,2
slp48,slp48,188,2,2,4,1,1
slp48,slp48,189,1,2,2,1,2
slp48,slp48,190,2,2,2,1,2
slp48,slp48,191,2,2,1,1,1
slp48,slp48,192,1,2,1,1,1
slp48,slp48,193,1,2,2,1,2
slp48,slp48,194,2,2,2,1,2
slp48,slp48,195,2,2,1,1,1
slp48,slp48,196,1,2,1,1,1
slp48,slp48,197,1,2,2,0,2
slp48,slp48,198,2,2,1,0,1
slp48,slp48,199,1,2,1,0,2
slp48,slp48,200,2,2,1,0,1
slp48,slp48,201,1,2,4,0,0
slp48,slp48,202,1,2,1,0,1
slp48,slp48,203,1,2,2,0,2
slp48,slp48,204,2,2,2,0,2
slp48,slp48,205,2,2,1,0,1
slp48,slp48,206,2,2,1,0,2
slp48,slp48,207,2,2,4,0,2
slp48,slp48,208,1,2,2,0,2
slp48,slp48,209,2,2,2,4,2
slp48,slp48,210,2,2,1,0,2
slp48,slp48,211,2,2,4,0,4
slp48,slp48,212,1,2,1,4,4
slp48,slp48,213,1,2,2,0,2
slp48,slp48,214,2,2,4,4,4
slp48,slp48,215,1,2,1,4,4
slp48,slp48,216,1,2,1,4,1
slp48,slp48,217,2,2,1,0,0
slp48,slp48,218,1,2,0,0,0
slp48,slp48,219,0,2,1,0,0
slp48,slp48,220,0,2,0,0,0
slp48,slp48,221,0,2,0,0,0
slp48,slp48,222,0,2,0,0,0
slp48,slp48,223,0,2,1,0,0
slp48,slp48,224,0,2,0,0,0
slp48,slp48,225,0,2,0,0,0
slp48,slp48,226,0,2,1,0,0
slp48,slp48,227,0,2,0,0,0
slp48,slp48,228,0,2,0,0,0
slp48,slp48,229,0,2,0,0,0
slp48,slp48,230,0,2,0,1,2
slp48,slp48,231,0,2,0,2,0
slp48,slp48,232,0,2,0,2,0
slp48,slp48,233,0,2,0,1,0
slp48,slp48,234,0,2,0,1,0
slp48,slp48,235,0,2,0,1,0
slp48,slp48,236,0,2,0,0,0
slp48,slp48,237,0,2,0,0,0
slp48,slp48,238,0,2,0,0,0
slp48,slp48,239,0,2,0,0,0
slp48,slp48,240,0,2,0,0,0
slp48,slp48,241,0,2,0,0,0
slp48,slp48,242,0,2,0,0,0
slp48,slp48,243,0,2,0,0,0
slp48,slp48,244,0,2,0,0,0
slp48,slp48,245,0,2,0,0,0
slp48,slp48,246,0,2,0,0,0
slp48,slp48,247,0,2,0,0,0
slp48,slp48,248,0,2,0,0,0
slp48,slp48,249,0,2,0,0,0
slp48,slp48,250,0,2,0,0,0
slp48,slp48,251,0,2,0,0,0
slp48,slp48,252,0,2,0,0,0
slp48,slp48,253,0,2,0,0,0
slp48,slp48,254,0,2,0,0,0
slp48,slp48,255,0,2,0,0,0
slp48,slp48,256,0,2,0,0,0
slp48,slp48,257,0,2,0,0,0
slp48,slp48,258,0,2,0,0,0
slp48,slp48,259,0,2,0,0,0
slp48,slp48,260,0,2,0,0,0
slp48,slp48,261,0,2,0,0,0
slp48,slp48,262,0,2,0,0,0
slp48,slp48,263,0,2,0,0,0
slp48,slp48,264,0,2,0,0,0
slp48,slp48,265,0,2,0,0,0
slp48,slp48,266,0,2,0,0,0
slp48,slp48,267,0,2,0,0,0
slp48,slp48,268,0,2,0,0,0
slp48,slp48,269,0,2,0,0,0
slp48,slp48,270,0,2,0,0,0
slp48,slp48,271,0,2,0,0,0
slp48,slp48,272,0,2,0,0,0
slp48,slp48,273,0,2,0,0,0
slp48,slp48,274,0,2,0,0,0
slp48,slp48,275,0,2,0,0,0
slp48,slp48,276,0,2,0,0,0
slp48,slp48,277,0,2,0,0,0
slp48,slp48,278,0,2,0,0,0
slp48,slp48,279,0,2,0,0,0
slp48,slp48,280,0,2,0,0,0
slp48,slp48,281,0,2,0,0,0
slp48,slp48,282,0,2,0,0,0
slp48,slp48,283,0,2,0,0,0
slp48,slp48,284,0,2,0,0,0
slp48,slp48,285,0,2,0,0,0
slp48,slp48,286,0,2,0,0,0
slp48,slp48,287,0,2,0,0,0
slp48,slp48,288,0,2,0,0,0
slp48,slp48,289,0,2,0,0,0
slp48,slp48,290,0,2,0,0,0
slp48,slp48,291,0,2,0,0,0
slp48,slp48,292,0,2,0,0,0
slp48,slp48,293,0,2,0,0,0
slp48,slp48,294,0,2,0,0,0
slp48,slp48,295,0,2,0,0,0
slp48,slp48,296,0,2,0,0,0
slp48,slp48,297,0,2,0,0,0
slp48,slp48,298,0,2,0,0,0
slp48,slp48,299,0,2,0,0,0
slp48,slp48,300,0,2,0,0,0
slp48,slp48,301,0,2,0,0,0
slp48,slp48,302,0,2,0,0,0
slp48,slp48,303,0,2,0,0,0
slp48,slp48,304,0,2,0,0,0
slp48,slp48,305,0,2,0,0,0
slp48,slp48,306,0,2,0,0,0
slp48,slp48,307,0,2,0,0,0
slp48,slp48,308,0,2,0,0,0
slp48,slp48,309,0,2,0,0,0
slp48,slp48,310,0,2,0,0,0
slp48,slp48,311,0,2,0,0,0
slp48,slp48,312,0,2,0,0,0
slp48,slp48,313,0,2,0,0,0
slp48,slp48,314,0,2,0,0,0
slp48,slp48,315,0,2,0,0,0
slp48,slp48,316,0,2,0,0,0
slp48,slp48,317,0,2,0,0,0
slp48,slp48,318,0,2,0,0,0
slp48,slp48,319,0,2,0,0,0
slp48,slp48,320,0,2,0,0,0
slp48,slp48,321,0,2,0,0,0
slp48,slp48,322,0,2,0,0,0
slp48,slp48,323,0,2,0,0,0
slp48,slp48,324,0,2,0,0,0
slp48,slp48,325,0,2,0,1,0
slp48,slp48,326,1,2,0,0,0
slp48,slp48,327,0,2,0,1,0
slp48,slp48,328,0,2,0,0,0
slp48,slp48,329,0,2,0,1,0
slp48,slp48,330,0,2,0,1,0
slp48,slp48,331,0,2,0,1,0
slp48,slp48,332,0,2,0,1,0
slp48,slp48,333,0,2,0,1,1
slp48,slp48,334,0,2,0,1,0
slp48,slp48,335,0,2,0,1,0
slp48,slp48,336,0,2,0,1,0
slp48,slp48,337,0,2,0,1,1
slp48,slp48,338,0,2,0,1,0
slp48,slp48,339,0,2,0,1,0
slp48,slp48,340,0,2,1,1,0
slp48,slp48,341,1,2,1,1,1
slp48,slp48,342,1,2,0,1,0
slp48,slp48,343,1,2,0,1,0
slp48,slp48,344,0,2,4,1,1
slp48,slp48,345,1,2,1,1,1
slp48,slp48,346,1,2,1,1,1
slp48,slp48,347,1,2,4,1,1
slp48,slp48,348,1,2,1,1,1
slp48,slp48,349,1,2,1,2,1
slp48,slp48,350,2,2,4,2,4
slp48,slp48,351,1,2,4,4,4
slp48,slp48,352,2,2,1,4,1
slp48,slp48,353,2,2,1,2,1
slp48,slp48,354,1,2,1,2,1
slp48,slp48,355,1,2,1,2,1
slp48,slp48,356,2,2,0,2,1
slp48,slp48,357,2,2,1,2,1
slp48,slp48,358,1,2,1,2,1
slp48,slp48,359,1,2,4,2,1
slp48,slp48,360,1,2,4,2,1
slp48,slp48,361,2,2,1,2,1
slp48,slp48,362,2,2,1,2,0
slp48,slp48,363,1,2,4,2,1
slp48,slp48,364,1,2,1,2,1
slp48,slp48,365,1,2,1,1,1
slp48,slp48,366,1,2,1,1,1
slp48,slp48,367,1,2,1,1,1
slp48,slp48,368,2,2,1,1,1
slp48,slp48,369,1,2,1,2,1
slp48,slp48,370,2,2,1,1,1
slp48,slp48,371,2,2,1,1,1
slp48,slp48,372,2,2,1,2,1
slp48,slp48,373,2,2,1,2,1
slp48,slp48,374,1,2,2,2,2
slp48,slp48,375,2,2,1,2,1
slp48,slp48,376,2,2,1,2,1
slp48,slp48,377,2,2,1,2,2
slp48,slp48,378,2,2,1,2,1
slp48,slp48,379,2,2,1,2,1
slp48,slp48,380,2,2,4,2,1
slp48,slp48,381,0,2,2,2,2
slp48,slp48,382,1,2,2,2,2
slp48,slp48,383,2,2,2,2,2
slp48,slp48,384,2,2,2,2,2
slp48,slp48,385,2,2,2,1,2
slp48,slp48,386,2,2,4,1,2
slp48,slp48,387,2,2,2,1,2
slp48,slp48,388,2,2,2,2,2
slp48,slp48,389,2,2,2,2,2
slp48,slp48,390,2,2,4,4,2
slp48,slp48,391,2,2,2,2,2
slp48,slp48,392,2,2,2,3,2
slp48,slp48,393,2,2,2,3,2
slp48,slp48,394,2,2,2,2,2
slp48,slp48,395,2,2,2,2,2
slp48,slp48,396,2,2,2,2,2
slp48,slp48,397,2,2,2,2,2
slp48,slp48,398,2,2,2,2,2
slp48,slp48,399,2,2,2,3,2
slp48,slp48,400,2,2,2,3,2
slp48,slp48,401,2,2,2,3,2
slp48,slp48,402,2,2,2,3,3
slp48,slp48,403,2,2,2,0,2
slp48,slp48,404,2,2,2,4,2
slp48,slp48,405,2,2,2,0,2
slp48,slp48,406,2,2,2,0,2
slp48,slp48,407,2,2,2,2,2
slp48,slp48,408,2,2,2,2,2
slp48,slp48,409,2,2,2,2,2
slp48,slp48,410,2,2,2,2,2
slp48,slp48,411,2,2,2,2,2
slp48,slp48,412,2,2,2,2,2
slp48,slp48,413,2,2,2,2,2
slp48,slp48,414,2,2,2,2,2
slp48,slp48,415,2,2,2,2,2
slp48,slp48,416,2,2,2,2,2
slp48,slp48,417,2,2,2,2,2
slp48,slp48,418,2,2,2,2,2
slp48,slp48,419,2,2,2,2,2
slp48,slp48,420,3,2,2,2,2
slp48,slp48,421,2,2,2,0,2
slp48,slp48,422,3,2,2,2,2
slp48,slp48,423,2,2,2,2,2
slp48,slp48,424,2,2,2,2,2
slp48,slp48,425,2,2,2,2,2
slp48,slp48,426,2,2,2,2,2
slp48,slp48,427,2,2,2,0,2
slp48,slp48,428,4,2,2,0,4
slp48,slp48,429,4,2,1,0,4
slp48,slp48,430,4,2,2,0,2
slp48,slp48,431,1,2,2,0,2
slp48,slp48,432,4,2,4,0,4
slp48,slp48,433,4,2,1,2,4
slp48,slp48,434,4,2,1,1,4
slp48,slp48,435,4,2,1,1,4
slp48,slp48,436,4,2,1,1,1
slp48,slp48,437,4,2,1,1,1
slp48,slp48,438,4,2,1,1,1
slp48,slp48,439,4,2,1,1,1
slp48,slp48,440,4,2,1,1,1
slp48,slp48,441,4,2,1,1,1
slp48,slp48,442,4,2,1,1,1
slp48,slp48,443,4,2,1,1,1
slp48,slp48,444,4,2,4,1,1
slp48,slp48,445,4,2,1,1,1
slp48,slp48,446,4,2,1,1,1
slp48,slp48,447,4,2,1,1,1
slp48,slp48,448,4,2,1,1,1
slp48,slp48,449,4,2,1,2,1
slp48,slp48,450,4,2,1,2,1
slp48,slp48,451,4,2,1,1,1
slp48,slp48,452,4,2,1,1,1
slp48,slp48,453,4,2,1,1,1
slp48,slp48,454,4,2,1,1,1
slp48,slp48,455,4,2,1,1,1
slp48,slp48,456,4,2,1,1,1
slp48,slp48,457,4,2,1,1,1
slp48,slp48,458,4,2,1,1,1
slp48,slp48,459,4,2,1,1,1
slp48,slp48,460,1,2,0,1,0
slp48,slp48,461,1,2,1,1,1
slp48,slp48,462,0,2,0,1,0
slp48,slp48,463,1,2,1,1,1
slp48,slp48,464,0,2,1,1,1
slp48,slp48,465,0,2,1,2,4
slp48,slp48,466,1,2,1,2,1
slp48,slp48,467,1,2,0,1,0
slp48,slp48,468,1,2,1,1,4
slp48,slp48,469,0,2,4,1,4
slp48,slp48,470,1,2,1,0,4
slp48,slp48,471,1,2,2,0,4
slp48,slp48,472,2,2,1,0,4
slp48,slp48,473,2,2,2,2,2
slp48,slp48,474,2,2,1,2,4
slp48,slp48,475,2,2,2,2,2
slp48,slp48,476,2,2,2,2,2
slp48,slp48,477,2,2,2,2,2
slp48,slp48,478,2,2,4,2,2
slp48,slp48,479,2,2,0,2,2
slp48,slp48,480,2,2,0,2,0
slp48,slp48,481,2,2,0,2,1
slp48,slp48,482,0,2,1,2,1
slp48,slp48,483,0,2,1,1,1
slp48,slp48,484,1,2,1,1,1
slp48,slp48,485,1,2,1,2,1
slp48,slp48,486,1,2,1,2,1
slp48,slp48,487,1,2,2,2,2
slp48,slp48,488,1,2,1,2,1
slp48,slp48,489,1,2,1,2,2
slp48,slp48,490,2,2,2,2,2
slp48,slp48,491,2,2,2,2,2
slp48,slp48,492,2,2,2,2,2
slp48,slp48,493,2,2,2,2,2
slp48,slp48,494,2,2,2,2,2
slp48,slp48,495,2,2,2,2,2
slp48,slp48,496,2,2,2,0,2
slp48,slp48,497,2,2,2,0,2
slp48,slp48,498,2,2,2,0,2
slp48,slp48,499,2,2,2,0,2
slp48,slp48,500,2,2,2,0,2
slp48,slp48,501,2,2,2,0,2
slp48,slp48,502,2,2,2,0,2
slp48,slp48,503,2,2,2,0,2
slp48,slp48,504,2,2,2,0,2
slp48,slp48,505,2,2,2,0,2
slp48,slp48,506,2,2,2,0,2
slp48,slp48,507,2,2,2,0,2
slp48,slp48,508,2,2,2,0,2
slp48,slp48,509,2,2,2,0,2
slp48,slp48,510,2,2,2,0,2
slp48,slp48,511,2,2,2,1,2
slp48,slp48,512,2,2,2,1,2
slp48,slp48,513,2,2,2,1,2
slp48,slp48,514,2,2,2,1,2
slp48,slp48,515,2,2,2,1,2
slp48,slp48,516,2,2,2,1,2
slp48,slp48,517,2,2,3,1,2
slp48,slp48,518,2,2,2,1,2
slp48,slp48,519,2,2,3,1,2
slp48,slp48,520,2,2,0,0,0
slp48,slp48,521,2,2,0,2,0
slp48,slp48,522,2,2,1,2,2
slp48,slp48,523,1,2,1,2,1
slp48,slp48,524,1,2,1,1,1
slp48,slp48,525,1,2,4,1,1
slp48,slp48,526,1,2,2,0,1
slp48,slp48,527,2,2,2,0,1
slp48,slp48,528,1,2,1,0,1
slp48,slp48,529,1,2,4,0,1
slp48,slp48,530,1,2,2,0,1
slp48,slp48,531,2,2,1,4,4
slp48,slp48,532,1,2,1,4,4
slp48,slp48,533,1,2,2,4,4
slp48,slp48,534,2,2,4,4,4
slp48,slp48,535,1,2,2,4,4
slp48,slp48,536,1,2,2,2,1
slp48,slp48,537,1,2,1,2,4
slp48,slp48,538,1,2,1,2,4
slp48,slp48,539,2,2,2,2,4
slp48,slp48,540,2,2,1,2,4
slp48,slp48,541,1,2,1,2,4
slp48,slp48,542,2,2,1,2,4
slp48,slp48,543,1,2,1,4,4
slp48,slp48,544,1,2,4,2,4
slp48,slp48,545,1,2,1,2,4
slp48,slp48,546,1,2,1,2,4
slp48,slp48,547,2,2,0,2,0
slp48,slp48,548,1,2,1,2,4
slp48,slp48,549,0,2,1,2,4
slp48,slp48,550,0,2,2,2,4
slp48,slp48,551,1,2,1,2,1
slp48,slp48,552,1,2,1,2,1
slp48,slp48,553,0,2,0,0,0
slp48,slp48,554,1,2,0,0,0
slp48,slp48,555,1,2,1,0,1
slp48,slp48,556,0,2,1,0,1
slp48,slp48,557,0,2,1,0,1
slp48,slp48,558,1,2,1,0,1
slp48,slp48,559,0,2,1,0,1
slp48,slp48,560,1,2,1,0,1
slp48,slp48,561,1,2,2,0,1
slp48,slp48,562,1,2,1,1,1
slp48,slp48,563,1,2,1,1,1
slp48,slp48,564,2,2,1,2,1
slp48,slp48,565,1,2,1,2,1
slp48,slp48,566,1,2,1,2,1
slp48,slp48,567,1,2,1,2,1
slp48,slp48,568,1,2,2,2,1
slp48,slp48,569,2,2,2,1,2
slp48,slp48,570,1,2,1,1,1
slp48,slp48,571,1,2,1,2,1
slp48,slp48,572,2,2,1,2,1
slp48,slp48,573,1,2,1,2,1
slp48,slp48,574,0,2,1,2,1
slp48,slp48,575,1,2,0,2,1
slp48,slp48,576,2,2,0,2,1
slp48,slp48,577,1,2,1,2,1
slp48,slp48,578,0,2,1,1,1
slp48,slp48,579,1,2,1,2,1
slp48,slp48,580,0,2,1,2,1
slp48,slp48,581,2,2,0,4,4
slp48,slp48,582,1,2,0,4,0
slp48,slp48,583,0,2,0,4,0
slp48,slp48,584,0,2,0,0,0
slp48,slp48,585,0,2,0,0,0
slp48,slp48,586,0,2,0,0,0
slp48,slp48,587,0,2,0,0,0
slp48,slp48,588,0,2,0,0,0
slp48,slp48,589,0,2,0,0,0
slp48,slp48,590,0,2,1,0,0
slp48,slp48,591,0,2,0,0,0
slp48,slp48,592,0,2,0,0,0
slp48,slp48,593,0,2,0,0,0
slp48,slp48,594,0,2,0,1,1
slp48,slp48,595,0,2,0,2,0
slp48,slp48,596,0,2,0,2,1
slp48,slp48,597,0,2,0,2,0
slp48,slp48,598,0,2,0,2,0
slp48,slp48,599,0,2,0,2,0
slp48,slp48,600,0,2,0,2,0
slp48,slp48,601,0,2,0,2,0
slp48,slp48,602,0,2,0,0,0
slp48,slp48,603,0,2,0,0,0
slp48,slp48,604,0,2,0,0,0
slp48,slp48,605,0,2,0,0,0
slp48,slp48,606,0,2,0,0,0
slp48,slp48,607,0,2,0,0,0
slp48,slp48,608,0,2,0,0,0
slp48,slp48,609,0,2,0,0,0
slp48,slp48,610,0,2,0,0,0
slp48,slp48,611,0,2,0,0,0
slp48,slp48,612,0,2,0,0,0
slp48,slp48,613,0,2,0,0,0
slp48,slp48,614,0,2,0,0,0
slp48,slp48,615,0,2,0,0,0
slp48,slp48,616,0,2,0,0,0
slp48,slp48,617,0,2,0,0,0
slp48,slp48,618,0,2,0,0,0
slp48,slp48,619,0,2,0,0,0
slp48,slp48,620,0,2,0,0,0
slp48,slp48,621,0,2,0,0,0
slp48,slp48,622,0,2,0,0,0
slp48,slp48,623,0,2,0,2,0
slp48,slp48,624,0,2,0,0,0
slp48,slp48,625,0,2,0,1,0
slp48,slp48,626,0,2,0,1,1
slp48,slp48,627,0,2,1,1,1
slp48,slp48,628,0,2,0,1,0
slp48,slp48,629,1,2,0,1,0
slp48,slp48,630,1,2,1,1,0
slp48,slp48,631,0,2,0,1,0
slp48,slp48,632,0,2,0,1,0
slp48,slp48,633,1,2,0,1,0
slp48,slp48,634,0,2,0,1,0
slp48,slp48,635,0,2,1,1,1
slp48,slp48,636,0,2,1,1,1
slp48,slp48,637,0,2,0,1,0
slp48,slp48,638,1,2,1,1,0
slp48,slp48,639,0,2,1,1,1
slp48,slp48,640,0,2,0,1,0
slp48,slp48,641,1,2,1,1,1
slp48,slp48,642,1,2,4,1,1
slp48,slp48,643,0,2,1,1,1
slp48,slp48,644,1,2,4,1,1
slp48,slp48,645,2,2,1,1,0
slp48,slp48,646,2,2,4,1,1
slp48,slp48,647,1,2,0,1,0
slp48,slp48,648,2,2,4,1,1
slp48,slp48,649,1,2,4,2,1
slp48,slp48,650,0,2,1,2,1
slp48,slp48,651,1,2,1,2,1
slp48,slp48,652,1,2,1,2,1
slp48,slp48,653,1,2,1,2,1
slp48,slp48,654,2,2,4,2,1
slp48,slp48,655,1,2,4,2,1
slp48,slp48,656,1,2,2,2,2
slp48,slp48,657,1,2,1,2,1
slp48,slp48,658,2,2,2,2,2
slp48,slp48,659,2,2,1,2,1
slp48,slp48,660,1,2,1,2,1
slp48,slp48,661,2,2,1,2,1
slp48,slp48,662,0,2,1,2,1
slp48,slp48,663,1,2,4,2,1
slp48,slp48,664,2,2,1,2,1
slp48,slp48,665,1,2,1,2,1
slp48,slp48,666,2,2,1,2,1
slp48,slp48,667,1,2,1,1,1
slp48,slp48,668,2,2,4,2,1
slp48,slp48,669,2,2,1,1,1
slp48,slp48,670,2,2,1,1,1
slp48,slp48,671,1,2,1,2,1
slp48,slp48,672,2,2,1,2,1
slp48,slp48,673,2,2,4,2,1
slp48,slp48,674,1,2,1,2,1
slp48,slp48,675,2,2,1,2,1
slp48,slp48,676,1,2,4,2,1
slp48,slp48,677,1,2,4,2,1
slp48,slp48,678,2,2,1,2,1
slp48,slp48,679,1,2,1,2,1
slp48,slp48,680,1,2,1,2,1
slp48,slp48,681,1,2,1,2,1
slp48,slp48,682,1,2,1,2,1
slp48,slp48,683,1,2,1,1,1
slp48,slp48,684,1,2,0,2,1
slp48,slp48,685,2,2,4,1,1
slp48,slp48,686,1,2,1,1,1
slp48,slp48,687,1,2,1,1,1
slp48,slp48,688,2,2,1,2,1
slp48,slp48,689,1,2,4,2,1
slp48,slp48,690,1,2,4,1,1
slp48,slp48,691,1,2,1,2,1
slp48,slp48,692,2,2,1,1,1
slp48,slp48,693,1,2,1,2,1
slp48,slp48,694,1,2,1,2,1
slp48,slp48,695,2,2,4,2,1
slp48,slp48,696,2,2,1,2,1
slp48,slp48,697,2,2,2,2,1
slp48,slp48,698,1,2,1,1,1
slp48,slp48,699,1,2,1,1,1
slp48,slp48,700,2,2,2,1,1
slp48,slp48,701,1,2,1,1,4
slp48,slp48,702,2,2,4,4,4
slp48,slp48,703,2,2,1,4,4
slp48,slp48,704,2,2,4,4,4
slp48,slp48,705,2,2,2,4,1
slp48,slp48,706,1,2,1,4,4
slp48,slp48,707,2,2,1,4,4
slp48,slp48,708,2,2,1,4,4
slp48,slp48,709,2,2,4,4,4
slp48,slp48,710,1,2,1,1,1
slp48,slp48,711,2,2,4,1,1
slp48,slp48,712,1,2,1,1,1
slp48,slp48,713,1,2,4,1,1
slp48,slp48,714,2,2,4,1,1
slp48,slp48,715,1,2,1,2,1
slp48,slp48,716,1,2,0,1,1
slp48,slp48,717,1,2,0,2,1
slp48,slp48,718,1,2,4,2,1
slp48,slp48,719,2,2,4,2,1
slp48,slp48,721,1,2,4,2,1
slp48,slp48,722,1,2,1,2,1
slp48,slp48,723,1,2,1,2,4
slp48,slp48,724,1,2,1,2,1
slp48,slp48,725,1,2,1,2,1
slp48,slp48,726,2,2,1,4,4
slp48,slp48,727,2,2,1,2,4
slp48,slp48,728,1,2,1,2,4
slp48,slp48,729,2,2,4,2,1
slp48,slp48,730,2,2,1,2,1
slp48,slp48,731,1,2,1,2,4
slp48,slp48,732,2,2,0,2,1
slp48,slp48,733,2,2,1,2,1
slp48,slp48,734,1,2,4,2,4
slp48,slp48,735,2,2,1,2,4
slp48,slp48,736,1,2,1,2,4
slp48,slp48,737,1,2,4,4,4
slp48,slp48,738,1,2,1,4,4
slp48,slp48,739,1,2,1,4,4
slp48,slp48,740,2,2,2,2,1
slp48,slp48,741,1,2,0,4,4
slp48,slp48,742,1,2,1,4,4
slp48,slp48,743,2,2,1,4,4
slp48,slp48,744,2,2,1,2,1
slp48,slp48,745,1,2,0,2,1
slp48,slp48,746,1,2,4,2,1
slp48,slp48,747,2,2,1,2,1
slp48,slp48,748,2,2,1,2,1
slp48,slp48,749,1,2,1,2,1
slp48,slp48,750,1,2,0,2,4
slp48,slp48,751,1,2,1,2,1
slp48,slp48,752,1,2,1,1,1
slp48,slp48,753,2,2,4,2,1
slp48,slp48,754,1,2,1,4,4
slp48,slp48,755,1,2,2,2,4
slp48,slp48,756,2,2,1,4,4
slp48,slp48,757,2,2,1,2,4
slp48,slp48,758,1,2,1,2,1
slp48,slp48,759,2,2,4,2,1
slp59,slp59,22,0,3,0,0,2
slp59,slp59,23,0,3,0,2,0
slp59,slp59,24,0,3,0,2,1
slp59,slp59,25,0,3,0,2,1
slp59,slp59,26,0,3,0,1,0
slp59,slp59,27,0,3,0,0,0
slp59,slp59,28,0,3,0,0,0
slp59,slp59,29,0,3,0,0,0
slp59,slp59,30,0,3,0,0,0
slp59,slp59,31,0,3,0,0,0
slp59,slp59,32,0,3,0,1,0
slp59,slp59,33,0,3,0,1,0
slp59,slp59,34,0,3,0,1,0
slp59,slp59,35,0,3,0,2,0
slp59,slp59,36,0,3,0,2,0
slp59,slp59,37,0,3,0,1,0
slp59,slp59,38,0,3,0,1,1
slp59,slp59,39,0,3,0,1,1
slp59,slp59,40,0,3,0,1,1
slp59,slp59,41,0,3,0,1,1
slp59,slp59,42,0,3,0,1,1
slp59,slp59,43,0,3,0,1,0
slp59,slp59,44,0,3,1,2,1
slp59,slp59,45,0,3,0,2,1
slp59,slp59,46,0,3,0,1,1
slp59,slp59,47,0,3,0,1,0
slp59,slp59,48,0,3,0,2,0
slp59,slp59,49,0,3,0,2,0
slp59,slp59,50,0,3,0,2,0
slp59,slp59,51,0,3,0,2,0
slp59,slp59,52,0,3,0,2,1
slp59,slp59,53,0,3,0,2,1
slp59,slp59,54,0,3,0,2,0
slp59,slp59,55,0,3,0,2,0
slp59,slp59,56,0,3,0,2,0
slp59,slp59,57,0,3,0,2,1
slp59,slp59,58,1,3,1,2,1
slp59,slp59,59,0,3,1,1,1
slp59,slp59,60,1,3,0,1,1
slp59,slp59,61,1,3,0,1,1
slp59,slp59,62,1,3,1,1,1
slp59,slp59,63,0,3,1,1,1
slp59,slp59,64,1,3,1,1,1
slp59,slp59,65,1,3,1,2,1
slp59,slp59,66,0,3,0,1,0
slp59,slp59,67,1,3,1,1,1
slp59,slp59,68,0,3,2,1,1
slp59,slp59,69,0,3,2,1,1
slp59,slp59,70,1,3,2,1,1
slp59,slp59,71,1,3,2,1,1
slp59,slp59,72,1,3,0,2,1
slp59,slp59,73,1,3,2,2,1
slp59,slp59,74,1,3,1,2,1
slp59,slp59,75,1,3,2,1,2
slp59,slp59,76,2,3,2,1,1
slp59,slp59,77,1,3,2,1,2
slp59,slp59,78,1,3,2,1,1
slp59,slp59,79,1,3,2,2,1
slp59,slp59,80,1,3,2,2,1
slp59,slp59,81,1,3,2,2,1
slp59,slp59,82,1,3,2,2,1
slp59,slp59,83,2,3,2,1,2
slp59,slp59,84,2,3,2,1,1
slp59,slp59,85,1,3,2,2,1
slp59,slp59,86,1,3,2,2,1
slp59,slp59,87,1,3,2,2,1
slp59,slp59,88,1,3,2,2,1
slp59,slp59,89,1,3,2,2,2
slp59,slp59,90,1,3,2,2,2
slp59,slp59,91,1,3,2,2,2
slp59,slp59,92,1,3,2,2,2
slp59,slp59,93,1,3,2,2,2
slp59,slp59,94,1,3,2,2,2
slp59,slp59,95,1,3,0,2,1
slp59,slp59,96,1,3,1,2,1
slp59,slp59,97,1,3,1,2,2
slp59,slp59,98,0,3,2,2,2
slp59,slp59,99,1,3,1,2,2
slp59,slp59,100,1,3,2,2,2
slp59,slp59,101,1,3,2,2,2
slp59,slp59,102,1,3,2,2,2
slp59,slp59,103,1,3,0,2,1
slp59,slp59,104,1,3,1,2,1
slp59,slp59,105,1,3,2,2,2
slp59,slp59,106,0,3,2,2,2
slp59,slp59,107,0,3,1,2,2
slp59,slp59,108,1,3,2,2,2
slp59,slp59,109,1,3,2,2,2
slp59,slp59,110,1,3,2,2,2
slp59,slp59,111,1,3,2,2,2
slp59,slp59,112,1,3,2,2,2
slp59,slp59,113,1,3,2,2,2
slp59,slp59,114,1,3,2,2,2
slp59,slp59,115,1,3,0,2,1
slp59,slp59,116,1,3,0,2,0
slp59,slp59,117,1,3,0,2,0
slp59,slp59,118,0,3,0,2,0
slp59,slp59,119,0,3,0,2,0
slp59,slp59,120,0,3,0,1,2
slp59,slp59,121,0,3,0,2,2
slp59,slp59,122,0,3,0,1,0
slp59,slp59,123,0,3,0,2,0
slp59,slp59,124,0,3,0,2,0
slp59,slp59,125,0,3,0,1,0
slp59,slp59,126,0,3,0,1,0
slp59,slp59,127,0,3,0,0,0
slp59,slp59,128,0,3,0,0,0
slp59,slp59,129,0,3,0,0,0
slp59,slp59,130,0,3,0,1,0
slp59,slp59,131,0,3,0,1,0
slp59,slp59,132,0,3,0,0,0
slp59,slp59,133,0,3,0,0,0
slp59,slp59,134,0,3,0,4,0
slp59,slp59,135,0,3,0,4,0
slp59,slp59,136,0,3,0,2,0
slp59,slp59,137,0,3,0,2,0
slp59,slp59,138,0,3,0,2,0
slp59,slp59,139,0,3,0,3,0
slp59,slp59,140,0,3,0,3,0
slp59,slp59,141,0,3,0,2,0
slp59,slp59,142,0,3,0,2,0
slp59,slp59,143,0,3,0,2,0
slp59,slp59,144,0,3,0,2,0
slp59,slp59,145,0,3,0,3,0
slp59,slp59,146,0,3,0,3,0
slp59,slp59,147,1,3,0,3,0
slp59,slp59,148,0,3,0,1,1
slp59,slp59,149,0,3,0,2,0
slp59,slp59,150,0,3,0,2,1
slp59,slp59,151,1,3,1,1,1
slp59,slp59,152,0,3,0,1,0
slp59,slp59,153,1,3,1,1,1
slp59,slp59,154,1,3,2,1,1
slp59,slp59,155,0,3,2,1,1
slp59,slp59,156,0,3,1,1,1
slp59,slp59,157,1,3,0,1,1
slp59,slp59,158,1,3,2,1,1
slp59,slp59,159,1,3,2,1,1
slp59,slp59,160,4,3,2,1,1
slp59,slp59,161,1,3,2,1,1
slp59,slp59,162,1,3,2,1,1
slp59,slp59,163,1,3,2,1,1
slp59,slp59,164,1,3,2,1,1
slp59,slp59,165,1,3,2,1,1
slp59,slp59,166,4,3,2,1,1
slp59,slp59,167,4,3,2,1,1
slp59,slp59,168,1,3,2,1,1
slp59,slp59,169,2,3,2,1,1
slp59,slp59,170,1,3,2,1,1
slp59,slp59,171,1,3,2,1,1
slp59,slp59,172,1,3,0,1,1
slp59,slp59,173,1,3,0,1,1
slp59,slp59,174,2,3,1,1,1
slp59,slp59,175,0,3,2,1,1
slp59,slp59,176,0,3,0,1,1
slp59,slp59,177,1,3,2,1,1
slp59,slp59,178,1,3,2,1,1
slp59,slp59,179,0,3,2,1,1
slp59,slp59,180,4,3,2,1,1
slp59,slp59,181,4,3,2,1,1
slp59,slp59,182,1,3,2,1,1
slp59,slp59,183,4,3,2,1,1
slp59,slp59,184,4,3,2,1,2
slp59,slp59,185,1,3,2,1,2
slp59,slp59,186,2,3,2,1,2
slp59,slp59,187,2,3,2,2,2
slp59,slp59,188,2,3,2,2,2
slp59,slp59,189,2,3,2,2,2
slp59,slp59,190,2,3,2,2,2
slp59,slp59,191,1,3,1,2,2
slp59,slp59,192,2,3,2,2,2
slp59,slp59,193,2,3,2,2,2
slp59,slp59,194,1,3,3,2,2
slp59,slp59,195,1,3,2,2,2
slp59,slp59,196,1,3,2,2,2
slp59,slp59,197,2,3,2,2,2
slp59,slp59,198,2,3,2,2,2
slp59,slp59,199,2,3,2,2,2
slp59,slp59,200,2,3,2,2,2
slp59,slp59,201,2,3,2,2,2
slp59,slp59,202,1,3,2,2,2
slp59,slp59,203,2,3,3,2,2
slp59,slp59,204,2,3,2,2,2
slp59,slp59,205,2,3,2,2,2
slp59,slp59,206,2,3,2,2,2
slp59,slp59,207,2,3,2,2,2
slp59,slp59,208,2,3,3,2,2
slp59,slp59,209,2,3,2,2,2
slp59,slp59,210,2,3,2,2,2
slp59,slp59,211,2,3,3,2,2
slp59,slp59,212,2,3,3,2,2
slp59,slp59,213,2,3,3,2,2
slp59,slp59,214,2,3,3,2,2
slp59,slp59,215,2,3,3,2,2
slp59,slp59,216,3,3,3,2,2
slp59,slp59,217,3,3,3,2,2
slp59,slp59,218,3,3,3,2,3
slp59,slp59,219,3,3,3,2,3
slp59,slp59,220,3,3,3,2,3
slp59,slp59,221,3,3,3,3,3
slp59,slp59,222,3,3,3,3,3
slp59,slp59,223,3,3,3,3,3
slp59,slp59,224,3,3,3,2,3
slp59,slp59,225,3,3,3,2,3
slp59,slp59,226,3,3,3,2,3
slp59,slp59,227,3,3,3,2,3
slp59,slp59,228,3,3,3,2,3
slp59,slp59,229,3,3,3,2,3
slp59,slp59,230,3,3,3,2,3
slp59,slp59,231,3,3,3,2,3
slp59,slp59,232,3,3,3,2,3
slp59,slp59,233,3,3,3,2,3
slp59,slp59,234,3,3,3,2,3
slp59,slp59,235,3,3,3,2,3
slp59,slp59,236,3,3,3,2,3
slp59,slp59,237,3,3,3,2,3
slp59,slp59,238,3,3,2,2,2
slp59,slp59,239,3,3,0,2,1
slp59,slp59,240,3,3,0,2,1
slp59,slp59,241,3,3,0,2,0
slp59,slp59,242,1,3,0,2,0
slp59,slp59,243,0,3,1,2,1
slp59,slp59,244,0,3,0,2,0
slp59,slp59,245,0,3,1,1,1
slp59,slp59,246,0,3,0,1,0
slp59,slp59,247,0,3,0,1,2
slp59,slp59,248,0,3,0,0,0
slp59,slp59,249,0,3,0,1,0
slp59,slp59,250,0,3,1,1,1
slp59,slp59,251,0,3,1,2,1
slp59,slp59,252,0,3,0,2,1
slp59,slp59,253,0,3,1,2,1
slp59,slp59,254,0,3,0,2,1
slp59,slp59,255,0,3,0,2,0
slp59,slp59,256,0,3,0,2,0
slp59,slp59,257,0,3,1,2,1
slp59,slp59,258,0,3,1,2,2
slp59,slp59,259,0,3,1,2,1
slp59,slp59,260,0,3,2,2,2
slp59,slp59,261,0,3,0,2,1
slp59,slp59,262,1,3,0,2,0
slp59,slp59,263,1,3,0,2,2
slp59,slp59,264,1,3,3,2,2
slp59,slp59,265,0,3,0,2,0
slp59,slp59,266,0,3,0,2,2
slp59,slp59,267,0,3,3,2,2
slp59,slp59,268,0,3,0,1,2
slp59,slp59,269,0,3,0,2,0
slp59,slp59,270,0,3,0,2,0
slp59,slp59,271,0,3,0,4,0
slp59,slp59,272,0,3,0,4,0
slp59,slp59,273,0,3,0,4,0
slp59,slp59,274,0,3,0,1,0
slp59,slp59,275,0,3,0,1,0
slp59,slp59,276,0,3,0,1,0
slp59,slp59,277,0,3,1,1,1
slp59,slp59,278,0,3,1,1,1
slp59,slp59,279,0,3,1,1,1
slp59,slp59,280,0,3,1,2,1
slp59,slp59,281,1,3,1,2,1
slp59,slp59,282,0,3,1,2,1
slp59,slp59,283,0,3,1,1,1
slp59,slp59,284,0,3,0,1,1
slp59,slp59,285,1,3,2,1,1
slp59,slp59,286,1,3,2,1,1
slp59,slp59,287,1,3,2,1,1
slp59,slp59,288,0,3,2,1,1
slp59,slp59,289,1,3,2,1,1
slp59,slp59,290,1,3,2,1,1
slp59,slp59,291,1,3,2,1,1
slp59,slp59,292,2,3,2,2,2
slp59,slp59,293,2,3,2,2,2
slp59,slp59,294,2,3,2,2,2
slp59,slp59,295,2,3,2,2,2
slp59,slp59,296,2,3,2,2,2
slp59,slp59,297,2,3,2,2,2
slp59,slp59,298,2,3,2,2,2
slp59,slp59,299,2,3,2,2,2
slp59,slp59,300,2,3,2,2,2
slp59,slp59,301,2,3,2,2,2
slp59,slp59,302,2,3,2,2,2
slp59,slp59,303,2,3,2,2,2
slp59,slp59,304,2,3,2,2,2
slp59,slp59,305,2,3,1,2,2
slp59,slp59,306,2,3,1,2,2
slp59,slp59,307,2,3,1,2,1
slp59,slp59,308,2,3,1,2,2
slp59,slp59,309,4,3,1,1,2
slp59,slp59,310,4,3,1,1,1
slp59,slp59,311,4,3,1,1,1
slp59,slp59,312,4,3,2,2,1
slp59,slp59,313,4,3,1,2,2
slp59,slp59,314,4,3,1,2,1
slp59,slp59,315,4,3,2,2,2
slp59,slp59,316,4,3,2,2,2
slp59,slp59,317,4,3,2,2,2
slp59,slp59,318,4,3,4,2,2
slp59,slp59,319,4,3,2,2,2
slp59,slp59,320,4,3,2,2,2
slp59,slp59,321,4,3,1,2,2
slp59,slp59,322,4,3,2,2,2
slp59,slp59,323,4,3,1,2,2
slp59,slp59,324,4,3,1,2,2
slp59,slp59,325,4,3,2,2,2
slp59,slp59,326,4,3,4,2,2
slp59,slp59,327,4,3,1,2,1
slp59,slp59,328,4,3,1,2,1
slp59,slp59,329,4,3,1,2,2
slp59,slp59,330,4,3,1,1,1
slp59,slp59,331,4,3,1,1,1
slp59,slp59,332,4,3,1,1,1
slp59,slp59,333,4,3,1,1,1
slp59,slp59,334,4,3,1,1,1
slp59,slp59,335,4,3,0,1,1
slp59,slp59,336,4,3,1,2,1
slp59,slp59,337,0,3,1,2,1
slp59,slp59,338,0,3,2,2,2
slp59,slp59,339,0,3,0,2,0
slp59,slp59,340,0,3,1,2,1
slp59,slp59,341,0,3,1,2,1
slp59,slp59,342,1,3,1,2,1
slp59,slp59,343,0,3,0,2,0
slp59,slp59,344,0,3,1,2,1
slp59,slp59,345,0,3,1,2,2
slp59,slp59,346,0,3,2,2,2
slp59,slp59,347,0,3,0,2,2
slp59,slp59,348,0,3,1,2,1
slp59,slp59,349,0,3,1,2,1
slp59,slp59,350,1,3,1,2,2
slp59,slp59,351,1,3,4,2,2
slp59,slp59,352,0,3,1,2,1
slp59,slp59,353,0,3,1,2,1
slp59,slp59,354,0,3,0,2,1
slp59,slp59,355,1,3,4,2,2
slp59,slp59,356,0,3,2,2,2
slp59,slp59,357,0,3,2,2,2
slp59,slp59,358,1,3,2,2,2
slp59,slp59,359,1,3,2,1,1
slp59,slp59,360,1,3,2,1,1
slp59,slp59,361,1,3,2,1,2
slp59,slp59,362,2,3,2,1,1
slp59,slp59,363,2,3,2,1,2
slp59,slp59,364,2,3,2,2,2
slp59,slp59,365,2,3,2,2,2
slp59,slp59,366,2,3,2,3,2
slp59,slp59,367,2,3,2,3,2
slp59,slp59,368,2,3,2,2,2
slp59,slp59,369,2,3,3,2,2
slp59,slp59,370,2,3,2,2,2
slp59,slp59,371,2,3,2,2,2
slp59,slp59,372,2,3,2,2,2
slp59,slp59,373,2,3,3,2,2
slp59,slp59,374,2,3,3,3,2
slp59,slp59,375,2,3,2,2,2
slp59,slp59,376,2,3,2,2,2
slp59,slp59,377,2,3,3,2,2
slp59,slp59,378,2,3,2,3,2
slp59,slp59,379,2,3,2,3,2
slp59,slp59,380,2,3,3,3,3
slp59,slp59,381,2,3,3,3,2
slp59,slp59,382,3,3,3,3,2
slp59,slp59,383,3,3,3,3,3
slp59,slp59,384,3,3,3,3,3
slp59,slp59,385,3,3,2,2,2
slp59,slp59,386,3,3,3,2,3
slp59,slp59,387,3,3,3,2,3
slp59,slp59,388,3,3,3,2,3
slp59,slp59,389,3,3,3,2,3
slp59,slp59,390,3,3,3,2,3
slp59,slp59,391,3,3,3,2,3
slp59,slp59,392,3,3,3,2,3
slp59,slp59,393,3,3,3,2,3
slp59,slp59,394,3,3,3,2,3
slp59,slp59,395,3,3,3,2,3
slp59,slp59,396,3,3,3,2,3
slp59,slp59,397,3,3,3,2,3
slp59,slp59,398,3,3,3,2,3
slp59,slp59,399,3,3,3,2,3
slp59,slp59,400,3,3,3,2,3
slp59,slp59,401,3,3,3,2,3
slp59,slp59,402,3,3,3,2,3
slp59,slp59,403,3,3,3,2,3
slp59,slp59,404,3,3,3,2,3
slp59,slp59,405,3,3,3,2,3
slp59,slp59,406,3,3,3,2,3
slp59,slp59,407,3,3,3,2,3
slp59,slp59,408,3,3,3,2,3
slp59,slp59,409,3,3,3,2,3
slp59,slp59,410,3,3,3,2,3
slp59,slp59,411,3,3,3,2,3
slp59,slp59,412,3,3,3,2,3
slp59,slp59,413,3,3,3,2,3
slp59,slp59,414,3,3,3,2,3
slp59,slp59,415,3,3,3,2,3
slp59,slp59,416,3,3,3,2,3
slp59,slp59,417,3,3,3,3,3
slp59,slp59,418,3,3,3,2,3
slp59,slp59,419,3,3,2,1,2
slp59,slp59,420,3,3,2,1,2
slp59,slp59,421,3,3,3,1,2
slp59,slp59,422,3,3,2,1,2
slp59,slp59,423,2,3,2,1,2
slp59,slp59,424,1,3,3,1,2
slp59,slp59,425,1,3,3,1,2
slp59,slp59,426,2,3,3,1,2
slp59,slp59,427,2,3,2,1,2
slp59,slp59,428,2,3,3,1,2
slp59,slp59,429,2,3,2,2,2
slp59,slp59,430,2,3,3,2,2
slp59,slp59,431,2,3,2,2,2
slp59,slp59,432,2,3,3,2,2
slp59,slp59,433,2,3,3,2,2
slp59,slp59,434,2,3,3,3,2
slp59,slp59,435,2,3,3,3,2
slp59,slp59,436,2,3,3,3,3
slp59,slp59,437,2,3,3,3,3
slp59,slp59,438,3,3,3,3,3
slp59,slp59,439,2,3,3,3,3
slp59,slp59,440,3,3,3,3,3
slp59,slp59,441,3,3,3,3,3
slp59,slp59,442,3,3,3,3,3
slp59,slp59,443,3,3,3,3,3
slp59,slp59,444,3,3,3,2,3
slp59,slp59,445,3,3,3,3,3
slp59,slp59,446,3,3,3,3,3
slp59,slp59,447,3,3,2,3,2
slp59,slp59,448,3,3,2,3,2
slp59,slp59,449,3,3,2,1,1
slp59,slp59,450,3,3,2,1,2
slp59,slp59,451,3,3,2,1,1
slp59,slp59,452,2,3,2,1,1
slp59,slp59,453,0,3,2,1,1
slp59,slp59,454,1,3,2,1,1
slp59,slp59,455,1,3,2,1,1
slp59,slp59,456,1,3,2,1,1
slp59,slp59,457,1,3,2,1,1
slp59,slp59,458,1,3,2,1,1
slp59,slp59,459,1,3,2,1,2
slp59,slp59,460,1,3,2,1,1
slp59,slp59,461,1,3,2,1,1
slp59,slp59,462,1,3,2,1,1
slp59,slp59,463,2,3,2,1,2
slp59,slp59,464,2,3,2,1,2
slp59,slp59,465,0,3,2,1,2
slp59,slp59,466,2,3,2,1,2
slp59,slp59,467,2,3,2,2,2
slp59,slp59,468,2,3,2,1,2
slp59,slp59,469,2,3,2,2,2
slp59,slp59,470,2,3,2,2,2
slp59,slp59,471,2,3,2,2,2
slp59,slp59,472,2,3,2,2,2
slp59,slp59,473,2,3,2,2,2
slp59,slp59,474,2,3,2,2,2
slp59,slp59,475,2,3,2,2,2
slp59,slp59,476,2,3,2,2,2
slp59,slp59,477,2,3,2,2,2
slp59,slp59,478,2,3,1,2,1
slp59,slp59,479,2,3,2,2,2
slp60,slp60,0,0,3,0,3,0
slp60,slp60,1,0,3,0,2,0
slp60,slp60,2,0,3,4,2,4
slp60,slp60,3,0,3,0,2,0
slp60,slp60,4,1,3,0,2,0
slp60,slp60,5,0,3,0,2,0
slp60,slp60,6,0,3,0,2,0
slp60,slp60,7,1,3,4,2,4
slp60,slp60,8,1,3,4,2,4
slp60,slp60,9,1,3,1,2,4
slp60,slp60,10,1,3,4,2,4
slp60,slp60,11,1,3,4,2,4
slp60,slp60,12,1,3,4,2,2
slp60,slp60,13,1,3,4,2,2
slp60,slp60,14,1,3,4,2,2
slp60,slp60,15,1,3,1,2,1
slp60,slp60,16,1,3,4,2,2
slp60,slp60,17,1,3,4,2,2
slp60,slp60,18,1,3,4,2,4
slp60,slp60,19,0,3,0,2,2
slp60,slp60,20,1,3,4,2,4
slp60,slp60,21,1,3,4,2,4
slp60,slp60,22,0,3,0,2,2
slp60,slp60,23,0,3,0,2,1
slp60,slp60,24,1,3,4,2,4
slp60,slp60,25,1,3,4,2,4
slp60,slp60,26,1,3,1,2,2
slp60,slp60,27,1,3,4,2,4
slp60,slp60,28,1,3,4,2,4
slp60,slp60,29,1,3,4,2,2
slp60,slp60,30,1,3,1,2,2
slp60,slp60,31,2,3,4,2,2
slp60,slp60,32,1,3,4,2,4
slp60,slp60,33,1,3,1,2,2
slp60,slp60,34,1,3,4,2,2
slp60,slp60,35,1,3,1,2,2
slp60,slp60,36,1,3,2,2,2
slp60,slp60,37,1,3,1,2,2
slp60,slp60,38,1,3,4,2,4
slp60,slp60,39,1,3,1,2,2
slp60,slp60,40,1,3,4,2,2
slp60,slp60,41,1,3,4,2,2
slp60,slp60,42,1,3,4,2,2
slp60,slp60,43,1,3,2,2,2
slp60,slp60,44,1,3,4,2,2
slp60,slp60,45,1,3,2,2,2
slp60,slp60,46,1,3,1,2,1
slp60,slp60,47,1,3,2,2,2
slp60,slp60,48,1,3,1,1,1
slp60,slp60,49,1,3,4,2,1
slp60,slp60,50,1,3,0,2,2
slp60,slp60,51,1,3,4,2,2
slp60,slp60,52,1,3,4,2,2
slp60,slp60,53,1,3,1,2,2
slp60,slp60,54,1,3,1,2,2
slp60,slp60,55,1,3,4,2,4
slp60,slp60,56,1,3,1,2,2
slp60,slp60,57,1,3,1,2,4
slp60,slp60,58,1,3,1,2,2
slp60,slp60,59,1,3,4,2,4
slp60,slp60,60,1,3,4,2,4
slp60,slp60,61,1,3,1,2,1
slp60,slp60,62,1,3,4,2,1
slp60,slp60,63,1,3,1,2,2
slp60,slp60,64,1,3,4,2,2
slp60,slp60,65,1,3,4,2,1
slp60,slp60,66,1,3,4,2,1
slp60,slp60,67,1,3,1,2,2
slp60,slp60,68,1,3,4,2,1
slp60,slp60,69,1,3,4,2,1
slp60,slp60,70,1,3,1,2,1
slp60,slp60,71,1,3,1,2,1
slp60,slp60,72,1,3,0,1,1
slp60,slp60,73,0,3,2,1,2
slp60,slp60,74,0,3,0,1,1
slp60,slp60,75,0,3,0,1,1
slp60,slp60,76,1,3,4,1,1
slp60,slp60,77,1,3,4,1,1
slp60,slp60,78,1,3,4,1,1
slp60,slp60,79,2,3,4,2,1
slp60,slp60,80,2,3,4,2,1
slp60,slp60,81,2,3,4,2,4
slp60,slp60,82,2,3,1,2,4
slp60,slp60,83,2,3,1,2,2
slp60,slp60,84,2,3,4,2,1
slp60,slp60,85,2,3,1,2,1
slp60,slp60,86,1,3,1,2,2
slp60,slp60,87,1,3,4,2,4
slp60,slp60,88,1,3,4,2,4
slp60,slp60,89,2,3,4,2,4
slp60,slp60,90,0,3,4,2,1
slp60,slp60,91,1,3,4,2,1
slp60,slp60,92,1,3,2,2,2
slp60,slp60,93,0,3,4,2,1
slp60,slp60,94,0,3,4,2,1
slp60,slp60,95,2,3,1,2,1
slp60,slp60,96,1,3,4,2,1
slp60,slp60,97,1,3,4,2,1
slp60,slp60,98,2,3,1,2,1
slp60,slp60,99,2,3,4,2,1
slp60,slp60,100,2,3,1,2,2
slp60,slp60,101,1,3,4,2,1
slp60,slp60,102,2,3,4,2,2
slp60,slp60,103,1,3,2,2,2
slp60,slp60,104,2,3,0,2,1
slp60,slp60,105,0,3,4,2,1
slp60,slp60,106,1,3,4,2,1
slp60,slp60,107,0,3,1,2,1
slp60,slp60,108,1,3,4,2,1
slp60,slp60,109,1,3,4,2,1
slp60,slp60,110,1,3,1,2,1
slp60,slp60,111,2,3,2,2,2
slp60,slp60,112,2,3,0,2,2
slp60,slp60,113,0,3,0,2,0
slp60,slp60,114,0,3,0,2,0
slp60,slp60,115,0,3,0,2,0
slp60,slp60,116,0,3,2,2,2
slp60,slp60,117,0,3,0,2,1
slp60,slp60,118,0,3,0,2,2
slp60,slp60,119,0,3,0,2,1
slp60,slp60,120,0,3,0,2,0
slp60,slp60,121,0,3,0,2,0
slp60,slp60,122,0,3,0,2,0
slp60,slp60,123,0,3,0,2,2
slp60,slp60,124,0,3,0,2,0
slp60,slp60,125,0,3,2,2,2
slp60,slp60,126,0,3,3,0,3
slp60,slp60,127,0,3,0,1,0
slp60,slp60,128,0,3,0,1,0
slp60,slp60,129,0,3,0,1,0
slp60,slp60,130,0,3,0,1,0
slp60,slp60,131,0,3,0,1,0
slp60,slp60,132,0,3,0,1,1
slp60,slp60,133,0,3,0,1,0
slp60,slp60,134,0,3,0,3,0
slp60,slp60,135,0,3,0,3,0
slp60,slp60,136,0,3,3,1,3
slp60,slp60,137,0,3,2,1,2
slp60,slp60,138,0,3,0,1,0
slp60,slp60,139,0,3,0,1,0
slp60,slp60,140,0,3,2,1,0
slp60,slp60,141,0,3,2,1,2
slp60,slp60,142,0,3,2,1,0
slp60,slp60,143,0,3,2,1,0
slp60,slp60,144,0,3,2,1,0
slp60,slp60,145,0,3,2,1,0
slp60,slp60,146,0,3,2,1,2
slp60,slp60,147,0,3,2,1,2
slp60,slp60,148,0,3,1,1,0
slp60,slp60,149,0,3,0,1,0
slp60,slp60,150,0,3,0,1,0
slp60,slp60,151,0,3,0,1,0
slp60,slp60,152,0,3,1,1,0
slp60,slp60,153,0,3,0,3,0
slp60,slp60,154,0,3,0,3,0
slp60,slp60,155,0,3,1,2,0
slp60,slp60,156,0,3,1,2,0
slp60,slp60,157,0,3,1,2,0
slp60,slp60,158,0,3,1,2,0
slp60,slp60,159,0,3,1,2,0
slp60,slp60,160,1,3,0,2,0
slp60,slp60,161,0,3,0,2,0
slp60,slp60,162,0,3,1,2,1
slp60,slp60,163,0,3,1,2,1
slp60,slp60,164,1,3,4,2,1
slp60,slp60,165,1,3,4,2,1
slp60,slp60,166,0,3,1,2,0
slp60,slp60,167,0,3,0,2,0
slp60,slp60,168,0,3,0,2,0
slp60,slp60,169,0,3,0,2,0
slp60,slp60,170,0,3,1,3,0
slp60,slp60,171,0,3,1,3,0
slp60,slp60,172,1,3,4,3,1
slp60,slp60,173,1,3,1,3,1
slp60,slp60,174,0,3,4,3,1
slp60,slp60,175,0,3,1,3,0
slp60,slp60,176,0,3,1,3,0
slp60,slp60,177,0,3,1,2,0
slp60,slp60,178,0,3,1,2,1
slp60,slp60,179,1,3,4,2,1
slp60,slp60,180,1,3,1,2,1
slp60,slp60,181,0,3,4,2,1
slp60,slp60,182,1,3,1,2,1
slp60,slp60,183,0,3,1,2,1
slp60,slp60,184,1,3,4,3,1
slp60,slp60,185,1,3,4,3,1
slp60,slp60,186,1,3,4,2,4
slp60,slp60,187,1,3,1,2,1
slp60,slp60,188,0,3,0,2,0
slp60,slp60,189,0,3,0,2,2
slp60,slp60,190,0,3,0,2,1
slp60,slp60,191,0,3,0,2,0
slp60,slp60,192,0,3,0,2,0
slp60,slp60,193,0,3,0,2,1
slp60,slp60,194,0,3,0,2,0
slp60,slp60,195,0,3,1,2,1
slp60,slp60,196,0,3,0,1,0
slp60,slp60,197,0,3,1,3,0
slp60,slp60,198,0,3,1,3,1
slp60,slp60,199,0,3,1,2,1
slp60,slp60,200,1,3,4,2,2
slp60,slp60,201,1,3,1,2,0
slp60,slp60,202,0,3,4,2,1
slp60,slp60,203,1,3,1,2,0
slp60,slp60,204,1,3,4,2,2
slp60,slp60,205,1,3,4,2,2
slp60,slp60,206,2,3,4,2,2
slp60,slp60,207,1,3,4,2,2
slp60,slp60,208,1,3,4,2,2
slp60,slp60,209,1,3,2,2,2
slp60,slp60,210,2,3,4,2,2
slp60,slp60,211,2,3,2,2,2
slp60,slp60,212,2,3,4,2,2
slp60,slp60,213,2,3,4,2,1
slp60,slp60,214,2,3,2,2,2
slp60,slp60,215,2,3,4,2,2
slp60,slp60,216,2,3,2,2,2
slp60,slp60,217,2,3,2,2,2
slp60,slp60,218,2,3,2,2,2
slp60,slp60,219,2,3,2,2,2
slp60,slp60,220,2,3,2,2,2
slp60,slp60,221,2,3,2,3,2
slp60,slp60,222,2,3,2,2,2
slp60,slp60,223,4,3,1,2,4
slp60,slp60,224,4,3,4,2,4
slp60,slp60,225,4,3,1,2,2
slp60,slp60,226,4,3,1,1,2
slp60,slp60,227,4,3,4,1,4
slp60,slp60,228,4,3,4,1,1
slp60,slp60,229,4,3,4,1,1
slp60,slp60,230,4,3,4,1,1
slp60,slp60,231,4,3,4,1,1
slp60,slp60,232,4,3,4,1,1
slp60,slp60,233,4,3,4,1,1
slp60,slp60,234,4,3,4,0,1
slp60,slp60,235,4,3,4,0,1
slp60,slp60,236,4,3,4,1,1
slp60,slp60,237,4,3,1,2,1
slp60,slp60,238,4,3,4,2,4
slp60,slp60,239,4,3,1,1,1
slp60,slp60,240,4,3,4,2,1
slp60,slp60,241,4,3,1,2,1
slp60,slp60,242,4,3,4,2,1
slp60,slp60,243,4,3,1,2,1
slp60,slp60,244,4,3,1,2,1
slp60,slp60,245,4,3,4,2,1
slp60,slp60,246,4,3,4,1,4
slp60,slp60,247,4,3,4,1,1
slp60,slp60,248,4,3,4,0,1
slp60,slp60,249,4,3,0,1,0
slp60,slp60,250,4,3,0,1,1
slp60,slp60,251,0,3,0,1,1
slp60,slp60,252,0,3,2,0,0
slp60,slp60,253,0,3,0,2,0
slp60,slp60,254,0,3,0,2,0
slp60,slp60,255,0,3,1,2,0
slp60,slp60,256,0,3,1,2,0
slp60,slp60,257,0,3,0,2,0
slp60,slp60,258,0,3,0,2,0
slp60,slp60,259,0,3,0,2,0
slp60,slp60,260,0,3,0,0,0
slp60,slp60,261,0,3,0,0,0
slp60,slp60,262,0,3,2,1,2
slp60,slp60,263,0,3,0,1,2
slp60,slp60,264,0,3,0,1,0
slp60,slp60,265,0,3,0,1,0
slp60,slp60,266,0,3,0,1,0
slp60,slp60,267,0,3,2,1,2
slp60,slp60,268,0,3,4,1,0
slp60,slp60,269,0,3,2,0,0
slp60,slp60,270,0,3,0,0,0
slp60,slp60,271,0,3,0,0,0
slp60,slp60,272,0,3,2,0,0
slp60,slp60,273,0,3,2,0,0
slp60,slp60,274,0,3,0,0,0
slp60,slp60,275,0,3,0,0,0
slp60,slp60,276,0,3,2,4,0
slp60,slp60,277,0,3,2,4,0
slp60,slp60,278,0,3,3,4,3
slp60,slp60,279,0,3,2,4,0
slp60,slp60,280,0,3,2,0,0
slp60,slp60,281,0,3,2,0,0
slp60,slp60,282,0,3,2,0,0
slp60,slp60,283,0,3,2,0,0
slp60,slp60,284,0,3,2,0,0
slp60,slp60,285,0,3,2,0,2
slp60,slp60,286,0,3,3,1,2
slp60,slp60,287,0,3,2,1,2
slp60,slp60,288,0,3,0,1,1
slp60,slp60,289,0,3,0,2,0
slp60,slp60,290,0,3,0,2,1
slp60,slp60,291,0,3,1,2,1
slp60,slp60,292,0,3,1,2,1
slp60,slp60,293,0,3,1,3,1
slp60,slp60,294,0,3,1,3,1
slp60,slp60,295,0,3,1,3,0
slp60,slp60,296,0,3,1,2,0
slp60,slp60,297,0,3,1,2,0
slp60,slp60,298,0,3,1,2,1
slp60,slp60,299,0,3,1,2,0
slp60,slp60,300,0,3,1,3,1
slp60,slp60,301,0,3,1,3,0
slp60,slp60,302,0,3,1,3,0
slp60,slp60,303,0,3,1,3,0
slp60,slp60,304,0,3,1,3,0
slp60,slp60,305,0,3,1,3,1
slp60,slp60,306,0,3,1,3,0
slp60,slp60,307,0,3,0,2,0
slp60,slp60,308,0,3,1,2,0
slp60,slp60,309,0,3,1,2,0
slp60,slp60,310,0,3,1,2,0
slp60,slp60,311,0,3,1,2,0
slp60,slp60,312,0,3,1,2,0
slp60,slp60,313,0,3,0,2,0
slp60,slp60,314,0,3,1,2,0
slp60,slp60,315,0,3,1,2,0
slp60,slp60,316,0,3,1,2,0
slp60,slp60,317,0,3,0,2,0
slp60,slp60,318,0,3,1,2,0
slp60,slp60,319,0,3,1,2,0
slp60,slp60,320,0,3,1,2,0
slp60,slp60,321,0,3,1,2,0
slp60,slp60,322,0,3,1,2,0
slp60,slp60,323,0,3,1,2,0
slp60,slp60,324,0,3,1,2,0
slp60,slp60,325,0,3,1,2,1
slp60,slp60,326,0,3,4,2,1
slp60,slp60,327,0,3,4,2,1
slp60,slp60,328,1,3,1,2,1
slp60,slp60,329,1,3,1,2,1
slp60,slp60,330,1,3,4,2,2
slp60,slp60,331,1,3,4,2,1
slp60,slp60,332,1,3,4,2,2
slp60,slp60,333,1,3,4,2,1
slp60,slp60,334,1,3,1,2,1
slp60,slp60,335,1,3,1,2,1
slp60,slp60,336,0,3,1,2,1
slp60,slp60,337,0,3,1,2,1
slp60,slp60,338,1,3,4,2,1
slp60,slp60,339,1,3,1,2,2
slp60,slp60,340,1,3,2,2,3
slp60,slp60,341,1,3,2,2,2
slp60,slp60,342,0,3,0,2,0
slp60,slp60,343,0,3,0,2,0
slp60,slp60,344,0,3,0,2,0
slp60,slp60,345,0,3,0,2,0
slp60,slp60,346,0,3,1,0,0
slp60,slp60,347,0,3,1,0,0
slp60,slp60,348,0,3,1,0,0
slp60,slp60,349,0,3,1,0,0
slp60,slp60,350,0,3,1,0,0
slp60,slp60,351,0,3,1,2,1
slp60,slp60,352,0,3,0,1,1
slp60,slp60,353,0,3,1,1,1
slp60,slp60,354,0,3,4,3,1
slp60,slp60,355,0,3,4,3,1
slp60,slp60,356,0,3,1,3,1
slp60,slp60,357,1,3,4,3,1
slp60,slp60,358,1,3,4,2,1
slp60,slp60,359,0,3,1,2,1
slp60,slp60,360,1,3,1,2,1
slp60,slp60,361,1,3,4,2,1
slp60,slp60,362,0,3,0,2,0
slp60,slp60,363,1,3,0,2,1
slp60,slp60,364,0,3,0,2,1
slp60,slp60,365,0,3,0,2,1
slp60,slp60,366,0,3,0,2,1
slp60,slp60,367,0,3,1,2,1
slp60,slp60,368,0,3,1,2,1
slp60,slp60,369,0,3,1,2,1
slp60,slp60,370,0,3,1,2,1
slp60,slp60,371,0,3,4,2,1
slp60,slp60,372,0,3,4,2,4
slp60,slp60,373,0,3,4,2,1
slp60,slp60,374,1,3,4,2,4
slp60,slp60,375,1,3,0,2,0
slp60,slp60,376,1,3,1,2,1
slp60,slp60,377,0,3,1,2,1
slp60,slp60,378,0,3,1,2,1
slp60,slp60,379,0,3,1,2,1
slp60,slp60,380,0,3,3,2,3
slp60,slp60,381,0,3,3,2,3
slp60,slp60,382,0,3,4,2,1
slp60,slp60,383,0,3,4,2,1
slp60,slp60,384,1,3,1,2,1
slp60,slp60,385,1,3,4,2,1
slp60,slp60,386,0,3,4,2,1
slp60,slp60,387,1,3,4,2,1
slp60,slp60,388,1,3,4,2,1
slp60,slp60,389,1,3,4,2,1
slp60,slp60,390,1,3,4,2,1
slp60,slp60,391,1,3,4,2,1
slp60,slp60,392,1,3,4,2,1
slp60,slp60,393,1,3,4,2,1
slp60,slp60,394,1,3,4,2,1
slp60,slp60,395,1,3,4,2,1
slp60,slp60,396,1,3,2,2,2
slp60,slp60,397,1,3,0,2,2
slp60,slp60,398,2,3,0,2,0
slp60,slp60,399,0,3,0,2,0
slp60,slp60,400,0,3,1,2,1
slp60,slp60,401,0,3,1,2,1
slp60,slp60,402,0,3,1,2,0
slp60,slp60,403,0,3,1,2,1
slp60,slp60,404,1,3,4,0,1
slp60,slp60,405,0,3,4,0,1
slp60,slp60,406,1,3,4,2,1
slp60,slp60,407,1,3,4,2,1
slp60,slp60,408,1,3,4,2,1
slp60,slp60,409,1,3,4,2,4
slp60,slp60,410,1,3,1,2,4
slp60,slp60,411,1,3,4,2,4
slp60,slp60,412,1,3,1,2,1
slp60,slp60,413,1,3,4,2,1
slp60,slp60,414,1,3,4,2,1
slp60,slp60,415,1,3,4,2,1
slp60,slp60,416,1,3,4,2,1
slp60,slp60,417,1,3,1,2,1
slp60,slp60,418,1,3,4,2,1
slp60,slp60,419,1,3,4,2,1
slp60,slp60,420,1,3,4,2,1
slp60,slp60,421,1,3,4,2,1
slp60,slp60,422,1,3,4,2,1
slp60,slp60,423,1,3,4,2,1
slp60,slp60,424,1,3,4,2,1
slp60,slp60,425,1,3,1,2,1
slp60,slp60,426,1,3,4,2,1
slp60,slp60,427,1,3,4,2,1
slp60,slp60,428,1,3,4,2,1
slp60,slp60,429,1,3,4,2,1
slp60,slp60,430,1,3,4,2,1
slp60,slp60,431,1,3,4,2,1
slp60,slp60,432,1,3,4,2,1
slp60,slp60,433,1,3,4,2,1
slp60,slp60,434,1,3,0,2,1
slp60,slp60,435,1,3,4,2,1
slp60,slp60,436,0,3,1,2,1
slp60,slp60,437,0,3,4,2,1
slp60,slp60,438,1,3,4,2,1
slp60,slp60,439,0,3,2,2,2
slp60,slp60,440,1,3,4,2,1
slp60,slp60,441,1,3,4,2,1
slp60,slp60,442,0,3,4,2,1
slp60,slp60,443,1,3,4,2,1
slp60,slp60,444,1,3,4,2,1
slp60,slp60,445,1,3,4,2,1
slp60,slp60,446,1,3,0,2,2
slp60,slp60,447,1,3,0,2,2
slp60,slp60,448,1,3,0,2,2
slp60,slp60,449,0,3,0,2,2
slp60,slp60,450,0,3,0,2,0
slp60,slp60,451,0,3,0,0,0
slp60,slp60,452,0,3,0,0,0
slp60,slp60,453,0,3,0,0,0
slp60,slp60,454,0,3,0,2,0
slp60,slp60,455,0,3,3,0,2
slp60,slp60,456,0,3,3,2,2
slp60,slp60,457,0,3,2,2,2
slp60,slp60,458,0,3,2,1,2
slp60,slp60,459,0,3,3,2,2
slp60,slp60,460,0,3,2,2,2
slp60,slp60,461,0,3,0,2,0
slp60,slp60,462,0,3,1,2,1
slp60,slp60,463,0,3,0,2,0
slp60,slp60,464,0,3,0,2,0
slp60,slp60,465,0,3,1,2,1
slp60,slp60,466,0,3,1,2,1
slp60,slp60,467,0,3,1,2,0
slp60,slp60,468,0,3,1,2,1
slp60,slp60,469,0,3,1,2,1
slp60,slp60,470,0,3,4,2,0
slp60,slp60,471,0,3,2,2,2
slp60,slp60,472,0,3,1,2,1
slp60,slp60,473,0,3,1,3,1
slp60,slp60,474,0,3,1,3,1
slp60,slp60,475,0,3,1,3,1
slp60,slp60,476,0,3,1,3,0
slp60,slp60,477,0,3,1,3,1
slp60,slp60,478,0,3,1,3,0
slp60,slp60,479,0,3,1,3,0
slp60,slp60,480,0,3,1,2,1
slp60,slp60,481,0,3,1,3,1
slp60,slp60,482,0,3,1,2,0
slp60,slp60,483,0,3,1,2,0
slp60,slp60,484,0,3,4,2,2
slp60,slp60,485,0,3,1,2,0
slp60,slp60,486,0,3,1,2,0
slp60,slp60,487,0,3,0,2,0
slp60,slp60,488,0,3,1,2,0
slp60,slp60,489,0,3,1,2,0
slp60,slp60,490,0,3,1,2,0
slp60,slp60,491,0,3,1,2,1
slp60,slp60,492,0,3,1,2,1
slp60,slp60,493,0,3,0,3,1
slp60,slp60,494,0,3,4,2,1
slp60,slp60,495,0,3,0,2,0
slp60,slp60,496,0,3,1,2,1
slp60,slp60,497,0,3,1,2,1
slp60,slp60,498,0,3,1,2,1
slp60,slp60,499,0,3,1,2,1
slp60,slp60,500,0,3,1,2,1
slp60,slp60,501,0,3,1,2,1
slp60,slp60,502,0,3,4,2,4
slp60,slp60,503,0,3,4,2,4
slp60,slp60,504,0,3,2,2,2
slp60,slp60,505,0,3,1,2,2
slp60,slp60,506,1,3,1,2,1
slp60,slp60,507,1,3,1,2,1
slp60,slp60,508,0,3,4,2,4
slp60,slp60,509,0,3,4,2,1
slp60,slp60,510,0,3,4,2,1
slp60,slp60,511,0,3,4,2,1
slp60,slp60,512,0,3,4,2,1
slp60,slp60,513,0,3,4,2,1
slp60,slp60,514,1,3,4,1,1
slp60,slp60,515,1,3,4,2,4
slp60,slp60,516,1,3,0,2,1
slp60,slp60,517,1,3,4,2,1
slp60,slp60,518,1,3,4,2,1
slp60,slp60,519,1,3,0,2,1
slp60,slp60,520,1,3,0,2,1
slp60,slp60,521,1,3,4,2,1
slp60,slp60,522,1,3,4,2,1
slp60,slp60,523,1,3,1,2,1
slp60,slp60,524,1,3,4,2,1
slp60,slp60,525,1,3,1,2,1
slp60,slp60,526,1,3,4,2,1
slp60,slp60,527,1,3,4,2,1
slp60,slp60,528,1,3,4,2,1
slp60,slp60,529,1,3,0,4,2
slp60,slp60,530,1,3,0,4,1
slp60,slp60,531,1,3,0,4,1
slp60,slp60,532,1,3,1,4,1
slp60,slp60,533,0,3,1,4,1
slp60,slp60,534,0,3,4,4,1
slp60,slp60,535,0,3,1,4,1
slp60,slp60,536,0,3,4,1,1
slp60,slp60,537,1,3,1,1,1
slp60,slp60,538,0,3,4,4,1
slp60,slp60,539,1,3,4,0,0
slp60,slp60,540,1,3,4,0,0
slp60,slp60,541,1,3,4,0,0
slp60,slp60,542,1,3,4,0,0
slp60,slp60,543,1,3,4,0,0
slp60,slp60,544,1,3,4,0,0
slp60,slp60,545,1,3,4,0,0
slp60,slp60,546,1,3,4,0,0
slp60,slp60,547,1,3,4,0,0
slp60,slp60,548,1,3,4,0,0
slp60,slp60,549,1,3,4,0,0
slp60,slp60,550,1,3,1,0,0
slp60,slp60,551,1,3,4,0,0
slp60,slp60,552,1,3,2,0,0
slp60,slp60,553,1,3,4,0,0
slp60,slp60,554,1,3,4,0,0
slp60,slp60,555,1,3,4,0,0
slp60,slp60,556,1,3,4,0,0
slp60,slp60,557,1,3,4,0,0
slp60,slp60,558,1,3,4,0,0
slp60,slp60,559,1,3,0,0,0
slp60,slp60,560,1,3,4,0,0
slp60,slp60,561,1,3,4,2,1
slp60,slp60,562,1,3,4,2,1
slp60,slp60,563,1,3,4,2,1
slp60,slp60,564,1,3,4,2,1
slp60,slp60,565,1,3,4,2,1
slp60,slp60,566,1,3,4,2,1
slp60,slp60,567,1,3,4,2,1
slp60,slp60,568,1,3,4,2,1
slp60,slp60,569,1,3,4,2,1
slp60,slp60,570,2,3,4,2,1
slp60,slp60,571,1,3,4,2,1
slp60,slp60,572,2,3,4,2,1
slp60,slp60,573,1,3,4,2,1
slp60,slp60,574,1,3,1,2,1
slp60,slp60,575,1,3,4,2,1
slp60,slp60,576,1,3,4,2,1
slp60,slp60,577,2,3,4,2,1
slp60,slp60,578,1,3,4,2,1
slp60,slp60,579,1,3,4,2,1
slp60,slp60,580,2,3,1,2,1
slp60,slp60,581,1,3,4,2,1
slp60,slp60,582,2,3,4,2,1
slp60,slp60,583,1,3,4,2,1
slp60,slp60,584,1,3,4,2,1
slp60,slp60,585,1,3,4,2,1
slp60,slp60,586,1,3,2,2,1
slp60,slp60,587,2,3,4,2,1
slp60,slp60,588,1,3,4,2,1
slp60,slp60,589,1,3,4,2,1
slp60,slp60,590,1,3,4,2,1
slp60,slp60,591,2,3,1,2,1
slp60,slp60,592,1,3,4,2,1
slp60,slp60,593,1,3,4,2,1
slp60,slp60,594,1,3,4,2,1
slp60,slp60,595,1,3,4,2,1
slp60,slp60,596,1,3,2,2,2
slp60,slp60,597,1,3,2,2,2
slp60,slp60,598,1,3,2,2,1
slp60,slp60,599,1,3,4,2,1
slp60,slp60,600,2,3,4,2,1
slp60,slp60,601,1,3,2,2,1
slp60,slp60,602,1,3,4,2,1
slp60,slp60,603,1,3,2,2,1
slp60,slp60,604,1,3,1,2,1
slp60,slp60,605,1,3,4,2,1
slp60,slp60,606,1,3,4,2,1
slp60,slp60,607,1,3,4,2,1
slp60,slp60,608,1,3,4,2,1
slp60,slp60,609,1,3,2,2,2
slp60,slp60,610,1,3,4,2,1
slp60,slp60,611,1,3,2,2,1
slp60,slp60,612,1,3,4,2,1
slp60,slp60,613,1,3,4,2,1
slp60,slp60,614,1,3,2,2,1
slp60,slp60,615,1,3,0,2,1
slp60,slp60,616,1,3,1,2,1
slp60,slp60,617,1,3,1,2,1
slp60,slp60,618,1,3,1,2,1
slp60,slp60,619,1,3,4,2,1
slp60,slp60,620,1,3,4,2,1
slp60,slp60,621,1,3,4,2,1
slp60,slp60,622,1,3,1,2,1
slp60,slp60,623,1,3,4,2,1
slp60,slp60,624,1,3,4,2,1
slp60,slp60,625,1,3,4,2,1
slp60,slp60,626,4,3,4,2,1
slp60,slp60,627,1,3,0,2,1
slp60,slp60,628,1,3,4,2,1
slp60,slp60,629,1,3,4,2,1
slp60,slp60,630,1,3,4,2,1
slp60,slp60,631,1,3,4,2,1
slp60,slp60,632,1,3,4,2,1
slp60,slp60,633,1,3,4,2,1
slp60,slp60,634,1,3,4,2,2
slp60,slp60,635,1,3,4,2,1
slp60,slp60,636,1,3,1,2,2
slp60,slp60,637,1,3,2,2,2
slp60,slp60,638,1,3,4,2,1
slp60,slp60,639,1,3,4,2,1
slp60,slp60,640,1,3,4,2,1
slp60,slp60,641,1,3,4,2,1
slp60,slp60,642,1,3,4,2,1
slp60,slp60,643,1,3,4,2,1
slp60,slp60,644,1,3,1,2,1
slp60,slp60,645,1,3,4,2,1
slp60,slp60,646,1,3,2,2,2
slp60,slp60,647,1,3,4,2,1
slp60,slp60,648,1,3,4,2,1
slp60,slp60,649,1,3,1,2,1
slp60,slp60,650,1,3,0,2,1
slp60,slp60,651,1,3,1,2,1
slp60,slp60,652,1,3,4,2,1
slp60,slp60,653,1,3,4,2,1
slp60,slp60,654,1,3,4,2,1
slp60,slp60,655,1,3,1,2,1
slp60,slp60,656,1,3,2,2,1
slp60,slp60,657,1,3,4,2,1
slp60,slp60,658,1,3,4,2,1
slp60,slp60,659,4,3,4,2,1
slp60,slp60,660,4,3,4,2,1
slp60,slp60,661,1,3,4,2,1
slp60,slp60,662,1,3,1,2,1
slp60,slp60,663,1,3,4,2,1
slp60,slp60,664,1,3,4,2,1
slp60,slp60,665,1,3,4,2,1
slp60,slp60,666,1,3,4,2,1
slp60,slp60,667,1,3,4,2,1
slp60,slp60,668,2,3,4,2,1
slp60,slp60,669,2,3,4,2,1
slp60,slp60,670,1,3,4,2,1
slp60,slp60,671,2,3,4,2,1
slp60,slp60,672,2,3,4,2,1
slp60,slp60,673,2,3,4,2,1
slp60,slp60,674,2,3,4,2,1
slp60,slp60,675,1,3,1,2,1
slp60,slp60,676,2,3,4,2,1
slp60,slp60,677,1,3,4,2,1
slp60,slp60,678,2,3,4,2,1
slp60,slp60,679,1,3,1,2,1
slp60,slp60,680,1,3,4,2,1
slp60,slp60,681,1,3,2,2,1
slp60,slp60,682,1,3,4,2,4
slp60,slp60,683,1,3,1,2,1
slp60,slp60,684,1,3,1,2,1
slp60,slp60,685,1,3,2,2,2
slp60,slp60,686,1,3,1,2,2
slp60,slp60,687,1,3,2,2,2
slp60,slp60,688,1,3,4,2,1
slp60,slp60,689,1,3,1,2,2
slp60,slp60,690,1,3,4,2,1
slp60,slp60,691,1,3,1,2,1
slp60,slp60,692,1,3,4,2,1
slp60,slp60,693,1,3,4,2,1
slp60,slp60,694,1,3,1,2,1
slp60,slp60,695,1,3,4,2,1
slp60,slp60,696,1,3,1,2,1
slp60,slp60,697,1,3,4,2,1
slp60,slp60,698,1,3,4,2,1
slp60,slp60,699,2,3,4,2,1
slp60,slp60,700,1,3,0,2,2
slp60,slp60,701,1,3,4,2,1
slp60,slp60,702,1,3,4,2,1
slp60,slp60,703,1,3,4,2,1
slp60,slp60,704,1,3,4,2,1
slp60,slp60,705,0,3,3,1,2
slp60,slp60,706,1,3,0,1,1
slp60,slp60,707,1,3,0,1,1
slp60,slp60,708,1,3,0,1,1
slp60,slp60,709,1,3,4,1,1
slp61,slp61,20,0,4,1,0,1
slp61,slp61,21,0,4,1,0,2
slp61,slp61,22,0,4,1,1,2
slp61,slp61,23,0,4,1,1,1
slp61,slp61,24,0,4,2,1,2
slp61,slp61,25,0,4,1,1,1
slp61,slp61,26,0,4,1,2,2
slp61,slp61,27,0,4,1,2,2
slp61,slp61,28,0,4,2,2,2
slp61,slp61,29,0,4,1,2,2
slp61,slp61,30,0,4,1,2,2
slp61,slp61,31,0,4,2,2,2
slp61,slp61,32,1,4,1,2,2
slp61,slp61,33,1,4,1,2,2
slp61,slp61,34,1,4,1,1,1
slp61,slp61,35,2,4,2,1,2
slp61,slp61,36,1,4,2,1,2
slp61,slp61,37,0,4,1,1,1
slp61,slp61,38,0,4,1,1,1
slp61,slp61,39,2,4,2,1,1
slp61,slp61,40,2,4,2,1,1
slp61,slp61,41,2,4,2,1,1
slp61,slp61,42,2,4,2,1,2
slp61,slp61,43,2,4,2,1,2
slp61,slp61,44,2,4,1,1,1
slp61,slp61,45,2,4,2,1,1
slp61,slp61,46,2,4,2,1,2
slp61,slp61,47,2,4,2,1,2
slp61,slp61,48,2,4,2,1,2
slp61,slp61,49,2,4,2,1,2
slp61,slp61,50,2,4,2,1,1
slp61,slp61,51,2,4,2,1,2
slp61,slp61,52,2,4,2,1,2
slp61,slp61,53,2,4,2,1,2
slp61,slp61,54,2,4,2,1,2
slp61,slp61,55,2,4,2,1,2
slp61,slp61,56,2,4,2,1,2
slp61,slp61,57,2,4,2,1,2
slp61,slp61,58,2,4,2,1,2
slp61,slp61,59,2,4,2,1,2
slp61,slp61,60,2,4,2,1,2
slp61,slp61,61,2,4,2,1,2
slp61,slp61,62,2,4,2,2,2
slp61,slp61,63,2,4,3,2,2
slp61,slp61,64,2,4,2,2,2
slp61,slp61,65,2,4,3,2,2
slp61,slp61,66,2,4,2,2,2
slp61,slp61,67,2,4,2,2,2
slp61,slp61,68,2,4,2,2,2
slp61,slp61,69,2,4,2,2,2
slp61,slp61,70,2,4,2,2,2
slp61,slp61,71,2,4,2,2,2
slp61,slp61,72,2,4,3,2,2
slp61,slp61,73,2,4,2,2,2
slp61,slp61,74,2,4,2,2,2
slp61,slp61,75,2,4,2,2,2
slp61,slp61,76,2,4,2,2,2
slp61,slp61,77,2,4,2,2,2
slp61,slp61,78,2,4,3,2,2
slp61,slp61,79,2,4,2,2,2
slp61,slp61,80,2,4,2,2,2
slp61,slp61,81,2,4,2,2,2
slp61,slp61,82,2,4,2,2,2
slp61,slp61,83,2,4,2,2,2
slp61,slp61,84,2,4,2,2,2
slp61,slp61,85,2,4,2,2,2
slp61,slp61,86,2,4,2,2,2
slp61,slp61,87,2,4,2,2,2
slp61,slp61,88,2,4,2,2,2
slp61,slp61,89,2,4,2,2,2
slp61,slp61,90,2,4,2,2,2
slp61,slp61,91,2,4,2,2,2
slp61,slp61,92,2,4,2,2,2
slp61,slp61,93,2,4,0,2,2
slp61,slp61,94,2,4,2,2,2
slp61,slp61,95,2,4,2,2,2
slp61,slp61,96,2,4,2,2,2
slp61,slp61,97,2,4,0,4,2
slp61,slp61,98,0,4,0,4,2
slp61,slp61,99,0,4,1,2,4
slp61,slp61,100,1,4,1,2,2
slp61,slp61,101,1,4,2,2,2
slp61,slp61,102,0,4,1,2,2
slp61,slp61,103,1,4,2,2,2
slp61,slp61,104,1,4,2,2,2
slp61,slp61,105,2,4,1,2,2
slp61,slp61,106,2,4,2,2,2
slp61,slp61,107,1,4,0,0,2
slp61,slp61,108,2,4,2,2,2
slp61,slp61,109,2,4,2,0,2
slp61,slp61,110,2,4,1,0,2
slp61,slp61,111,2,4,2,0,2
slp61,slp61,112,2,4,2,0,2
slp61,slp61,113,2,4,2,0,2
slp61,slp61,114,2,4,2,0,0
slp61,slp61,115,2,4,2,0,2
slp61,slp61,116,2,4,2,0,2
slp61,slp61,117,2,4,2,0,2
slp61,slp61,118,2,4,2,0,2
slp61,slp61,119,2,4,0,0,2
slp61,slp61,120,2,4,2,0,2
slp61,slp61,121,2,4,2,0,2
slp61,slp61,122,2,4,2,0,2
slp61,slp61,123,2,4,2,0,2
slp61,slp61,124,2,4,2,0,2
slp61,slp61,125,2,4,2,0,2
slp61,slp61,126,2,4,2,0,2
slp61,slp61,127,2,4,2,0,2
slp61,slp61,128,2,4,2,0,2
slp61,slp61,129,2,4,2,0,2
slp61,slp61,130,2,4,2,2,2
slp61,slp61,131,2,4,2,0,2
slp61,slp61,132,2,4,3,2,2
slp61,slp61,133,2,4,0,2,2
slp61,slp61,134,2,4,2,2,2
slp61,slp61,135,2,4,3,2,2
slp61,slp61,136,2,4,2,2,2
slp61,slp61,137,2,4,2,2,2
slp61,slp61,138,2,4,2,2,2
slp61,slp61,139,2,4,3,2,2
slp61,slp61,140,2,4,2,2,2
slp61,slp61,141,2,4,2,2,2
slp61,slp61,142,2,4,2,2,2
slp61,slp61,143,2,4,0,2,2
slp61,slp61,144,2,4,2,2,2
slp61,slp61,145,2,4,3,2,2
slp61,slp61,146,2,4,3,2,2
slp61,slp61,147,2,4,2,2,2
slp61,slp61,148,2,4,3,2,2
slp61,slp61,149,3,4,2,2,2
slp61,slp61,150,2,4,2,2,2
slp61,slp61,151,2,4,2,2,2
slp61,slp61,152,2,4,3,2,2
slp61,slp61,153,3,4,0,2,2
slp61,slp61,154,2,4,3,2,2
slp61,slp61,155,3,4,2,2,2
slp61,slp61,156,2,4,2,2,2
slp61,slp61,157,2,4,3,2,2
slp61,slp61,158,2,4,2,2,2
slp61,slp61,159,2,4,2,2,2
slp61,slp61,160,0,4,0,2,2
slp61,slp61,161,0,4,0,2,2
slp61,slp61,162,0,4,0,2,2
slp61,slp61,163,0,4,1,2,0
slp61,slp61,164,0,4,0,0,0
slp61,slp61,165,0,4,0,0,0
slp61,slp61,166,0,4,0,0,0
slp61,slp61,167,0,4,0,0,0
slp61,slp61,168,0,4,0,0,0
slp61,slp61,169,0,4,2,0,0
slp61,slp61,170,0,4,0,0,0
slp61,slp61,171,0,4,3,0,0
slp61,slp61,172,0,4,0,0,0
slp61,slp61,173,0,4,1,0,0
slp61,slp61,174,0,4,0,0,0
slp61,slp61,175,0,4,1,0,0
slp61,slp61,176,0,4,1,0,0
slp61,slp61,177,0,4,1,0,0
slp61,slp61,178,0,4,3,0,0
slp61,slp61,179,0,4,2,0,0
slp61,slp61,180,0,4,0,0,0
slp61,slp61,181,0,4,0,0,0
slp61,slp61,182,0,4,0,0,0
slp61,slp61,183,0,4,0,0,0
slp61,slp61,184,0,4,0,0,0
slp61,slp61,185,0,4,0,0,0
slp61,slp61,186,0,4,1,0,0
slp61,slp61,187,0,4,0,0,0
slp61,slp61,188,0,4,1,0,4
slp61,slp61,189,0,4,0,0,0
slp61,slp61,190,0,4,0,0,0
slp61,slp61,191,0,4,1,0,4
slp61,slp61,192,0,4,1,4,4
slp61,slp61,193,0,4,1,0,1
slp61,slp61,194,0,4,1,0,0
slp61,slp61,195,1,4,1,0,0
slp61,slp61,196,0,4,1,0,0
slp61,slp61,197,0,4,1,0,0
slp61,slp61,198,0,4,1,0,0
slp61,slp61,199,1,4,4,0,4
slp61,slp61,200,0,4,1,0,4
slp61,slp61,201,1,4,4,0,1
slp61,slp61,202,0,4,1,0,2
slp61,slp61,203,1,4,1,0,2
slp61,slp61,204,1,4,2,0,2
slp61,slp61,205,0,4,2,0,0
slp61,slp61,206,0,4,1,0,1
slp61,slp61,207,0,4,1,0,2
slp61,slp61,208,1,4,2,0,2
slp61,slp61,209,0,4,1,2,2
slp61,slp61,210,1,4,2,2,2
slp61,slp61,211,2,4,1,2,2
slp61,slp61,212,2,4,2,2,2
slp61,slp61,213,2,4,2,2,2
slp61,slp61,214,2,4,2,2,2
slp61,slp61,215,2,4,1,2,2
slp61,slp61,216,2,4,2,2,2
slp61,slp61,217,2,4,2,2,2
slp61,slp61,218,2,4,2,2,2
slp61,slp61,219,2,4,2,2,2
slp61,slp61,220,2,4,2,2,2
slp61,slp61,221,2,4,2,2,2
slp61,slp61,222,2,4,2,2,2
slp61,slp61,223,2,4,2,3,2
slp61,slp61,224,2,4,2,2,2
slp61,slp61,225,2,4,2,2,3
slp61,slp61,226,2,4,3,2,3
slp61,slp61,227,2,4,3,2,3
slp61,slp61,228,2,4,3,2,3
slp61,slp61,229,3,4,3,2,3
slp61,slp61,230,2,4,3,2,3
slp61,slp61,231,2,4,3,2,3
slp61,slp61,232,2,4,3,2,3
slp61,slp61,233,3,4,3,2,3
slp61,slp61,234,2,4,3,2,3
slp61,slp61,235,3,4,3,2,3
slp61,slp61,236,3,4,3,2,3
slp61,slp61,237,3,4,3,2,3
slp61,slp61,238,3,4,3,2,3
slp61,slp61,239,3,4,3,2,3
slp61,slp61,240,2,4,3,2,3
slp61,slp61,241,3,4,3,2,3
slp61,slp61,242,3,4,3,2,3
slp61,slp61,243,3,4,3,2,3
slp61,slp61,244,3,4,3,2,3
slp61,slp61,245,3,4,2,2,3
slp61,slp61,246,3,4,3,2,3
slp61,slp61,247,3,4,3,2,3
slp61,slp61,248,3,4,2,2,3
slp61,slp61,249,3,4,3,2,3
slp61,slp61,250,3,4,3,2,3
slp61,slp61,251,3,4,2,2,3
slp61,slp61,252,3,4,3,2,3
slp61,slp61,253,3,4,3,2,3
slp61,slp61,254,3,4,3,2,3
slp61,slp61,255,3,4,3,2,3
slp61,slp61,256,3,4,3,2,3
slp61,slp61,257,3,4,3,2,3
slp61,slp61,258,3,4,3,2,3
slp61,slp61,259,3,4,3,2,3
slp61,slp61,260,3,4,3,2,3
slp61,slp61,261,3,4,2,2,3
slp61,slp61,262,3,4,0,0,0
slp61,slp61,263,3,4,3,0,2
slp61,slp61,264,3,4,3,0,2
slp61,slp61,265,3,4,3,0,2
slp61,slp61,266,2,4,3,0,2
slp61,slp61,267,2,4,3,0,2
slp61,slp61,268,3,4,3,0,2
slp61,slp61,269,2,4,2,0,2
slp61,slp61,270,2,4,3,0,2
slp61,slp61,271,3,4,3,0,2
slp61,slp61,272,3,4,3,0,3
slp61,slp61,273,3,4,3,0,3
slp61,slp61,274,3,4,3,2,3
slp61,slp61,275,3,4,3,0,3
slp61,slp61,276,3,4,2,0,3
slp61,slp61,277,3,4,3,2,2
slp61,slp61,278,3,4,2,1,2
slp61,slp61,279,2,4,2,1,2
slp61,slp61,280,2,4,2,1,2
slp61,slp61,281,2,4,0,0,2
slp61,slp61,282,2,4,2,2,2
slp61,slp61,283,2,4,2,1,2
slp61,slp61,284,2,4,1,2,2
slp61,slp61,285,2,4,2,2,2
slp61,slp61,286,2,4,2,0,2
slp61,slp61,287,2,4,2,2,2
slp61,slp61,288,2,4,0,0,2
slp61,slp61,289,0,4,1,0,2
slp61,slp61,290,0,4,2,0,2
slp61,slp61,291,0,4,0,0,2
slp61,slp61,292,0,4,1,0,2
slp61,slp61,293,0,4,1,0,2
slp61,slp61,294,0,4,0,0,2
slp61,slp61,295,0,4,2,0,2
slp61,slp61,296,0,4,2,0,0
slp61,slp61,297,0,4,1,0,0
slp61,slp61,298,0,4,0,0,0
slp61,slp61,299,0,4,1,0,0
slp61,slp61,300,0,4,1,0,0
slp61,slp61,301,0,4,1,0,0
slp61,slp61,302,0,4,1,0,0
slp61,slp61,303,0,4,1,0,0
slp61,slp61,304,0,4,1,0,0
slp61,slp61,305,0,4,1,0,4
slp61,slp61,306,0,4,2,0,4
slp61,slp61,307,0,4,2,0,0
slp61,slp61,308,0,4,2,0,0
slp61,slp61,309,0,4,0,0,0
slp61,slp61,310,0,4,0,0,0
slp61,slp61,311,0,4,0,0,0
slp61,slp61,312,0,4,1,0,0
slp61,slp61,313,0,4,1,0,4
slp61,slp61,314,1,4,4,0,4
slp61,slp61,315,1,4,2,0,0
slp61,slp61,316,1,4,2,0,0
slp61,slp61,317,1,4,1,0,4
slp61,slp61,318,1,4,1,0,1
slp61,slp61,319,1,4,1,1,1
slp61,slp61,320,0,4,4,1,1
slp61,slp61,321,0,4,1,2,2
slp61,slp61,322,1,4,2,2,2
slp61,slp61,323,2,4,2,2,2
slp61,slp61,324,2,4,2,2,2
slp61,slp61,325,2,4,2,2,2
slp61,slp61,326,2,4,2,2,2
slp61,slp61,327,2,4,2,2,2
slp61,slp61,328,2,4,2,2,2
slp61,slp61,329,2,4,2,2,2
slp61,slp61,330,2,4,2,2,2
slp61,slp61,331,2,4,2,2,3
slp61,slp61,332,2,4,2,2,2
slp61,slp61,333,2,4,2,2,3
slp61,slp61,334,2,4,2,2,2
slp61,slp61,335,2,4,1,2,2
slp61,slp61,336,2,4,2,2,2
slp61,slp61,337,2,4,1,2,4
slp61,slp61,338,2,4,4,2,4
slp61,slp61,339,2,4,1,2,4
slp61,slp61,340,2,4,1,2,2
slp61,slp61,341,4,4,1,2,4
slp61,slp61,342,4,4,1,0,4
slp61,slp61,343,4,4,1,4,4
slp61,slp61,344,4,4,1,4,4
slp61,slp61,345,4,4,1,4,4
slp61,slp61,346,4,4,1,4,4
slp61,slp61,347,4,4,1,1,1
slp61,slp61,348,4,4,1,1,2
slp61,slp61,349,4,4,1,1,1
slp61,slp61,350,4,4,1,1,1
slp61,slp61,351,4,4,1,2,1
slp61,slp61,352,4,4,1,2,2
slp61,slp61,353,4,4,1,2,2
slp61,slp61,354,4,4,1,2,1
slp61,slp61,355,4,4,1,2,1
slp61,slp61,356,4,4,1,2,1
slp61,slp61,357,4,4,1,2,1
slp61,slp61,358,4,4,1,2,2
slp61,slp61,359,4,4,1,2,1
slp61,slp61,360,4,4,4,1,1
slp61,slp61,361,4,4,1,1,1
slp61,slp61,362,4,4,1,1,1
slp61,slp61,363,4,4,1,1,1
slp61,slp61,364,4,4,1,1,2
slp61,slp61,365,4,4,1,2,1
slp61,slp61,366,4,4,1,2,2
slp61,slp61,367,4,4,1,2,2
slp61,slp61,368,4,4,1,2,2
slp61,slp61,369,4,4,1,2,2
slp61,slp61,370,4,4,1,2,1
slp61,slp61,371,4,4,1,2,1
slp61,slp61,372,4,4,1,2,2
slp61,slp61,373,4,4,1,2,2
slp61,slp61,374,4,4,1,2,2
slp61,slp61,375,4,4,1,2,1
slp61,slp61,376,4,4,1,2,1
slp61,slp61,377,4,4,4,2,1
slp61,slp61,378,4,4,1,2,2
slp61,slp61,379,4,4,1,2,2
slp61,slp61,380,4,4,1,0,1
slp61,slp61,381,4,4,4,0,1
slp61,slp61,382,1,4,1,1,1
slp61,slp61,383,1,4,1,1,1
slp61,slp61,384,2,4,1,1,1
slp61,slp61,385,2,4,1,1,1
slp61,slp61,386,2,4,1,1,1
slp61,slp61,387,2,4,1,1,1
slp61,slp61,388,1,4,4,1,1
slp61,slp61,389,1,4,1,1,1
slp61,slp61,390,0,4,0,0,2
slp61,slp61,391,1,4,1,0,1
slp61,slp61,392,0,4,1,1,1
slp61,slp61,393,1,4,1,1,2
slp61,slp61,394,1,4,2,1,2
slp61,slp61,395,2,4,2,1,2
slp61,slp61,396,2,4,2,1,1
slp61,slp61,397,2,4,2,1,1
slp61,slp61,398,2,4,2,1,1
slp61,slp61,399,2,4,2,1,2
slp61,slp61,400,2,4,2,2,2
slp61,slp61,401,2,4,2,2,2
slp61,slp61,402,2,4,2,2,2
slp61,slp61,403,2,4,2,2,2
slp61,slp61,404,2,4,2,2,2
slp61,slp61,405,2,4,2,2,2
slp61,slp61,406,2,4,2,3,3
slp61,slp61,407,2,4,2,2,3
slp61,slp61,408,2,4,2,2,2
slp61,slp61,409,2,4,3,2,3
slp61,slp61,410,3,4,2,2,3
slp61,slp61,411,2,4,3,2,3
slp61,slp61,412,2,4,2,2,3
slp61,slp61,413,2,4,3,2,3
slp61,slp61,414,2,4,3,2,3
slp61,slp61,415,2,4,3,2,3
slp61,slp61,416,2,4,3,2,3
slp61,slp61,417,2,4,3,2,3
slp61,slp61,418,2,4,3,2,3
slp61,slp61,419,3,4,3,2,3
slp61,slp61,420,2,4,3,2,3
slp61,slp61,421,3,4,3,2,3
slp61,slp61,422,2,4,3,2,3
slp61,slp61,423,3,4,3,2,3
slp61,slp61,424,3,4,3,2,3
slp61,slp61,425,3,4,3,2,3
slp61,slp61,426,2,4,3,2,3
slp61,slp61,427,3,4,3,2,3
slp61,slp61,428,2,4,3,2,3
slp61,slp61,429,3,4,3,2,3
slp61,slp61,430,3,4,2,2,3
slp61,slp61,431,3,4,3,2,3
slp61,slp61,432,3,4,2,2,3
slp61,slp61,433,3,4,3,2,3
slp61,slp61,434,2,4,3,2,3
slp61,slp61,435,3,4,3,2,3
slp61,slp61,436,3,4,3,3,3
slp61,slp61,437,3,4,3,3,3
slp61,slp61,438,3,4,3,3,3
slp61,slp61,439,3,4,3,1,2
slp61,slp61,440,3,4,3,2,2
slp61,slp61,441,3,4,2,1,2
slp61,slp61,442,2,4,3,1,2
slp61,slp61,443,2,4,3,1,2
slp61,slp61,444,3,4,3,2,2
slp61,slp61,445,3,4,2,2,2
slp61,slp61,446,3,4,3,2,2
slp61,slp61,447,3,4,3,2,2
slp61,slp61,448,3,4,3,2,3
slp61,slp61,449,3,4,3,2,3
slp61,slp61,450,3,4,3,2,3
slp61,slp61,451,3,4,3,2,3
slp61,slp61,452,3,4,3,2,3
slp61,slp61,453,3,4,3,2,3
slp61,slp61,454,3,4,3,2,3
slp61,slp61,455,2,4,3,2,3
slp61,slp61,456,2,4,3,2,3
slp61,slp61,457,2,4,3,2,3
slp61,slp61,458,3,4,2,2,3
slp61,slp61,459,3,4,3,2,3
slp61,slp61,460,2,4,3,2,3
slp61,slp61,461,3,4,3,2,3
slp61,slp61,462,2,4,3,2,3
slp61,slp61,463,3,4,3,2,3
slp61,slp61,464,3,4,3,2,3
slp61,slp61,465,3,4,3,2,3
slp61,slp61,466,3,4,3,2,3
slp61,slp61,467,3,4,3,3,3
slp61,slp61,468,2,4,3,3,3
slp61,slp61,469,3,4,2,3,3
slp61,slp61,470,3,4,2,2,3
slp61,slp61,471,3,4,3,2,3
slp61,slp61,472,3,4,3,2,3
slp61,slp61,473,3,4,2,2,3
slp61,slp61,474,3,4,2,2,3
slp61,slp61,475,3,4,3,2,3
slp61,slp61,476,3,4,3,2,3
slp61,slp61,477,3,4,3,2,3
slp61,slp61,478,3,4,3,2,2
slp61,slp61,479,3,4,3,2,2
slp61,slp61,480,3,4,3,3,3
slp61,slp61,481,3,4,3,1,2
slp61,slp61,482,3,4,0,1,1
slp61,slp61,483,3,4,2,1,2
slp61,slp61,484,3,4,2,1,2
slp61,slp61,485,2,4,2,1,2
slp61,slp61,486,2,4,2,1,2
slp61,slp61,487,2,4,2,1,2
slp61,slp61,488,2,4,2,1,2
slp61,slp61,489,2,4,2,1,2
slp61,slp61,490,2,4,2,1,2
slp61,slp61,491,2,4,2,1,2
slp61,slp61,492,2,4,2,1,2
slp61,slp61,493,2,4,2,1,2
slp61,slp61,494,2,4,2,1,2
slp61,slp61,495,2,4,2,2,2
slp61,slp61,496,2,4,2,2,2
slp61,slp61,497,2,4,2,2,2
slp61,slp61,498,2,4,2,2,2
slp61,slp61,499,2,4,2,2,2
slp61,slp61,500,2,4,2,2,2
slp61,slp61,501,2,4,2,2,2
slp61,slp61,502,2,4,2,2,2
slp61,slp61,503,2,4,2,2,2
slp61,slp61,504,2,4,3,2,2
slp61,slp61,505,2,4,3,2,2
slp61,slp61,506,2,4,3,2,2
slp61,slp61,507,2,4,3,2,2
slp61,slp61,508,3,4,3,2,2
slp61,slp61,509,2,4,3,2,2
slp61,slp61,510,2,4,2,2,2
slp61,slp61,511,2,4,3,2,2
slp61,slp61,512,2,4,3,2,2
slp61,slp61,513,2,4,3,2,2
slp61,slp61,514,2,4,3,2,2
slp61,slp61,515,2,4,2,2,2
slp61,slp61,516,3,4,3,2,2
slp61,slp61,517,3,4,2,2,2
slp61,slp61,518,2,4,3,2,2
slp61,slp61,519,2,4,2,2,2
slp61,slp61,520,2,4,2,2,2
slp61,slp61,521,2,4,2,2,2
slp61,slp61,522,3,4,2,2,2
slp61,slp61,523,2,4,2,2,2
slp61,slp61,524,2,4,3,2,2
slp61,slp61,525,2,4,2,1,2
slp61,slp61,526,2,4,2,1,2
slp61,slp61,527,2,4,2,2,2
slp61,slp61,528,2,4,2,2,2
slp61,slp61,529,2,4,2,1,2
slp61,slp61,530,2,4,2,1,2
slp61,slp61,531,2,4,2,1,2
slp61,slp61,532,1,4,2,1,2
slp61,slp61,533,2,4,1,1,1
slp61,slp61,534,2,4,0,1,1
slp61,slp61,535,2,4,2,1,1
slp61,slp61,536,1,4,2,1,2
slp61,slp61,537,0,4,2,1,2
slp61,slp61,538,1,4,2,1,2
slp61,slp61,539,2,4,2,1,2
slp61,slp61,540,2,4,2,1,1
slp61,slp61,541,2,4,2,1,2
slp61,slp61,542,2,4,2,1,2
slp61,slp61,543,2,4,2,1,2
slp61,slp61,544,2,4,3,2,2
slp61,slp61,545,2,4,2,2,2
slp61,slp61,546,2,4,2,2,2
slp61,slp61,547,2,4,2,2,2
slp61,slp61,548,2,4,3,2,2
slp61,slp61,549,2,4,2,2,2
slp61,slp61,550,2,4,2,2,2
slp61,slp61,551,2,4,2,2,2
slp61,slp61,552,3,4,3,2,2
slp61,slp61,553,2,4,2,2,2
slp61,slp61,554,2,4,2,2,2
slp61,slp61,555,2,4,2,2,2
slp61,slp61,556,2,4,2,2,2
slp61,slp61,557,2,4,3,2,2
slp61,slp61,558,2,4,2,2,2
slp61,slp61,559,2,4,2,2,2
slp61,slp61,560,2,4,2,2,2
slp61,slp61,561,2,4,3,2,2
slp61,slp61,562,2,4,3,2,2
slp61,slp61,563,2,4,3,2,2
slp61,slp61,564,2,4,3,2,2
slp61,slp61,565,2,4,3,2,2
slp61,slp61,566,2,4,2,1,2
slp61,slp61,567,2,4,1,1,1
slp61,slp61,568,2,4,1,1,1
slp61,slp61,569,2,4,1,1,1
slp61,slp61,570,2,4,0,1,1
slp61,slp61,571,0,4,4,1,1
slp61,slp61,572,1,4,2,1,1
slp61,slp61,573,0,4,1,4,1
slp61,slp61,574,0,4,2,4,2
slp61,slp61,575,1,4,0,4,1
slp61,slp61,576,1,4,1,4,1
slp61,slp61,577,1,4,0,4,1
slp61,slp61,578,0,4,0,1,1
slp61,slp61,579,0,4,4,1,1
slp61,slp61,580,0,4,4,1,1
slp61,slp61,581,0,4,1,1,1
slp61,slp61,582,0,4,4,1,1
slp61,slp61,583,0,4,1,1,1
slp61,slp61,584,1,4,2,1,1
slp61,slp61,585,1,4,4,1,1
slp61,slp61,586,1,4,4,1,1
slp61,slp61,587,1,4,1,1,1
slp61,slp61,588,0,4,1,1,1
slp61,slp61,589,1,4,1,1,1
slp61,slp61,590,1,4,1,1,1
slp61,slp61,591,1,4,1,1,1
slp61,slp61,592,1,4,4,1,1
slp61,slp61,593,0,4,2,1,2
slp61,slp61,594,1,4,4,1,1
slp61,slp61,595,2,4,2,1,1
slp61,slp61,596,1,4,1,1,1
slp61,slp61,597,2,4,0,1,1
slp61,slp61,598,1,4,1,1,1
slp61,slp61,599,2,4,1,1,1
slp61,slp61,600,2,4,2,1,1
slp61,slp61,601,0,4,1,1,1
slp61,slp61,602,1,4,2,1,1
slp61,slp61,603,1,4,1,1,1
slp61,slp61,604,2,4,4,1,1
slp61,slp61,605,1,4,2,1,1
slp61,slp61,606,1,4,2,1,1
slp61,slp61,607,2,4,2,1,1
slp61,slp61,608,1,4,2,1,2
slp61,slp61,609,2,4,2,1,2
slp61,slp61,610,2,4,1,1,1
slp61,slp61,611,2,4,2,1,2
slp61,slp61,612,1,4,1,1,1
slp61,slp61,613,2,4,2,1,1
slp61,slp61,614,1,4,1,1,1
slp61,slp61,615,2,4,2,1,1
slp61,slp61,616,2,4,2,1,1
slp61,slp61,617,2,4,1,1,1
slp61,slp61,618,2,4,1,1,1
slp61,slp61,619,2,4,1,1,1
slp61,slp61,620,2,4,1,1,1
slp61,slp61,621,2,4,2,1,1
slp61,slp61,622,1,4,1,2,1
slp61,slp61,623,1,4,1,2,1
slp61,slp61,624,1,4,1,4,4
slp61,slp61,625,1,4,1,4,4
slp61,slp61,626,1,4,1,4,4
slp61,slp61,627,1,4,4,4,4
slp61,slp61,628,1,4,2,4,4
slp61,slp61,629,1,4,1,4,2
slp61,slp61,630,1,4,1,4,2
slp61,slp61,631,0,4,1,4,2
slp61,slp61,632,1,4,1,4,2
slp61,slp61,633,1,4,2,4,2
slp61,slp61,634,2,4,1,2,2
slp61,slp61,635,1,4,2,2,2
slp61,slp61,636,2,4,1,4,1
slp61,slp61,637,2,4,2,2,1
slp61,slp61,638,1,4,1,1,1
slp61,slp61,639,2,4,1,1,1
slp61,slp61,640,1,4,1,1,1
slp61,slp61,641,2,4,2,1,1
slp61,slp61,642,2,4,1,1,1
slp61,slp61,643,2,4,1,1,1
slp61,slp61,644,2,4,0,1,1
slp61,slp61,645,1,4,0,1,1
slp61,slp61,646,1,4,0,1,1
slp61,slp61,647,0,4,0,1,1
slp61,slp61,648,0,4,0,1,1
slp61,slp61,649,0,4,0,1,0
slp61,slp61,650,0,4,0,0,0
slp61,slp61,651,0,4,0,0,0
slp61,slp61,652,0,4,0,0,0
slp61,slp61,653,0,4,0,0,0
slp61,slp61,654,0,4,4,0,0
slp61,slp61,655,0,4,1,0,0
slp61,slp61,656,0,4,1,0,4
slp61,slp61,657,0,4,0,0,0
slp61,slp61,658,1,4,1,1,1
slp61,slp61,659,1,4,1,1,1
slp61,slp61,660,1,4,2,1,1
slp61,slp61,661,1,4,1,1,1
slp61,slp61,662,1,4,4,1,1
slp61,slp61,663,1,4,1,2,1
slp61,slp61,664,1,4,1,1,1
slp61,slp61,665,1,4,1,1,1
slp61,slp61,666,1,4,2,1,1
slp61,slp61,667,2,4,1,1,1
slp61,slp61,668,2,4,1,1,1
slp61,slp61,669,2,4,1,1,1
slp61,slp61,670,1,4,0,0,1
slp61,slp61,671,2,4,1,1,1
slp61,slp61,672,2,4,0,1,1
slp61,slp61,673,1,4,0,1,1
slp61,slp61,674,0,4,0,1,1
slp61,slp61,675,0,4,0,1,1
slp61,slp61,676,0,4,0,0,1
slp61,slp61,677,0,4,0,0,0
slp61,slp61,678,0,4,0,0,0
slp61,slp61,679,0,4,1,0,1
slp61,slp61,680,0,4,1,1,1
slp61,slp61,681,0,4,1,1,1
slp61,slp61,682,0,4,1,1,1
slp61,slp61,683,1,4,1,1,1
slp61,slp61,684,1,4,2,1,1
slp61,slp61,685,1,4,2,1,1
slp61,slp61,686,1,4,1,1,1
slp61,slp61,687,1,4,2,1,1
slp61,slp61,688,2,4,1,1,1
slp61,slp61,689,1,4,1,1,1
slp61,slp61,690,2,4,1,1,1
slp61,slp61,691,2,4,2,1,1
slp61,slp61,692,2,4,1,1,1
slp61,slp61,693,2,4,2,1,1
slp61,slp61,694,2,4,2,1,1
slp61,slp61,695,2,4,2,1,1
slp61,slp61,696,2,4,1,1,1
slp61,slp61,697,2,4,2,1,1
slp61,slp61,698,2,4,2,2,2
slp61,slp61,699,2,4,1,2,1
slp61,slp61,700,2,4,1,1,1
slp61,slp61,701,2,4,1,2,1
slp61,slp61,702,4,4,1,2,2
slp61,slp61,703,4,4,1,2,1
slp61,slp61,704,4,4,1,2,2
slp61,slp61,705,4,4,4,2,2
slp61,slp61,706,4,4,1,2,2
slp61,slp61,707,4,4,1,2,2
slp61,slp61,708,4,4,4,2,1
slp61,slp61,709,4,4,4,2,2
slp61,slp61,710,4,4,1,2,2
slp61,slp61,711,4,4,1,2,2
slp61,slp61,712,4,4,1,2,2
slp61,slp61,713,4,4,1,2,1
slp61,slp61,714,4,4,1,2,2
slp61,slp61,715,4,4,1,2,2
slp61,slp61,716,4,4,4,2,2
slp61,slp61,717,4,4,1,2,2
slp61,slp61,718,4,4,1,2,1
slp61,slp61,719,4,4,1,2,2
slp61,slp61,720,4,4,1,2,2
slp61,slp61,721,4,4,1,2,2
slp61,slp61,722,4,4,1,2,2
slp61,slp61,723,4,4,1,2,2
slp61,slp61,724,4,4,1,2,2
slp61,slp61,725,4,4,1,2,2
slp61,slp61,726,4,4,1,2,2
slp61,slp61,727,4,4,4,2,1
slp61,slp61,728,4,4,1,2,2
slp61,slp61,729,4,4,1,2,1
slp61,slp61,730,4,4,1,2,2
slp61,slp61,731,4,4,1,2,2
slp61,slp61,732,4,4,1,2,2
slp61,slp61,733,4,4,1,2,2
slp61,slp61,734,4,4,1,2,2
slp61,slp61,735,4,4,1,2,1
slp61,slp61,736,4,4,1,2,2
slp61,slp61,737,4,4,4,2,2
slp61,slp61,738,4,4,1,2,2
slp61,slp61,739,4,4,1,2,2
slp66,slp66,0,0,1,0,0,0
slp66,slp66,1,0,1,0,0,0
slp66,slp66,2,1,1,0,0,0
slp66,slp66,3,0,1,0,0,0
slp66,slp66,4,1,1,1,0,0
slp66,slp66,5,1,1,1,4,4
slp66,slp66,6,0,1,1,4,0
slp66,slp66,7,0,1,0,0,0
slp66,slp66,8,0,1,2,0,0
slp66,slp66,9,0,1,0,0,0
slp66,slp66,10,0,1,0,0,0
slp66,slp66,11,0,1,0,0,0
slp66,slp66,12,0,1,4,0,0
slp66,slp66,13,0,1,0,0,0
slp66,slp66,14,0,1,0,0,0
slp66,slp66,15,0,1,0,0,0
slp66,slp66,16,0,1,0,0,0
slp66,slp66,17,0,1,0,0,0
slp66,slp66,18,1,1,0,0,0
slp66,slp66,19,0,1,0,4,0
slp66,slp66,20,1,1,1,4,0
slp66,slp66,21,1,1,1,4,0
slp66,slp66,22,1,1,1,4,0
slp66,slp66,23,1,1,1,4,0
slp66,slp66,24,1,1,1,4,1
slp66,slp66,25,1,1,1,1,1
slp66,slp66,26,1,1,1,1,1
slp66,slp66,27,1,1,1,1,1
slp66,slp66,28,1,1,0,2,2
slp66,slp66,29,0,1,1,2,1
slp66,slp66,30,1,1,1,2,2
slp66,slp66,31,1,1,2,2,2
slp66,slp66,32,1,1,4,2,2
slp66,slp66,33,1,1,4,2,2
slp66,slp66,34,1,1,1,2,1
slp66,slp66,35,1,1,1,2,2
slp66,slp66,36,1,1,1,2,2
slp66,slp66,37,1,1,2,2,2
slp66,slp66,38,1,1,1,2,1
slp66,slp66,39,2,1,2,2,2
slp66,slp66,40,2,1,2,2,2
slp66,slp66,41,2,1,2,2,2
slp66,slp66,42,2,1,2,2,2
slp66,slp66,43,2,1,2,2,2
slp66,slp66,44,2,1,3,2,2
slp66,slp66,45,2,1,4,2,2
slp66,slp66,46,2,1,2,2,2
slp66,slp66,47,2,1,2,2,2
slp66,slp66,48,2,1,2,2,2
slp66,slp66,49,2,1,2,2,2
slp66,slp66,50,2,1,1,1,1
slp66,slp66,51,2,1,1,1,1
slp66,slp66,52,0,1,1,1,1
slp66,slp66,53,1,1,1,1,1
slp66,slp66,54,1,1,1,1,1
slp66,slp66,55,2,1,1,1,2
slp66,slp66,56,0,1,1,1,1
slp66,slp66,57,1,1,4,1,1
slp66,slp66,58,1,1,1,1,2
slp66,slp66,59,1,1,1,1,1
slp66,slp66,60,0,1,2,1,1
slp66,slp66,61,1,1,1,1,1
slp66,slp66,62,2,1,2,1,1
slp66,slp66,63,1,1,2,2,2
slp66,slp66,64,1,1,1,2,1
slp66,slp66,65,1,1,2,1,2
slp66,slp66,66,1,1,2,1,1
slp66,slp66,67,1,1,2,1,2
slp66,slp66,68,1,1,2,1,2
slp66,slp66,69,1,1,2,2,2
slp66,slp66,70,1,1,2,2,2
slp66,slp66,71,2,1,2,2,2
slp66,slp66,72,2,1,2,2,2
slp66,slp66,73,2,1,2,2,2
slp66,slp66,74,2,1,2,2,2
slp66,slp66,75,2,1,2,2,2
slp66,slp66,76,2,1,2,2,2
slp66,slp66,77,2,1,2,2,2
slp66,slp66,78,2,1,2,2,2
slp66,slp66,79,0,1,0,2,4
slp66,slp66,80,0,1,0,1,1
slp66,slp66,81,0,1,0,1,1
slp66,slp66,82,1,1,1,1,1
slp66,slp66,83,1,1,2,1,1
slp66,slp66,84,0,1,1,1,1
slp66,slp66,85,1,1,0,1,1
slp66,slp66,86,0,1,1,1,1
slp66,slp66,87,1,1,1,1,1
slp66,slp66,88,1,1,1,1,1
slp66,slp66,89,1,1,1,1,1
slp66,slp66,90,2,1,1,1,1
slp66,slp66,91,1,1,1,2,2
slp66,slp66,92,2,1,2,2,2
slp66,slp66,93,1,1,1,2,1
slp66,slp66,94,1,1,2,2,2
slp66,slp66,95,1,1,1,2,2
slp66,slp66,96,1,1,0,1,1
slp66,slp66,97,0,1,1,1,1
slp66,slp66,98,1,1,1,1,1
slp66,slp66,99,1,1,0,1,1
slp66,slp66,100,1,1,1,1,1
slp66,slp66,101,1,1,1,1,1
slp66,slp66,102,0,1,2,1,2
slp66,slp66,103,1,1,2,1,2
slp66,slp66,104,2,1,1,1,1
slp66,slp66,105,1,1,2,1,1
slp66,slp66,106,1,1,2,1,1
slp66,slp66,107,1,1,1,1,1
slp66,slp66,108,1,1,2,1,2
slp66,slp66,109,0,1,1,2,1
slp66,slp66,110,1,1,2,2,2
slp66,slp66,111,0,1,1,2,1
slp66,slp66,112,1,1,1,2,1
slp66,slp66,113,1,1,2,2,2
slp66,slp66,114,1,1,2,2,2
slp66,slp66,115,1,1,2,2,2
slp66,slp66,116,1,1,2,2,2
slp66,slp66,117,1,1,1,2,1
slp66,slp66,118,1,1,0,2,1
slp66,slp66,119,1,1,1,2,1
slp66,slp66,120,1,1,1,1,1
slp66,slp66,121,0,1,2,1,1
slp66,slp66,122,0,1,0,1,1
slp66,slp66,123,1,1,2,1,2
slp66,slp66,124,0,1,1,1,1
slp66,slp66,125,1,1,2,1,1
slp66,slp66,126,1,1,1,1,1
slp66,slp66,127,1,1,2,1,2
slp66,slp66,128,2,1,1,1,1
slp66,slp66,129,1,1,2,2,2
slp66,slp66,130,1,1,2,2,2
slp66,slp66,131,1,1,2,2,2
slp66,slp66,132,1,1,4,2,1
slp66,slp66,133,1,1,2,2,2
slp66,slp66,134,2,1,2,2,2
slp66,slp66,135,1,1,1,1,1
slp66,slp66,136,2,1,1,1,1
slp66,slp66,137,0,1,1,1,1
slp66,slp66,138,0,1,0,1,1
slp66,slp66,139,0,1,1,2,1
slp66,slp66,140,0,1,1,1,1
slp66,slp66,141,0,1,1,4,0
slp66,slp66,142,0,1,1,4,4
slp66,slp66,143,0,1,2,4,4
slp66,slp66,144,0,1,1,0,0
slp66,slp66,145,0,1,1,0,0
slp66,slp66,146,0,1,1,0,0
slp66,slp66,147,0,1,2,0,0
slp66,slp66,148,0,1,0,0,0
slp66,slp66,149,0,1,1,4,0
slp66,slp66,150,0,1,2,4,0
slp66,slp66,151,0,1,1,4,4
slp66,slp66,152,0,1,2,4,4
slp66,slp66,153,0,1,1,4,4
slp66,slp66,154,0,1,1,0,4
slp66,slp66,155,0,1,0,4,3
slp66,slp66,156,0,1,1,4,0
slp66,slp66,157,0,1,1,0,4
slp66,slp66,158,0,1,1,4,4
slp66,slp66,159,0,1,0,4,4
slp66,slp66,160,0,1,0,4,0
slp66,slp66,161,0,1,0,4,3
slp66,slp66,162,0,1,0,4,0
slp66,slp66,163,0,1,1,4,0
slp66,slp66,164,0,1,1,0,0
slp66,slp66,165,0,1,1,4,0
slp66,slp66,166,0,1,1,4,4
slp66,slp66,167,0,1,1,4,0
slp66,slp66,168,0,1,1,0,0
slp66,slp66,169,0,1,0,0,3
slp66,slp66,170,0,1,1,0,4
slp66,slp66,171,0,1,1,0,4
slp66,slp66,172,0,1,4,0,4
slp66,slp66,173,0,1,0,4,0
slp66,slp66,174,0,1,0,0,0
slp66,slp66,175,0,1,0,0,0
slp66,slp66,176,0,1,0,0,0
slp66,slp66,177,0,1,1,0,0
slp66,slp66,178,0,1,1,0,0
slp66,slp66,179,0,1,4,0,0
slp66,slp66,180,0,1,1,0,0
slp66,slp66,181,0,1,4,0,0
slp66,slp66,182,0,1,0,0,0
slp66,slp66,183,0,1,1,4,0
slp66,slp66,184,0,1,1,4,0
slp66,slp66,185,0,1,0,0,0
slp66,slp66,186,0,1,0,0,0
slp66,slp66,187,0,1,0,0,0
slp66,slp66,188,0,1,0,0,0
slp66,slp66,189,0,1,0,0,0
slp66,slp66,190,0,1,0,4,0
slp66,slp66,191,0,1,0,0,0
slp66,slp66,192,0,1,0,0,0
slp66,slp66,193,0,1,0,0,0
slp66,slp66,194,0,1,0,0,0
slp66,slp66,195,0,1,0,2,0
slp66,slp66,196,0,1,0,0,0
slp66,slp66,197,0,1,1,0,0
slp66,slp66,198,0,1,1,0,0
slp66,slp66,199,0,1,0,0,0
slp66,slp66,200,0,1,0,0,0
slp66,slp66,201,0,1,0,0,0
slp66,slp66,202,0,1,0,0,0
slp66,slp66,203,0,1,0,0,0
slp66,slp66,204,0,1,0,0,0
slp66,slp66,205,0,1,0,0,0
slp66,slp66,206,0,1,0,0,0
slp66,slp66,207,0,1,0,0,0
slp66,slp66,208,0,1,0,0,0
slp66,slp66,209,0,1,0,2,0
slp66,slp66,210,0,1,0,2,0
slp66,slp66,211,0,1,0,2,0
slp66,slp66,212,0,1,0,2,0
slp66,slp66,213,0,1,0,2,0
slp66,slp66,214,0,1,0,2,0
slp66,slp66,215,0,1,1,2,0
slp66,slp66,216,0,1,1,2,0
slp66,slp66,217,0,1,0,2,0
slp66,slp66,218,0,1,0,0,0
slp66,slp66,219,0,1,0,4,0
slp66,slp66,220,0,1,0,0,0
slp66,slp66,221,0,1,0,0,0
slp66,slp66,222,0,1,0,4,0
slp66,slp66,223,0,1,0,4,0
slp66,slp66,224,0,1,0,4,0
slp66,slp66,225,0,1,0,4,0
slp66,slp66,226,0,1,0,4,0
slp66,slp66,227,0,1,1,4,0
slp66,slp66,228,0,1,0,0,0
slp66,slp66,229,0,1,0,0,0
slp66,slp66,230,0,1,1,4,0
slp66,slp66,231,1,1,1,4,0
slp66,slp66,232,0,1,0,4,0
slp66,slp66,233,0,1,0,4,0
slp66,slp66,234,0,1,0,4,0
slp66,slp66,235,0,1,0,4,0
slp66,slp66,236,0,1,0,4,0
slp66,slp66,237,0,1,1,4,0
slp66,slp66,238,0,1,0,4,0
slp66,slp66,239,0,1,1,2,0
slp66,slp66,240,0,1,0,1,0
slp66,slp66,241,0,1,0,1,0
slp66,slp66,242,1,1,1,0,0
slp66,slp66,243,1,1,1,0,0
slp66,slp66,244,0,1,1,0,0
slp66,slp66,245,0,1,1,3,0
slp66,slp66,246,1,1,1,0,0
slp66,slp66,247,1,1,0,0,0
slp66,slp66,248,1,1,0,0,0
slp66,slp66,249,1,1,0,0,0
slp66,slp66,250,1,1,1,0,0
slp66,slp66,251,0,1,1,2,1
slp66,slp66,252,0,1,1,2,1
slp66,slp66,253,1,1,1,2,1
slp66,slp66,254,1,1,1,2,0
slp66,slp66,255,1,1,1,2,1
slp66,slp66,256,1,1,1,2,1
slp66,slp66,257,1,1,1,1,1
slp66,slp66,258,1,1,1,3,1
slp66,slp66,259,1,1,2,3,2
slp66,slp66,260,1,1,1,1,1
slp66,slp66,261,1,1,1,1,1
slp66,slp66,262,1,1,2,4,1
slp66,slp66,263,1,1,1,1,1
slp66,slp66,264,1,1,1,1,1
slp66,slp66,265,1,1,2,1,1
slp66,slp66,266,1,1,1,1,1
slp66,slp66,267,1,1,2,1,2
slp66,slp66,268,1,1,2,1,2
slp66,slp66,269,1,1,2,1,2
slp66,slp66,270,2,1,0,1,1
slp66,slp66,271,1,1,1,1,1
slp66,slp66,272,1,1,1,1,1
slp66,slp66,273,2,1,1,1,1
slp66,slp66,274,0,1,4,1,1
slp66,slp66,275,1,1,0,1,0
slp66,slp66,276,1,1,0,0,0
slp66,slp66,277,1,1,0,0,0
slp66,slp66,278,1,1,0,0,0
slp66,slp66,279,0,1,0,0,0
slp66,slp66,280,0,1,1,1,0
slp66,slp66,281,0,1,1,1,1
slp66,slp66,282,0,1,1,0,1
slp66,slp66,283,0,1,0,0,0
slp66,slp66,284,1,1,1,2,0
slp66,slp66,285,1,1,1,2,1
slp66,slp66,286,2,1,1,2,1
slp66,slp66,287,0,1,1,2,1
slp66,slp66,288,0,1,1,1,2
slp66,slp66,289,1,1,1,2,1
slp66,slp66,290,1,1,2,1,2
slp66,slp66,291,1,1,2,1,2
slp66,slp66,292,1,1,2,1,2
slp66,slp66,293,1,1,2,2,1
slp66,slp66,294,1,1,2,2,2
slp66,slp66,295,2,1,1,2,2
slp66,slp66,296,2,1,2,2,2
slp66,slp66,297,2,1,1,2,1
slp66,slp66,298,2,1,2,2,2
slp66,slp66,299,2,1,1,2,1
slp66,slp66,300,1,1,1,2,1
slp66,slp66,301,1,1,2,2,2
slp66,slp66,302,1,1,2,2,2
slp66,slp66,303,1,1,2,2,1
slp66,slp66,304,2,1,2,2,2
slp66,slp66,305,1,1,2,2,2
slp66,slp66,306,2,1,2,2,2
slp66,slp66,307,2,1,1,1,1
slp66,slp66,308,2,1,2,1,2
slp66,slp66,309,2,1,2,1,2
slp66,slp66,310,2,1,2,1,2
slp66,slp66,311,2,1,2,1,2
slp66,slp66,312,1,1,2,1,2
slp66,slp66,313,2,1,2,1,2
slp66,slp66,314,1,1,2,2,2
slp66,slp66,315,1,1,2,2,2
slp66,slp66,316,2,1,2,2,2
slp66,slp66,317,2,1,2,2,2
slp66,slp66,318,2,1,2,2,2
slp66,slp66,319,2,1,2,2,2
slp66,slp66,320,2,1,2,2,2
slp66,slp66,321,2,1,2,2,2
slp66,slp66,322,2,1,2,2,2
slp66,slp66,323,2,1,2,2,2
slp66,slp66,324,2,1,2,2,2
slp66,slp66,325,2,1,4,2,2
slp66,slp66,326,2,1,2,2,2
slp66,slp66,327,2,1,2,2,2
slp66,slp66,328,2,1,2,2,2
slp66,slp66,329,2,1,2,2,2
slp66,slp66,330,2,1,2,2,2
slp66,slp66,331,2,1,2,2,2
slp66,slp66,332,2,1,2,2,2
slp66,slp66,333,2,1,2,2,2
slp66,slp66,334,2,1,3,2,2
slp66,slp66,335,2,1,3,2,2
slp66,slp66,336,3,1,2,2,2
slp66,slp66,337,3,1,2,2,2
slp66,slp66,338,2,1,2,2,2
slp66,slp66,339,2,1,2,2,2
slp66,slp66,340,2,1,2,2,2
slp66,slp66,341,2,1,2,2,2
slp66,slp66,342,2,1,2,2,2
slp66,slp66,343,2,1,2,2,2
slp66,slp66,344,2,1,2,2,2
slp66,slp66,345,2,1,2,2,2
slp66,slp66,346,2,1,2,2,2
slp66,slp66,347,2,1,2,2,2
slp66,slp66,348,2,1,2,2,2
slp66,slp66,349,2,1,2,2,2
slp66,slp66,350,2,1,2,2,2
slp66,slp66,351,2,1,2,2,2
slp66,slp66,352,2,1,2,2,2
slp66,slp66,353,2,1,2,2,2
slp66,slp66,354,2,1,2,2,2
slp66,slp66,355,2,1,2,2,2
slp66,slp66,356,2,1,2,2,2
slp66,slp66,357,2,1,2,2,2
slp66,slp66,358,2,1,2,2,2
slp66,slp66,359,2,1,2,2,2
slp66,slp66,360,2,1,2,2,2
slp66,slp66,361,2,1,1,2,2
slp66,slp66,362,2,1,2,2,2
slp66,slp66,363,2,1,1,1,1
slp66,slp66,364,2,1,1,1,1
slp66,slp66,365,2,1,1,1,1
slp66,slp66,366,0,1,2,1,2
slp66,slp66,367,1,1,1,1,2
slp66,slp66,368,1,1,4,1,1
slp66,slp66,369,1,1,2,1,2
slp66,slp66,370,2,1,2,1,1
slp66,slp66,371,1,1,1,1,0
slp66,slp66,372,1,1,1,1,1
slp66,slp66,373,1,1,2,1,1
slp66,slp66,374,2,1,2,1,2
slp66,slp66,375,0,1,1,1,1
slp66,slp66,376,0,1,2,1,2
slp66,slp66,377,1,1,2,1,1
slp66,slp66,378,1,1,2,1,2
slp66,slp66,379,0,1,1,1,1
slp66,slp66,380,1,1,2,1,1
slp66,slp66,381,1,1,2,1,2
slp66,slp66,382,1,1,2,1,2
slp66,slp66,383,1,1,2,1,2
slp66,slp66,384,2,1,0,1,2
slp66,slp66,385,1,1,2,1,2
slp66,slp66,386,2,1,2,1,2
slp66,slp66,387,2,1,2,1,2
slp66,slp66,388,2,1,2,1,2
slp66,slp66,389,0,1,1,2,2
slp66,slp66,390,2,1,4,2,2
slp66,slp66,391,2,1,2,2,2
slp66,slp66,392,2,1,2,2,2
slp66,slp66,393,0,1,2,2,2
slp66,slp66,394,2,1,2,2,2
slp66,slp66,395,2,1,2,2,2
slp66,slp66,396,2,1,2,2,2
slp66,slp66,397,2,1,2,2,2
slp66,slp66,398,2,1,2,2,3
slp66,slp66,399,2,1,2,2,2
slp66,slp66,400,2,1,2,2,2
slp66,slp66,401,2,1,2,2,2
slp66,slp66,402,2,1,2,2,2
slp66,slp66,403,3,1,2,2,2
slp66,slp66,404,2,1,3,2,3
slp66,slp66,405,2,1,2,2,2
slp66,slp66,406,2,1,2,1,2
slp66,slp66,407,2,1,2,1,2
slp66,slp66,408,3,1,2,1,2
slp66,slp66,409,3,1,1,1,1
slp66,slp66,410,1,1,0,1,1
slp66,slp66,411,0,1,0,1,0
slp66,slp66,412,1,1,1,2,0
slp66,slp66,413,0,1,1,2,2
slp66,slp66,414,0,1,1,0,2
slp66,slp66,415,0,1,1,0,0
slp66,slp66,416,0,1,2,0,2
slp66,slp66,417,0,1,1,2,1
slp66,slp66,418,1,1,1,2,1
slp66,slp66,419,1,1,2,3,1
slp66,slp66,420,0,1,1,1,1
slp66,slp66,421,1,1,0,0,2
slp66,slp66,422,1,1,0,2,0
slp66,slp66,423,1,1,0,2,0
slp66,slp66,424,2,1,0,2,0
slp66,slp66,425,0,1,2,2,2
slp66,slp66,426,0,1,1,0,2
slp66,slp66,427,0,1,1,0,2
slp66,slp66,428,0,1,2,0,0
slp66,slp66,429,0,1,1,0,0
slp66,slp66,430,0,1,0,0,0
slp66,slp66,431,0,1,2,0,0
slp66,slp66,432,0,1,0,0,0
slp66,slp66,433,0,1,1,0,0
slp66,slp66,434,0,1,0,0,0
slp66,slp66,435,0,1,2,0,0
slp66,slp66,436,0,1,1,0,0
slp66,slp66,437,0,1,2,2,2
slp66,slp66,438,0,1,0,2,0
slp67x,slp67x,0,1,1,2,1,1
slp67x,slp67x,1,1,1,2,4,1
slp67x,slp67x,2,0,1,2,1,1
slp67x,slp67x,3,1,1,4,1,1
slp67x,slp67x,4,1,1,4,1,1
slp67x,slp67x,5,1,1,4,1,1
slp67x,slp67x,6,1,1,2,1,1
slp67x,slp67x,7,1,1,4,1,1
slp67x,slp67x,8,0,1,1,1,1
slp67x,slp67x,9,2,1,2,1,1
slp67x,slp67x,10,2,1,4,1,1
slp67x,slp67x,11,0,1,2,1,1
slp67x,slp67x,12,1,1,4,1,1
slp67x,slp67x,13,1,1,1,1,1
slp67x,slp67x,14,1,1,4,1,1
slp67x,slp67x,15,1,1,4,1,1
slp67x,slp67x,16,1,1,1,1,1
slp67x,slp67x,17,1,1,2,1,1
slp67x,slp67x,18,2,1,2,1,1
slp67x,slp67x,19,0,1,0,1,1
slp67x,slp67x,20,0,1,0,1,1
slp67x,slp67x,21,0,1,0,1,1
slp67x,slp67x,22,0,1,0,1,1
slp67x,slp67x,23,0,1,0,1,0
slp67x,slp67x,24,0,1,0,1,0
slp67x,slp67x,25,0,1,0,1,1
slp67x,slp67x,26,0,1,0,1,2
slp67x,slp67x,27,0,1,0,2,0
slp67x,slp67x,28,0,1,0,2,0
slp67x,slp67x,29,0,1,0,0,0
slp67x,slp67x,30,0,1,0,0,0
slp67x,slp67x,31,0,1,2,0,0
slp67x,slp67x,32,0,1,0,0,0
slp67x,slp67x,33,0,1,0,0,0
slp67x,slp67x,34,0,1,2,0,0
slp67x,slp67x,35,0,1,0,0,0
slp67x,slp67x,36,0,1,2,0,0
slp67x,slp67x,37,0,1,0,0,0
slp67x,slp67x,38,0,1,0,0,0
slp67x,slp67x,39,0,1,0,0,0
slp67x,slp67x,40,0,1,0,0,0
slp67x,slp67x,41,0,1,0,0,0
slp67x,slp67x,42,0,1,0,0,0
slp67x,slp67x,43,0,1,0,0,0
slp67x,slp67x,44,0,1,0,0,0
slp67x,slp67x,45,0,1,4,2,1
slp67x,slp67x,46,0,1,0,2,0
slp67x,slp67x,47,0,1,0,4,0
slp67x,slp67x,48,0,1,0,4,0
slp67x,slp67x,49,0,1,0,4,0
slp67x,slp67x,50,0,1,0,0,0
slp67x,slp67x,51,1,1,1,4,0
slp67x,slp67x,52,0,1,0,4,0
slp67x,slp67x,53,0,1,0,4,0
slp67x,slp67x,54,1,1,0,4,0
slp67x,slp67x,55,1,1,0,0,0
slp67x,slp67x,56,0,1,4,0,4
slp67x,slp67x,57,1,1,2,0,1
slp67x,slp67x,58,1,1,1,0,0
slp67x,slp67x,59,0,1,0,0,0
slp67x,slp67x,60,0,1,0,0,0
slp67x,slp67x,61,0,1,1,0,0
slp67x,slp67x,62,0,1,0,1,0
slp67x,slp67x,63,0,1,1,1,1
slp67x,slp67x,64,0,1,1,1,1
slp67x,slp67x,65,0,1,0,1,0
slp67x,slp67x,66,1,1,1,1,4
slp67x,slp67x,67,0,1,0,1,0
slp67x,slp67x,68,1,1,1,1,1
slp67x,slp67x,69,1,1,1,1,1
slp67x,slp67x,70,0,1,0,1,0
slp67x,slp67x,71,1,1,4,1,1
slp67x,slp67x,72,0,1,0,2,0
slp67x,slp67x,73,1,1,1,2,1
slp67x,slp67x,74,1,1,4,2,4
slp67x,slp67x,75,0,1,1,2,0
slp67x,slp67x,76,1,1,1,2,1
slp67x,slp67x,77,0,1,1,2,0
slp67x,slp67x,78,1,1,1,0,1
slp67x,slp67x,79,1,1,4,0,4
slp67x,slp67x,80,1,1,1,0,4
slp67x,slp67x,81,1,1,2,0,2
slp67x,slp67x,82,1,1,2,0,1
slp67x,slp67x,83,1,1,2,0,1
slp67x,slp67x,84,1,1,1,0,4
slp67x,slp67x,85,2,1,2,0,1
slp67x,slp67x,86,2,1,2,0,1
slp67x,slp67x,87,2,1,1,0,1
slp67x,slp67x,88,2,1,2,2,2
slp67x,slp67x,89,2,1,2,2,2
slp67x,slp67x,90,2,1,2,1,1
slp67x,slp67x,91,2,1,1,1,1
slp67x,slp67x,92,2,1,1,2,1
slp67x,slp67x,93,2,1,2,2,2
slp67x,slp67x,94,2,1,2,2,2
slp67x,slp67x,95,2,1,2,2,2
slp67x,slp67x,96,2,1,1,2,2
slp67x,slp67x,97,2,1,2,2,2
slp67x,slp67x,98,2,1,2,2,2
slp67x,slp67x,99,2,1,2,4,3
slp67x,slp67x,100,2,1,2,4,2
slp67x,slp67x,101,3,1,2,3,2
slp67x,slp67x,102,2,1,0,0,0
slp67x,slp67x,103,0,1,4,0,4
slp67x,slp67x,104,1,1,1,0,4
slp67x,slp67x,105,1,1,2,0,2
slp67x,slp67x,106,2,1,1,2,0
slp67x,slp67x,107,0,1,0,2,0
slp67x,slp67x,108,0,1,0,2,1
slp67x,slp67x,109,1,1,0,2,1
slp67x,slp67x,110,1,1,0,2,1
slp67x,slp67x,111,1,1,4,2,1
slp67x,slp67x,112,1,1,4,1,1
slp67x,slp67x,113,1,1,2,1,1
slp67x,slp67x,114,2,1,2,2,1
slp67x,slp67x,115,2,1,2,2,2
slp67x,slp67x,116,2,1,2,2,1
slp67x,slp67x,117,2,1,2,2,1
slp67x,slp67x,118,2,1,2,2,2
slp67x,slp67x,119,2,1,2,2,2
slp67x,slp67x,120,2,1,2,4,2
slp67x,slp67x,121,2,1,2,2,2
slp67x,slp67x,122,2,1,2,2,2
slp67x,slp67x,123,2,1,2,2,2
slp67x,slp67x,124,2,1,2,4,2
slp67x,slp67x,125,2,1,2,2,1
slp67x,slp67x,126,0,1,4,0,1
slp67x,slp67x,127,1,1,2,1,1
slp67x,slp67x,128,1,1,3,0,2
slp67x,slp67x,129,2,1,2,1,1
slp67x,slp67x,130,2,1,2,1,1
slp67x,slp67x,131,2,1,4,1,1
slp67x,slp67x,132,2,1,2,1,2
slp67x,slp67x,133,2,1,1,1,1
slp67x,slp67x,134,0,1,4,1,1
slp67x,slp67x,135,2,1,4,1,1
slp67x,slp67x,136,2,1,2,1,1
slp67x,slp67x,137,0,1,0,2,1
slp67x,slp67x,138,0,1,0,2,0
slp67x,slp67x,139,0,1,0,2,1
slp67x,slp67x,140,0,1,0,2,0
slp67x,slp67x,141,0,1,0,2,0
slp67x,slp67x,142,0,1,0,2,0
slp67x,slp67x,143,0,1,0,2,0
slp67x,slp67x,144,0,1,0,2,0
slp67x,slp67x,145,0,1,0,0,0
slp67x,slp67x,146,0,1,0,0,0
slp67x,slp67x,147,0,1,0,0,0
slp67x,slp67x,148,0,1,0,0,0
slp67x,slp67x,149,0,1,0,0,0
slp67x,slp67x,150,0,1,0,0,0
slp67x,slp67x,151,0,1,0,0,1
slp67x,slp67x,152,0,1,3,0,2
slp67x,slp67x,153,0,1,2,1,0

