record,subject,source,epoch,stage,record_row,split
MIT-slp01a,MIT-slp01,MIT-BIH,0,3,0,train
MIT-slp01a,MIT-slp01,MIT-BIH,1,3,1,train
MIT-slp01a,MIT-slp01,MIT-BIH,2,3,2,train
MIT-slp01a,MIT-slp01,MIT-BIH,3,3,3,train
MIT-slp01a,MIT-slp01,MIT-BIH,4,3,4,train
MIT-slp01a,MIT-slp01,MIT-BIH,5,3,5,train
MIT-slp01a,MIT-slp01,MIT-BIH,6,3,6,train
MIT-slp01a,MIT-slp01,MIT-BIH,7,3,7,train
MIT-slp01a,MIT-slp01,MIT-BIH,8,3,8,train
MIT-slp01a,MIT-slp01,MIT-BIH,9,3,9,train
MIT-slp01a,MIT-slp01,MIT-BIH,10,3,10,train
MIT-slp01a,MIT-slp01,MIT-BIH,11,3,11,train
MIT-slp01a,MIT-slp01,MIT-BIH,12,3,12,train
MIT-slp01a,MIT-slp01,MIT-BIH,13,3,13,train
MIT-slp01a,MIT-slp01,MIT-BIH,14,3,14,train
MIT-slp01a,MIT-slp01,MIT-BIH,15,2,15,train
MIT-slp01a,MIT-slp01,MIT-BIH,16,2,16,train
MIT-slp01a,MIT-slp01,MIT-BIH,17,2,17,train
MIT-slp01a,MIT-slp01,MIT-BIH,18,3,18,train
MIT-slp01a,MIT-slp01,MIT-BIH,19,3,19,train
MIT-slp01a,MIT-slp01,MIT-BIH,20,3,20,train
MIT-slp01a,MIT-slp01,MIT-BIH,21,3,21,train
MIT-slp01a,MIT-slp01,MIT-BIH,22,3,22,train
MIT-slp01a,MIT-slp01,MIT-BIH,23,3,23,train
MIT-slp01a,MIT-slp01,MIT-BIH,24,3,24,train
MIT-slp01a,MIT-slp01,MIT-BIH,25,3,25,train
MIT-slp01a,MIT-slp01,MIT-BIH,26,3,26,train
MIT-slp01a,MIT-slp01,MIT-BIH,27,3,27,train
MIT-slp01a,MIT-slp01,MIT-BIH,28,3,28,train
MIT-slp01a,MIT-slp01,MIT-BIH,29,3,29,train
MIT-slp01a,MIT-slp01,MIT-BIH,30,3,30,train
MIT-slp01a,MIT-slp01,MIT-BIH,31,3,31,train
MIT-slp01a,MIT-slp01,MIT-BIH,32,3,32,train
MIT-slp01a,MIT-slp01,MIT-BIH,33,3,33,train
MIT-slp01a,MIT-slp01,MIT-BIH,34,3,34,train
MIT-slp01a,MIT-slp01,MIT-BIH,35,3,35,train
MIT-slp01a,MIT-slp01,MIT-BIH,36,3,36,train
MIT-slp01a,MIT-slp01,MIT-BIH,37,3,37,train
MIT-slp01a,MIT-slp01,MIT-BIH,38,3,38,train
MIT-slp01a,MIT-slp01,MIT-BIH,39,3,39,train
MIT-slp01a,MIT-slp01,MIT-BIH,40,3,40,train
MIT-slp01a,MIT-slp01,MIT-BIH,41,3,41,train
MIT-slp01a,MIT-slp01,MIT-BIH,42,3,42,train
MIT-slp01a,MIT-slp01,MIT-BIH,43,2,43,train
MIT-slp01a,MIT-slp01,MIT-BIH,44,3,44,train
MIT-slp01a,MIT-slp01,MIT-BIH,45,2,45,train
MIT-slp01a,MIT-slp01,MIT-BIH,46,2,46,train
MIT-slp01a,MIT-slp01,MIT-BIH,47,2,47,train
MIT-slp01a,MIT-slp01,MIT-BIH,48,2,48,train
MIT-slp01a,MIT-slp01,MIT-BIH,49,2,49,train
MIT-slp01a,MIT-slp01,MIT-BIH,50,2,50,train
MIT-slp01a,MIT-slp01,MIT-BIH,51,2,51,train
MIT-slp01a,MIT-slp01,MIT-BIH,52,2,52,train
MIT-slp01a,MIT-slp01,MIT-BIH,53,2,53,train
MIT-slp01a,MIT-slp01,MIT-BIH,54,2,54,train
MIT-slp01a,MIT-slp01,MIT-BIH,55,2,55,train
MIT-slp01a,MIT-slp01,MIT-BIH,56,2,56,train
MIT-slp01a,MIT-slp01,MIT-BIH,57,2,57,train
MIT-slp01a,MIT-slp01,MIT-BIH,58,2,58,train
MIT-slp01a,MIT-slp01,MIT-BIH,59,2,59,train
MIT-slp01a,MIT-slp01,MIT-BIH,60,2,60,train
MIT-slp01a,MIT-slp01,MIT-BIH,61,2,61,train
MIT-slp01a,MIT-slp01,MIT-BIH,62,2,62,train
MIT-slp01a,MIT-slp01,MIT-BIH,63,0,63,train
MIT-slp01a,MIT-slp01,MIT-BIH,64,1,64,train
MIT-slp01a,MIT-slp01,MIT-BIH,65,2,65,train
MIT-slp01a,MIT-slp01,MIT-BIH,66,2,66,train
MIT-slp01a,MIT-slp01,MIT-BIH,67,2,67,train
MIT-slp01a,MIT-slp01,MIT-BIH,68,2,68,train
MIT-slp01a,MIT-slp01,MIT-BIH,69,2,69,train
MIT-slp01a,MIT-slp01,MIT-BIH,70,2,70,train
MIT-slp01a,MIT-slp01,MIT-BIH,71,2,71,train
MIT-slp01a,MIT-slp01,MIT-BIH,72,0,72,train
MIT-slp01a,MIT-slp01,MIT-BIH,73,0,73,train
MIT-slp01a,MIT-slp01,MIT-BIH,74,2,74,train
MIT-slp01a,MIT-slp01,MIT-BIH,75,2,75,train
MIT-slp01a,MIT-slp01,MIT-BIH,76,2,76,train
MIT-slp01a,MIT-slp01,MIT-BIH,77,2,77,train
MIT-slp01a,MIT-slp01,MIT-BIH,78,2,78,train
MIT-slp01a,MIT-slp01,MIT-BIH,79,2,79,train
MIT-slp01a,MIT-slp01,MIT-BIH,80,2,80,train
MIT-slp01a,MIT-slp01,MIT-BIH,81,2,81,train
MIT-slp01a,MIT-slp01,MIT-BIH,82,2,82,train
MIT-slp01a,MIT-slp01,MIT-BIH,83,2,83,train
MIT-slp01a,MIT-slp01,MIT-BIH,84,2,84,train
MIT-slp01a,MIT-slp01,MIT-BIH,85,2,85,train
MIT-slp01a,MIT-slp01,MIT-BIH,86,2,86,train
MIT-slp01a,MIT-slp01,MIT-BIH,87,2,87,train
MIT-slp01a,MIT-slp01,MIT-BIH,88,2,88,train
MIT-slp01a,MIT-slp01,MIT-BIH,89,2,89,train
MIT-slp01a,MIT-slp01,MIT-BIH,90,2,90,train
MIT-slp01a,MIT-slp01,MIT-BIH,91,2,91,train
MIT-slp01a,MIT-slp01,MIT-BIH,92,2,92,train
MIT-slp01a,MIT-slp01,MIT-BIH,93,3,93,train
MIT-slp01a,MIT-slp01,MIT-BIH,94,3,94,train
MIT-slp01a,MIT-slp01,MIT-BIH,95,3,95,train
MIT-slp01a,MIT-slp01,MIT-BIH,96,3,96,train
MIT-slp01a,MIT-slp01,MIT-BIH,97,3,97,train
MIT-slp01a,MIT-slp01,MIT-BIH,98,3,98,train
MIT-slp01a,MIT-slp01,MIT-BIH,99,3,99,train
MIT-slp01a,MIT-slp01,MIT-BIH,100,3,100,train
MIT-slp01a,MIT-slp01,MIT-BIH,101,3,101,train
MIT-slp01a,MIT-slp01,MIT-BIH,102,3,102,train
MIT-slp01a,MIT-slp01,MIT-BIH,103,3,103,train
MIT-slp01a,MIT-slp01,MIT-BIH,104,3,104,train
MIT-slp01a,MIT-slp01,MIT-BIH,105,3,105,train
MIT-slp01a,MIT-slp01,MIT-BIH,106,3,106,train
MIT-slp01a,MIT-slp01,MIT-BIH,107,3,107,train
MIT-slp01a,MIT-slp01,MIT-BIH,108,3,108,train
MIT-slp01a,MIT-slp01,MIT-BIH,109,3,109,train
MIT-slp01a,MIT-slp01,MIT-BIH,110,3,110,train
MIT-slp01a,MIT-slp01,MIT-BIH,111,3,111,train
MIT-slp01a,MIT-slp01,MIT-BIH,112,3,112,train
MIT-slp01a,MIT-slp01,MIT-BIH,113,3,113,train
MIT-slp01a,MIT-slp01,MIT-BIH,114,3,114,train
MIT-slp01a,MIT-slp01,MIT-BIH,115,3,115,train
MIT-slp01a,MIT-slp01,MIT-BIH,116,3,116,train
MIT-slp01a,MIT-slp01,MIT-BIH,117,3,117,train
MIT-slp01a,MIT-slp01,MIT-BIH,118,3,118,train
MIT-slp01a,MIT-slp01,MIT-BIH,119,3,119,train
MIT-slp01a,MIT-slp01,MIT-BIH,120,3,120,train
MIT-slp01a,MIT-slp01,MIT-BIH,121,3,121,train
MIT-slp01a,MIT-slp01,MIT-BIH,122,3,122,train
MIT-slp01a,MIT-slp01,MIT-BIH,123,3,123,train
MIT-slp01a,MIT-slp01,MIT-BIH,124,3,124,train
MIT-slp01a,MIT-slp01,MIT-BIH,125,3,125,train
MIT-slp01a,MIT-slp01,MIT-BIH,126,3,126,train
MIT-slp01a,MIT-slp01,MIT-BIH,127,3,127,train
MIT-slp01a,MIT-slp01,MIT-BIH,128,3,128,train
MIT-slp01a,MIT-slp01,MIT-BIH,129,3,129,train
MIT-slp01a,MIT-slp01,MIT-BIH,130,3,130,train
MIT-slp01a,MIT-slp01,MIT-BIH,131,3,131,train
MIT-slp01a,MIT-slp01,MIT-BIH,132,3,132,train
MIT-slp01a,MIT-slp01,MIT-BIH,133,3,133,train
MIT-slp01a,MIT-slp01,MIT-BIH,134,3,134,train
MIT-slp01a,MIT-slp01,MIT-BIH,135,3,135,train
MIT-slp01a,MIT-slp01,MIT-BIH,136,3,136,train
MIT-slp01a,MIT-slp01,MIT-BIH,137,3,137,train
MIT-slp01a,MIT-slp01,MIT-BIH,138,3,138,train
MIT-slp01a,MIT-slp01,MIT-BIH,139,3,139,train
MIT-slp01a,MIT-slp01,MIT-BIH,140,3,140,train
MIT-slp01a,MIT-slp01,MIT-BIH,141,3,141,train
MIT-slp01a,MIT-slp01,MIT-BIH,142,3,142,train
MIT-slp01a,MIT-slp01,MIT-BIH,143,3,143,train
MIT-slp01a,MIT-slp01,MIT-BIH,144,3,144,train
MIT-slp01a,MIT-slp01,MIT-BIH,145,3,145,train
MIT-slp01a,MIT-slp01,MIT-BIH,146,3,146,train
MIT-slp01a,MIT-slp01,MIT-BIH,147,3,147,train
MIT-slp01a,MIT-slp01,MIT-BIH,148,3,148,train
MIT-slp01a,MIT-slp01,MIT-BIH,149,3,149,train
MIT-slp01a,MIT-slp01,MIT-BIH,150,3,150,train
MIT-slp01a,MIT-slp01,MIT-BIH,151,3,151,train
MIT-slp01a,MIT-slp01,MIT-BIH,152,3,152,train
MIT-slp01a,MIT-slp01,MIT-BIH,153,3,153,train
MIT-slp01a,MIT-slp01,MIT-BIH,154,3,154,train
MIT-slp01a,MIT-slp01,MIT-BIH,155,3,155,train
MIT-slp01a,MIT-slp01,MIT-BIH,156,3,156,train
MIT-slp01a,MIT-slp01,MIT-BIH,157,3,157,train
MIT-slp01a,MIT-slp01,MIT-BIH,158,3,158,train
MIT-slp01a,MIT-slp01,MIT-BIH,159,3,159,train
MIT-slp01a,MIT-slp01,MIT-BIH,160,3,160,train
MIT-slp01a,MIT-slp01,MIT-BIH,162,2,161,train
MIT-slp01a,MIT-slp01,MIT-BIH,163,2,162,train
MIT-slp01a,MIT-slp01,MIT-BIH,164,2,163,train
MIT-slp01a,MIT-slp01,MIT-BIH,165,2,164,train
MIT-slp01a,MIT-slp01,MIT-BIH,166,2,165,train
MIT-slp01a,MIT-slp01,MIT-BIH,167,2,166,train
MIT-slp01a,MIT-slp01,MIT-BIH,168,2,167,train
MIT-slp01a,MIT-slp01,MIT-BIH,169,2,168,train
MIT-slp01a,MIT-slp01,MIT-BIH,170,2,169,train
MIT-slp01a,MIT-slp01,MIT-BIH,171,2,170,train
MIT-slp01a,MIT-slp01,MIT-BIH,172,2,171,train
MIT-slp01a,MIT-slp01,MIT-BIH,173,3,172,train
MIT-slp01a,MIT-slp01,MIT-BIH,174,2,173,train
MIT-slp01a,MIT-slp01,MIT-BIH,175,2,174,train
MIT-slp01a,MIT-slp01,MIT-BIH,176,2,175,train
MIT-slp01a,MIT-slp01,MIT-BIH,177,2,176,train
MIT-slp01a,MIT-slp01,MIT-BIH,178,2,177,train
MIT-slp01a,MIT-slp01,MIT-BIH,179,2,178,train
MIT-slp01a,MIT-slp01,MIT-BIH,180,2,179,train
MIT-slp01a,MIT-slp01,MIT-BIH,181,2,180,train
MIT-slp01a,MIT-slp01,MIT-BIH,182,2,181,train
MIT-slp01a,MIT-slp01,MIT-BIH,183,2,182,train
MIT-slp01a,MIT-slp01,MIT-BIH,184,2,183,train
MIT-slp01a,MIT-slp01,MIT-BIH,185,2,184,train
MIT-slp01a,MIT-slp01,MIT-BIH,186,2,185,train
MIT-slp01a,MIT-slp01,MIT-BIH,187,2,186,train
MIT-slp01a,MIT-slp01,MIT-BIH,188,3,187,train
MIT-slp01a,MIT-slp01,MIT-BIH,189,3,188,train
MIT-slp01a,MIT-slp01,MIT-BIH,190,2,189,train
MIT-slp01a,MIT-slp01,MIT-BIH,191,3,190,train
MIT-slp01a,MIT-slp01,MIT-BIH,192,2,191,train
MIT-slp01a,MIT-slp01,MIT-BIH,193,2,192,train
MIT-slp01a,MIT-slp01,MIT-BIH,194,2,193,train
MIT-slp01a,MIT-slp01,MIT-BIH,195,2,194,train
MIT-slp01a,MIT-slp01,MIT-BIH,196,2,195,train
MIT-slp01a,MIT-slp01,MIT-BIH,197,2,196,train
MIT-slp01a,MIT-slp01,MIT-BIH,198,2,197,train
MIT-slp01a,MIT-slp01,MIT-BIH,199,2,198,train
MIT-slp01a,MIT-slp01,MIT-BIH,200,2,199,train
MIT-slp01a,MIT-slp01,MIT-BIH,201,2,200,train
MIT-slp01a,MIT-slp01,MIT-BIH,202,2,201,train
MIT-slp01a,MIT-slp01,MIT-BIH,203,2,202,train
MIT-slp01a,MIT-slp01,MIT-BIH,204,2,203,train
MIT-slp01a,MIT-slp01,MIT-BIH,205,2,204,train
MIT-slp01a,MIT-slp01,MIT-BIH,206,2,205,train
MIT-slp01a,MIT-slp01,MIT-BIH,207,2,206,train
MIT-slp01a,MIT-slp01,MIT-BIH,208,2,207,train
MIT-slp01a,MIT-slp01,MIT-BIH,209,2,208,train
MIT-slp01a,MIT-slp01,MIT-BIH,210,2,209,train
MIT-slp01a,MIT-slp01,MIT-BIH,211,2,210,train
MIT-slp01a,MIT-slp01,MIT-BIH,212,2,211,train
MIT-slp01a,MIT-slp01,MIT-BIH,213,4,212,train
MIT-slp01a,MIT-slp01,MIT-BIH,214,2,213,train
MIT-slp01a,MIT-slp01,MIT-BIH,215,2,214,train
MIT-slp01a,MIT-slp01,MIT-BIH,216,2,215,train
MIT-slp01a,MIT-slp01,MIT-BIH,217,2,216,train
MIT-slp01a,MIT-slp01,MIT-BIH,218,2,217,train
MIT-slp01a,MIT-slp01,MIT-BIH,219,4,218,train
MIT-slp01a,MIT-slp01,MIT-BIH,220,4,219,train
MIT-slp01a,MIT-slp01,MIT-BIH,221,0,220,train
MIT-slp01a,MIT-slp01,MIT-BIH,222,2,221,train
MIT-slp01a,MIT-slp01,MIT-BIH,223,2,222,train
MIT-slp01a,MIT-slp01,MIT-BIH,224,2,223,train
MIT-slp01a,MIT-slp01,MIT-BIH,225,4,224,train
MIT-slp01a,MIT-slp01,MIT-BIH,226,4,225,train
MIT-slp01a,MIT-slp01,MIT-BIH,227,4,226,train
MIT-slp01a,MIT-slp01,MIT-BIH,228,4,227,train
MIT-slp01a,MIT-slp01,MIT-BIH,229,4,228,train
MIT-slp01a,MIT-slp01,MIT-BIH,230,4,229,train
MIT-slp01a,MIT-slp01,MIT-BIH,231,4,230,train
MIT-slp01a,MIT-slp01,MIT-BIH,232,4,231,train
MIT-slp01a,MIT-slp01,MIT-BIH,233,4,232,train
MIT-slp01a,MIT-slp01,MIT-BIH,234,4,233,train
MIT-slp01a,MIT-slp01,MIT-BIH,235,0,234,train
MIT-slp01a,MIT-slp01,MIT-BIH,236,0,235,train
MIT-slp01a,MIT-slp01,MIT-BIH,237,0,236,train
MIT-slp01a,MIT-slp01,MIT-BIH,238,2,237,train
MIT-slp01a,MIT-slp01,MIT-BIH,239,2,238,train
MIT-slp01b,MIT-slp01,MIT-BIH,0,2,0,train
MIT-slp01b,MIT-slp01,MIT-BIH,1,2,1,train
MIT-slp01b,MIT-slp01,MIT-BIH,2,2,2,train
MIT-slp01b,MIT-slp01,MIT-BIH,3,2,3,train
MIT-slp01b,MIT-slp01,MIT-BIH,4,2,4,train
MIT-slp01b,MIT-slp01,MIT-BIH,5,2,5,train
MIT-slp01b,MIT-slp01,MIT-BIH,6,2,6,train
MIT-slp01b,MIT-slp01,MIT-BIH,7,2,7,train
MIT-slp01b,MIT-slp01,MIT-BIH,8,2,8,train
MIT-slp01b,MIT-slp01,MIT-BIH,9,0,9,train
MIT-slp01b,MIT-slp01,MIT-BIH,10,0,10,train
MIT-slp01b,MIT-slp01,MIT-BIH,11,0,11,train
MIT-slp01b,MIT-slp01,MIT-BIH,12,0,12,train
MIT-slp01b,MIT-slp01,MIT-BIH,13,0,13,train
MIT-slp01b,MIT-slp01,MIT-BIH,14,0,14,train
MIT-slp01b,MIT-slp01,MIT-BIH,15,0,15,train
MIT-slp01b,MIT-slp01,MIT-BIH,16,0,16,train
MIT-slp01b,MIT-slp01,MIT-BIH,17,0,17,train
MIT-slp01b,MIT-slp01,MIT-BIH,18,0,18,train
MIT-slp01b,MIT-slp01,MIT-BIH,19,0,19,train
MIT-slp01b,MIT-slp01,MIT-BIH,20,0,20,train
MIT-slp01b,MIT-slp01,MIT-BIH,21,0,21,train
MIT-slp01b,MIT-slp01,MIT-BIH,22,0,22,train
MIT-slp01b,MIT-slp01,MIT-BIH,23,0,23,train
MIT-slp01b,MIT-slp01,MIT-BIH,24,0,24,train
MIT-slp01b,MIT-slp01,MIT-BIH,25,0,25,train
MIT-slp01b,MIT-slp01,MIT-BIH,26,0,26,train
MIT-slp01b,MIT-slp01,MIT-BIH,27,0,27,train
MIT-slp01b,MIT-slp01,MIT-BIH,28,0,28,train
MIT-slp01b,MIT-slp01,MIT-BIH,29,0,29,train
MIT-slp01b,MIT-slp01,MIT-BIH,30,0,30,train
MIT-slp01b,MIT-slp01,MIT-BIH,31,0,31,train
MIT-slp01b,MIT-slp01,MIT-BIH,32,0,32,train
MIT-slp01b,MIT-slp01,MIT-BIH,33,0,33,train
MIT-slp01b,MIT-slp01,MIT-BIH,34,0,34,train
MIT-slp01b,MIT-slp01,MIT-BIH,35,0,35,train
MIT-slp01b,MIT-slp01,MIT-BIH,36,0,36,train
MIT-slp01b,MIT-slp01,MIT-BIH,37,0,37,train
MIT-slp01b,MIT-slp01,MIT-BIH,38,0,38,train
MIT-slp01b,MIT-slp01,MIT-BIH,39,0,39,train
MIT-slp01b,MIT-slp01,MIT-BIH,40,0,40,train
MIT-slp01b,MIT-slp01,MIT-BIH,41,0,41,train
MIT-slp01b,MIT-slp01,MIT-BIH,42,0,42,train
MIT-slp01b,MIT-slp01,MIT-BIH,43,0,43,train
MIT-slp01b,MIT-slp01,MIT-BIH,44,0,44,train
MIT-slp01b,MIT-slp01,MIT-BIH,45,0,45,train
MIT-slp01b,MIT-slp01,MIT-BIH,46,0,46,train
MIT-slp01b,MIT-slp01,MIT-BIH,47,0,47,train
MIT-slp01b,MIT-slp01,MIT-BIH,48,0,48,train
MIT-slp01b,MIT-slp01,MIT-BIH,49,0,49,train
MIT-slp01b,MIT-slp01,MIT-BIH,50,0,50,train
MIT-slp01b,MIT-slp01,MIT-BIH,51,0,51,train
MIT-slp01b,MIT-slp01,MIT-BIH,52,0,52,train
MIT-slp01b,MIT-slp01,MIT-BIH,53,0,53,train
MIT-slp01b,MIT-slp01,MIT-BIH,54,0,54,train
MIT-slp01b,MIT-slp01,MIT-BIH,55,0,55,train
MIT-slp01b,MIT-slp01,MIT-BIH,56,0,56,train
MIT-slp01b,MIT-slp01,MIT-BIH,57,0,57,train
MIT-slp01b,MIT-slp01,MIT-BIH,58,0,58,train
MIT-slp01b,MIT-slp01,MIT-BIH,59,0,59,train
MIT-slp01b,MIT-slp01,MIT-BIH,60,0,60,train
MIT-slp01b,MIT-slp01,MIT-BIH,61,0,61,train
MIT-slp01b,MIT-slp01,MIT-BIH,62,0,62,train
MIT-slp01b,MIT-slp01,MIT-BIH,63,0,63,train
MIT-slp01b,MIT-slp01,MIT-BIH,64,0,64,train
MIT-slp01b,MIT-slp01,MIT-BIH,65,0,65,train
MIT-slp01b,MIT-slp01,MIT-BIH,66,0,66,train
MIT-slp01b,MIT-slp01,MIT-BIH,67,0,67,train
MIT-slp01b,MIT-slp01,MIT-BIH,68,0,68,train
MIT-slp01b,MIT-slp01,MIT-BIH,69,0,69,train
MIT-slp01b,MIT-slp01,MIT-BIH,70,0,70,train
MIT-slp01b,MIT-slp01,MIT-BIH,71,0,71,train
MIT-slp01b,MIT-slp01,MIT-BIH,72,0,72,train
MIT-slp01b,MIT-slp01,MIT-BIH,73,0,73,train
MIT-slp01b,MIT-slp01,MIT-BIH,74,0,74,train
MIT-slp01b,MIT-slp01,MIT-BIH,75,0,75,train
MIT-slp01b,MIT-slp01,MIT-BIH,76,0,76,train
MIT-slp01b,MIT-slp01,MIT-BIH,77,0,77,train
MIT-slp01b,MIT-slp01,MIT-BIH,78,0,78,train
MIT-slp01b,MIT-slp01,MIT-BIH,79,0,79,train
MIT-slp01b,MIT-slp01,MIT-BIH,80,0,80,train
MIT-slp01b,MIT-slp01,MIT-BIH,81,0,81,train
MIT-slp01b,MIT-slp01,MIT-BIH,82,0,82,train
MIT-slp01b,MIT-slp01,MIT-BIH,83,0,83,train
MIT-slp01b,MIT-slp01,MIT-BIH,84,0,84,train
MIT-slp01b,MIT-slp01,MIT-BIH,85,0,85,train
MIT-slp01b,MIT-slp01,MIT-BIH,86,0,86,train
MIT-slp01b,MIT-slp01,MIT-BIH,87,0,87,train
MIT-slp01b,MIT-slp01,MIT-BIH,88,0,88,train
MIT-slp01b,MIT-slp01,MIT-BIH,89,0,89,train
MIT-slp01b,MIT-slp01,MIT-BIH,90,0,90,train
MIT-slp01b,MIT-slp01,MIT-BIH,91,0,91,train
MIT-slp01b,MIT-slp01,MIT-BIH,92,0,92,train
MIT-slp01b,MIT-slp01,MIT-BIH,93,0,93,train
MIT-slp01b,MIT-slp01,MIT-BIH,94,0,94,train
MIT-slp01b,MIT-slp01,MIT-BIH,95,0,95,train
MIT-slp01b,MIT-slp01,MIT-BIH,96,0,96,train
MIT-slp01b,MIT-slp01,MIT-BIH,97,0,97,train
MIT-slp01b,MIT-slp01,MIT-BIH,98,0,98,train
MIT-slp01b,MIT-slp01,MIT-BIH,99,0,99,train
MIT-slp01b,MIT-slp01,MIT-BIH,100,0,100,train
MIT-slp01b,MIT-slp01,MIT-BIH,101,0,101,train
MIT-slp01b,MIT-slp01,MIT-BIH,102,0,102,train
MIT-slp01b,MIT-slp01,MIT-BIH,103,0,103,train
MIT-slp01b,MIT-slp01,MIT-BIH,104,0,104,train
MIT-slp01b,MIT-slp01,MIT-BIH,105,0,105,train
MIT-slp01b,MIT-slp01,MIT-BIH,106,0,106,train
MIT-slp01b,MIT-slp01,MIT-BIH,107,0,107,train
MIT-slp01b,MIT-slp01,MIT-BIH,108,0,108,train
MIT-slp01b,MIT-slp01,MIT-BIH,109,0,109,train
MIT-slp01b,MIT-slp01,MIT-BIH,110,0,110,train
MIT-slp01b,MIT-slp01,MIT-BIH,111,0,111,train
MIT-slp01b,MIT-slp01,MIT-BIH,112,0,112,train
MIT-slp01b,MIT-slp01,MIT-BIH,113,0,113,train
MIT-slp01b,MIT-slp01,MIT-BIH,114,0,114,train
MIT-slp01b,MIT-slp01,MIT-BIH,115,0,115,train
MIT-slp01b,MIT-slp01,MIT-BIH,116,0,116,train
MIT-slp01b,MIT-slp01,MIT-BIH,117,0,117,train
MIT-slp01b,MIT-slp01,MIT-BIH,118,0,118,train
MIT-slp01b,MIT-slp01,MIT-BIH,119,0,119,train
MIT-slp01b,MIT-slp01,MIT-BIH,120,0,120,train
MIT-slp01b,MIT-slp01,MIT-BIH,121,0,121,train
MIT-slp01b,MIT-slp01,MIT-BIH,122,0,122,train
MIT-slp01b,MIT-slp01,MIT-BIH,123,0,123,train
MIT-slp01b,MIT-slp01,MIT-BIH,124,0,124,train
MIT-slp01b,MIT-slp01,MIT-BIH,125,0,125,train
MIT-slp01b,MIT-slp01,MIT-BIH,126,0,126,train
MIT-slp01b,MIT-slp01,MIT-BIH,127,0,127,train
MIT-slp01b,MIT-slp01,MIT-BIH,128,0,128,train
MIT-slp01b,MIT-slp01,MIT-BIH,129,0,129,train
MIT-slp01b,MIT-slp01,MIT-BIH,130,0,130,train
MIT-slp01b,MIT-slp01,MIT-BIH,131,0,131,train
MIT-slp01b,MIT-slp01,MIT-BIH,132,0,132,train
MIT-slp01b,MIT-slp01,MIT-BIH,133,0,133,train
MIT-slp01b,MIT-slp01,MIT-BIH,134,0,134,train
MIT-slp01b,MIT-slp01,MIT-BIH,135,0,135,train
MIT-slp01b,MIT-slp01,MIT-BIH,136,0,136,train
MIT-slp01b,MIT-slp01,MIT-BIH,137,0,137,train
MIT-slp01b,MIT-slp01,MIT-BIH,138,1,138,train
MIT-slp01b,MIT-slp01,MIT-BIH,139,0,139,train
MIT-slp01b,MIT-slp01,MIT-BIH,140,0,140,train
MIT-slp01b,MIT-slp01,MIT-BIH,141,0,141,train
MIT-slp01b,MIT-slp01,MIT-BIH,142,1,142,train
MIT-slp01b,MIT-slp01,MIT-BIH,143,2,143,train
MIT-slp01b,MIT-slp01,MIT-BIH,144,0,144,train
MIT-slp01b,MIT-slp01,MIT-BIH,145,1,145,train
MIT-slp01b,MIT-slp01,MIT-BIH,146,2,146,train
MIT-slp01b,MIT-slp01,MIT-BIH,147,1,147,train
MIT-slp01b,MIT-slp01,MIT-BIH,148,2,148,train
MIT-slp01b,MIT-slp01,MIT-BIH,149,2,149,train
MIT-slp01b,MIT-slp01,MIT-BIH,150,2,150,train
MIT-slp01b,MIT-slp01,MIT-BIH,151,1,151,train
MIT-slp01b,MIT-slp01,MIT-BIH,152,0,152,train
MIT-slp01b,MIT-slp01,MIT-BIH,153,2,153,train
MIT-slp01b,MIT-slp01,MIT-BIH,154,2,154,train
MIT-slp01b,MIT-slp01,MIT-BIH,155,2,155,train
MIT-slp01b,MIT-slp01,MIT-BIH,156,2,156,train
MIT-slp01b,MIT-slp01,MIT-BIH,157,2,157,train
MIT-slp01b,MIT-slp01,MIT-BIH,158,2,158,train
MIT-slp01b,MIT-slp01,MIT-BIH,159,2,159,train
MIT-slp01b,MIT-slp01,MIT-BIH,160,2,160,train
MIT-slp01b,MIT-slp01,MIT-BIH,161,2,161,train
MIT-slp01b,MIT-slp01,MIT-BIH,162,2,162,train
MIT-slp01b,MIT-slp01,MIT-BIH,163,2,163,train
MIT-slp01b,MIT-slp01,MIT-BIH,164,2,164,train
MIT-slp01b,MIT-slp01,MIT-BIH,165,2,165,train
MIT-slp01b,MIT-slp01,MIT-BIH,166,2,166,train
MIT-slp01b,MIT-slp01,MIT-BIH,167,2,167,train
MIT-slp01b,MIT-slp01,MIT-BIH,168,2,168,train
MIT-slp01b,MIT-slp01,MIT-BIH,169,2,169,train
MIT-slp01b,MIT-slp01,MIT-BIH,170,2,170,train
MIT-slp01b,MIT-slp01,MIT-BIH,171,2,171,train
MIT-slp01b,MIT-slp01,MIT-BIH,172,2,172,train
MIT-slp01b,MIT-slp01,MIT-BIH,173,2,173,train
MIT-slp01b,MIT-slp01,MIT-BIH,174,2,174,train
MIT-slp01b,MIT-slp01,MIT-BIH,175,2,175,train
MIT-slp01b,MIT-slp01,MIT-BIH,176,2,176,train
MIT-slp01b,MIT-slp01,MIT-BIH,177,2,177,train
MIT-slp01b,MIT-slp01,MIT-BIH,178,2,178,train
MIT-slp01b,MIT-slp01,MIT-BIH,179,2,179,train
MIT-slp01b,MIT-slp01,MIT-BIH,180,2,180,train
MIT-slp01b,MIT-slp01,MIT-BIH,181,2,181,train
MIT-slp01b,MIT-slp01,MIT-BIH,182,2,182,train
MIT-slp01b,MIT-slp01,MIT-BIH,183,2,183,train
MIT-slp01b,MIT-slp01,MIT-BIH,184,2,184,train
MIT-slp01b,MIT-slp01,MIT-BIH,185,2,185,train
MIT-slp01b,MIT-slp01,MIT-BIH,186,2,186,train
MIT-slp01b,MIT-slp01,MIT-BIH,187,2,187,train
MIT-slp01b,MIT-slp01,MIT-BIH,188,2,188,train
MIT-slp01b,MIT-slp01,MIT-BIH,189,2,189,train
MIT-slp01b,MIT-slp01,MIT-BIH,190,2,190,train
MIT-slp01b,MIT-slp01,MIT-BIH,191,2,191,train
MIT-slp01b,MIT-slp01,MIT-BIH,192,2,192,train
MIT-slp01b,MIT-slp01,MIT-BIH,193,2,193,train
MIT-slp01b,MIT-slp01,MIT-BIH,194,2,194,train
MIT-slp01b,MIT-slp01,MIT-BIH,195,2,195,train
MIT-slp01b,MIT-slp01,MIT-BIH,196,0,196,train
MIT-slp01b,MIT-slp01,MIT-BIH,197,0,197,train
MIT-slp01b,MIT-slp01,MIT-BIH,198,0,198,train
MIT-slp01b,MIT-slp01,MIT-BIH,199,0,199,train
MIT-slp01b,MIT-slp01,MIT-BIH,200,0,200,train
MIT-slp01b,MIT-slp01,MIT-BIH,201,0,201,train
MIT-slp01b,MIT-slp01,MIT-BIH,202,0,202,train
MIT-slp01b,MIT-slp01,MIT-BIH,203,0,203,train
MIT-slp01b,MIT-slp01,MIT-BIH,204,0,204,train
MIT-slp01b,MIT-slp01,MIT-BIH,205,0,205,train
MIT-slp01b,MIT-slp01,MIT-BIH,206,0,206,train
MIT-slp01b,MIT-slp01,MIT-BIH,207,0,207,train
MIT-slp01b,MIT-slp01,MIT-BIH,208,0,208,train
MIT-slp01b,MIT-slp01,MIT-BIH,209,0,209,train
MIT-slp01b,MIT-slp01,MIT-BIH,210,0,210,train
MIT-slp01b,MIT-slp01,MIT-BIH,211,0,211,train
MIT-slp01b,MIT-slp01,MIT-BIH,212,0,212,train
MIT-slp01b,MIT-slp01,MIT-BIH,213,0,213,train
MIT-slp01b,MIT-slp01,MIT-BIH,214,0,214,train
MIT-slp01b,MIT-slp01,MIT-BIH,215,0,215,train
MIT-slp01b,MIT-slp01,MIT-BIH,216,0,216,train
MIT-slp01b,MIT-slp01,MIT-BIH,217,0,217,train
MIT-slp01b,MIT-slp01,MIT-BIH,218,0,218,train
MIT-slp01b,MIT-slp01,MIT-BIH,219,0,219,train
MIT-slp01b,MIT-slp01,MIT-BIH,220,0,220,train
MIT-slp01b,MIT-slp01,MIT-BIH,221,0,221,train
MIT-slp01b,MIT-slp01,MIT-BIH,222,0,222,train
MIT-slp01b,MIT-slp01,MIT-BIH,223,0,223,train
MIT-slp01b,MIT-slp01,MIT-BIH,224,0,224,train
MIT-slp01b,MIT-slp01,MIT-BIH,225,1,225,train
MIT-slp01b,MIT-slp01,MIT-BIH,226,1,226,train
MIT-slp01b,MIT-slp01,MIT-BIH,227,0,227,train
MIT-slp01b,MIT-slp01,MIT-BIH,228,1,228,train
MIT-slp01b,MIT-slp01,MIT-BIH,229,0,229,train
MIT-slp01b,MIT-slp01,MIT-BIH,230,0,230,train
MIT-slp01b,MIT-slp01,MIT-BIH,231,1,231,train
MIT-slp01b,MIT-slp01,MIT-BIH,232,2,232,train
MIT-slp01b,MIT-slp01,MIT-BIH,233,2,233,train
MIT-slp01b,MIT-slp01,MIT-BIH,234,2,234,train
MIT-slp01b,MIT-slp01,MIT-BIH,235,0,235,train
MIT-slp01b,MIT-slp01,MIT-BIH,236,1,236,train
MIT-slp01b,MIT-slp01,MIT-BIH,237,2,237,train
MIT-slp01b,MIT-slp01,MIT-BIH,238,2,238,train
MIT-slp01b,MIT-slp01,MIT-BIH,239,2,239,train
MIT-slp01b,MIT-slp01,MIT-BIH,240,2,240,train
MIT-slp01b,MIT-slp01,MIT-BIH,241,2,241,train
MIT-slp01b,MIT-slp01,MIT-BIH,242,2,242,train
MIT-slp01b,MIT-slp01,MIT-BIH,243,2,243,train
MIT-slp01b,MIT-slp01,MIT-BIH,244,2,244,train
MIT-slp01b,MIT-slp01,MIT-BIH,245,2,245,train
MIT-slp01b,MIT-slp01,MIT-BIH,246,2,246,train
MIT-slp01b,MIT-slp01,MIT-BIH,247,2,247,train
MIT-slp01b,MIT-slp01,MIT-BIH,248,2,248,train
MIT-slp01b,MIT-slp01,MIT-BIH,249,2,249,train
MIT-slp01b,MIT-slp01,MIT-BIH,250,2,250,train
MIT-slp01b,MIT-slp01,MIT-BIH,251,2,251,train
MIT-slp01b,MIT-slp01,MIT-BIH,252,2,252,train
MIT-slp01b,MIT-slp01,MIT-BIH,253,0,253,train
MIT-slp01b,MIT-slp01,MIT-BIH,254,0,254,train
MIT-slp01b,MIT-slp01,MIT-BIH,255,1,255,train
MIT-slp01b,MIT-slp01,MIT-BIH,256,0,256,train
MIT-slp01b,MIT-slp01,MIT-BIH,257,1,257,train
MIT-slp01b,MIT-slp01,MIT-BIH,258,0,258,train
MIT-slp01b,MIT-slp01,MIT-BIH,259,1,259,train
MIT-slp01b,MIT-slp01,MIT-BIH,260,2,260,train
MIT-slp01b,MIT-slp01,MIT-BIH,261,2,261,train
MIT-slp01b,MIT-slp01,MIT-BIH,262,2,262,train
MIT-slp01b,MIT-slp01,MIT-BIH,263,2,263,train
MIT-slp01b,MIT-slp01,MIT-BIH,264,2,264,train
MIT-slp01b,MIT-slp01,MIT-BIH,265,2,265,train
MIT-slp01b,MIT-slp01,MIT-BIH,266,4,266,train
MIT-slp01b,MIT-slp01,MIT-BIH,267,4,267,train
MIT-slp01b,MIT-slp01,MIT-BIH,268,4,268,train
MIT-slp01b,MIT-slp01,MIT-BIH,269,4,269,train
MIT-slp01b,MIT-slp01,MIT-BIH,270,4,270,train
MIT-slp01b,MIT-slp01,MIT-BIH,271,4,271,train
MIT-slp01b,MIT-slp01,MIT-BIH,272,4,272,train
MIT-slp01b,MIT-slp01,MIT-BIH,273,0,273,train
MIT-slp01b,MIT-slp01,MIT-BIH,274,0,274,train
MIT-slp01b,MIT-slp01,MIT-BIH,275,1,275,train
MIT-slp01b,MIT-slp01,MIT-BIH,276,0,276,train
MIT-slp01b,MIT-slp01,MIT-BIH,277,0,277,train
MIT-slp01b,MIT-slp01,MIT-BIH,278,1,278,train
MIT-slp01b,MIT-slp01,MIT-BIH,279,1,279,train
MIT-slp01b,MIT-slp01,MIT-BIH,280,2,280,train
MIT-slp01b,MIT-slp01,MIT-BIH,281,2,281,train
MIT-slp01b,MIT-slp01,MIT-BIH,282,0,282,train
MIT-slp01b,MIT-slp01,MIT-BIH,283,1,283,train
MIT-slp01b,MIT-slp01,MIT-BIH,284,2,284,train
MIT-slp01b,MIT-slp01,MIT-BIH,285,2,285,train
MIT-slp01b,MIT-slp01,MIT-BIH,286,2,286,train
MIT-slp01b,MIT-slp01,MIT-BIH,287,2,287,train
MIT-slp01b,MIT-slp01,MIT-BIH,288,2,288,train
MIT-slp01b,MIT-slp01,MIT-BIH,289,2,289,train
MIT-slp01b,MIT-slp01,MIT-BIH,290,2,290,train
MIT-slp01b,MIT-slp01,MIT-BIH,291,2,291,train
MIT-slp01b,MIT-slp01,MIT-BIH,292,2,292,train
MIT-slp01b,MIT-slp01,MIT-BIH,293,2,293,train
MIT-slp01b,MIT-slp01,MIT-BIH,294,2,294,train
MIT-slp01b,MIT-slp01,MIT-BIH,295,2,295,train
MIT-slp01b,MIT-slp01,MIT-BIH,296,2,296,train
MIT-slp01b,MIT-slp01,MIT-BIH,297,4,297,train
MIT-slp01b,MIT-slp01,MIT-BIH,298,4,298,train
MIT-slp01b,MIT-slp01,MIT-BIH,299,4,299,train
MIT-slp01b,MIT-slp01,MIT-BIH,300,4,300,train
MIT-slp01b,MIT-slp01,MIT-BIH,301,4,301,train
MIT-slp01b,MIT-slp01,MIT-BIH,302,4,302,train
MIT-slp01b,MIT-slp01,MIT-BIH,303,4,303,train
MIT-slp01b,MIT-slp01,MIT-BIH,304,4,304,train
MIT-slp01b,MIT-slp01,MIT-BIH,305,4,305,train
MIT-slp01b,MIT-slp01,MIT-BIH,306,4,306,train
MIT-slp01b,MIT-slp01,MIT-BIH,307,4,307,train
MIT-slp01b,MIT-slp01,MIT-BIH,308,4,308,train
MIT-slp01b,MIT-slp01,MIT-BIH,309,1,309,train
MIT-slp01b,MIT-slp01,MIT-BIH,310,1,310,train
MIT-slp01b,MIT-slp01,MIT-BIH,311,1,311,train
MIT-slp01b,MIT-slp01,MIT-BIH,312,1,312,train
MIT-slp01b,MIT-slp01,MIT-BIH,313,2,313,train
MIT-slp01b,MIT-slp01,MIT-BIH,314,2,314,train
MIT-slp01b,MIT-slp01,MIT-BIH,315,2,315,train
MIT-slp01b,MIT-slp01,MIT-BIH,316,2,316,train
MIT-slp01b,MIT-slp01,MIT-BIH,317,2,317,train
MIT-slp01b,MIT-slp01,MIT-BIH,318,2,318,train
MIT-slp01b,MIT-slp01,MIT-BIH,319,2,319,train
MIT-slp01b,MIT-slp01,MIT-BIH,320,4,320,train
MIT-slp01b,MIT-slp01,MIT-BIH,321,4,321,train
MIT-slp01b,MIT-slp01,MIT-BIH,322,4,322,train
MIT-slp01b,MIT-slp01,MIT-BIH,323,4,323,train
MIT-slp01b,MIT-slp01,MIT-BIH,324,4,324,train
MIT-slp01b,MIT-slp01,MIT-BIH,325,4,325,train
MIT-slp01b,MIT-slp01,MIT-BIH,326,0,326,train
MIT-slp01b,MIT-slp01,MIT-BIH,327,0,327,train
MIT-slp01b,MIT-slp01,MIT-BIH,328,0,328,train
MIT-slp01b,MIT-slp01,MIT-BIH,329,1,329,train
MIT-slp01b,MIT-slp01,MIT-BIH,330,2,330,train
MIT-slp01b,MIT-slp01,MIT-BIH,331,2,331,train
MIT-slp01b,MIT-slp01,MIT-BIH,332,2,332,train
MIT-slp01b,MIT-slp01,MIT-BIH,333,2,333,train
MIT-slp01b,MIT-slp01,MIT-BIH,334,1,334,train
MIT-slp01b,MIT-slp01,MIT-BIH,335,1,335,train
MIT-slp01b,MIT-slp01,MIT-BIH,336,2,336,train
MIT-slp01b,MIT-slp01,MIT-BIH,337,2,337,train
MIT-slp01b,MIT-slp01,MIT-BIH,338,2,338,train
MIT-slp01b,MIT-slp01,MIT-BIH,339,2,339,train
MIT-slp01b,MIT-slp01,MIT-BIH,340,2,340,train
MIT-slp01b,MIT-slp01,MIT-BIH,341,2,341,train
MIT-slp01b,MIT-slp01,MIT-BIH,342,2,342,train
MIT-slp01b,MIT-slp01,MIT-BIH,343,2,343,train
MIT-slp01b,MIT-slp01,MIT-BIH,344,2,344,train
MIT-slp01b,MIT-slp01,MIT-BIH,345,2,345,train
MIT-slp01b,MIT-slp01,MIT-BIH,346,2,346,train
MIT-slp01b,MIT-slp01,MIT-BIH,347,2,347,train
MIT-slp01b,MIT-slp01,MIT-BIH,348,2,348,train
MIT-slp01b,MIT-slp01,MIT-BIH,349,2,349,train
MIT-slp01b,MIT-slp01,MIT-BIH,350,2,350,train
MIT-slp01b,MIT-slp01,MIT-BIH,351,2,351,train
MIT-slp01b,MIT-slp01,MIT-BIH,352,0,352,train
MIT-slp01b,MIT-slp01,MIT-BIH,353,1,353,train
MIT-slp01b,MIT-slp01,MIT-BIH,354,1,354,train
MIT-slp01b,MIT-slp01,MIT-BIH,355,1,355,train
MIT-slp01b,MIT-slp01,MIT-BIH,356,2,356,train
MIT-slp01b,MIT-slp01,MIT-BIH,357,2,357,train
MIT-slp01b,MIT-slp01,MIT-BIH,358,2,358,train
MIT-slp01b,MIT-slp01,MIT-BIH,359,2,359,train
MIT-slp02a,MIT-slp02,MIT-BIH,0,2,0,test
MIT-slp02a,MIT-slp02,MIT-BIH,1,2,1,test
MIT-slp02a,MIT-slp02,MIT-BIH,2,2,2,test
MIT-slp02a,MIT-slp02,MIT-BIH,3,2,3,test
MIT-slp02a,MIT-slp02,MIT-BIH,4,2,4,test
MIT-slp02a,MIT-slp02,MIT-BIH,5,2,5,test
MIT-slp02a,MIT-slp02,MIT-BIH,8,2,6,test
MIT-slp02a,MIT-slp02,MIT-BIH,9,2,7,test
MIT-slp02a,MIT-slp02,MIT-BIH,10,2,8,test
MIT-slp02a,MIT-slp02,MIT-BIH,11,2,9,test
MIT-slp02a,MIT-slp02,MIT-BIH,12,2,10,test
MIT-slp02a,MIT-slp02,MIT-BIH,13,2,11,test
MIT-slp02a,MIT-slp02,MIT-BIH,14,2,12,test
MIT-slp02a,MIT-slp02,MIT-BIH,15,2,13,test
MIT-slp02a,MIT-slp02,MIT-BIH,16,2,14,test
MIT-slp02a,MIT-slp02,MIT-BIH,17,2,15,test
MIT-slp02a,MIT-slp02,MIT-BIH,18,2,16,test
MIT-slp02a,MIT-slp02,MIT-BIH,19,2,17,test
MIT-slp02a,MIT-slp02,MIT-BIH,20,2,18,test
MIT-slp02a,MIT-slp02,MIT-BIH,21,2,19,test
MIT-slp02a,MIT-slp02,MIT-BIH,22,2,20,test
MIT-slp02a,MIT-slp02,MIT-BIH,23,2,21,test
MIT-slp02a,MIT-slp02,MIT-BIH,24,2,22,test
MIT-slp02a,MIT-slp02,MIT-BIH,25,2,23,test
MIT-slp02a,MIT-slp02,MIT-BIH,26,2,24,test
MIT-slp02a,MIT-slp02,MIT-BIH,27,2,25,test
MIT-slp02a,MIT-slp02,MIT-BIH,28,2,26,test
MIT-slp02a,MIT-slp02,MIT-BIH,29,2,27,test
MIT-slp02a,MIT-slp02,MIT-BIH,30,2,28,test
MIT-slp02a,MIT-slp02,MIT-BIH,32,0,29,test
MIT-slp02a,MIT-slp02,MIT-BIH,33,0,30,test
MIT-slp02a,MIT-slp02,MIT-BIH,34,1,31,test
MIT-slp02a,MIT-slp02,MIT-BIH,35,2,32,test
MIT-slp02a,MIT-slp02,MIT-BIH,36,2,33,test
MIT-slp02a,MIT-slp02,MIT-BIH,37,2,34,test
MIT-slp02a,MIT-slp02,MIT-BIH,38,2,35,test
MIT-slp02a,MIT-slp02,MIT-BIH,39,2,36,test
MIT-slp02a,MIT-slp02,MIT-BIH,40,2,37,test
MIT-slp02a,MIT-slp02,MIT-BIH,41,2,38,test
MIT-slp02a,MIT-slp02,MIT-BIH,42,2,39,test
MIT-slp02a,MIT-slp02,MIT-BIH,43,2,40,test
MIT-slp02a,MIT-slp02,MIT-BIH,44,2,41,test
MIT-slp02a,MIT-slp02,MIT-BIH,45,2,42,test
MIT-slp02a,MIT-slp02,MIT-BIH,46,2,43,test
MIT-slp02a,MIT-slp02,MIT-BIH,47,2,44,test
MIT-slp02a,MIT-slp02,MIT-BIH,48,2,45,test
MIT-slp02a,MIT-slp02,MIT-BIH,49,2,46,test
MIT-slp02a,MIT-slp02,MIT-BIH,50,2,47,test
MIT-slp02a,MIT-slp02,MIT-BIH,51,2,48,test
MIT-slp02a,MIT-slp02,MIT-BIH,52,2,49,test
MIT-slp02a,MIT-slp02,MIT-BIH,53,2,50,test
MIT-slp02a,MIT-slp02,MIT-BIH,54,2,51,test
MIT-slp02a,MIT-slp02,MIT-BIH,55,2,52,test
MIT-slp02a,MIT-slp02,MIT-BIH,56,2,53,test
MIT-slp02a,MIT-slp02,MIT-BIH,57,2,54,test
MIT-slp02a,MIT-slp02,MIT-BIH,58,2,55,test
MIT-slp02a,MIT-slp02,MIT-BIH,59,2,56,test
MIT-slp02a,MIT-slp02,MIT-BIH,60,2,57,test
MIT-slp02a,MIT-slp02,MIT-BIH,61,3,58,test
MIT-slp02a,MIT-slp02,MIT-BIH,62,2,59,test
MIT-slp02a,MIT-slp02,MIT-BIH,63,2,60,test
MIT-slp02a,MIT-slp02,MIT-BIH,64,2,61,test
MIT-slp02a,MIT-slp02,MIT-BIH,65,2,62,test
MIT-slp02a,MIT-slp02,MIT-BIH,66,2,63,test
MIT-slp02a,MIT-slp02,MIT-BIH,67,2,64,test
MIT-slp02a,MIT-slp02,MIT-BIH,68,3,65,test
MIT-slp02a,MIT-slp02,MIT-BIH,69,2,66,test
MIT-slp02a,MIT-slp02,MIT-BIH,70,2,67,test
MIT-slp02a,MIT-slp02,MIT-BIH,71,2,68,test
MIT-slp02a,MIT-slp02,MIT-BIH,72,2,69,test
MIT-slp02a,MIT-slp02,MIT-BIH,73,3,70,test
MIT-slp02a,MIT-slp02,MIT-BIH,74,3,71,test
MIT-slp02a,MIT-slp02,MIT-BIH,75,2,72,test
MIT-slp02a,MIT-slp02,MIT-BIH,76,2,73,test
MIT-slp02a,MIT-slp02,MIT-BIH,77,2,74,test
MIT-slp02a,MIT-slp02,MIT-BIH,78,3,75,test
MIT-slp02a,MIT-slp02,MIT-BIH,79,3,76,test
MIT-slp02a,MIT-slp02,MIT-BIH,80,2,77,test
MIT-slp02a,MIT-slp02,MIT-BIH,81,3,78,test
MIT-slp02a,MIT-slp02,MIT-BIH,82,2,79,test
MIT-slp02a,MIT-slp02,MIT-BIH,83,2,80,test
MIT-slp02a,MIT-slp02,MIT-BIH,84,2,81,test
MIT-slp02a,MIT-slp02,MIT-BIH,85,2,82,test
MIT-slp02a,MIT-slp02,MIT-BIH,86,2,83,test
MIT-slp02a,MIT-slp02,MIT-BIH,87,4,84,test
MIT-slp02a,MIT-slp02,MIT-BIH,88,4,85,test
MIT-slp02a,MIT-slp02,MIT-BIH,89,4,86,test
MIT-slp02a,MIT-slp02,MIT-BIH,90,1,87,test
MIT-slp02a,MIT-slp02,MIT-BIH,93,1,88,test
MIT-slp02a,MIT-slp02,MIT-BIH,94,1,89,test
MIT-slp02a,MIT-slp02,MIT-BIH,96,1,90,test
MIT-slp02a,MIT-slp02,MIT-BIH,97,1,91,test
MIT-slp02a,MIT-slp02,MIT-BIH,98,1,92,test
MIT-slp02a,MIT-slp02,MIT-BIH,99,1,93,test
MIT-slp02a,MIT-slp02,MIT-BIH,100,1,94,test
MIT-slp02a,MIT-slp02,MIT-BIH,101,2,95,test
MIT-slp02a,MIT-slp02,MIT-BIH,102,1,96,test
MIT-slp02a,MIT-slp02,MIT-BIH,103,2,97,test
MIT-slp02a,MIT-slp02,MIT-BIH,104,2,98,test
MIT-slp02a,MIT-slp02,MIT-BIH,105,2,99,test
MIT-slp02a,MIT-slp02,MIT-BIH,106,2,100,test
MIT-slp02a,MIT-slp02,MIT-BIH,107,2,101,test
MIT-slp02a,MIT-slp02,MIT-BIH,108,2,102,test
MIT-slp02a,MIT-slp02,MIT-BIH,109,2,103,test
MIT-slp02a,MIT-slp02,MIT-BIH,110,2,104,test
MIT-slp02a,MIT-slp02,MIT-BIH,111,2,105,test
MIT-slp02a,MIT-slp02,MIT-BIH,112,1,106,test
MIT-slp02a,MIT-slp02,MIT-BIH,114,2,107,test
MIT-slp02a,MIT-slp02,MIT-BIH,115,2,108,test
MIT-slp02a,MIT-slp02,MIT-BIH,116,2,109,test
MIT-slp02a,MIT-slp02,MIT-BIH,117,2,110,test
MIT-slp02a,MIT-slp02,MIT-BIH,118,2,111,test
MIT-slp02a,MIT-slp02,MIT-BIH,120,2,112,test
MIT-slp02a,MIT-slp02,MIT-BIH,121,2,113,test
MIT-slp02a,MIT-slp02,MIT-BIH,122,2,114,test
MIT-slp02a,MIT-slp02,MIT-BIH,123,2,115,test
MIT-slp02a,MIT-slp02,MIT-BIH,124,2,116,test
MIT-slp02a,MIT-slp02,MIT-BIH,125,2,117,test
MIT-slp02a,MIT-slp02,MIT-BIH,126,2,118,test
MIT-slp02a,MIT-slp02,MIT-BIH,127,2,119,test
MIT-slp02a,MIT-slp02,MIT-BIH,128,2,120,test
MIT-slp02a,MIT-slp02,MIT-BIH,129,2,121,test
MIT-slp02a,MIT-slp02,MIT-BIH,130,2,122,test
MIT-slp02a,MIT-slp02,MIT-BIH,131,2,123,test
MIT-slp02a,MIT-slp02,MIT-BIH,132,2,124,test
MIT-slp02a,MIT-slp02,MIT-BIH,133,2,125,test
MIT-slp02a,MIT-slp02,MIT-BIH,134,2,126,test
MIT-slp02a,MIT-slp02,MIT-BIH,135,2,127,test
MIT-slp02a,MIT-slp02,MIT-BIH,136,2,128,test
MIT-slp02a,MIT-slp02,MIT-BIH,137,2,129,test
MIT-slp02a,MIT-slp02,MIT-BIH,138,2,130,test
MIT-slp02a,MIT-slp02,MIT-BIH,139,2,131,test
MIT-slp02a,MIT-slp02,MIT-BIH,140,2,132,test
MIT-slp02a,MIT-slp02,MIT-BIH,141,2,133,test
MIT-slp02a,MIT-slp02,MIT-BIH,142,2,134,test
MIT-slp02a,MIT-slp02,MIT-BIH,143,2,135,test
MIT-slp02a,MIT-slp02,MIT-BIH,144,2,136,test
MIT-slp02a,MIT-slp02,MIT-BIH,145,2,137,test
MIT-slp02a,MIT-slp02,MIT-BIH,146,2,138,test
MIT-slp02a,MIT-slp02,MIT-BIH,147,2,139,test
MIT-slp02a,MIT-slp02,MIT-BIH,148,2,140,test
MIT-slp02a,MIT-slp02,MIT-BIH,149,2,141,test
MIT-slp02a,MIT-slp02,MIT-BIH,150,2,142,test
MIT-slp02a,MIT-slp02,MIT-BIH,151,2,143,test
MIT-slp02a,MIT-slp02,MIT-BIH,152,2,144,test
MIT-slp02a,MIT-slp02,MIT-BIH,153,2,145,test
MIT-slp02a,MIT-slp02,MIT-BIH,154,2,146,test
MIT-slp02a,MIT-slp02,MIT-BIH,155,2,147,test
MIT-slp02a,MIT-slp02,MIT-BIH,156,2,148,test
MIT-slp02a,MIT-slp02,MIT-BIH,157,2,149,test
MIT-slp02a,MIT-slp02,MIT-BIH,158,2,150,test
MIT-slp02a,MIT-slp02,MIT-BIH,159,2,151,test
MIT-slp02a,MIT-slp02,MIT-BIH,160,2,152,test
MIT-slp02a,MIT-slp02,MIT-BIH,161,2,153,test
MIT-slp02a,MIT-slp02,MIT-BIH,162,2,154,test
MIT-slp02a,MIT-slp02,MIT-BIH,163,2,155,test
MIT-slp02a,MIT-slp02,MIT-BIH,164,2,156,test
MIT-slp02a,MIT-slp02,MIT-BIH,165,2,157,test
MIT-slp02a,MIT-slp02,MIT-BIH,166,0,158,test
MIT-slp02a,MIT-slp02,MIT-BIH,167,0,159,test
MIT-slp02a,MIT-slp02,MIT-BIH,168,0,160,test
MIT-slp02a,MIT-slp02,MIT-BIH,169,0,161,test
MIT-slp02a,MIT-slp02,MIT-BIH,170,0,162,test
MIT-slp02a,MIT-slp02,MIT-BIH,171,0,163,test
MIT-slp02a,MIT-slp02,MIT-BIH,172,0,164,test
MIT-slp02a,MIT-slp02,MIT-BIH,173,0,165,test
MIT-slp02a,MIT-slp02,MIT-BIH,174,0,166,test
MIT-slp02a,MIT-slp02,MIT-BIH,175,0,167,test
MIT-slp02a,MIT-slp02,MIT-BIH,176,0,168,test
MIT-slp02a,MIT-slp02,MIT-BIH,177,0,169,test
MIT-slp02a,MIT-slp02,MIT-BIH,178,0,170,test
MIT-slp02a,MIT-slp02,MIT-BIH,179,0,171,test
MIT-slp02a,MIT-slp02,MIT-BIH,180,0,172,test
MIT-slp02a,MIT-slp02,MIT-BIH,181,0,173,test
MIT-slp02a,MIT-slp02,MIT-BIH,182,0,174,test
MIT-slp02a,MIT-slp02,MIT-BIH,183,0,175,test
MIT-slp02a,MIT-slp02,MIT-BIH,184,0,176,test
MIT-slp02a,MIT-slp02,MIT-BIH,185,0,177,test
MIT-slp02a,MIT-slp02,MIT-BIH,186,0,178,test
MIT-slp02a,MIT-slp02,MIT-BIH,187,0,179,test
MIT-slp02a,MIT-slp02,MIT-BIH,188,0,180,test
MIT-slp02a,MIT-slp02,MIT-BIH,189,0,181,test
MIT-slp02a,MIT-slp02,MIT-BIH,190,0,182,test
MIT-slp02a,MIT-slp02,MIT-BIH,191,0,183,test
MIT-slp02a,MIT-slp02,MIT-BIH,192,0,184,test
MIT-slp02a,MIT-slp02,MIT-BIH,193,0,185,test
MIT-slp02a,MIT-slp02,MIT-BIH,194,0,186,test
MIT-slp02a,MIT-slp02,MIT-BIH,195,0,187,test
MIT-slp02a,MIT-slp02,MIT-BIH,196,0,188,test
MIT-slp02a,MIT-slp02,MIT-BIH,197,0,189,test
MIT-slp02a,MIT-slp02,MIT-BIH,198,0,190,test
MIT-slp02a,MIT-slp02,MIT-BIH,199,0,191,test
MIT-slp02a,MIT-slp02,MIT-BIH,200,0,192,test
MIT-slp02a,MIT-slp02,MIT-BIH,201,0,193,test
MIT-slp02a,MIT-slp02,MIT-BIH,202,0,194,test
MIT-slp02a,MIT-slp02,MIT-BIH,203,1,195,test
MIT-slp02a,MIT-slp02,MIT-BIH,204,0,196,test
MIT-slp02a,MIT-slp02,MIT-BIH,205,0,197,test
MIT-slp02a,MIT-slp02,MIT-BIH,206,0,198,test
MIT-slp02a,MIT-slp02,MIT-BIH,207,1,199,test
MIT-slp02a,MIT-slp02,MIT-BIH,208,2,200,test
MIT-slp02a,MIT-slp02,MIT-BIH,209,1,201,test
MIT-slp02a,MIT-slp02,MIT-BIH,210,1,202,test
MIT-slp02a,MIT-slp02,MIT-BIH,211,2,203,test
MIT-slp02a,MIT-slp02,MIT-BIH,212,2,204,test
MIT-slp02a,MIT-slp02,MIT-BIH,213,2,205,test
MIT-slp02a,MIT-slp02,MIT-BIH,214,2,206,test
MIT-slp02a,MIT-slp02,MIT-BIH,215,2,207,test
MIT-slp02a,MIT-slp02,MIT-BIH,216,2,208,test
MIT-slp02a,MIT-slp02,MIT-BIH,217,2,209,test
MIT-slp02a,MIT-slp02,MIT-BIH,218,2,210,test
MIT-slp02a,MIT-slp02,MIT-BIH,219,1,211,test
MIT-slp02a,MIT-slp02,MIT-BIH,220,2,212,test
MIT-slp02a,MIT-slp02,MIT-BIH,221,2,213,test
MIT-slp02a,MIT-slp02,MIT-BIH,222,2,214,test
MIT-slp02a,MIT-slp02,MIT-BIH,223,2,215,test
MIT-slp02a,MIT-slp02,MIT-BIH,224,2,216,test
MIT-slp02a,MIT-slp02,MIT-BIH,225,2,217,test
MIT-slp02a,MIT-slp02,MIT-BIH,226,2,218,test
MIT-slp02a,MIT-slp02,MIT-BIH,227,2,219,test
MIT-slp02a,MIT-slp02,MIT-BIH,228,2,220,test
MIT-slp02a,MIT-slp02,MIT-BIH,229,2,221,test
MIT-slp02a,MIT-slp02,MIT-BIH,230,2,222,test
MIT-slp02a,MIT-slp02,MIT-BIH,231,2,223,test
MIT-slp02a,MIT-slp02,MIT-BIH,232,2,224,test
MIT-slp02a,MIT-slp02,MIT-BIH,233,2,225,test
MIT-slp02a,MIT-slp02,MIT-BIH,234,2,226,test
MIT-slp02a,MIT-slp02,MIT-BIH,235,2,227,test
MIT-slp02a,MIT-slp02,MIT-BIH,236,4,228,test
MIT-slp02a,MIT-slp02,MIT-BIH,237,4,229,test
MIT-slp02a,MIT-slp02,MIT-BIH,238,4,230,test
MIT-slp02a,MIT-slp02,MIT-BIH,239,4,231,test
MIT-slp02a,MIT-slp02,MIT-BIH,240,4,232,test
MIT-slp02a,MIT-slp02,MIT-BIH,241,4,233,test
MIT-slp02a,MIT-slp02,MIT-BIH,242,4,234,test
MIT-slp02a,MIT-slp02,MIT-BIH,243,4,235,test
MIT-slp02a,MIT-slp02,MIT-BIH,244,4,236,test
MIT-slp02a,MIT-slp02,MIT-BIH,245,4,237,test
MIT-slp02a,MIT-slp02,MIT-BIH,246,4,238,test
MIT-slp02a,MIT-slp02,MIT-BIH,247,4,239,test
MIT-slp02a,MIT-slp02,MIT-BIH,248,4,240,test
MIT-slp02a,MIT-slp02,MIT-BIH,249,4,241,test
MIT-slp02a,MIT-slp02,MIT-BIH,250,4,242,test
MIT-slp02a,MIT-slp02,MIT-BIH,251,4,243,test
MIT-slp02a,MIT-slp02,MIT-BIH,252,4,244,test
MIT-slp02a,MIT-slp02,MIT-BIH,253,4,245,test
MIT-slp02a,MIT-slp02,MIT-BIH,254,4,246,test
MIT-slp02a,MIT-slp02,MIT-BIH,255,4,247,test
MIT-slp02a,MIT-slp02,MIT-BIH,256,4,248,test
MIT-slp02a,MIT-slp02,MIT-BIH,257,4,249,test
MIT-slp02a,MIT-slp02,MIT-BIH,258,4,250,test
MIT-slp02a,MIT-slp02,MIT-BIH,259,4,251,test
MIT-slp02a,MIT-slp02,MIT-BIH,260,4,252,test
MIT-slp02a,MIT-slp02,MIT-BIH,261,4,253,test
MIT-slp02a,MIT-slp02,MIT-BIH,262,4,254,test
MIT-slp02a,MIT-slp02,MIT-BIH,263,4,255,test
MIT-slp02a,MIT-slp02,MIT-BIH,264,4,256,test
MIT-slp02a,MIT-slp02,MIT-BIH,265,4,257,test
MIT-slp02a,MIT-slp02,MIT-BIH,266,4,258,test
MIT-slp02a,MIT-slp02,MIT-BIH,267,4,259,test
MIT-slp02a,MIT-slp02,MIT-BIH,268,4,260,test
MIT-slp02a,MIT-slp02,MIT-BIH,269,4,261,test
MIT-slp02a,MIT-slp02,MIT-BIH,270,4,262,test
MIT-slp02a,MIT-slp02,MIT-BIH,271,4,263,test
MIT-slp02a,MIT-slp02,MIT-BIH,272,4,264,test
MIT-slp02a,MIT-slp02,MIT-BIH,273,4,265,test
MIT-slp02a,MIT-slp02,MIT-BIH,274,4,266,test
MIT-slp02a,MIT-slp02,MIT-BIH,275,4,267,test
MIT-slp02a,MIT-slp02,MIT-BIH,276,4,268,test
MIT-slp02a,MIT-slp02,MIT-BIH,277,4,269,test
MIT-slp02a,MIT-slp02,MIT-BIH,278,4,270,test
MIT-slp02a,MIT-slp02,MIT-BIH,279,4,271,test
MIT-slp02a,MIT-slp02,MIT-BIH,280,4,272,test
MIT-slp02a,MIT-slp02,MIT-BIH,281,4,273,test
MIT-slp02a,MIT-slp02,MIT-BIH,282,4,274,test
MIT-slp02a,MIT-slp02,MIT-BIH,283,4,275,test
MIT-slp02a,MIT-slp02,MIT-BIH,284,4,276,test
MIT-slp02a,MIT-slp02,MIT-BIH,285,4,277,test
MIT-slp02a,MIT-slp02,MIT-BIH,286,2,278,test
MIT-slp02a,MIT-slp02,MIT-BIH,287,2,279,test
MIT-slp02a,MIT-slp02,MIT-BIH,288,2,280,test
MIT-slp02a,MIT-slp02,MIT-BIH,289,4,281,test
MIT-slp02a,MIT-slp02,MIT-BIH,290,4,282,test
MIT-slp02a,MIT-slp02,MIT-BIH,291,4,283,test
MIT-slp02a,MIT-slp02,MIT-BIH,292,4,284,test
MIT-slp02a,MIT-slp02,MIT-BIH,293,4,285,test
MIT-slp02a,MIT-slp02,MIT-BIH,294,4,286,test
MIT-slp02a,MIT-slp02,MIT-BIH,295,4,287,test
MIT-slp02a,MIT-slp02,MIT-BIH,296,0,288,test
MIT-slp02a,MIT-slp02,MIT-BIH,297,1,289,test
MIT-slp02a,MIT-slp02,MIT-BIH,298,2,290,test
MIT-slp02a,MIT-slp02,MIT-BIH,299,2,291,test
MIT-slp02a,MIT-slp02,MIT-BIH,300,4,292,test
MIT-slp02a,MIT-slp02,MIT-BIH,301,4,293,test
MIT-slp02a,MIT-slp02,MIT-BIH,302,4,294,test
MIT-slp02a,MIT-slp02,MIT-BIH,303,4,295,test
MIT-slp02a,MIT-slp02,MIT-BIH,304,4,296,test
MIT-slp02a,MIT-slp02,MIT-BIH,305,4,297,test
MIT-slp02a,MIT-slp02,MIT-BIH,306,4,298,test
MIT-slp02a,MIT-slp02,MIT-BIH,307,4,299,test
MIT-slp02a,MIT-slp02,MIT-BIH,308,4,300,test
MIT-slp02a,MIT-slp02,MIT-BIH,309,4,301,test
MIT-slp02a,MIT-slp02,MIT-BIH,310,4,302,test
MIT-slp02a,MIT-slp02,MIT-BIH,311,4,303,test
MIT-slp02a,MIT-slp02,MIT-BIH,312,4,304,test
MIT-slp02a,MIT-slp02,MIT-BIH,313,4,305,test
MIT-slp02a,MIT-slp02,MIT-BIH,314,4,306,test
MIT-slp02a,MIT-slp02,MIT-BIH,315,4,307,test
MIT-slp02a,MIT-slp02,MIT-BIH,316,4,308,test
MIT-slp02a,MIT-slp02,MIT-BIH,317,0,309,test
MIT-slp02a,MIT-slp02,MIT-BIH,318,1,310,test
MIT-slp02a,MIT-slp02,MIT-BIH,319,2,311,test
MIT-slp02a,MIT-slp02,MIT-BIH,320,2,312,test
MIT-slp02a,MIT-slp02,MIT-BIH,321,2,313,test
MIT-slp02a,MIT-slp02,MIT-BIH,322,2,314,test
MIT-slp02a,MIT-slp02,MIT-BIH,323,2,315,test
MIT-slp02a,MIT-slp02,MIT-BIH,324,2,316,test
MIT-slp02a,MIT-slp02,MIT-BIH,325,2,317,test
MIT-slp02a,MIT-slp02,MIT-BIH,326,2,318,test
MIT-slp02a,MIT-slp02,MIT-BIH,327,2,319,test
MIT-slp02a,MIT-slp02,MIT-BIH,328,2,320,test
MIT-slp02a,MIT-slp02,MIT-BIH,329,2,321,test
MIT-slp02a,MIT-slp02,MIT-BIH,330,2,322,test
MIT-slp02a,MIT-slp02,MIT-BIH,331,2,323,test
MIT-slp02a,MIT-slp02,MIT-BIH,332,2,324,test
MIT-slp02a,MIT-slp02,MIT-BIH,333,2,325,test
MIT-slp02a,MIT-slp02,MIT-BIH,334,2,326,test
MIT-slp02a,MIT-slp02,MIT-BIH,335,2,327,test
MIT-slp02a,MIT-slp02,MIT-BIH,336,2,328,test
MIT-slp02a,MIT-slp02,MIT-BIH,337,2,329,test
MIT-slp02a,MIT-slp02,MIT-BIH,338,2,330,test
MIT-slp02a,MIT-slp02,MIT-BIH,339,2,331,test
MIT-slp02a,MIT-slp02,MIT-BIH,340,2,332,test
MIT-slp02a,MIT-slp02,MIT-BIH,341,2,333,test
MIT-slp02a,MIT-slp02,MIT-BIH,342,2,334,test
MIT-slp02a,MIT-slp02,MIT-BIH,343,2,335,test
MIT-slp02a,MIT-slp02,MIT-BIH,344,2,336,test
MIT-slp02a,MIT-slp02,MIT-BIH,345,2,337,test
MIT-slp02a,MIT-slp02,MIT-BIH,346,2,338,test
MIT-slp02a,MIT-slp02,MIT-BIH,347,2,339,test
MIT-slp02a,MIT-slp02,MIT-BIH,348,2,340,test
MIT-slp02a,MIT-slp02,MIT-BIH,349,2,341,test
MIT-slp02a,MIT-slp02,MIT-BIH,350,2,342,test
MIT-slp02a,MIT-slp02,MIT-BIH,351,2,343,test
MIT-slp02a,MIT-slp02,MIT-BIH,352,2,344,test
MIT-slp02a,MIT-slp02,MIT-BIH,353,2,345,test
MIT-slp02a,MIT-slp02,MIT-BIH,354,2,346,test
MIT-slp02a,MIT-slp02,MIT-BIH,355,2,347,test
MIT-slp02a,MIT-slp02,MIT-BIH,356,2,348,test
MIT-slp02a,MIT-slp02,MIT-BIH,357,2,349,test
MIT-slp02a,MIT-slp02,MIT-BIH,358,2,350,test
MIT-slp02a,MIT-slp02,MIT-BIH,359,2,351,test
MIT-slp02b,MIT-slp02,MIT-BIH,0,2,0,test
MIT-slp02b,MIT-slp02,MIT-BIH,1,2,1,test
MIT-slp02b,MIT-slp02,MIT-BIH,2,2,2,test
MIT-slp02b,MIT-slp02,MIT-BIH,3,2,3,test
MIT-slp02b,MIT-slp02,MIT-BIH,4,2,4,test
MIT-slp02b,MIT-slp02,MIT-BIH,5,2,5,test
MIT-slp02b,MIT-slp02,MIT-BIH,6,2,6,test
MIT-slp02b,MIT-slp02,MIT-BIH,7,2,7,test
MIT-slp02b,MIT-slp02,MIT-BIH,8,2,8,test
MIT-slp02b,MIT-slp02,MIT-BIH,9,2,9,test
MIT-slp02b,MIT-slp02,MIT-BIH,10,2,10,test
MIT-slp02b,MIT-slp02,MIT-BIH,11,2,11,test
MIT-slp02b,MIT-slp02,MIT-BIH,12,2,12,test
MIT-slp02b,MIT-slp02,MIT-BIH,13,2,13,test
MIT-slp02b,MIT-slp02,MIT-BIH,14,2,14,test
MIT-slp02b,MIT-slp02,MIT-BIH,15,2,15,test
MIT-slp02b,MIT-slp02,MIT-BIH,16,2,16,test
MIT-slp02b,MIT-slp02,MIT-BIH,17,2,17,test
MIT-slp02b,MIT-slp02,MIT-BIH,18,2,18,test
MIT-slp02b,MIT-slp02,MIT-BIH,19,2,19,test
MIT-slp02b,MIT-slp02,MIT-BIH,20,2,20,test
MIT-slp02b,MIT-slp02,MIT-BIH,21,2,21,test
MIT-slp02b,MIT-slp02,MIT-BIH,22,2,22,test
MIT-slp02b,MIT-slp02,MIT-BIH,23,0,23,test
MIT-slp02b,MIT-slp02,MIT-BIH,24,0,24,test
MIT-slp02b,MIT-slp02,MIT-BIH,25,1,25,test
MIT-slp02b,MIT-slp02,MIT-BIH,26,1,26,test
MIT-slp02b,MIT-slp02,MIT-BIH,27,2,27,test
MIT-slp02b,MIT-slp02,MIT-BIH,28,2,28,test
MIT-slp02b,MIT-slp02,MIT-BIH,29,2,29,test
MIT-slp02b,MIT-slp02,MIT-BIH,30,2,30,test
MIT-slp02b,MIT-slp02,MIT-BIH,31,2,31,test
MIT-slp02b,MIT-slp02,MIT-BIH,32,2,32,test
MIT-slp02b,MIT-slp02,MIT-BIH,33,2,33,test
MIT-slp02b,MIT-slp02,MIT-BIH,34,2,34,test
MIT-slp02b,MIT-slp02,MIT-BIH,35,2,35,test
MIT-slp02b,MIT-slp02,MIT-BIH,36,2,36,test
MIT-slp02b,MIT-slp02,MIT-BIH,37,2,37,test
MIT-slp02b,MIT-slp02,MIT-BIH,38,2,38,test
MIT-slp02b,MIT-slp02,MIT-BIH,39,2,39,test
MIT-slp02b,MIT-slp02,MIT-BIH,40,2,40,test
MIT-slp02b,MIT-slp02,MIT-BIH,41,2,41,test
MIT-slp02b,MIT-slp02,MIT-BIH,42,2,42,test
MIT-slp02b,MIT-slp02,MIT-BIH,43,2,43,test
MIT-slp02b,MIT-slp02,MIT-BIH,44,2,44,test
MIT-slp02b,MIT-slp02,MIT-BIH,45,2,45,test
MIT-slp02b,MIT-slp02,MIT-BIH,46,2,46,test
MIT-slp02b,MIT-slp02,MIT-BIH,47,2,47,test
MIT-slp02b,MIT-slp02,MIT-BIH,48,2,48,test
MIT-slp02b,MIT-slp02,MIT-BIH,49,2,49,test
MIT-slp02b,MIT-slp02,MIT-BIH,50,2,50,test
MIT-slp02b,MIT-slp02,MIT-BIH,51,2,51,test
MIT-slp02b,MIT-slp02,MIT-BIH,52,2,52,test
MIT-slp02b,MIT-slp02,MIT-BIH,53,2,53,test
MIT-slp02b,MIT-slp02,MIT-BIH,54,2,54,test
MIT-slp02b,MIT-slp02,MIT-BIH,55,2,55,test
MIT-slp02b,MIT-slp02,MIT-BIH,56,2,56,test
MIT-slp02b,MIT-slp02,MIT-BIH,57,2,57,test
MIT-slp02b,MIT-slp02,MIT-BIH,58,2,58,test
MIT-slp02b,MIT-slp02,MIT-BIH,59,2,59,test
MIT-slp02b,MIT-slp02,MIT-BIH,60,2,60,test
MIT-slp02b,MIT-slp02,MIT-BIH,61,2,61,test
MIT-slp02b,MIT-slp02,MIT-BIH,62,0,62,test
MIT-slp02b,MIT-slp02,MIT-BIH,63,0,63,test
MIT-slp02b,MIT-slp02,MIT-BIH,64,0,64,test
MIT-slp02b,MIT-slp02,MIT-BIH,65,0,65,test
MIT-slp02b,MIT-slp02,MIT-BIH,66,1,66,test
MIT-slp02b,MIT-slp02,MIT-BIH,67,1,67,test
MIT-slp02b,MIT-slp02,MIT-BIH,68,1,68,test
MIT-slp02b,MIT-slp02,MIT-BIH,69,2,69,test
MIT-slp02b,MIT-slp02,MIT-BIH,70,2,70,test
MIT-slp02b,MIT-slp02,MIT-BIH,71,2,71,test
MIT-slp02b,MIT-slp02,MIT-BIH,72,2,72,test
MIT-slp02b,MIT-slp02,MIT-BIH,73,2,73,test
MIT-slp02b,MIT-slp02,MIT-BIH,74,2,74,test
MIT-slp02b,MIT-slp02,MIT-BIH,75,2,75,test
MIT-slp02b,MIT-slp02,MIT-BIH,76,2,76,test
MIT-slp02b,MIT-slp02,MIT-BIH,77,2,77,test
MIT-slp02b,MIT-slp02,MIT-BIH,78,2,78,test
MIT-slp02b,MIT-slp02,MIT-BIH,79,2,79,test
MIT-slp02b,MIT-slp02,MIT-BIH,80,2,80,test
MIT-slp02b,MIT-slp02,MIT-BIH,81,2,81,test
MIT-slp02b,MIT-slp02,MIT-BIH,82,2,82,test
MIT-slp02b,MIT-slp02,MIT-BIH,83,2,83,test
MIT-slp02b,MIT-slp02,MIT-BIH,84,2,84,test
MIT-slp02b,MIT-slp02,MIT-BIH,85,2,85,test
MIT-slp02b,MIT-slp02,MIT-BIH,86,2,86,test
MIT-slp02b,MIT-slp02,MIT-BIH,87,2,87,test
MIT-slp02b,MIT-slp02,MIT-BIH,88,2,88,test
MIT-slp02b,MIT-slp02,MIT-BIH,89,2,89,test
MIT-slp02b,MIT-slp02,MIT-BIH,90,2,90,test
MIT-slp02b,MIT-slp02,MIT-BIH,91,2,91,test
MIT-slp02b,MIT-slp02,MIT-BIH,92,2,92,test
MIT-slp02b,MIT-slp02,MIT-BIH,93,2,93,test
MIT-slp02b,MIT-slp02,MIT-BIH,95,2,94,test
MIT-slp02b,MIT-slp02,MIT-BIH,96,2,95,test
MIT-slp02b,MIT-slp02,MIT-BIH,97,2,96,test
MIT-slp02b,MIT-slp02,MIT-BIH,98,2,97,test
MIT-slp02b,MIT-slp02,MIT-BIH,99,2,98,test
MIT-slp02b,MIT-slp02,MIT-BIH,100,2,99,test
MIT-slp02b,MIT-slp02,MIT-BIH,101,2,100,test
MIT-slp02b,MIT-slp02,MIT-BIH,102,2,101,test
MIT-slp02b,MIT-slp02,MIT-BIH,103,2,102,test
MIT-slp02b,MIT-slp02,MIT-BIH,104,2,103,test
MIT-slp02b,MIT-slp02,MIT-BIH,105,2,104,test
MIT-slp02b,MIT-slp02,MIT-BIH,106,0,105,test
MIT-slp02b,MIT-slp02,MIT-BIH,107,0,106,test
MIT-slp02b,MIT-slp02,MIT-BIH,108,0,107,test
MIT-slp02b,MIT-slp02,MIT-BIH,109,0,108,test
MIT-slp02b,MIT-slp02,MIT-BIH,110,0,109,test
MIT-slp02b,MIT-slp02,MIT-BIH,111,0,110,test
MIT-slp02b,MIT-slp02,MIT-BIH,112,0,111,test
MIT-slp02b,MIT-slp02,MIT-BIH,113,0,112,test
MIT-slp02b,MIT-slp02,MIT-BIH,114,0,113,test
MIT-slp02b,MIT-slp02,MIT-BIH,115,0,114,test
MIT-slp02b,MIT-slp02,MIT-BIH,116,0,115,test
MIT-slp02b,MIT-slp02,MIT-BIH,117,0,116,test
MIT-slp02b,MIT-slp02,MIT-BIH,118,0,117,test
MIT-slp02b,MIT-slp02,MIT-BIH,119,0,118,test
MIT-slp02b,MIT-slp02,MIT-BIH,120,0,119,test
MIT-slp02b,MIT-slp02,MIT-BIH,121,0,120,test
MIT-slp02b,MIT-slp02,MIT-BIH,122,0,121,test
MIT-slp02b,MIT-slp02,MIT-BIH,123,0,122,test
MIT-slp02b,MIT-slp02,MIT-BIH,124,0,123,test
MIT-slp02b,MIT-slp02,MIT-BIH,125,0,124,test
MIT-slp02b,MIT-slp02,MIT-BIH,126,0,125,test
MIT-slp02b,MIT-slp02,MIT-BIH,127,1,126,test
MIT-slp02b,MIT-slp02,MIT-BIH,128,2,127,test
MIT-slp02b,MIT-slp02,MIT-BIH,129,1,128,test
MIT-slp02b,MIT-slp02,MIT-BIH,130,2,129,test
MIT-slp02b,MIT-slp02,MIT-BIH,131,2,130,test
MIT-slp02b,MIT-slp02,MIT-BIH,132,2,131,test
MIT-slp02b,MIT-slp02,MIT-BIH,133,2,132,test
MIT-slp02b,MIT-slp02,MIT-BIH,134,2,133,test
MIT-slp02b,MIT-slp02,MIT-BIH,135,2,134,test
MIT-slp02b,MIT-slp02,MIT-BIH,136,2,135,test
MIT-slp02b,MIT-slp02,MIT-BIH,137,2,136,test
MIT-slp02b,MIT-slp02,MIT-BIH,138,2,137,test
MIT-slp02b,MIT-slp02,MIT-BIH,139,2,138,test
MIT-slp02b,MIT-slp02,MIT-BIH,140,2,139,test
MIT-slp02b,MIT-slp02,MIT-BIH,141,2,140,test
MIT-slp02b,MIT-slp02,MIT-BIH,142,2,141,test
MIT-slp02b,MIT-slp02,MIT-BIH,143,4,142,test
MIT-slp02b,MIT-slp02,MIT-BIH,144,4,143,test
MIT-slp02b,MIT-slp02,MIT-BIH,145,4,144,test
MIT-slp02b,MIT-slp02,MIT-BIH,146,4,145,test
MIT-slp02b,MIT-slp02,MIT-BIH,147,4,146,test
MIT-slp02b,MIT-slp02,MIT-BIH,148,4,147,test
MIT-slp02b,MIT-slp02,MIT-BIH,149,2,148,test
MIT-slp02b,MIT-slp02,MIT-BIH,150,4,149,test
MIT-slp02b,MIT-slp02,MIT-BIH,151,4,150,test
MIT-slp02b,MIT-slp02,MIT-BIH,152,4,151,test
MIT-slp02b,MIT-slp02,MIT-BIH,153,2,152,test
MIT-slp02b,MIT-slp02,MIT-BIH,154,4,153,test
MIT-slp02b,MIT-slp02,MIT-BIH,155,4,154,test
MIT-slp02b,MIT-slp02,MIT-BIH,156,4,155,test
MIT-slp02b,MIT-slp02,MIT-BIH,157,4,156,test
MIT-slp02b,MIT-slp02,MIT-BIH,158,4,157,test
MIT-slp02b,MIT-slp02,MIT-BIH,159,4,158,test
MIT-slp02b,MIT-slp02,MIT-BIH,160,4,159,test
MIT-slp02b,MIT-slp02,MIT-BIH,161,4,160,test
MIT-slp02b,MIT-slp02,MIT-BIH,162,4,161,test
MIT-slp02b,MIT-slp02,MIT-BIH,163,4,162,test
MIT-slp02b,MIT-slp02,MIT-BIH,164,4,163,test
MIT-slp02b,MIT-slp02,MIT-BIH,165,4,164,test
MIT-slp02b,MIT-slp02,MIT-BIH,166,4,165,test
MIT-slp02b,MIT-slp02,MIT-BIH,167,4,166,test
MIT-slp02b,MIT-slp02,MIT-BIH,168,4,167,test
MIT-slp02b,MIT-slp02,MIT-BIH,169,4,168,test
MIT-slp02b,MIT-slp02,MIT-BIH,170,4,169,test
MIT-slp02b,MIT-slp02,MIT-BIH,171,4,170,test
MIT-slp02b,MIT-slp02,MIT-BIH,172,4,171,test
MIT-slp02b,MIT-slp02,MIT-BIH,173,4,172,test
MIT-slp02b,MIT-slp02,MIT-BIH,174,1,173,test
MIT-slp02b,MIT-slp02,MIT-BIH,175,0,174,test
MIT-slp02b,MIT-slp02,MIT-BIH,176,0,175,test
MIT-slp02b,MIT-slp02,MIT-BIH,177,0,176,test
MIT-slp02b,MIT-slp02,MIT-BIH,178,0,177,test
MIT-slp02b,MIT-slp02,MIT-BIH,179,1,178,test
MIT-slp02b,MIT-slp02,MIT-BIH,180,1,179,test
MIT-slp02b,MIT-slp02,MIT-BIH,181,2,180,test
MIT-slp02b,MIT-slp02,MIT-BIH,182,2,181,test
MIT-slp02b,MIT-slp02,MIT-BIH,183,2,182,test
MIT-slp02b,MIT-slp02,MIT-BIH,184,2,183,test
MIT-slp02b,MIT-slp02,MIT-BIH,185,2,184,test
MIT-slp02b,MIT-slp02,MIT-BIH,186,2,185,test
MIT-slp02b,MIT-slp02,MIT-BIH,187,0,186,test
MIT-slp02b,MIT-slp02,MIT-BIH,188,0,187,test
MIT-slp02b,MIT-slp02,MIT-BIH,189,0,188,test
MIT-slp02b,MIT-slp02,MIT-BIH,190,0,189,test
MIT-slp02b,MIT-slp02,MIT-BIH,191,0,190,test
MIT-slp02b,MIT-slp02,MIT-BIH,192,0,191,test
MIT-slp02b,MIT-slp02,MIT-BIH,193,0,192,test
MIT-slp02b,MIT-slp02,MIT-BIH,194,0,193,test
MIT-slp02b,MIT-slp02,MIT-BIH,195,0,194,test
MIT-slp02b,MIT-slp02,MIT-BIH,196,0,195,test
MIT-slp02b,MIT-slp02,MIT-BIH,197,0,196,test
MIT-slp02b,MIT-slp02,MIT-BIH,198,0,197,test
MIT-slp02b,MIT-slp02,MIT-BIH,199,0,198,test
MIT-slp02b,MIT-slp02,MIT-BIH,200,0,199,test
MIT-slp02b,MIT-slp02,MIT-BIH,201,0,200,test
MIT-slp02b,MIT-slp02,MIT-BIH,202,0,201,test
MIT-slp02b,MIT-slp02,MIT-BIH,203,0,202,test
MIT-slp02b,MIT-slp02,MIT-BIH,204,0,203,test
MIT-slp02b,MIT-slp02,MIT-BIH,205,0,204,test
MIT-slp02b,MIT-slp02,MIT-BIH,206,0,205,test
MIT-slp02b,MIT-slp02,MIT-BIH,207,0,206,test
MIT-slp02b,MIT-slp02,MIT-BIH,208,0,207,test
MIT-slp02b,MIT-slp02,MIT-BIH,209,0,208,test
MIT-slp02b,MIT-slp02,MIT-BIH,210,0,209,test
MIT-slp02b,MIT-slp02,MIT-BIH,211,0,210,test
MIT-slp02b,MIT-slp02,MIT-BIH,212,0,211,test
MIT-slp02b,MIT-slp02,MIT-BIH,213,1,212,test
MIT-slp02b,MIT-slp02,MIT-BIH,214,1,213,test
MIT-slp02b,MIT-slp02,MIT-BIH,215,1,214,test
MIT-slp02b,MIT-slp02,MIT-BIH,216,0,215,test
MIT-slp02b,MIT-slp02,MIT-BIH,217,0,216,test
MIT-slp02b,MIT-slp02,MIT-BIH,218,0,217,test
MIT-slp02b,MIT-slp02,MIT-BIH,219,1,218,test
MIT-slp02b,MIT-slp02,MIT-BIH,220,2,219,test
MIT-slp02b,MIT-slp02,MIT-BIH,221,2,220,test
MIT-slp02b,MIT-slp02,MIT-BIH,222,2,221,test
MIT-slp02b,MIT-slp02,MIT-BIH,223,0,222,test
MIT-slp02b,MIT-slp02,MIT-BIH,224,0,223,test
MIT-slp02b,MIT-slp02,MIT-BIH,225,0,224,test
MIT-slp02b,MIT-slp02,MIT-BIH,226,0,225,test
MIT-slp02b,MIT-slp02,MIT-BIH,227,0,226,test
MIT-slp02b,MIT-slp02,MIT-BIH,228,0,227,test
MIT-slp02b,MIT-slp02,MIT-BIH,229,0,228,test
MIT-slp02b,MIT-slp02,MIT-BIH,230,0,229,test
MIT-slp02b,MIT-slp02,MIT-BIH,231,0,230,test
MIT-slp02b,MIT-slp02,MIT-BIH,232,0,231,test
MIT-slp02b,MIT-slp02,MIT-BIH,233,0,232,test
MIT-slp02b,MIT-slp02,MIT-BIH,234,0,233,test
MIT-slp02b,MIT-slp02,MIT-BIH,235,0,234,test
MIT-slp02b,MIT-slp02,MIT-BIH,236,0,235,test
MIT-slp02b,MIT-slp02,MIT-BIH,237,0,236,test
MIT-slp02b,MIT-slp02,MIT-BIH,238,0,237,test
MIT-slp02b,MIT-slp02,MIT-BIH,239,0,238,test
MIT-slp02b,MIT-slp02,MIT-BIH,240,0,239,test
MIT-slp02b,MIT-slp02,MIT-BIH,241,0,240,test
MIT-slp02b,MIT-slp02,MIT-BIH,242,0,241,test
MIT-slp02b,MIT-slp02,MIT-BIH,243,0,242,test
MIT-slp02b,MIT-slp02,MIT-BIH,244,0,243,test
MIT-slp02b,MIT-slp02,MIT-BIH,245,0,244,test
MIT-slp02b,MIT-slp02,MIT-BIH,246,0,245,test
MIT-slp02b,MIT-slp02,MIT-BIH,247,0,246,test
MIT-slp02b,MIT-slp02,MIT-BIH,248,0,247,test
MIT-slp02b,MIT-slp02,MIT-BIH,249,0,248,test
MIT-slp02b,MIT-slp02,MIT-BIH,250,0,249,test
MIT-slp02b,MIT-slp02,MIT-BIH,251,0,250,test
MIT-slp02b,MIT-slp02,MIT-BIH,252,0,251,test
MIT-slp02b,MIT-slp02,MIT-BIH,253,0,252,test
MIT-slp02b,MIT-slp02,MIT-BIH,254,0,253,test
MIT-slp02b,MIT-slp02,MIT-BIH,255,0,254,test
MIT-slp02b,MIT-slp02,MIT-BIH,256,0,255,test
MIT-slp02b,MIT-slp02,MIT-BIH,257,0,256,test
MIT-slp02b,MIT-slp02,MIT-BIH,258,0,257,test
MIT-slp02b,MIT-slp02,MIT-BIH,259,0,258,test
MIT-slp02b,MIT-slp02,MIT-BIH,260,0,259,test
MIT-slp02b,MIT-slp02,MIT-BIH,261,0,260,test
MIT-slp02b,MIT-slp02,MIT-BIH,262,0,261,test
MIT-slp02b,MIT-slp02,MIT-BIH,263,0,262,test
MIT-slp02b,MIT-slp02,MIT-BIH,264,0,263,test
MIT-slp02b,MIT-slp02,MIT-BIH,265,0,264,test
MIT-slp02b,MIT-slp02,MIT-BIH,266,0,265,test
MIT-slp02b,MIT-slp02,MIT-BIH,267,0,266,test
MIT-slp02b,MIT-slp02,MIT-BIH,268,0,267,test
MIT-slp02b,MIT-slp02,MIT-BIH,269,0,268,test
MIT-slp03,MIT-slp03,MIT-BIH,0,2,0,train
MIT-slp03,MIT-slp03,MIT-BIH,1,2,1,train
MIT-slp03,MIT-slp03,MIT-BIH,2,2,2,train
MIT-slp03,MIT-slp03,MIT-BIH,3,2,3,train
MIT-slp03,MIT-slp03,MIT-BIH,4,2,4,train
MIT-slp03,MIT-slp03,MIT-BIH,5,2,5,train
MIT-slp03,MIT-slp03,MIT-BIH,6,2,6,train
MIT-slp03,MIT-slp03,MIT-BIH,7,2,7,train
MIT-slp03,MIT-slp03,MIT-BIH,8,2,8,train
MIT-slp03,MIT-slp03,MIT-BIH,9,2,9,train
MIT-slp03,MIT-slp03,MIT-BIH,10,2,10,train
MIT-slp03,MIT-slp03,MIT-BIH,11,2,11,train
MIT-slp03,MIT-slp03,MIT-BIH,12,2,12,train
MIT-slp03,MIT-slp03,MIT-BIH,13,0,13,train
MIT-slp03,MIT-slp03,MIT-BIH,14,1,14,train
MIT-slp03,MIT-slp03,MIT-BIH,15,0,15,train
MIT-slp03,MIT-slp03,MIT-BIH,16,1,16,train
MIT-slp03,MIT-slp03,MIT-BIH,17,1,17,train
MIT-slp03,MIT-slp03,MIT-BIH,18,1,18,train
MIT-slp03,MIT-slp03,MIT-BIH,19,1,19,train
MIT-slp03,MIT-slp03,MIT-BIH,20,0,20,train
MIT-slp03,MIT-slp03,MIT-BIH,21,1,21,train
MIT-slp03,MIT-slp03,MIT-BIH,22,1,22,train
MIT-slp03,MIT-slp03,MIT-BIH,23,0,23,train
MIT-slp03,MIT-slp03,MIT-BIH,24,0,24,train
MIT-slp03,MIT-slp03,MIT-BIH,25,1,25,train
MIT-slp03,MIT-slp03,MIT-BIH,26,1,26,train
MIT-slp03,MIT-slp03,MIT-BIH,27,1,27,train
MIT-slp03,MIT-slp03,MIT-BIH,28,1,28,train
MIT-slp03,MIT-slp03,MIT-BIH,29,1,29,train
MIT-slp03,MIT-slp03,MIT-BIH,30,1,30,train
MIT-slp03,MIT-slp03,MIT-BIH,31,2,31,train
MIT-slp03,MIT-slp03,MIT-BIH,32,2,32,train
MIT-slp03,MIT-slp03,MIT-BIH,33,2,33,train
MIT-slp03,MIT-slp03,MIT-BIH,34,1,34,train
MIT-slp03,MIT-slp03,MIT-BIH,35,1,35,train
MIT-slp03,MIT-slp03,MIT-BIH,36,1,36,train
MIT-slp03,MIT-slp03,MIT-BIH,37,1,37,train
MIT-slp03,MIT-slp03,MIT-BIH,38,1,38,train
MIT-slp03,MIT-slp03,MIT-BIH,39,1,39,train
MIT-slp03,MIT-slp03,MIT-BIH,40,1,40,train
MIT-slp03,MIT-slp03,MIT-BIH,41,2,41,train
MIT-slp03,MIT-slp03,MIT-BIH,42,2,42,train
MIT-slp03,MIT-slp03,MIT-BIH,43,2,43,train
MIT-slp03,MIT-slp03,MIT-BIH,44,2,44,train
MIT-slp03,MIT-slp03,MIT-BIH,45,2,45,train
MIT-slp03,MIT-slp03,MIT-BIH,46,2,46,train
MIT-slp03,MIT-slp03,MIT-BIH,47,2,47,train
MIT-slp03,MIT-slp03,MIT-BIH,48,2,48,train
MIT-slp03,MIT-slp03,MIT-BIH,49,2,49,train
MIT-slp03,MIT-slp03,MIT-BIH,50,2,50,train
MIT-slp03,MIT-slp03,MIT-BIH,51,2,51,train
MIT-slp03,MIT-slp03,MIT-BIH,52,2,52,train
MIT-slp03,MIT-slp03,MIT-BIH,53,2,53,train
MIT-slp03,MIT-slp03,MIT-BIH,54,2,54,train
MIT-slp03,MIT-slp03,MIT-BIH,55,2,55,train
MIT-slp03,MIT-slp03,MIT-BIH,56,2,56,train
MIT-slp03,MIT-slp03,MIT-BIH,57,2,57,train
MIT-slp03,MIT-slp03,MIT-BIH,58,2,58,train
MIT-slp03,MIT-slp03,MIT-BIH,59,2,59,train
MIT-slp03,MIT-slp03,MIT-BIH,60,2,60,train
MIT-slp03,MIT-slp03,MIT-BIH,61,2,61,train
MIT-slp03,MIT-slp03,MIT-BIH,62,2,62,train
MIT-slp03,MIT-slp03,MIT-BIH,63,2,63,train
MIT-slp03,MIT-slp03,MIT-BIH,64,2,64,train
MIT-slp03,MIT-slp03,MIT-BIH,65,2,65,train
MIT-slp03,MIT-slp03,MIT-BIH,66,2,66,train
MIT-slp03,MIT-slp03,MIT-BIH,67,2,67,train
MIT-slp03,MIT-slp03,MIT-BIH,68,2,68,train
MIT-slp03,MIT-slp03,MIT-BIH,69,2,69,train
MIT-slp03,MIT-slp03,MIT-BIH,70,2,70,train
MIT-slp03,MIT-slp03,MIT-BIH,71,2,71,train
MIT-slp03,MIT-slp03,MIT-BIH,72,2,72,train
MIT-slp03,MIT-slp03,MIT-BIH,73,2,73,train
MIT-slp03,MIT-slp03,MIT-BIH,74,2,74,train
MIT-slp03,MIT-slp03,MIT-BIH,75,2,75,train
MIT-slp03,MIT-slp03,MIT-BIH,76,2,76,train
MIT-slp03,MIT-slp03,MIT-BIH,77,2,77,train
MIT-slp03,MIT-slp03,MIT-BIH,78,2,78,train
MIT-slp03,MIT-slp03,MIT-BIH,79,2,79,train
MIT-slp03,MIT-slp03,MIT-BIH,80,2,80,train
MIT-slp03,MIT-slp03,MIT-BIH,81,2,81,train
MIT-slp03,MIT-slp03,MIT-BIH,82,2,82,train
MIT-slp03,MIT-slp03,MIT-BIH,83,2,83,train
MIT-slp03,MIT-slp03,MIT-BIH,84,2,84,train
MIT-slp03,MIT-slp03,MIT-BIH,85,2,85,train
MIT-slp03,MIT-slp03,MIT-BIH,86,2,86,train
MIT-slp03,MIT-slp03,MIT-BIH,87,2,87,train
MIT-slp03,MIT-slp03,MIT-BIH,88,4,88,train
MIT-slp03,MIT-slp03,MIT-BIH,89,0,89,train
MIT-slp03,MIT-slp03,MIT-BIH,90,1,90,train
MIT-slp03,MIT-slp03,MIT-BIH,91,1,91,train
MIT-slp03,MIT-slp03,MIT-BIH,92,4,92,train
MIT-slp03,MIT-slp03,MIT-BIH,93,4,93,train
MIT-slp03,MIT-slp03,MIT-BIH,94,4,94,train
MIT-slp03,MIT-slp03,MIT-BIH,95,4,95,train
MIT-slp03,MIT-slp03,MIT-BIH,96,4,96,train
MIT-slp03,MIT-slp03,MIT-BIH,97,1,97,train
MIT-slp03,MIT-slp03,MIT-BIH,98,4,98,train
MIT-slp03,MIT-slp03,MIT-BIH,99,4,99,train
MIT-slp03,MIT-slp03,MIT-BIH,100,4,100,train
MIT-slp03,MIT-slp03,MIT-BIH,101,4,101,train
MIT-slp03,MIT-slp03,MIT-BIH,102,1,102,train
MIT-slp03,MIT-slp03,MIT-BIH,103,4,103,train
MIT-slp03,MIT-slp03,MIT-BIH,104,4,104,train
MIT-slp03,MIT-slp03,MIT-BIH,105,4,105,train
MIT-slp03,MIT-slp03,MIT-BIH,106,4,106,train
MIT-slp03,MIT-slp03,MIT-BIH,107,4,107,train
MIT-slp03,MIT-slp03,MIT-BIH,108,4,108,train
MIT-slp03,MIT-slp03,MIT-BIH,109,4,109,train
MIT-slp03,MIT-slp03,MIT-BIH,110,4,110,train
MIT-slp03,MIT-slp03,MIT-BIH,111,4,111,train
MIT-slp03,MIT-slp03,MIT-BIH,112,1,112,train
MIT-slp03,MIT-slp03,MIT-BIH,113,1,113,train
MIT-slp03,MIT-slp03,MIT-BIH,114,4,114,train
MIT-slp03,MIT-slp03,MIT-BIH,115,1,115,train
MIT-slp03,MIT-slp03,MIT-BIH,116,4,116,train
MIT-slp03,MIT-slp03,MIT-BIH,117,4,117,train
MIT-slp03,MIT-slp03,MIT-BIH,118,1,118,train
MIT-slp03,MIT-slp03,MIT-BIH,119,4,119,train
MIT-slp03,MIT-slp03,MIT-BIH,120,4,120,train
MIT-slp03,MIT-slp03,MIT-BIH,121,4,121,train
MIT-slp03,MIT-slp03,MIT-BIH,122,1,122,train
MIT-slp03,MIT-slp03,MIT-BIH,123,1,123,train
MIT-slp03,MIT-slp03,MIT-BIH,124,1,124,train
MIT-slp03,MIT-slp03,MIT-BIH,125,4,125,train
MIT-slp03,MIT-slp03,MIT-BIH,126,4,126,train
MIT-slp03,MIT-slp03,MIT-BIH,127,4,127,train
MIT-slp03,MIT-slp03,MIT-BIH,128,1,128,train
MIT-slp03,MIT-slp03,MIT-BIH,129,4,129,train
MIT-slp03,MIT-slp03,MIT-BIH,130,1,130,train
MIT-slp03,MIT-slp03,MIT-BIH,131,4,131,train
MIT-slp03,MIT-slp03,MIT-BIH,132,1,132,train
MIT-slp03,MIT-slp03,MIT-BIH,133,1,133,train
MIT-slp03,MIT-slp03,MIT-BIH,134,4,134,train
MIT-slp03,MIT-slp03,MIT-BIH,135,1,135,train
MIT-slp03,MIT-slp03,MIT-BIH,136,4,136,train
MIT-slp03,MIT-slp03,MIT-BIH,137,4,137,train
MIT-slp03,MIT-slp03,MIT-BIH,138,4,138,train
MIT-slp03,MIT-slp03,MIT-BIH,139,4,139,train
MIT-slp03,MIT-slp03,MIT-BIH,140,1,140,train
MIT-slp03,MIT-slp03,MIT-BIH,141,1,141,train
MIT-slp03,MIT-slp03,MIT-BIH,142,1,142,train
MIT-slp03,MIT-slp03,MIT-BIH,143,1,143,train
MIT-slp03,MIT-slp03,MIT-BIH,144,1,144,train
MIT-slp03,MIT-slp03,MIT-BIH,145,1,145,train
MIT-slp03,MIT-slp03,MIT-BIH,146,2,146,train
MIT-slp03,MIT-slp03,MIT-BIH,147,2,147,train
MIT-slp03,MIT-slp03,MIT-BIH,148,2,148,train
MIT-slp03,MIT-slp03,MIT-BIH,149,2,149,train
MIT-slp03,MIT-slp03,MIT-BIH,150,1,150,train
MIT-slp03,MIT-slp03,MIT-BIH,151,2,151,train
MIT-slp03,MIT-slp03,MIT-BIH,152,2,152,train
MIT-slp03,MIT-slp03,MIT-BIH,153,2,153,train
MIT-slp03,MIT-slp03,MIT-BIH,154,2,154,train
MIT-slp03,MIT-slp03,MIT-BIH,155,2,155,train
MIT-slp03,MIT-slp03,MIT-BIH,156,1,156,train
MIT-slp03,MIT-slp03,MIT-BIH,157,2,157,train
MIT-slp03,MIT-slp03,MIT-BIH,158,2,158,train
MIT-slp03,MIT-slp03,MIT-BIH,159,1,159,train
MIT-slp03,MIT-slp03,MIT-BIH,160,2,160,train
MIT-slp03,MIT-slp03,MIT-BIH,161,2,161,train
MIT-slp03,MIT-slp03,MIT-BIH,162,1,162,train
MIT-slp03,MIT-slp03,MIT-BIH,163,1,163,train
MIT-slp03,MIT-slp03,MIT-BIH,164,0,164,train
MIT-slp03,MIT-slp03,MIT-BIH,165,0,165,train
MIT-slp03,MIT-slp03,MIT-BIH,166,0,166,train
MIT-slp03,MIT-slp03,MIT-BIH,167,0,167,train
MIT-slp03,MIT-slp03,MIT-BIH,168,0,168,train
MIT-slp03,MIT-slp03,MIT-BIH,169,0,169,train
MIT-slp03,MIT-slp03,MIT-BIH,170,0,170,train
MIT-slp03,MIT-slp03,MIT-BIH,171,0,171,train
MIT-slp03,MIT-slp03,MIT-BIH,172,0,172,train
MIT-slp03,MIT-slp03,MIT-BIH,173,0,173,train
MIT-slp03,MIT-slp03,MIT-BIH,174,0,174,train
MIT-slp03,MIT-slp03,MIT-BIH,175,0,175,train
MIT-slp03,MIT-slp03,MIT-BIH,176,0,176,train
MIT-slp03,MIT-slp03,MIT-BIH,177,0,177,train
MIT-slp03,MIT-slp03,MIT-BIH,178,0,178,train
MIT-slp03,MIT-slp03,MIT-BIH,179,0,179,train
MIT-slp03,MIT-slp03,MIT-BIH,180,0,180,train
MIT-slp03,MIT-slp03,MIT-BIH,181,0,181,train
MIT-slp03,MIT-slp03,MIT-BIH,182,0,182,train
MIT-slp03,MIT-slp03,MIT-BIH,183,0,183,train
MIT-slp03,MIT-slp03,MIT-BIH,184,0,184,train
MIT-slp03,MIT-slp03,MIT-BIH,185,0,185,train
MIT-slp03,MIT-slp03,MIT-BIH,186,0,186,train
MIT-slp03,MIT-slp03,MIT-BIH,187,0,187,train
MIT-slp03,MIT-slp03,MIT-BIH,188,0,188,train
MIT-slp03,MIT-slp03,MIT-BIH,189,0,189,train
MIT-slp03,MIT-slp03,MIT-BIH,190,0,190,train
MIT-slp03,MIT-slp03,MIT-BIH,191,0,191,train
MIT-slp03,MIT-slp03,MIT-BIH,192,0,192,train
MIT-slp03,MIT-slp03,MIT-BIH,193,0,193,train
MIT-slp03,MIT-slp03,MIT-BIH,194,0,194,train
MIT-slp03,MIT-slp03,MIT-BIH,195,0,195,train
MIT-slp03,MIT-slp03,MIT-BIH,196,0,196,train
MIT-slp03,MIT-slp03,MIT-BIH,197,0,197,train
MIT-slp03,MIT-slp03,MIT-BIH,198,0,198,train
MIT-slp03,MIT-slp03,MIT-BIH,199,0,199,train
MIT-slp03,MIT-slp03,MIT-BIH,200,0,200,train
MIT-slp03,MIT-slp03,MIT-BIH,201,0,201,train
MIT-slp03,MIT-slp03,MIT-BIH,202,0,202,train
MIT-slp03,MIT-slp03,MIT-BIH,203,1,203,train
MIT-slp03,MIT-slp03,MIT-BIH,204,1,204,train
MIT-slp03,MIT-slp03,MIT-BIH,205,1,205,train
MIT-slp03,MIT-slp03,MIT-BIH,206,1,206,train
MIT-slp03,MIT-slp03,MIT-BIH,207,1,207,train
MIT-slp03,MIT-slp03,MIT-BIH,208,1,208,train
MIT-slp03,MIT-slp03,MIT-BIH,209,1,209,train
MIT-slp03,MIT-slp03,MIT-BIH,210,1,210,train
MIT-slp03,MIT-slp03,MIT-BIH,211,2,211,train
MIT-slp03,MIT-slp03,MIT-BIH,212,2,212,train
MIT-slp03,MIT-slp03,MIT-BIH,213,2,213,train
MIT-slp03,MIT-slp03,MIT-BIH,214,2,214,train
MIT-slp03,MIT-slp03,MIT-BIH,215,2,215,train
MIT-slp03,MIT-slp03,MIT-BIH,216,2,216,train
MIT-slp03,MIT-slp03,MIT-BIH,217,2,217,train
MIT-slp03,MIT-slp03,MIT-BIH,218,2,218,train
MIT-slp03,MIT-slp03,MIT-BIH,219,2,219,train
MIT-slp03,MIT-slp03,MIT-BIH,220,2,220,train
MIT-slp03,MIT-slp03,MIT-BIH,221,2,221,train
MIT-slp03,MIT-slp03,MIT-BIH,222,2,222,train
MIT-slp03,MIT-slp03,MIT-BIH,223,2,223,train
MIT-slp03,MIT-slp03,MIT-BIH,224,2,224,train
MIT-slp03,MIT-slp03,MIT-BIH,225,2,225,train
MIT-slp03,MIT-slp03,MIT-BIH,226,2,226,train
MIT-slp03,MIT-slp03,MIT-BIH,227,2,227,train
MIT-slp03,MIT-slp03,MIT-BIH,228,2,228,train
MIT-slp03,MIT-slp03,MIT-BIH,229,2,229,train
MIT-slp03,MIT-slp03,MIT-BIH,230,2,230,train
MIT-slp03,MIT-slp03,MIT-BIH,231,2,231,train
MIT-slp03,MIT-slp03,MIT-BIH,232,2,232,train
MIT-slp03,MIT-slp03,MIT-BIH,233,2,233,train
MIT-slp03,MIT-slp03,MIT-BIH,234,2,234,train
MIT-slp03,MIT-slp03,MIT-BIH,235,2,235,train
MIT-slp03,MIT-slp03,MIT-BIH,236,2,236,train
MIT-slp03,MIT-slp03,MIT-BIH,237,2,237,train
MIT-slp03,MIT-slp03,MIT-BIH,238,2,238,train
MIT-slp03,MIT-slp03,MIT-BIH,239,2,239,train
MIT-slp03,MIT-slp03,MIT-BIH,240,3,240,train
MIT-slp03,MIT-slp03,MIT-BIH,241,3,241,train
MIT-slp03,MIT-slp03,MIT-BIH,242,3,242,train
MIT-slp03,MIT-slp03,MIT-BIH,243,3,243,train
MIT-slp03,MIT-slp03,MIT-BIH,244,3,244,train
MIT-slp03,MIT-slp03,MIT-BIH,245,3,245,train
MIT-slp03,MIT-slp03,MIT-BIH,246,3,246,train
MIT-slp03,MIT-slp03,MIT-BIH,247,3,247,train
MIT-slp03,MIT-slp03,MIT-BIH,248,3,248,train
MIT-slp03,MIT-slp03,MIT-BIH,249,3,249,train
MIT-slp03,MIT-slp03,MIT-BIH,250,3,250,train
MIT-slp03,MIT-slp03,MIT-BIH,251,3,251,train
MIT-slp03,MIT-slp03,MIT-BIH,252,3,252,train
MIT-slp03,MIT-slp03,MIT-BIH,253,3,253,train
MIT-slp03,MIT-slp03,MIT-BIH,254,3,254,train
MIT-slp03,MIT-slp03,MIT-BIH,255,2,255,train
MIT-slp03,MIT-slp03,MIT-BIH,256,2,256,train
MIT-slp03,MIT-slp03,MIT-BIH,257,2,257,train
MIT-slp03,MIT-slp03,MIT-BIH,258,2,258,train
MIT-slp03,MIT-slp03,MIT-BIH,259,2,259,train
MIT-slp03,MIT-slp03,MIT-BIH,260,2,260,train
MIT-slp03,MIT-slp03,MIT-BIH,261,2,261,train
MIT-slp03,MIT-slp03,MIT-BIH,262,3,262,train
MIT-slp03,MIT-slp03,MIT-BIH,263,3,263,train
MIT-slp03,MIT-slp03,MIT-BIH,264,3,264,train
MIT-slp03,MIT-slp03,MIT-BIH,265,3,265,train
MIT-slp03,MIT-slp03,MIT-BIH,266,3,266,train
MIT-slp03,MIT-slp03,MIT-BIH,267,3,267,train
MIT-slp03,MIT-slp03,MIT-BIH,268,3,268,train
MIT-slp03,MIT-slp03,MIT-BIH,269,3,269,train
MIT-slp03,MIT-slp03,MIT-BIH,270,3,270,train
MIT-slp03,MIT-slp03,MIT-BIH,271,3,271,train
MIT-slp03,MIT-slp03,MIT-BIH,272,3,272,train
MIT-slp03,MIT-slp03,MIT-BIH,273,3,273,train
MIT-slp03,MIT-slp03,MIT-BIH,274,3,274,train
MIT-slp03,MIT-slp03,MIT-BIH,275,3,275,train
MIT-slp03,MIT-slp03,MIT-BIH,276,3,276,train
MIT-slp03,MIT-slp03,MIT-BIH,277,3,277,train
MIT-slp03,MIT-slp03,MIT-BIH,278,3,278,train
MIT-slp03,MIT-slp03,MIT-BIH,279,3,279,train
MIT-slp03,MIT-slp03,MIT-BIH,280,3,280,train
MIT-slp03,MIT-slp03,MIT-BIH,281,3,281,train
MIT-slp03,MIT-slp03,MIT-BIH,282,3,282,train
MIT-slp03,MIT-slp03,MIT-BIH,283,3,283,train
MIT-slp03,MIT-slp03,MIT-BIH,284,3,284,train
MIT-slp03,MIT-slp03,MIT-BIH,285,3,285,train
MIT-slp03,MIT-slp03,MIT-BIH,286,3,286,train
MIT-slp03,MIT-slp03,MIT-BIH,287,3,287,train
MIT-slp03,MIT-slp03,MIT-BIH,288,3,288,train
MIT-slp03,MIT-slp03,MIT-BIH,289,3,289,train
MIT-slp03,MIT-slp03,MIT-BIH,290,3,290,train
MIT-slp03,MIT-slp03,MIT-BIH,291,3,291,train
MIT-slp03,MIT-slp03,MIT-BIH,292,3,292,train
MIT-slp03,MIT-slp03,MIT-BIH,293,3,293,train
MIT-slp03,MIT-slp03,MIT-BIH,294,3,294,train
MIT-slp03,MIT-slp03,MIT-BIH,295,3,295,train
MIT-slp03,MIT-slp03,MIT-BIH,296,3,296,train
MIT-slp03,MIT-slp03,MIT-BIH,297,3,297,train
MIT-slp03,MIT-slp03,MIT-BIH,298,3,298,train
MIT-slp03,MIT-slp03,MIT-BIH,299,3,299,train
MIT-slp03,MIT-slp03,MIT-BIH,300,3,300,train
MIT-slp03,MIT-slp03,MIT-BIH,301,3,301,train
MIT-slp03,MIT-slp03,MIT-BIH,302,2,302,train
MIT-slp03,MIT-slp03,MIT-BIH,303,2,303,train
MIT-slp03,MIT-slp03,MIT-BIH,304,3,304,train
MIT-slp03,MIT-slp03,MIT-BIH,305,2,305,train
MIT-slp03,MIT-slp03,MIT-BIH,306,2,306,train
MIT-slp03,MIT-slp03,MIT-BIH,307,0,307,train
MIT-slp03,MIT-slp03,MIT-BIH,308,1,308,train
MIT-slp03,MIT-slp03,MIT-BIH,309,2,309,train
MIT-slp03,MIT-slp03,MIT-BIH,310,2,310,train
MIT-slp03,MIT-slp03,MIT-BIH,311,2,311,train
MIT-slp03,MIT-slp03,MIT-BIH,312,2,312,train
MIT-slp03,MIT-slp03,MIT-BIH,313,2,313,train
MIT-slp03,MIT-slp03,MIT-BIH,314,2,314,train
MIT-slp03,MIT-slp03,MIT-BIH,315,4,315,train
MIT-slp03,MIT-slp03,MIT-BIH,316,4,316,train
MIT-slp03,MIT-slp03,MIT-BIH,317,4,317,train
MIT-slp03,MIT-slp03,MIT-BIH,318,4,318,train
MIT-slp03,MIT-slp03,MIT-BIH,319,4,319,train
MIT-slp03,MIT-slp03,MIT-BIH,320,4,320,train
MIT-slp03,MIT-slp03,MIT-BIH,321,4,321,train
MIT-slp03,MIT-slp03,MIT-BIH,322,4,322,train
MIT-slp03,MIT-slp03,MIT-BIH,323,1,323,train
MIT-slp03,MIT-slp03,MIT-BIH,324,4,324,train
MIT-slp03,MIT-slp03,MIT-BIH,325,4,325,train
MIT-slp03,MIT-slp03,MIT-BIH,326,4,326,train
MIT-slp03,MIT-slp03,MIT-BIH,327,4,327,train
MIT-slp03,MIT-slp03,MIT-BIH,328,4,328,train
MIT-slp03,MIT-slp03,MIT-BIH,329,4,329,train
MIT-slp03,MIT-slp03,MIT-BIH,330,4,330,train
MIT-slp03,MIT-slp03,MIT-BIH,331,4,331,train
MIT-slp03,MIT-slp03,MIT-BIH,332,4,332,train
MIT-slp03,MIT-slp03,MIT-BIH,333,4,333,train
MIT-slp03,MIT-slp03,MIT-BIH,334,4,334,train
MIT-slp03,MIT-slp03,MIT-BIH,335,4,335,train
MIT-slp03,MIT-slp03,MIT-BIH,336,4,336,train
MIT-slp03,MIT-slp03,MIT-BIH,337,4,337,train
MIT-slp03,MIT-slp03,MIT-BIH,338,4,338,train
MIT-slp03,MIT-slp03,MIT-BIH,339,4,339,train
MIT-slp03,MIT-slp03,MIT-BIH,340,4,340,train
MIT-slp03,MIT-slp03,MIT-BIH,341,4,341,train
MIT-slp03,MIT-slp03,MIT-BIH,342,4,342,train
MIT-slp03,MIT-slp03,MIT-BIH,343,1,343,train
MIT-slp03,MIT-slp03,MIT-BIH,344,4,344,train
MIT-slp03,MIT-slp03,MIT-BIH,345,4,345,train
MIT-slp03,MIT-slp03,MIT-BIH,346,0,346,train
MIT-slp03,MIT-slp03,MIT-BIH,347,0,347,train
MIT-slp03,MIT-slp03,MIT-BIH,348,0,348,train
MIT-slp03,MIT-slp03,MIT-BIH,349,0,349,train
MIT-slp03,MIT-slp03,MIT-BIH,350,0,350,train
MIT-slp03,MIT-slp03,MIT-BIH,351,0,351,train
MIT-slp03,MIT-slp03,MIT-BIH,352,0,352,train
MIT-slp03,MIT-slp03,MIT-BIH,353,0,353,train
MIT-slp03,MIT-slp03,MIT-BIH,354,0,354,train
MIT-slp03,MIT-slp03,MIT-BIH,355,0,355,train
MIT-slp03,MIT-slp03,MIT-BIH,356,0,356,train
MIT-slp03,MIT-slp03,MIT-BIH,357,0,357,train
MIT-slp03,MIT-slp03,MIT-BIH,358,0,358,train
MIT-slp03,MIT-slp03,MIT-BIH,359,0,359,train
MIT-slp03,MIT-slp03,MIT-BIH,360,1,360,train
MIT-slp03,MIT-slp03,MIT-BIH,361,1,361,train
MIT-slp03,MIT-slp03,MIT-BIH,362,1,362,train
MIT-slp03,MIT-slp03,MIT-BIH,363,1,363,train
MIT-slp03,MIT-slp03,MIT-BIH,364,1,364,train
MIT-slp03,MIT-slp03,MIT-BIH,365,1,365,train
MIT-slp03,MIT-slp03,MIT-BIH,366,2,366,train
MIT-slp03,MIT-slp03,MIT-BIH,367,2,367,train
MIT-slp03,MIT-slp03,MIT-BIH,368,2,368,train
MIT-slp03,MIT-slp03,MIT-BIH,369,2,369,train
MIT-slp03,MIT-slp03,MIT-BIH,370,2,370,train
MIT-slp03,MIT-slp03,MIT-BIH,371,2,371,train
MIT-slp03,MIT-slp03,MIT-BIH,372,2,372,train
MIT-slp03,MIT-slp03,MIT-BIH,373,2,373,train
MIT-slp03,MIT-slp03,MIT-BIH,374,2,374,train
MIT-slp03,MIT-slp03,MIT-BIH,375,2,375,train
MIT-slp03,MIT-slp03,MIT-BIH,376,2,376,train
MIT-slp03,MIT-slp03,MIT-BIH,377,2,377,train
MIT-slp03,MIT-slp03,MIT-BIH,378,2,378,train
MIT-slp03,MIT-slp03,MIT-BIH,379,2,379,train
MIT-slp03,MIT-slp03,MIT-BIH,380,2,380,train
MIT-slp03,MIT-slp03,MIT-BIH,381,2,381,train
MIT-slp03,MIT-slp03,MIT-BIH,382,2,382,train
MIT-slp03,MIT-slp03,MIT-BIH,383,2,383,train
MIT-slp03,MIT-slp03,MIT-BIH,384,2,384,train
MIT-slp03,MIT-slp03,MIT-BIH,385,2,385,train
MIT-slp03,MIT-slp03,MIT-BIH,386,2,386,train
MIT-slp03,MIT-slp03,MIT-BIH,387,1,387,train
MIT-slp03,MIT-slp03,MIT-BIH,388,2,388,train
MIT-slp03,MIT-slp03,MIT-BIH,389,2,389,train
MIT-slp03,MIT-slp03,MIT-BIH,390,2,390,train
MIT-slp03,MIT-slp03,MIT-BIH,391,2,391,train
MIT-slp03,MIT-slp03,MIT-BIH,392,2,392,train
MIT-slp03,MIT-slp03,MIT-BIH,393,2,393,train
MIT-slp03,MIT-slp03,MIT-BIH,394,2,394,train
MIT-slp03,MIT-slp03,MIT-BIH,395,2,395,train
MIT-slp03,MIT-slp03,MIT-BIH,396,2,396,train
MIT-slp03,MIT-slp03,MIT-BIH,397,2,397,train
MIT-slp03,MIT-slp03,MIT-BIH,398,2,398,train
MIT-slp03,MIT-slp03,MIT-BIH,399,2,399,train
MIT-slp03,MIT-slp03,MIT-BIH,400,2,400,train
MIT-slp03,MIT-slp03,MIT-BIH,401,2,401,train
MIT-slp03,MIT-slp03,MIT-BIH,402,2,402,train
MIT-slp03,MIT-slp03,MIT-BIH,403,2,403,train
MIT-slp03,MIT-slp03,MIT-BIH,404,2,404,train
MIT-slp03,MIT-slp03,MIT-BIH,405,2,405,train
MIT-slp03,MIT-slp03,MIT-BIH,406,2,406,train
MIT-slp03,MIT-slp03,MIT-BIH,407,2,407,train
MIT-slp03,MIT-slp03,MIT-BIH,408,2,408,train
MIT-slp03,MIT-slp03,MIT-BIH,409,2,409,train
MIT-slp03,MIT-slp03,MIT-BIH,410,2,410,train
MIT-slp03,MIT-slp03,MIT-BIH,411,2,411,train
MIT-slp03,MIT-slp03,MIT-BIH,412,2,412,train
MIT-slp03,MIT-slp03,MIT-BIH,413,2,413,train
MIT-slp03,MIT-slp03,MIT-BIH,414,2,414,train
MIT-slp03,MIT-slp03,MIT-BIH,415,2,415,train
MIT-slp03,MIT-slp03,MIT-BIH,416,2,416,train
MIT-slp03,MIT-slp03,MIT-BIH,417,2,417,train
MIT-slp03,MIT-slp03,MIT-BIH,418,2,418,train
MIT-slp03,MIT-slp03,MIT-BIH,419,2,419,train
MIT-slp03,MIT-slp03,MIT-BIH,420,2,420,train
MIT-slp03,MIT-slp03,MIT-BIH,421,2,421,train
MIT-slp03,MIT-slp03,MIT-BIH,422,2,422,train
MIT-slp03,MIT-slp03,MIT-BIH,423,2,423,train
MIT-slp03,MIT-slp03,MIT-BIH,424,2,424,train
MIT-slp03,MIT-slp03,MIT-BIH,425,2,425,train
MIT-slp03,MIT-slp03,MIT-BIH,426,3,426,train
MIT-slp03,MIT-slp03,MIT-BIH,427,3,427,train
MIT-slp03,MIT-slp03,MIT-BIH,428,3,428,train
MIT-slp03,MIT-slp03,MIT-BIH,429,3,429,train
MIT-slp03,MIT-slp03,MIT-BIH,430,3,430,train
MIT-slp03,MIT-slp03,MIT-BIH,431,3,431,train
MIT-slp03,MIT-slp03,MIT-BIH,432,3,432,train
MIT-slp03,MIT-slp03,MIT-BIH,433,3,433,train
MIT-slp03,MIT-slp03,MIT-BIH,434,3,434,train
MIT-slp03,MIT-slp03,MIT-BIH,435,3,435,train
MIT-slp03,MIT-slp03,MIT-BIH,436,3,436,train
MIT-slp03,MIT-slp03,MIT-BIH,437,3,437,train
MIT-slp03,MIT-slp03,MIT-BIH,438,3,438,train
MIT-slp03,MIT-slp03,MIT-BIH,439,3,439,train
MIT-slp03,MIT-slp03,MIT-BIH,440,3,440,train
MIT-slp03,MIT-slp03,MIT-BIH,441,3,441,train
MIT-slp03,MIT-slp03,MIT-BIH,442,3,442,train
MIT-slp03,MIT-slp03,MIT-BIH,443,3,443,train
MIT-slp03,MIT-slp03,MIT-BIH,444,3,444,train
MIT-slp03,MIT-slp03,MIT-BIH,445,3,445,train
MIT-slp03,MIT-slp03,MIT-BIH,446,3,446,train
MIT-slp03,MIT-slp03,MIT-BIH,447,3,447,train
MIT-slp03,MIT-slp03,MIT-BIH,448,2,448,train
MIT-slp03,MIT-slp03,MIT-BIH,449,2,449,train
MIT-slp03,MIT-slp03,MIT-BIH,450,2,450,train
MIT-slp03,MIT-slp03,MIT-BIH,451,2,451,train
MIT-slp03,MIT-slp03,MIT-BIH,452,2,452,train
MIT-slp03,MIT-slp03,MIT-BIH,453,2,453,train
MIT-slp03,MIT-slp03,MIT-BIH,454,1,454,train
MIT-slp03,MIT-slp03,MIT-BIH,455,0,455,train
MIT-slp03,MIT-slp03,MIT-BIH,456,0,456,train
MIT-slp03,MIT-slp03,MIT-BIH,457,0,457,train
MIT-slp03,MIT-slp03,MIT-BIH,458,0,458,train
MIT-slp03,MIT-slp03,MIT-BIH,459,0,459,train
MIT-slp03,MIT-slp03,MIT-BIH,460,0,460,train
MIT-slp03,MIT-slp03,MIT-BIH,461,0,461,train
MIT-slp03,MIT-slp03,MIT-BIH,462,0,462,train
MIT-slp03,MIT-slp03,MIT-BIH,463,0,463,train
MIT-slp03,MIT-slp03,MIT-BIH,464,0,464,train
MIT-slp03,MIT-slp03,MIT-BIH,465,0,465,train
MIT-slp03,MIT-slp03,MIT-BIH,466,0,466,train
MIT-slp03,MIT-slp03,MIT-BIH,467,0,467,train
MIT-slp03,MIT-slp03,MIT-BIH,468,0,468,train
MIT-slp03,MIT-slp03,MIT-BIH,469,0,469,train
MIT-slp03,MIT-slp03,MIT-BIH,470,0,470,train
MIT-slp03,MIT-slp03,MIT-BIH,471,0,471,train
MIT-slp03,MIT-slp03,MIT-BIH,472,0,472,train
MIT-slp03,MIT-slp03,MIT-BIH,473,0,473,train
MIT-slp03,MIT-slp03,MIT-BIH,474,0,474,train
MIT-slp03,MIT-slp03,MIT-BIH,475,0,475,train
MIT-slp03,MIT-slp03,MIT-BIH,476,0,476,train
MIT-slp03,MIT-slp03,MIT-BIH,477,0,477,train
MIT-slp03,MIT-slp03,MIT-BIH,478,0,478,train
MIT-slp03,MIT-slp03,MIT-BIH,479,0,479,train
MIT-slp03,MIT-slp03,MIT-BIH,480,0,480,train
MIT-slp03,MIT-slp03,MIT-BIH,481,0,481,train
MIT-slp03,MIT-slp03,MIT-BIH,482,0,482,train
MIT-slp03,MIT-slp03,MIT-BIH,483,0,483,train
MIT-slp03,MIT-slp03,MIT-BIH,484,0,484,train
MIT-slp03,MIT-slp03,MIT-BIH,485,0,485,train
MIT-slp03,MIT-slp03,MIT-BIH,486,0,486,train
MIT-slp03,MIT-slp03,MIT-BIH,487,0,487,train
MIT-slp03,MIT-slp03,MIT-BIH,488,0,488,train
MIT-slp03,MIT-slp03,MIT-BIH,489,0,489,train
MIT-slp03,MIT-slp03,MIT-BIH,490,0,490,train
MIT-slp03,MIT-slp03,MIT-BIH,491,0,491,train
MIT-slp03,MIT-slp03,MIT-BIH,492,0,492,train
MIT-slp03,MIT-slp03,MIT-BIH,493,0,493,train
MIT-slp03,MIT-slp03,MIT-BIH,494,0,494,train
MIT-slp03,MIT-slp03,MIT-BIH,495,0,495,train
MIT-slp03,MIT-slp03,MIT-BIH,496,0,496,train
MIT-slp03,MIT-slp03,MIT-BIH,497,0,497,train
MIT-slp03,MIT-slp03,MIT-BIH,498,0,498,train
MIT-slp03,MIT-slp03,MIT-BIH,499,0,499,train
MIT-slp03,MIT-slp03,MIT-BIH,500,0,500,train
MIT-slp03,MIT-slp03,MIT-BIH,501,0,501,train
MIT-slp03,MIT-slp03,MIT-BIH,502,0,502,train
MIT-slp03,MIT-slp03,MIT-BIH,503,0,503,train
MIT-slp03,MIT-slp03,MIT-BIH,504,1,504,train
MIT-slp03,MIT-slp03,MIT-BIH,505,1,505,train
MIT-slp03,MIT-slp03,MIT-BIH,506,1,506,train
MIT-slp03,MIT-slp03,MIT-BIH,507,1,507,train
MIT-slp03,MIT-slp03,MIT-BIH,508,1,508,train
MIT-slp03,MIT-slp03,MIT-BIH,509,1,509,train
MIT-slp03,MIT-slp03,MIT-BIH,510,2,510,train
MIT-slp03,MIT-slp03,MIT-BIH,511,2,511,train
MIT-slp03,MIT-slp03,MIT-BIH,512,2,512,train
MIT-slp03,MIT-slp03,MIT-BIH,513,2,513,train
MIT-slp03,MIT-slp03,MIT-BIH,514,2,514,train
MIT-slp03,MIT-slp03,MIT-BIH,515,2,515,train
MIT-slp03,MIT-slp03,MIT-BIH,516,2,516,train
MIT-slp03,MIT-slp03,MIT-BIH,517,2,517,train
MIT-slp03,MIT-slp03,MIT-BIH,518,4,518,train
MIT-slp03,MIT-slp03,MIT-BIH,519,4,519,train
MIT-slp03,MIT-slp03,MIT-BIH,520,4,520,train
MIT-slp03,MIT-slp03,MIT-BIH,521,4,521,train
MIT-slp03,MIT-slp03,MIT-BIH,522,4,522,train
MIT-slp03,MIT-slp03,MIT-BIH,523,4,523,train
MIT-slp03,MIT-slp03,MIT-BIH,524,4,524,train
MIT-slp03,MIT-slp03,MIT-BIH,525,1,525,train
MIT-slp03,MIT-slp03,MIT-BIH,526,4,526,train
MIT-slp03,MIT-slp03,MIT-BIH,527,1,527,train
MIT-slp03,MIT-slp03,MIT-BIH,528,4,528,train
MIT-slp03,MIT-slp03,MIT-BIH,529,0,529,train
MIT-slp03,MIT-slp03,MIT-BIH,530,1,530,train
MIT-slp03,MIT-slp03,MIT-BIH,531,2,531,train
MIT-slp03,MIT-slp03,MIT-BIH,532,0,532,train
MIT-slp03,MIT-slp03,MIT-BIH,533,1,533,train
MIT-slp03,MIT-slp03,MIT-BIH,534,2,534,train
MIT-slp03,MIT-slp03,MIT-BIH,535,2,535,train
MIT-slp03,MIT-slp03,MIT-BIH,536,2,536,train
MIT-slp03,MIT-slp03,MIT-BIH,537,2,537,train
MIT-slp03,MIT-slp03,MIT-BIH,538,2,538,train
MIT-slp03,MIT-slp03,MIT-BIH,539,2,539,train
MIT-slp03,MIT-slp03,MIT-BIH,540,2,540,train
MIT-slp03,MIT-slp03,MIT-BIH,541,0,541,train
MIT-slp03,MIT-slp03,MIT-BIH,542,2,542,train
MIT-slp03,MIT-slp03,MIT-BIH,543,2,543,train
MIT-slp03,MIT-slp03,MIT-BIH,544,2,544,train
MIT-slp03,MIT-slp03,MIT-BIH,545,2,545,train
MIT-slp03,MIT-slp03,MIT-BIH,546,2,546,train
MIT-slp03,MIT-slp03,MIT-BIH,547,2,547,train
MIT-slp03,MIT-slp03,MIT-BIH,548,2,548,train
MIT-slp03,MIT-slp03,MIT-BIH,549,2,549,train
MIT-slp03,MIT-slp03,MIT-BIH,550,2,550,train
MIT-slp03,MIT-slp03,MIT-BIH,551,2,551,train
MIT-slp03,MIT-slp03,MIT-BIH,552,2,552,train
MIT-slp03,MIT-slp03,MIT-BIH,553,2,553,train
MIT-slp03,MIT-slp03,MIT-BIH,554,2,554,train
MIT-slp03,MIT-slp03,MIT-BIH,555,2,555,train
MIT-slp03,MIT-slp03,MIT-BIH,556,2,556,train
MIT-slp03,MIT-slp03,MIT-BIH,557,2,557,train
MIT-slp03,MIT-slp03,MIT-BIH,558,0,558,train
MIT-slp03,MIT-slp03,MIT-BIH,559,1,559,train
MIT-slp03,MIT-slp03,MIT-BIH,560,2,560,train
MIT-slp03,MIT-slp03,MIT-BIH,561,2,561,train
MIT-slp03,MIT-slp03,MIT-BIH,562,2,562,train
MIT-slp03,MIT-slp03,MIT-BIH,563,2,563,train
MIT-slp03,MIT-slp03,MIT-BIH,564,2,564,train
MIT-slp03,MIT-slp03,MIT-BIH,565,1,565,train
MIT-slp03,MIT-slp03,MIT-BIH,566,2,566,train
MIT-slp03,MIT-slp03,MIT-BIH,567,2,567,train
MIT-slp03,MIT-slp03,MIT-BIH,568,2,568,train
MIT-slp03,MIT-slp03,MIT-BIH,569,2,569,train
MIT-slp03,MIT-slp03,MIT-BIH,570,2,570,train
MIT-slp03,MIT-slp03,MIT-BIH,571,2,571,train
MIT-slp03,MIT-slp03,MIT-BIH,572,2,572,train
MIT-slp03,MIT-slp03,MIT-BIH,573,2,573,train
MIT-slp03,MIT-slp03,MIT-BIH,574,2,574,train
MIT-slp03,MIT-slp03,MIT-BIH,575,2,575,train
MIT-slp03,MIT-slp03,MIT-BIH,576,2,576,train
MIT-slp03,MIT-slp03,MIT-BIH,577,2,577,train
MIT-slp03,MIT-slp03,MIT-BIH,578,2,578,train
MIT-slp03,MIT-slp03,MIT-BIH,579,2,579,train
MIT-slp03,MIT-slp03,MIT-BIH,580,2,580,train
MIT-slp03,MIT-slp03,MIT-BIH,581,0,581,train
MIT-slp03,MIT-slp03,MIT-BIH,582,0,582,train
MIT-slp03,MIT-slp03,MIT-BIH,583,0,583,train
MIT-slp03,MIT-slp03,MIT-BIH,584,0,584,train
MIT-slp03,MIT-slp03,MIT-BIH,585,0,585,train
MIT-slp03,MIT-slp03,MIT-BIH,586,1,586,train
MIT-slp03,MIT-slp03,MIT-BIH,587,1,587,train
MIT-slp03,MIT-slp03,MIT-BIH,588,2,588,train
MIT-slp03,MIT-slp03,MIT-BIH,589,1,589,train
MIT-slp03,MIT-slp03,MIT-BIH,590,0,590,train
MIT-slp03,MIT-slp03,MIT-BIH,591,0,591,train
MIT-slp03,MIT-slp03,MIT-BIH,592,1,592,train
MIT-slp03,MIT-slp03,MIT-BIH,593,1,593,train
MIT-slp03,MIT-slp03,MIT-BIH,594,2,594,train
MIT-slp03,MIT-slp03,MIT-BIH,595,2,595,train
MIT-slp03,MIT-slp03,MIT-BIH,596,2,596,train
MIT-slp03,MIT-slp03,MIT-BIH,597,2,597,train
MIT-slp03,MIT-slp03,MIT-BIH,598,2,598,train
MIT-slp03,MIT-slp03,MIT-BIH,599,2,599,train
MIT-slp03,MIT-slp03,MIT-BIH,600,2,600,train
MIT-slp03,MIT-slp03,MIT-BIH,601,2,601,train
MIT-slp03,MIT-slp03,MIT-BIH,602,2,602,train
MIT-slp03,MIT-slp03,MIT-BIH,603,2,603,train
MIT-slp03,MIT-slp03,MIT-BIH,604,1,604,train
MIT-slp03,MIT-slp03,MIT-BIH,605,1,605,train
MIT-slp03,MIT-slp03,MIT-BIH,606,2,606,train
MIT-slp03,MIT-slp03,MIT-BIH,607,2,607,train
MIT-slp03,MIT-slp03,MIT-BIH,608,2,608,train
MIT-slp03,MIT-slp03,MIT-BIH,609,2,609,train
MIT-slp03,MIT-slp03,MIT-BIH,610,2,610,train
MIT-slp03,MIT-slp03,MIT-BIH,611,2,611,train
MIT-slp03,MIT-slp03,MIT-BIH,612,2,612,train
MIT-slp03,MIT-slp03,MIT-BIH,613,2,613,train
MIT-slp03,MIT-slp03,MIT-BIH,614,0,614,train
MIT-slp03,MIT-slp03,MIT-BIH,615,1,615,train
MIT-slp03,MIT-slp03,MIT-BIH,616,2,616,train
MIT-slp03,MIT-slp03,MIT-BIH,617,2,617,train
MIT-slp03,MIT-slp03,MIT-BIH,618,2,618,train
MIT-slp03,MIT-slp03,MIT-BIH,619,2,619,train
MIT-slp03,MIT-slp03,MIT-BIH,620,2,620,train
MIT-slp03,MIT-slp03,MIT-BIH,621,2,621,train
MIT-slp03,MIT-slp03,MIT-BIH,622,2,622,train
MIT-slp03,MIT-slp03,MIT-BIH,623,2,623,train
MIT-slp03,MIT-slp03,MIT-BIH,624,2,624,train
MIT-slp03,MIT-slp03,MIT-BIH,625,0,625,train
MIT-slp03,MIT-slp03,MIT-BIH,626,2,626,train
MIT-slp03,MIT-slp03,MIT-BIH,627,2,627,train
MIT-slp03,MIT-slp03,MIT-BIH,628,2,628,train
MIT-slp03,MIT-slp03,MIT-BIH,629,2,629,train
MIT-slp03,MIT-slp03,MIT-BIH,630,2,630,train
MIT-slp03,MIT-slp03,MIT-BIH,631,1,631,train
MIT-slp03,MIT-slp03,MIT-BIH,632,2,632,train
MIT-slp03,MIT-slp03,MIT-BIH,633,2,633,train
MIT-slp03,MIT-slp03,MIT-BIH,634,2,634,train
MIT-slp03,MIT-slp03,MIT-BIH,635,2,635,train
MIT-slp03,MIT-slp03,MIT-BIH,636,2,636,train
MIT-slp03,MIT-slp03,MIT-BIH,637,2,637,train
MIT-slp03,MIT-slp03,MIT-BIH,638,0,638,train
MIT-slp03,MIT-slp03,MIT-BIH,639,1,639,train
MIT-slp03,MIT-slp03,MIT-BIH,640,1,640,train
MIT-slp03,MIT-slp03,MIT-BIH,641,2,641,train
MIT-slp03,MIT-slp03,MIT-BIH,642,1,642,train
MIT-slp03,MIT-slp03,MIT-BIH,643,1,643,train
MIT-slp03,MIT-slp03,MIT-BIH,644,2,644,train
MIT-slp03,MIT-slp03,MIT-BIH,645,2,645,train
MIT-slp03,MIT-slp03,MIT-BIH,646,2,646,train
MIT-slp03,MIT-slp03,MIT-BIH,647,2,647,train
MIT-slp03,MIT-slp03,MIT-BIH,648,2,648,train
MIT-slp03,MIT-slp03,MIT-BIH,649,2,649,train
MIT-slp03,MIT-slp03,MIT-BIH,650,2,650,train
MIT-slp03,MIT-slp03,MIT-BIH,651,2,651,train
MIT-slp03,MIT-slp03,MIT-BIH,652,2,652,train
MIT-slp03,MIT-slp03,MIT-BIH,653,2,653,train
MIT-slp03,MIT-slp03,MIT-BIH,654,2,654,train
MIT-slp03,MIT-slp03,MIT-BIH,655,2,655,train
MIT-slp03,MIT-slp03,MIT-BIH,656,0,656,train
MIT-slp03,MIT-slp03,MIT-BIH,657,1,657,train
MIT-slp03,MIT-slp03,MIT-BIH,658,1,658,train
MIT-slp03,MIT-slp03,MIT-BIH,659,2,659,train
MIT-slp03,MIT-slp03,MIT-BIH,660,1,660,train
MIT-slp03,MIT-slp03,MIT-BIH,661,2,661,train
MIT-slp03,MIT-slp03,MIT-BIH,662,2,662,train
MIT-slp03,MIT-slp03,MIT-BIH,663,2,663,train
MIT-slp03,MIT-slp03,MIT-BIH,664,2,664,train
MIT-slp03,MIT-slp03,MIT-BIH,665,0,665,train
MIT-slp03,MIT-slp03,MIT-BIH,666,2,666,train
MIT-slp03,MIT-slp03,MIT-BIH,667,2,667,train
MIT-slp03,MIT-slp03,MIT-BIH,668,2,668,train
MIT-slp03,MIT-slp03,MIT-BIH,669,2,669,train
MIT-slp03,MIT-slp03,MIT-BIH,670,2,670,train
MIT-slp03,MIT-slp03,MIT-BIH,671,0,671,train
MIT-slp03,MIT-slp03,MIT-BIH,672,0,672,train
MIT-slp03,MIT-slp03,MIT-BIH,673,0,673,train
MIT-slp03,MIT-slp03,MIT-BIH,674,0,674,train
MIT-slp03,MIT-slp03,MIT-BIH,675,0,675,train
MIT-slp03,MIT-slp03,MIT-BIH,676,0,676,train
MIT-slp03,MIT-slp03,MIT-BIH,677,0,677,train
MIT-slp03,MIT-slp03,MIT-BIH,678,0,678,train
MIT-slp03,MIT-slp03,MIT-BIH,679,0,679,train
MIT-slp03,MIT-slp03,MIT-BIH,680,1,680,train
MIT-slp03,MIT-slp03,MIT-BIH,681,1,681,train
MIT-slp03,MIT-slp03,MIT-BIH,682,1,682,train
MIT-slp03,MIT-slp03,MIT-BIH,683,1,683,train
MIT-slp03,MIT-slp03,MIT-BIH,684,1,684,train
MIT-slp03,MIT-slp03,MIT-BIH,685,2,685,train
MIT-slp03,MIT-slp03,MIT-BIH,686,2,686,train
MIT-slp03,MIT-slp03,MIT-BIH,687,2,687,train
MIT-slp03,MIT-slp03,MIT-BIH,688,2,688,train
MIT-slp03,MIT-slp03,MIT-BIH,689,2,689,train
MIT-slp03,MIT-slp03,MIT-BIH,690,2,690,train
MIT-slp03,MIT-slp03,MIT-BIH,691,0,691,train
MIT-slp03,MIT-slp03,MIT-BIH,692,1,692,train
MIT-slp03,MIT-slp03,MIT-BIH,693,1,693,train
MIT-slp03,MIT-slp03,MIT-BIH,694,2,694,train
MIT-slp03,MIT-slp03,MIT-BIH,695,2,695,train
MIT-slp03,MIT-slp03,MIT-BIH,696,2,696,train
MIT-slp03,MIT-slp03,MIT-BIH,697,2,697,train
MIT-slp03,MIT-slp03,MIT-BIH,698,0,698,train
MIT-slp03,MIT-slp03,MIT-BIH,699,0,699,train
MIT-slp03,MIT-slp03,MIT-BIH,700,1,700,train
MIT-slp03,MIT-slp03,MIT-BIH,701,1,701,train
MIT-slp03,MIT-slp03,MIT-BIH,702,1,702,train
MIT-slp03,MIT-slp03,MIT-BIH,703,2,703,train
MIT-slp03,MIT-slp03,MIT-BIH,704,4,704,train
MIT-slp03,MIT-slp03,MIT-BIH,705,0,705,train
MIT-slp03,MIT-slp03,MIT-BIH,706,0,706,train
MIT-slp03,MIT-slp03,MIT-BIH,707,0,707,train
MIT-slp03,MIT-slp03,MIT-BIH,708,0,708,train
MIT-slp03,MIT-slp03,MIT-BIH,709,1,709,train
MIT-slp03,MIT-slp03,MIT-BIH,710,0,710,train
MIT-slp03,MIT-slp03,MIT-BIH,711,0,711,train
MIT-slp03,MIT-slp03,MIT-BIH,712,0,712,train
MIT-slp03,MIT-slp03,MIT-BIH,713,0,713,train
MIT-slp03,MIT-slp03,MIT-BIH,714,0,714,train
MIT-slp03,MIT-slp03,MIT-BIH,715,0,715,train
MIT-slp03,MIT-slp03,MIT-BIH,716,0,716,train
MIT-slp03,MIT-slp03,MIT-BIH,717,0,717,train
MIT-slp03,MIT-slp03,MIT-BIH,718,0,718,train
MIT-slp03,MIT-slp03,MIT-BIH,719,0,719,train
MIT-slp04,MIT-slp04,MIT-BIH,0,0,0,train
MIT-slp04,MIT-slp04,MIT-BIH,1,1,1,train
MIT-slp04,MIT-slp04,MIT-BIH,2,1,2,train
MIT-slp04,MIT-slp04,MIT-BIH,3,2,3,train
MIT-slp04,MIT-slp04,MIT-BIH,4,2,4,train
MIT-slp04,MIT-slp04,MIT-BIH,5,2,5,train
MIT-slp04,MIT-slp04,MIT-BIH,6,2,6,train
MIT-slp04,MIT-slp04,MIT-BIH,7,0,7,train
MIT-slp04,MIT-slp04,MIT-BIH,8,1,8,train
MIT-slp04,MIT-slp04,MIT-BIH,9,1,9,train
MIT-slp04,MIT-slp04,MIT-BIH,10,2,10,train
MIT-slp04,MIT-slp04,MIT-BIH,11,2,11,train
MIT-slp04,MIT-slp04,MIT-BIH,12,2,12,train
MIT-slp04,MIT-slp04,MIT-BIH,13,2,13,train
MIT-slp04,MIT-slp04,MIT-BIH,14,2,14,train
MIT-slp04,MIT-slp04,MIT-BIH,15,2,15,train
MIT-slp04,MIT-slp04,MIT-BIH,16,2,16,train
MIT-slp04,MIT-slp04,MIT-BIH,17,2,17,train
MIT-slp04,MIT-slp04,MIT-BIH,18,0,18,train
MIT-slp04,MIT-slp04,MIT-BIH,19,0,19,train
MIT-slp04,MIT-slp04,MIT-BIH,20,0,20,train
MIT-slp04,MIT-slp04,MIT-BIH,21,0,21,train
MIT-slp04,MIT-slp04,MIT-BIH,22,0,22,train
MIT-slp04,MIT-slp04,MIT-BIH,23,0,23,train
MIT-slp04,MIT-slp04,MIT-BIH,24,0,24,train
MIT-slp04,MIT-slp04,MIT-BIH,25,0,25,train
MIT-slp04,MIT-slp04,MIT-BIH,26,0,26,train
MIT-slp04,MIT-slp04,MIT-BIH,27,0,27,train
MIT-slp04,MIT-slp04,MIT-BIH,28,0,28,train
MIT-slp04,MIT-slp04,MIT-BIH,29,0,29,train
MIT-slp04,MIT-slp04,MIT-BIH,30,0,30,train
MIT-slp04,MIT-slp04,MIT-BIH,31,0,31,train
MIT-slp04,MIT-slp04,MIT-BIH,32,0,32,train
MIT-slp04,MIT-slp04,MIT-BIH,33,0,33,train
MIT-slp04,MIT-slp04,MIT-BIH,34,0,34,train
MIT-slp04,MIT-slp04,MIT-BIH,35,0,35,train
MIT-slp04,MIT-slp04,MIT-BIH,36,1,36,train
MIT-slp04,MIT-slp04,MIT-BIH,37,1,37,train
MIT-slp04,MIT-slp04,MIT-BIH,38,1,38,train
MIT-slp04,MIT-slp04,MIT-BIH,39,1,39,train
MIT-slp04,MIT-slp04,MIT-BIH,40,1,40,train
MIT-slp04,MIT-slp04,MIT-BIH,41,0,41,train
MIT-slp04,MIT-slp04,MIT-BIH,42,0,42,train
MIT-slp04,MIT-slp04,MIT-BIH,43,1,43,train
MIT-slp04,MIT-slp04,MIT-BIH,44,2,44,train
MIT-slp04,MIT-slp04,MIT-BIH,45,2,45,train
MIT-slp04,MIT-slp04,MIT-BIH,46,2,46,train
MIT-slp04,MIT-slp04,MIT-BIH,47,2,47,train
MIT-slp04,MIT-slp04,MIT-BIH,48,2,48,train
MIT-slp04,MIT-slp04,MIT-BIH,49,2,49,train
MIT-slp04,MIT-slp04,MIT-BIH,50,2,50,train
MIT-slp04,MIT-slp04,MIT-BIH,51,2,51,train
MIT-slp04,MIT-slp04,MIT-BIH,52,2,52,train
MIT-slp04,MIT-slp04,MIT-BIH,53,2,53,train
MIT-slp04,MIT-slp04,MIT-BIH,54,2,54,train
MIT-slp04,MIT-slp04,MIT-BIH,55,2,55,train
MIT-slp04,MIT-slp04,MIT-BIH,56,2,56,train
MIT-slp04,MIT-slp04,MIT-BIH,57,2,57,train
MIT-slp04,MIT-slp04,MIT-BIH,58,2,58,train
MIT-slp04,MIT-slp04,MIT-BIH,59,2,59,train
MIT-slp04,MIT-slp04,MIT-BIH,60,2,60,train
MIT-slp04,MIT-slp04,MIT-BIH,61,2,61,train
MIT-slp04,MIT-slp04,MIT-BIH,62,2,62,train
MIT-slp04,MIT-slp04,MIT-BIH,63,2,63,train
MIT-slp04,MIT-slp04,MIT-BIH,64,2,64,train
MIT-slp04,MIT-slp04,MIT-BIH,65,2,65,train
MIT-slp04,MIT-slp04,MIT-BIH,66,2,66,train
MIT-slp04,MIT-slp04,MIT-BIH,67,2,67,train
MIT-slp04,MIT-slp04,MIT-BIH,68,2,68,train
MIT-slp04,MIT-slp04,MIT-BIH,69,2,69,train
MIT-slp04,MIT-slp04,MIT-BIH,70,2,70,train
MIT-slp04,MIT-slp04,MIT-BIH,71,3,71,train
MIT-slp04,MIT-slp04,MIT-BIH,72,3,72,train
MIT-slp04,MIT-slp04,MIT-BIH,73,3,73,train
MIT-slp04,MIT-slp04,MIT-BIH,74,3,74,train
MIT-slp04,MIT-slp04,MIT-BIH,75,3,75,train
MIT-slp04,MIT-slp04,MIT-BIH,76,3,76,train
MIT-slp04,MIT-slp04,MIT-BIH,77,3,77,train
MIT-slp04,MIT-slp04,MIT-BIH,78,3,78,train
MIT-slp04,MIT-slp04,MIT-BIH,79,3,79,train
MIT-slp04,MIT-slp04,MIT-BIH,80,3,80,train
MIT-slp04,MIT-slp04,MIT-BIH,81,3,81,train
MIT-slp04,MIT-slp04,MIT-BIH,82,3,82,train
MIT-slp04,MIT-slp04,MIT-BIH,83,3,83,train
MIT-slp04,MIT-slp04,MIT-BIH,84,3,84,train
MIT-slp04,MIT-slp04,MIT-BIH,85,3,85,train
MIT-slp04,MIT-slp04,MIT-BIH,86,3,86,train
MIT-slp04,MIT-slp04,MIT-BIH,87,3,87,train
MIT-slp04,MIT-slp04,MIT-BIH,88,3,88,train
MIT-slp04,MIT-slp04,MIT-BIH,89,3,89,train
MIT-slp04,MIT-slp04,MIT-BIH,90,3,90,train
MIT-slp04,MIT-slp04,MIT-BIH,91,3,91,train
MIT-slp04,MIT-slp04,MIT-BIH,92,2,92,train
MIT-slp04,MIT-slp04,MIT-BIH,93,2,93,train
MIT-slp04,MIT-slp04,MIT-BIH,94,2,94,train
MIT-slp04,MIT-slp04,MIT-BIH,95,2,95,train
MIT-slp04,MIT-slp04,MIT-BIH,96,2,96,train
MIT-slp04,MIT-slp04,MIT-BIH,97,2,97,train
MIT-slp04,MIT-slp04,MIT-BIH,98,2,98,train
MIT-slp04,MIT-slp04,MIT-BIH,99,3,99,train
MIT-slp04,MIT-slp04,MIT-BIH,100,2,100,train
MIT-slp04,MIT-slp04,MIT-BIH,101,2,101,train
MIT-slp04,MIT-slp04,MIT-BIH,102,2,102,train
MIT-slp04,MIT-slp04,MIT-BIH,103,0,103,train
MIT-slp04,MIT-slp04,MIT-BIH,104,0,104,train
MIT-slp04,MIT-slp04,MIT-BIH,105,0,105,train
MIT-slp04,MIT-slp04,MIT-BIH,106,0,106,train
MIT-slp04,MIT-slp04,MIT-BIH,107,0,107,train
MIT-slp04,MIT-slp04,MIT-BIH,108,1,108,train
MIT-slp04,MIT-slp04,MIT-BIH,109,1,109,train
MIT-slp04,MIT-slp04,MIT-BIH,110,2,110,train
MIT-slp04,MIT-slp04,MIT-BIH,111,2,111,train
MIT-slp04,MIT-slp04,MIT-BIH,112,0,112,train
MIT-slp04,MIT-slp04,MIT-BIH,113,1,113,train
MIT-slp04,MIT-slp04,MIT-BIH,114,2,114,train
MIT-slp04,MIT-slp04,MIT-BIH,115,2,115,train
MIT-slp04,MIT-slp04,MIT-BIH,116,2,116,train
MIT-slp04,MIT-slp04,MIT-BIH,117,2,117,train
MIT-slp04,MIT-slp04,MIT-BIH,118,2,118,train
MIT-slp04,MIT-slp04,MIT-BIH,119,2,119,train
MIT-slp04,MIT-slp04,MIT-BIH,120,2,120,train
MIT-slp04,MIT-slp04,MIT-BIH,121,0,121,train
MIT-slp04,MIT-slp04,MIT-BIH,122,0,122,train
MIT-slp04,MIT-slp04,MIT-BIH,123,0,123,train
MIT-slp04,MIT-slp04,MIT-BIH,124,1,124,train
MIT-slp04,MIT-slp04,MIT-BIH,125,2,125,train
MIT-slp04,MIT-slp04,MIT-BIH,126,2,126,train
MIT-slp04,MIT-slp04,MIT-BIH,127,2,127,train
MIT-slp04,MIT-slp04,MIT-BIH,128,1,128,train
MIT-slp04,MIT-slp04,MIT-BIH,129,1,129,train
MIT-slp04,MIT-slp04,MIT-BIH,130,0,130,train
MIT-slp04,MIT-slp04,MIT-BIH,131,2,131,train
MIT-slp04,MIT-slp04,MIT-BIH,132,2,132,train
MIT-slp04,MIT-slp04,MIT-BIH,133,2,133,train
MIT-slp04,MIT-slp04,MIT-BIH,134,2,134,train
MIT-slp04,MIT-slp04,MIT-BIH,135,2,135,train
MIT-slp04,MIT-slp04,MIT-BIH,136,2,136,train
MIT-slp04,MIT-slp04,MIT-BIH,137,2,137,train
MIT-slp04,MIT-slp04,MIT-BIH,138,2,138,train
MIT-slp04,MIT-slp04,MIT-BIH,139,2,139,train
MIT-slp04,MIT-slp04,MIT-BIH,140,2,140,train
MIT-slp04,MIT-slp04,MIT-BIH,141,2,141,train
MIT-slp04,MIT-slp04,MIT-BIH,142,2,142,train
MIT-slp04,MIT-slp04,MIT-BIH,143,2,143,train
MIT-slp04,MIT-slp04,MIT-BIH,144,2,144,train
MIT-slp04,MIT-slp04,MIT-BIH,145,2,145,train
MIT-slp04,MIT-slp04,MIT-BIH,146,2,146,train
MIT-slp04,MIT-slp04,MIT-BIH,147,2,147,train
MIT-slp04,MIT-slp04,MIT-BIH,148,2,148,train
MIT-slp04,MIT-slp04,MIT-BIH,149,2,149,train
MIT-slp04,MIT-slp04,MIT-BIH,150,2,150,train
MIT-slp04,MIT-slp04,MIT-BIH,151,2,151,train
MIT-slp04,MIT-slp04,MIT-BIH,152,2,152,train
MIT-slp04,MIT-slp04,MIT-BIH,153,2,153,train
MIT-slp04,MIT-slp04,MIT-BIH,154,2,154,train
MIT-slp04,MIT-slp04,MIT-BIH,155,2,155,train
MIT-slp04,MIT-slp04,MIT-BIH,156,2,156,train
MIT-slp04,MIT-slp04,MIT-BIH,157,2,157,train
MIT-slp04,MIT-slp04,MIT-BIH,158,2,158,train
MIT-slp04,MIT-slp04,MIT-BIH,159,2,159,train
MIT-slp04,MIT-slp04,MIT-BIH,160,2,160,train
MIT-slp04,MIT-slp04,MIT-BIH,161,2,161,train
MIT-slp04,MIT-slp04,MIT-BIH,162,2,162,train
MIT-slp04,MIT-slp04,MIT-BIH,163,2,163,train
MIT-slp04,MIT-slp04,MIT-BIH,164,2,164,train
MIT-slp04,MIT-slp04,MIT-BIH,165,2,165,train
MIT-slp04,MIT-slp04,MIT-BIH,166,2,166,train
MIT-slp04,MIT-slp04,MIT-BIH,167,2,167,train
MIT-slp04,MIT-slp04,MIT-BIH,168,2,168,train
MIT-slp04,MIT-slp04,MIT-BIH,169,2,169,train
MIT-slp04,MIT-slp04,MIT-BIH,170,2,170,train
MIT-slp04,MIT-slp04,MIT-BIH,171,2,171,train
MIT-slp04,MIT-slp04,MIT-BIH,172,2,172,train
MIT-slp04,MIT-slp04,MIT-BIH,173,2,173,train
MIT-slp04,MIT-slp04,MIT-BIH,174,2,174,train
MIT-slp04,MIT-slp04,MIT-BIH,175,0,175,train
MIT-slp04,MIT-slp04,MIT-BIH,176,0,176,train
MIT-slp04,MIT-slp04,MIT-BIH,177,0,177,train
MIT-slp04,MIT-slp04,MIT-BIH,178,0,178,train
MIT-slp04,MIT-slp04,MIT-BIH,179,0,179,train
MIT-slp04,MIT-slp04,MIT-BIH,180,0,180,train
MIT-slp04,MIT-slp04,MIT-BIH,181,0,181,train
MIT-slp04,MIT-slp04,MIT-BIH,182,0,182,train
MIT-slp04,MIT-slp04,MIT-BIH,183,1,183,train
MIT-slp04,MIT-slp04,MIT-BIH,184,0,184,train
MIT-slp04,MIT-slp04,MIT-BIH,185,1,185,train
MIT-slp04,MIT-slp04,MIT-BIH,186,1,186,train
MIT-slp04,MIT-slp04,MIT-BIH,187,2,187,train
MIT-slp04,MIT-slp04,MIT-BIH,188,2,188,train
MIT-slp04,MIT-slp04,MIT-BIH,189,2,189,train
MIT-slp04,MIT-slp04,MIT-BIH,190,2,190,train
MIT-slp04,MIT-slp04,MIT-BIH,191,2,191,train
MIT-slp04,MIT-slp04,MIT-BIH,192,2,192,train
MIT-slp04,MIT-slp04,MIT-BIH,193,2,193,train
MIT-slp04,MIT-slp04,MIT-BIH,194,0,194,train
MIT-slp04,MIT-slp04,MIT-BIH,195,0,195,train
MIT-slp04,MIT-slp04,MIT-BIH,196,0,196,train
MIT-slp04,MIT-slp04,MIT-BIH,197,1,197,train
MIT-slp04,MIT-slp04,MIT-BIH,198,2,198,train
MIT-slp04,MIT-slp04,MIT-BIH,199,2,199,train
MIT-slp04,MIT-slp04,MIT-BIH,200,2,200,train
MIT-slp04,MIT-slp04,MIT-BIH,201,2,201,train
MIT-slp04,MIT-slp04,MIT-BIH,202,2,202,train
MIT-slp04,MIT-slp04,MIT-BIH,203,2,203,train
MIT-slp04,MIT-slp04,MIT-BIH,204,2,204,train
MIT-slp04,MIT-slp04,MIT-BIH,205,2,205,train
MIT-slp04,MIT-slp04,MIT-BIH,206,2,206,train
MIT-slp04,MIT-slp04,MIT-BIH,207,2,207,train
MIT-slp04,MIT-slp04,MIT-BIH,208,2,208,train
MIT-slp04,MIT-slp04,MIT-BIH,209,2,209,train
MIT-slp04,MIT-slp04,MIT-BIH,210,2,210,train
MIT-slp04,MIT-slp04,MIT-BIH,211,2,211,train
MIT-slp04,MIT-slp04,MIT-BIH,212,2,212,train
MIT-slp04,MIT-slp04,MIT-BIH,213,2,213,train
MIT-slp04,MIT-slp04,MIT-BIH,214,2,214,train
MIT-slp04,MIT-slp04,MIT-BIH,215,2,215,train
MIT-slp04,MIT-slp04,MIT-BIH,216,2,216,train
MIT-slp04,MIT-slp04,MIT-BIH,217,2,217,train
MIT-slp04,MIT-slp04,MIT-BIH,218,0,218,train
MIT-slp04,MIT-slp04,MIT-BIH,219,1,219,train
MIT-slp04,MIT-slp04,MIT-BIH,220,2,220,train
MIT-slp04,MIT-slp04,MIT-BIH,221,2,221,train
MIT-slp04,MIT-slp04,MIT-BIH,222,2,222,train
MIT-slp04,MIT-slp04,MIT-BIH,223,2,223,train
MIT-slp04,MIT-slp04,MIT-BIH,224,2,224,train
MIT-slp04,MIT-slp04,MIT-BIH,225,2,225,train
MIT-slp04,MIT-slp04,MIT-BIH,226,2,226,train
MIT-slp04,MIT-slp04,MIT-BIH,227,2,227,train
MIT-slp04,MIT-slp04,MIT-BIH,228,2,228,train
MIT-slp04,MIT-slp04,MIT-BIH,229,2,229,train
MIT-slp04,MIT-slp04,MIT-BIH,230,2,230,train
MIT-slp04,MIT-slp04,MIT-BIH,231,2,231,train
MIT-slp04,MIT-slp04,MIT-BIH,232,2,232,train
MIT-slp04,MIT-slp04,MIT-BIH,233,2,233,train
MIT-slp04,MIT-slp04,MIT-BIH,234,2,234,train
MIT-slp04,MIT-slp04,MIT-BIH,235,2,235,train
MIT-slp04,MIT-slp04,MIT-BIH,236,2,236,train
MIT-slp04,MIT-slp04,MIT-BIH,237,2,237,train
MIT-slp04,MIT-slp04,MIT-BIH,238,2,238,train
MIT-slp04,MIT-slp04,MIT-BIH,239,2,239,train
MIT-slp04,MIT-slp04,MIT-BIH,240,2,240,train
MIT-slp04,MIT-slp04,MIT-BIH,241,2,241,train
MIT-slp04,MIT-slp04,MIT-BIH,242,2,242,train
MIT-slp04,MIT-slp04,MIT-BIH,243,2,243,train
MIT-slp04,MIT-slp04,MIT-BIH,244,2,244,train
MIT-slp04,MIT-slp04,MIT-BIH,245,2,245,train
MIT-slp04,MIT-slp04,MIT-BIH,246,2,246,train
MIT-slp04,MIT-slp04,MIT-BIH,247,2,247,train
MIT-slp04,MIT-slp04,MIT-BIH,248,2,248,train
MIT-slp04,MIT-slp04,MIT-BIH,249,2,249,train
MIT-slp04,MIT-slp04,MIT-BIH,250,2,250,train
MIT-slp04,MIT-slp04,MIT-BIH,251,2,251,train
MIT-slp04,MIT-slp04,MIT-BIH,252,2,252,train
MIT-slp04,MIT-slp04,MIT-BIH,253,2,253,train
MIT-slp04,MIT-slp04,MIT-BIH,254,2,254,train
MIT-slp04,MIT-slp04,MIT-BIH,255,2,255,train
MIT-slp04,MIT-slp04,MIT-BIH,256,2,256,train
MIT-slp04,MIT-slp04,MIT-BIH,257,2,257,train
MIT-slp04,MIT-slp04,MIT-BIH,258,2,258,train
MIT-slp04,MIT-slp04,MIT-BIH,259,2,259,train
MIT-slp04,MIT-slp04,MIT-BIH,260,2,260,train
MIT-slp04,MIT-slp04,MIT-BIH,261,2,261,train
MIT-slp04,MIT-slp04,MIT-BIH,262,2,262,train
MIT-slp04,MIT-slp04,MIT-BIH,263,2,263,train
MIT-slp04,MIT-slp04,MIT-BIH,264,2,264,train
MIT-slp04,MIT-slp04,MIT-BIH,265,2,265,train
MIT-slp04,MIT-slp04,MIT-BIH,266,2,266,train
MIT-slp04,MIT-slp04,MIT-BIH,267,2,267,train
MIT-slp04,MIT-slp04,MIT-BIH,268,2,268,train
MIT-slp04,MIT-slp04,MIT-BIH,269,2,269,train
MIT-slp04,MIT-slp04,MIT-BIH,270,2,270,train
MIT-slp04,MIT-slp04,MIT-BIH,271,2,271,train
MIT-slp04,MIT-slp04,MIT-BIH,272,2,272,train
MIT-slp04,MIT-slp04,MIT-BIH,273,2,273,train
MIT-slp04,MIT-slp04,MIT-BIH,274,2,274,train
MIT-slp04,MIT-slp04,MIT-BIH,275,2,275,train
MIT-slp04,MIT-slp04,MIT-BIH,276,2,276,train
MIT-slp04,MIT-slp04,MIT-BIH,277,2,277,train
MIT-slp04,MIT-slp04,MIT-BIH,278,2,278,train
MIT-slp04,MIT-slp04,MIT-BIH,279,2,279,train
MIT-slp04,MIT-slp04,MIT-BIH,280,2,280,train
MIT-slp04,MIT-slp04,MIT-BIH,281,2,281,train
MIT-slp04,MIT-slp04,MIT-BIH,282,2,282,train
MIT-slp04,MIT-slp04,MIT-BIH,283,2,283,train
MIT-slp04,MIT-slp04,MIT-BIH,284,2,284,train
MIT-slp04,MIT-slp04,MIT-BIH,285,2,285,train
MIT-slp04,MIT-slp04,MIT-BIH,286,2,286,train
MIT-slp04,MIT-slp04,MIT-BIH,287,2,287,train
MIT-slp04,MIT-slp04,MIT-BIH,288,2,288,train
MIT-slp04,MIT-slp04,MIT-BIH,289,2,289,train
MIT-slp04,MIT-slp04,MIT-BIH,290,2,290,train
MIT-slp04,MIT-slp04,MIT-BIH,291,2,291,train
MIT-slp04,MIT-slp04,MIT-BIH,292,2,292,train
MIT-slp04,MIT-slp04,MIT-BIH,293,2,293,train
MIT-slp04,MIT-slp04,MIT-BIH,294,2,294,train
MIT-slp04,MIT-slp04,MIT-BIH,295,2,295,train
MIT-slp04,MIT-slp04,MIT-BIH,296,2,296,train
MIT-slp04,MIT-slp04,MIT-BIH,297,2,297,train
MIT-slp04,MIT-slp04,MIT-BIH,298,2,298,train
MIT-slp04,MIT-slp04,MIT-BIH,299,2,299,train
MIT-slp04,MIT-slp04,MIT-BIH,300,2,300,train
MIT-slp04,MIT-slp04,MIT-BIH,301,2,301,train
MIT-slp04,MIT-slp04,MIT-BIH,302,2,302,train
MIT-slp04,MIT-slp04,MIT-BIH,303,2,303,train
MIT-slp04,MIT-slp04,MIT-BIH,304,2,304,train
MIT-slp04,MIT-slp04,MIT-BIH,305,2,305,train
MIT-slp04,MIT-slp04,MIT-BIH,306,2,306,train
MIT-slp04,MIT-slp04,MIT-BIH,307,2,307,train
MIT-slp04,MIT-slp04,MIT-BIH,308,2,308,train
MIT-slp04,MIT-slp04,MIT-BIH,309,2,309,train
MIT-slp04,MIT-slp04,MIT-BIH,310,2,310,train
MIT-slp04,MIT-slp04,MIT-BIH,311,2,311,train
MIT-slp04,MIT-slp04,MIT-BIH,312,2,312,train
MIT-slp04,MIT-slp04,MIT-BIH,313,2,313,train
MIT-slp04,MIT-slp04,MIT-BIH,314,2,314,train
MIT-slp04,MIT-slp04,MIT-BIH,315,2,315,train
MIT-slp04,MIT-slp04,MIT-BIH,316,0,316,train
MIT-slp04,MIT-slp04,MIT-BIH,317,0,317,train
MIT-slp04,MIT-slp04,MIT-BIH,318,0,318,train
MIT-slp04,MIT-slp04,MIT-BIH,319,1,319,train
MIT-slp04,MIT-slp04,MIT-BIH,320,1,320,train
MIT-slp04,MIT-slp04,MIT-BIH,321,2,321,train
MIT-slp04,MIT-slp04,MIT-BIH,322,2,322,train
MIT-slp04,MIT-slp04,MIT-BIH,323,2,323,train
MIT-slp04,MIT-slp04,MIT-BIH,324,2,324,train
MIT-slp04,MIT-slp04,MIT-BIH,325,2,325,train
MIT-slp04,MIT-slp04,MIT-BIH,326,2,326,train
MIT-slp04,MIT-slp04,MIT-BIH,327,2,327,train
MIT-slp04,MIT-slp04,MIT-BIH,328,2,328,train
MIT-slp04,MIT-slp04,MIT-BIH,329,2,329,train
MIT-slp04,MIT-slp04,MIT-BIH,330,2,330,train
MIT-slp04,MIT-slp04,MIT-BIH,331,2,331,train
MIT-slp04,MIT-slp04,MIT-BIH,332,2,332,train
MIT-slp04,MIT-slp04,MIT-BIH,333,2,333,train
MIT-slp04,MIT-slp04,MIT-BIH,334,2,334,train
MIT-slp04,MIT-slp04,MIT-BIH,335,2,335,train
MIT-slp04,MIT-slp04,MIT-BIH,336,2,336,train
MIT-slp04,MIT-slp04,MIT-BIH,337,2,337,train
MIT-slp04,MIT-slp04,MIT-BIH,338,2,338,train
MIT-slp04,MIT-slp04,MIT-BIH,339,2,339,train
MIT-slp04,MIT-slp04,MIT-BIH,340,2,340,train
MIT-slp04,MIT-slp04,MIT-BIH,341,2,341,train
MIT-slp04,MIT-slp04,MIT-BIH,342,2,342,train
MIT-slp04,MIT-slp04,MIT-BIH,343,2,343,train
MIT-slp04,MIT-slp04,MIT-BIH,344,2,344,train
MIT-slp04,MIT-slp04,MIT-BIH,345,2,345,train
MIT-slp04,MIT-slp04,MIT-BIH,346,2,346,train
MIT-slp04,MIT-slp04,MIT-BIH,347,2,347,train
MIT-slp04,MIT-slp04,MIT-BIH,348,2,348,train
MIT-slp04,MIT-slp04,MIT-BIH,349,2,349,train
MIT-slp04,MIT-slp04,MIT-BIH,350,2,350,train
MIT-slp04,MIT-slp04,MIT-BIH,351,2,351,train
MIT-slp04,MIT-slp04,MIT-BIH,352,2,352,train
MIT-slp04,MIT-slp04,MIT-BIH,353,2,353,train
MIT-slp04,MIT-slp04,MIT-BIH,354,2,354,train
MIT-slp04,MIT-slp04,MIT-BIH,355,2,355,train
MIT-slp04,MIT-slp04,MIT-BIH,356,2,356,train
MIT-slp04,MIT-slp04,MIT-BIH,357,2,357,train
MIT-slp04,MIT-slp04,MIT-BIH,358,2,358,train
MIT-slp04,MIT-slp04,MIT-BIH,359,2,359,train
MIT-slp04,MIT-slp04,MIT-BIH,360,2,360,train
MIT-slp04,MIT-slp04,MIT-BIH,361,2,361,train
MIT-slp04,MIT-slp04,MIT-BIH,362,2,362,train
MIT-slp04,MIT-slp04,MIT-BIH,363,2,363,train
MIT-slp04,MIT-slp04,MIT-BIH,364,2,364,train
MIT-slp04,MIT-slp04,MIT-BIH,365,2,365,train
MIT-slp04,MIT-slp04,MIT-BIH,366,2,366,train
MIT-slp04,MIT-slp04,MIT-BIH,367,2,367,train
MIT-slp04,MIT-slp04,MIT-BIH,368,2,368,train
MIT-slp04,MIT-slp04,MIT-BIH,369,2,369,train
MIT-slp04,MIT-slp04,MIT-BIH,370,2,370,train
MIT-slp04,MIT-slp04,MIT-BIH,371,2,371,train
MIT-slp04,MIT-slp04,MIT-BIH,372,2,372,train
MIT-slp04,MIT-slp04,MIT-BIH,373,4,373,train
MIT-slp04,MIT-slp04,MIT-BIH,374,4,374,train
MIT-slp04,MIT-slp04,MIT-BIH,375,0,375,train
MIT-slp04,MIT-slp04,MIT-BIH,376,0,376,train
MIT-slp04,MIT-slp04,MIT-BIH,377,0,377,train
MIT-slp04,MIT-slp04,MIT-BIH,378,0,378,train
MIT-slp04,MIT-slp04,MIT-BIH,379,0,379,train
MIT-slp04,MIT-slp04,MIT-BIH,380,0,380,train
MIT-slp04,MIT-slp04,MIT-BIH,381,0,381,train
MIT-slp04,MIT-slp04,MIT-BIH,382,0,382,train
MIT-slp04,MIT-slp04,MIT-BIH,383,0,383,train
MIT-slp04,MIT-slp04,MIT-BIH,384,0,384,train
MIT-slp04,MIT-slp04,MIT-BIH,385,0,385,train
MIT-slp04,MIT-slp04,MIT-BIH,386,0,386,train
MIT-slp04,MIT-slp04,MIT-BIH,387,0,387,train
MIT-slp04,MIT-slp04,MIT-BIH,388,0,388,train
MIT-slp04,MIT-slp04,MIT-BIH,389,0,389,train
MIT-slp04,MIT-slp04,MIT-BIH,390,0,390,train
MIT-slp04,MIT-slp04,MIT-BIH,391,0,391,train
MIT-slp04,MIT-slp04,MIT-BIH,392,0,392,train
MIT-slp04,MIT-slp04,MIT-BIH,393,0,393,train
MIT-slp04,MIT-slp04,MIT-BIH,394,0,394,train
MIT-slp04,MIT-slp04,MIT-BIH,395,0,395,train
MIT-slp04,MIT-slp04,MIT-BIH,396,0,396,train
MIT-slp04,MIT-slp04,MIT-BIH,397,0,397,train
MIT-slp04,MIT-slp04,MIT-BIH,398,0,398,train
MIT-slp04,MIT-slp04,MIT-BIH,399,0,399,train
MIT-slp04,MIT-slp04,MIT-BIH,400,0,400,train
MIT-slp04,MIT-slp04,MIT-BIH,401,0,401,train
MIT-slp04,MIT-slp04,MIT-BIH,402,1,402,train
MIT-slp04,MIT-slp04,MIT-BIH,403,1,403,train
MIT-slp04,MIT-slp04,MIT-BIH,404,1,404,train
MIT-slp04,MIT-slp04,MIT-BIH,405,0,405,train
MIT-slp04,MIT-slp04,MIT-BIH,406,0,406,train
MIT-slp04,MIT-slp04,MIT-BIH,407,0,407,train
MIT-slp04,MIT-slp04,MIT-BIH,408,0,408,train
MIT-slp04,MIT-slp04,MIT-BIH,409,0,409,train
MIT-slp04,MIT-slp04,MIT-BIH,410,0,410,train
MIT-slp04,MIT-slp04,MIT-BIH,411,0,411,train
MIT-slp04,MIT-slp04,MIT-BIH,412,0,412,train
MIT-slp04,MIT-slp04,MIT-BIH,413,0,413,train
MIT-slp04,MIT-slp04,MIT-BIH,414,0,414,train
MIT-slp04,MIT-slp04,MIT-BIH,415,0,415,train
MIT-slp04,MIT-slp04,MIT-BIH,416,0,416,train
MIT-slp04,MIT-slp04,MIT-BIH,417,0,417,train
MIT-slp04,MIT-slp04,MIT-BIH,418,0,418,train
MIT-slp04,MIT-slp04,MIT-BIH,419,0,419,train
MIT-slp04,MIT-slp04,MIT-BIH,420,0,420,train
MIT-slp04,MIT-slp04,MIT-BIH,421,0,421,train
MIT-slp04,MIT-slp04,MIT-BIH,422,0,422,train
MIT-slp04,MIT-slp04,MIT-BIH,423,0,423,train
MIT-slp04,MIT-slp04,MIT-BIH,424,0,424,train
MIT-slp04,MIT-slp04,MIT-BIH,425,0,425,train
MIT-slp04,MIT-slp04,MIT-BIH,426,1,426,train
MIT-slp04,MIT-slp04,MIT-BIH,427,0,427,train
MIT-slp04,MIT-slp04,MIT-BIH,428,0,428,train
MIT-slp04,MIT-slp04,MIT-BIH,429,0,429,train
MIT-slp04,MIT-slp04,MIT-BIH,430,0,430,train
MIT-slp04,MIT-slp04,MIT-BIH,431,0,431,train
MIT-slp04,MIT-slp04,MIT-BIH,432,0,432,train
MIT-slp04,MIT-slp04,MIT-BIH,433,0,433,train
MIT-slp04,MIT-slp04,MIT-BIH,434,0,434,train
MIT-slp04,MIT-slp04,MIT-BIH,435,0,435,train
MIT-slp04,MIT-slp04,MIT-BIH,436,0,436,train
MIT-slp04,MIT-slp04,MIT-BIH,437,0,437,train
MIT-slp04,MIT-slp04,MIT-BIH,438,0,438,train
MIT-slp04,MIT-slp04,MIT-BIH,439,0,439,train
MIT-slp04,MIT-slp04,MIT-BIH,440,0,440,train
MIT-slp04,MIT-slp04,MIT-BIH,441,0,441,train
MIT-slp04,MIT-slp04,MIT-BIH,442,0,442,train
MIT-slp04,MIT-slp04,MIT-BIH,443,0,443,train
MIT-slp04,MIT-slp04,MIT-BIH,444,0,444,train
MIT-slp04,MIT-slp04,MIT-BIH,445,0,445,train
MIT-slp04,MIT-slp04,MIT-BIH,446,0,446,train
MIT-slp04,MIT-slp04,MIT-BIH,447,0,447,train
MIT-slp04,MIT-slp04,MIT-BIH,448,0,448,train
MIT-slp04,MIT-slp04,MIT-BIH,449,0,449,train
MIT-slp04,MIT-slp04,MIT-BIH,450,0,450,train
MIT-slp04,MIT-slp04,MIT-BIH,451,0,451,train
MIT-slp04,MIT-slp04,MIT-BIH,452,0,452,train
MIT-slp04,MIT-slp04,MIT-BIH,453,0,453,train
MIT-slp04,MIT-slp04,MIT-BIH,454,0,454,train
MIT-slp04,MIT-slp04,MIT-BIH,455,0,455,train
MIT-slp04,MIT-slp04,MIT-BIH,456,0,456,train
MIT-slp04,MIT-slp04,MIT-BIH,457,0,457,train
MIT-slp04,MIT-slp04,MIT-BIH,458,0,458,train
MIT-slp04,MIT-slp04,MIT-BIH,459,0,459,train
MIT-slp04,MIT-slp04,MIT-BIH,460,0,460,train
MIT-slp04,MIT-slp04,MIT-BIH,461,0,461,train
MIT-slp04,MIT-slp04,MIT-BIH,462,0,462,train
MIT-slp04,MIT-slp04,MIT-BIH,463,0,463,train
MIT-slp04,MIT-slp04,MIT-BIH,464,0,464,train
MIT-slp04,MIT-slp04,MIT-BIH,465,0,465,train
MIT-slp04,MIT-slp04,MIT-BIH,466,0,466,train
MIT-slp04,MIT-slp04,MIT-BIH,467,0,467,train
MIT-slp04,MIT-slp04,MIT-BIH,468,0,468,train
MIT-slp04,MIT-slp04,MIT-BIH,469,0,469,train
MIT-slp04,MIT-slp04,MIT-BIH,470,0,470,train
MIT-slp04,MIT-slp04,MIT-BIH,471,0,471,train
MIT-slp04,MIT-slp04,MIT-BIH,472,0,472,train
MIT-slp04,MIT-slp04,MIT-BIH,473,0,473,train
MIT-slp04,MIT-slp04,MIT-BIH,474,0,474,train
MIT-slp04,MIT-slp04,MIT-BIH,475,0,475,train
MIT-slp04,MIT-slp04,MIT-BIH,476,0,476,train
MIT-slp04,MIT-slp04,MIT-BIH,477,1,477,train
MIT-slp04,MIT-slp04,MIT-BIH,478,1,478,train
MIT-slp04,MIT-slp04,MIT-BIH,479,1,479,train
MIT-slp04,MIT-slp04,MIT-BIH,480,1,480,train
MIT-slp04,MIT-slp04,MIT-BIH,481,2,481,train
MIT-slp04,MIT-slp04,MIT-BIH,482,2,482,train
MIT-slp04,MIT-slp04,MIT-BIH,483,2,483,train
MIT-slp04,MIT-slp04,MIT-BIH,484,2,484,train
MIT-slp04,MIT-slp04,MIT-BIH,485,2,485,train
MIT-slp04,MIT-slp04,MIT-BIH,486,2,486,train
MIT-slp04,MIT-slp04,MIT-BIH,487,2,487,train
MIT-slp04,MIT-slp04,MIT-BIH,488,2,488,train
MIT-slp04,MIT-slp04,MIT-BIH,489,2,489,train
MIT-slp04,MIT-slp04,MIT-BIH,490,2,490,train
MIT-slp04,MIT-slp04,MIT-BIH,491,2,491,train
MIT-slp04,MIT-slp04,MIT-BIH,492,2,492,train
MIT-slp04,MIT-slp04,MIT-BIH,493,2,493,train
MIT-slp04,MIT-slp04,MIT-BIH,494,2,494,train
MIT-slp04,MIT-slp04,MIT-BIH,495,2,495,train
MIT-slp04,MIT-slp04,MIT-BIH,496,2,496,train
MIT-slp04,MIT-slp04,MIT-BIH,497,2,497,train
MIT-slp04,MIT-slp04,MIT-BIH,498,2,498,train
MIT-slp04,MIT-slp04,MIT-BIH,499,2,499,train
MIT-slp04,MIT-slp04,MIT-BIH,500,2,500,train
MIT-slp04,MIT-slp04,MIT-BIH,501,0,501,train
MIT-slp04,MIT-slp04,MIT-BIH,502,0,502,train
MIT-slp04,MIT-slp04,MIT-BIH,503,1,503,train
MIT-slp04,MIT-slp04,MIT-BIH,504,2,504,train
MIT-slp04,MIT-slp04,MIT-BIH,505,2,505,train
MIT-slp04,MIT-slp04,MIT-BIH,506,2,506,train
MIT-slp04,MIT-slp04,MIT-BIH,507,2,507,train
MIT-slp04,MIT-slp04,MIT-BIH,508,2,508,train
MIT-slp04,MIT-slp04,MIT-BIH,509,2,509,train
MIT-slp04,MIT-slp04,MIT-BIH,510,2,510,train
MIT-slp04,MIT-slp04,MIT-BIH,511,2,511,train
MIT-slp04,MIT-slp04,MIT-BIH,512,2,512,train
MIT-slp04,MIT-slp04,MIT-BIH,513,2,513,train
MIT-slp04,MIT-slp04,MIT-BIH,514,2,514,train
MIT-slp04,MIT-slp04,MIT-BIH,515,2,515,train
MIT-slp04,MIT-slp04,MIT-BIH,516,2,516,train
MIT-slp04,MIT-slp04,MIT-BIH,517,2,517,train
MIT-slp04,MIT-slp04,MIT-BIH,518,2,518,train
MIT-slp04,MIT-slp04,MIT-BIH,519,2,519,train
MIT-slp04,MIT-slp04,MIT-BIH,520,2,520,train
MIT-slp04,MIT-slp04,MIT-BIH,521,2,521,train
MIT-slp04,MIT-slp04,MIT-BIH,522,2,522,train
MIT-slp04,MIT-slp04,MIT-BIH,523,2,523,train
MIT-slp04,MIT-slp04,MIT-BIH,524,2,524,train
MIT-slp04,MIT-slp04,MIT-BIH,525,2,525,train
MIT-slp04,MIT-slp04,MIT-BIH,526,2,526,train
MIT-slp04,MIT-slp04,MIT-BIH,527,2,527,train
MIT-slp04,MIT-slp04,MIT-BIH,528,2,528,train
MIT-slp04,MIT-slp04,MIT-BIH,529,2,529,train
MIT-slp04,MIT-slp04,MIT-BIH,530,1,530,train
MIT-slp04,MIT-slp04,MIT-BIH,531,1,531,train
MIT-slp04,MIT-slp04,MIT-BIH,532,1,532,train
MIT-slp04,MIT-slp04,MIT-BIH,533,1,533,train
MIT-slp04,MIT-slp04,MIT-BIH,534,1,534,train
MIT-slp04,MIT-slp04,MIT-BIH,535,2,535,train
MIT-slp04,MIT-slp04,MIT-BIH,536,2,536,train
MIT-slp04,MIT-slp04,MIT-BIH,537,2,537,train
MIT-slp04,MIT-slp04,MIT-BIH,538,2,538,train
MIT-slp04,MIT-slp04,MIT-BIH,539,2,539,train
MIT-slp04,MIT-slp04,MIT-BIH,540,2,540,train
MIT-slp04,MIT-slp04,MIT-BIH,541,2,541,train
MIT-slp04,MIT-slp04,MIT-BIH,542,2,542,train
MIT-slp04,MIT-slp04,MIT-BIH,543,2,543,train
MIT-slp04,MIT-slp04,MIT-BIH,544,2,544,train
MIT-slp04,MIT-slp04,MIT-BIH,545,2,545,train
MIT-slp04,MIT-slp04,MIT-BIH,546,2,546,train
MIT-slp04,MIT-slp04,MIT-BIH,547,2,547,train
MIT-slp04,MIT-slp04,MIT-BIH,548,2,548,train
MIT-slp04,MIT-slp04,MIT-BIH,549,2,549,train
MIT-slp04,MIT-slp04,MIT-BIH,550,2,550,train
MIT-slp04,MIT-slp04,MIT-BIH,551,2,551,train
MIT-slp04,MIT-slp04,MIT-BIH,552,2,552,train
MIT-slp04,MIT-slp04,MIT-BIH,553,2,553,train
MIT-slp04,MIT-slp04,MIT-BIH,554,2,554,train
MIT-slp04,MIT-slp04,MIT-BIH,555,2,555,train
MIT-slp04,MIT-slp04,MIT-BIH,556,2,556,train
MIT-slp04,MIT-slp04,MIT-BIH,557,2,557,train
MIT-slp04,MIT-slp04,MIT-BIH,558,2,558,train
MIT-slp04,MIT-slp04,MIT-BIH,559,2,559,train
MIT-slp04,MIT-slp04,MIT-BIH,560,2,560,train
MIT-slp04,MIT-slp04,MIT-BIH,561,3,561,train
MIT-slp04,MIT-slp04,MIT-BIH,562,2,562,train
MIT-slp04,MIT-slp04,MIT-BIH,563,3,563,train
MIT-slp04,MIT-slp04,MIT-BIH,564,2,564,train
MIT-slp04,MIT-slp04,MIT-BIH,565,3,565,train
MIT-slp04,MIT-slp04,MIT-BIH,566,2,566,train
MIT-slp04,MIT-slp04,MIT-BIH,567,3,567,train
MIT-slp04,MIT-slp04,MIT-BIH,568,2,568,train
MIT-slp04,MIT-slp04,MIT-BIH,569,2,569,train
MIT-slp04,MIT-slp04,MIT-BIH,570,2,570,train
MIT-slp04,MIT-slp04,MIT-BIH,571,2,571,train
MIT-slp04,MIT-slp04,MIT-BIH,572,2,572,train
MIT-slp04,MIT-slp04,MIT-BIH,573,2,573,train
MIT-slp04,MIT-slp04,MIT-BIH,574,2,574,train
MIT-slp04,MIT-slp04,MIT-BIH,575,3,575,train
MIT-slp04,MIT-slp04,MIT-BIH,576,2,576,train
MIT-slp04,MIT-slp04,MIT-BIH,577,3,577,train
MIT-slp04,MIT-slp04,MIT-BIH,578,2,578,train
MIT-slp04,MIT-slp04,MIT-BIH,579,3,579,train
MIT-slp04,MIT-slp04,MIT-BIH,580,3,580,train
MIT-slp04,MIT-slp04,MIT-BIH,581,2,581,train
MIT-slp04,MIT-slp04,MIT-BIH,582,3,582,train
MIT-slp04,MIT-slp04,MIT-BIH,583,3,583,train
MIT-slp04,MIT-slp04,MIT-BIH,584,3,584,train
MIT-slp04,MIT-slp04,MIT-BIH,585,2,585,train
MIT-slp04,MIT-slp04,MIT-BIH,586,2,586,train
MIT-slp04,MIT-slp04,MIT-BIH,587,2,587,train
MIT-slp04,MIT-slp04,MIT-BIH,588,0,588,train
MIT-slp04,MIT-slp04,MIT-BIH,589,0,589,train
MIT-slp04,MIT-slp04,MIT-BIH,590,2,590,train
MIT-slp04,MIT-slp04,MIT-BIH,591,2,591,train
MIT-slp04,MIT-slp04,MIT-BIH,592,2,592,train
MIT-slp04,MIT-slp04,MIT-BIH,593,2,593,train
MIT-slp04,MIT-slp04,MIT-BIH,594,2,594,train
MIT-slp04,MIT-slp04,MIT-BIH,595,2,595,train
MIT-slp04,MIT-slp04,MIT-BIH,596,1,596,train
MIT-slp04,MIT-slp04,MIT-BIH,597,1,597,train
MIT-slp04,MIT-slp04,MIT-BIH,598,1,598,train
MIT-slp04,MIT-slp04,MIT-BIH,599,1,599,train
MIT-slp04,MIT-slp04,MIT-BIH,600,1,600,train
MIT-slp04,MIT-slp04,MIT-BIH,601,1,601,train
MIT-slp04,MIT-slp04,MIT-BIH,602,1,602,train
MIT-slp04,MIT-slp04,MIT-BIH,603,1,603,train
MIT-slp04,MIT-slp04,MIT-BIH,604,1,604,train
MIT-slp04,MIT-slp04,MIT-BIH,605,1,605,train
MIT-slp04,MIT-slp04,MIT-BIH,606,1,606,train
MIT-slp04,MIT-slp04,MIT-BIH,607,1,607,train
MIT-slp04,MIT-slp04,MIT-BIH,608,1,608,train
MIT-slp04,MIT-slp04,MIT-BIH,609,1,609,train
MIT-slp04,MIT-slp04,MIT-BIH,610,1,610,train
MIT-slp04,MIT-slp04,MIT-BIH,611,1,611,train
MIT-slp04,MIT-slp04,MIT-BIH,612,1,612,train
MIT-slp04,MIT-slp04,MIT-BIH,613,1,613,train
MIT-slp04,MIT-slp04,MIT-BIH,614,1,614,train
MIT-slp04,MIT-slp04,MIT-BIH,615,0,615,train
MIT-slp04,MIT-slp04,MIT-BIH,616,0,616,train
MIT-slp04,MIT-slp04,MIT-BIH,617,1,617,train
MIT-slp04,MIT-slp04,MIT-BIH,618,2,618,train
MIT-slp04,MIT-slp04,MIT-BIH,619,2,619,train
MIT-slp04,MIT-slp04,MIT-BIH,620,2,620,train
MIT-slp04,MIT-slp04,MIT-BIH,621,2,621,train
MIT-slp04,MIT-slp04,MIT-BIH,622,2,622,train
MIT-slp04,MIT-slp04,MIT-BIH,623,2,623,train
MIT-slp04,MIT-slp04,MIT-BIH,624,2,624,train
MIT-slp04,MIT-slp04,MIT-BIH,625,2,625,train
MIT-slp04,MIT-slp04,MIT-BIH,626,2,626,train
MIT-slp04,MIT-slp04,MIT-BIH,627,2,627,train
MIT-slp04,MIT-slp04,MIT-BIH,628,2,628,train
MIT-slp04,MIT-slp04,MIT-BIH,629,2,629,train
MIT-slp04,MIT-slp04,MIT-BIH,630,2,630,train
MIT-slp04,MIT-slp04,MIT-BIH,631,2,631,train
MIT-slp04,MIT-slp04,MIT-BIH,632,2,632,train
MIT-slp04,MIT-slp04,MIT-BIH,633,4,633,train
MIT-slp04,MIT-slp04,MIT-BIH,634,4,634,train
MIT-slp04,MIT-slp04,MIT-BIH,635,4,635,train
MIT-slp04,MIT-slp04,MIT-BIH,636,4,636,train
MIT-slp04,MIT-slp04,MIT-BIH,637,4,637,train
MIT-slp04,MIT-slp04,MIT-BIH,638,4,638,train
MIT-slp04,MIT-slp04,MIT-BIH,639,4,639,train
MIT-slp04,MIT-slp04,MIT-BIH,640,4,640,train
MIT-slp04,MIT-slp04,MIT-BIH,641,4,641,train
MIT-slp04,MIT-slp04,MIT-BIH,642,4,642,train
MIT-slp04,MIT-slp04,MIT-BIH,643,4,643,train
MIT-slp04,MIT-slp04,MIT-BIH,644,4,644,train
MIT-slp04,MIT-slp04,MIT-BIH,645,4,645,train
MIT-slp04,MIT-slp04,MIT-BIH,646,4,646,train
MIT-slp04,MIT-slp04,MIT-BIH,647,4,647,train
MIT-slp04,MIT-slp04,MIT-BIH,648,4,648,train
MIT-slp04,MIT-slp04,MIT-BIH,649,4,649,train
MIT-slp04,MIT-slp04,MIT-BIH,650,0,650,train
MIT-slp04,MIT-slp04,MIT-BIH,651,0,651,train
MIT-slp04,MIT-slp04,MIT-BIH,652,1,652,train
MIT-slp04,MIT-slp04,MIT-BIH,653,1,653,train
MIT-slp04,MIT-slp04,MIT-BIH,654,2,654,train
MIT-slp04,MIT-slp04,MIT-BIH,655,2,655,train
MIT-slp04,MIT-slp04,MIT-BIH,656,2,656,train
MIT-slp04,MIT-slp04,MIT-BIH,657,2,657,train
MIT-slp04,MIT-slp04,MIT-BIH,658,2,658,train
MIT-slp04,MIT-slp04,MIT-BIH,659,2,659,train
MIT-slp04,MIT-slp04,MIT-BIH,660,2,660,train
MIT-slp04,MIT-slp04,MIT-BIH,661,2,661,train
MIT-slp04,MIT-slp04,MIT-BIH,662,2,662,train
MIT-slp04,MIT-slp04,MIT-BIH,663,4,663,train
MIT-slp04,MIT-slp04,MIT-BIH,664,4,664,train
MIT-slp04,MIT-slp04,MIT-BIH,665,4,665,train
MIT-slp04,MIT-slp04,MIT-BIH,666,4,666,train
MIT-slp04,MIT-slp04,MIT-BIH,667,1,667,train
MIT-slp04,MIT-slp04,MIT-BIH,668,2,668,train
MIT-slp04,MIT-slp04,MIT-BIH,669,2,669,train
MIT-slp04,MIT-slp04,MIT-BIH,670,2,670,train
MIT-slp04,MIT-slp04,MIT-BIH,671,2,671,train
MIT-slp04,MIT-slp04,MIT-BIH,672,2,672,train
MIT-slp04,MIT-slp04,MIT-BIH,673,2,673,train
MIT-slp04,MIT-slp04,MIT-BIH,674,2,674,train
MIT-slp04,MIT-slp04,MIT-BIH,675,2,675,train
MIT-slp04,MIT-slp04,MIT-BIH,676,2,676,train
MIT-slp04,MIT-slp04,MIT-BIH,677,2,677,train
MIT-slp04,MIT-slp04,MIT-BIH,678,2,678,train
MIT-slp04,MIT-slp04,MIT-BIH,679,2,679,train
MIT-slp04,MIT-slp04,MIT-BIH,680,2,680,train
MIT-slp04,MIT-slp04,MIT-BIH,681,2,681,train
MIT-slp04,MIT-slp04,MIT-BIH,682,2,682,train
MIT-slp04,MIT-slp04,MIT-BIH,683,2,683,train
MIT-slp04,MIT-slp04,MIT-BIH,684,2,684,train
MIT-slp04,MIT-slp04,MIT-BIH,685,2,685,train
MIT-slp04,MIT-slp04,MIT-BIH,686,2,686,train
MIT-slp04,MIT-slp04,MIT-BIH,687,2,687,train
MIT-slp04,MIT-slp04,MIT-BIH,688,2,688,train
MIT-slp04,MIT-slp04,MIT-BIH,689,2,689,train
MIT-slp04,MIT-slp04,MIT-BIH,690,2,690,train
MIT-slp04,MIT-slp04,MIT-BIH,691,2,691,train
MIT-slp04,MIT-slp04,MIT-BIH,692,2,692,train
MIT-slp04,MIT-slp04,MIT-BIH,693,2,693,train
MIT-slp04,MIT-slp04,MIT-BIH,694,2,694,train
MIT-slp04,MIT-slp04,MIT-BIH,695,2,695,train
MIT-slp04,MIT-slp04,MIT-BIH,696,2,696,train
MIT-slp04,MIT-slp04,MIT-BIH,697,2,697,train
MIT-slp04,MIT-slp04,MIT-BIH,698,2,698,train
MIT-slp04,MIT-slp04,MIT-BIH,699,2,699,train
MIT-slp04,MIT-slp04,MIT-BIH,700,2,700,train
MIT-slp04,MIT-slp04,MIT-BIH,701,2,701,train
MIT-slp04,MIT-slp04,MIT-BIH,702,2,702,train
MIT-slp04,MIT-slp04,MIT-BIH,703,2,703,train
MIT-slp04,MIT-slp04,MIT-BIH,704,2,704,train
MIT-slp04,MIT-slp04,MIT-BIH,705,2,705,train
MIT-slp04,MIT-slp04,MIT-BIH,706,2,706,train
MIT-slp04,MIT-slp04,MIT-BIH,707,2,707,train
MIT-slp04,MIT-slp04,MIT-BIH,708,2,708,train
MIT-slp04,MIT-slp04,MIT-BIH,709,2,709,train
MIT-slp04,MIT-slp04,MIT-BIH,710,2,710,train
MIT-slp04,MIT-slp04,MIT-BIH,711,2,711,train
MIT-slp04,MIT-slp04,MIT-BIH,712,0,712,train
MIT-slp04,MIT-slp04,MIT-BIH,713,0,713,train
MIT-slp04,MIT-slp04,MIT-BIH,714,0,714,train
MIT-slp04,MIT-slp04,MIT-BIH,715,0,715,train
MIT-slp04,MIT-slp04,MIT-BIH,716,0,716,train
MIT-slp04,MIT-slp04,MIT-BIH,717,0,717,train
MIT-slp04,MIT-slp04,MIT-BIH,718,0,718,train
MIT-slp04,MIT-slp04,MIT-BIH,719,0,719,train
MIT-slp14,MIT-slp14,MIT-BIH,6,0,0,train
MIT-slp14,MIT-slp14,MIT-BIH,7,0,1,train
MIT-slp14,MIT-slp14,MIT-BIH,8,0,2,train
MIT-slp14,MIT-slp14,MIT-BIH,9,0,3,train
MIT-slp14,MIT-slp14,MIT-BIH,10,0,4,train
MIT-slp14,MIT-slp14,MIT-BIH,11,0,5,train
MIT-slp14,MIT-slp14,MIT-BIH,12,0,6,train
MIT-slp14,MIT-slp14,MIT-BIH,13,0,7,train
MIT-slp14,MIT-slp14,MIT-BIH,14,0,8,train
MIT-slp14,MIT-slp14,MIT-BIH,15,0,9,train
MIT-slp14,MIT-slp14,MIT-BIH,16,1,10,train
MIT-slp14,MIT-slp14,MIT-BIH,17,0,11,train
MIT-slp14,MIT-slp14,MIT-BIH,18,0,12,train
MIT-slp14,MIT-slp14,MIT-BIH,19,0,13,train
MIT-slp14,MIT-slp14,MIT-BIH,20,0,14,train
MIT-slp14,MIT-slp14,MIT-BIH,21,0,15,train
MIT-slp14,MIT-slp14,MIT-BIH,22,1,16,train
MIT-slp14,MIT-slp14,MIT-BIH,23,1,17,train
MIT-slp14,MIT-slp14,MIT-BIH,24,1,18,train
MIT-slp14,MIT-slp14,MIT-BIH,25,1,19,train
MIT-slp14,MIT-slp14,MIT-BIH,26,1,20,train
MIT-slp14,MIT-slp14,MIT-BIH,27,1,21,train
MIT-slp14,MIT-slp14,MIT-BIH,28,1,22,train
MIT-slp14,MIT-slp14,MIT-BIH,29,2,23,train
MIT-slp14,MIT-slp14,MIT-BIH,30,1,24,train
MIT-slp14,MIT-slp14,MIT-BIH,31,1,25,train
MIT-slp14,MIT-slp14,MIT-BIH,32,1,26,train
MIT-slp14,MIT-slp14,MIT-BIH,33,1,27,train
MIT-slp14,MIT-slp14,MIT-BIH,34,1,28,train
MIT-slp14,MIT-slp14,MIT-BIH,35,2,29,train
MIT-slp14,MIT-slp14,MIT-BIH,36,2,30,train
MIT-slp14,MIT-slp14,MIT-BIH,37,2,31,train
MIT-slp14,MIT-slp14,MIT-BIH,38,1,32,train
MIT-slp14,MIT-slp14,MIT-BIH,39,2,33,train
MIT-slp14,MIT-slp14,MIT-BIH,40,1,34,train
MIT-slp14,MIT-slp14,MIT-BIH,41,1,35,train
MIT-slp14,MIT-slp14,MIT-BIH,42,2,36,train
MIT-slp14,MIT-slp14,MIT-BIH,43,2,37,train
MIT-slp14,MIT-slp14,MIT-BIH,44,2,38,train
MIT-slp14,MIT-slp14,MIT-BIH,45,2,39,train
MIT-slp14,MIT-slp14,MIT-BIH,46,2,40,train
MIT-slp14,MIT-slp14,MIT-BIH,47,1,41,train
MIT-slp14,MIT-slp14,MIT-BIH,48,2,42,train
MIT-slp14,MIT-slp14,MIT-BIH,49,2,43,train
MIT-slp14,MIT-slp14,MIT-BIH,50,2,44,train
MIT-slp14,MIT-slp14,MIT-BIH,51,1,45,train
MIT-slp14,MIT-slp14,MIT-BIH,52,1,46,train
MIT-slp14,MIT-slp14,MIT-BIH,53,2,47,train
MIT-slp14,MIT-slp14,MIT-BIH,54,2,48,train
MIT-slp14,MIT-slp14,MIT-BIH,55,2,49,train
MIT-slp14,MIT-slp14,MIT-BIH,56,1,50,train
MIT-slp14,MIT-slp14,MIT-BIH,57,0,51,train
MIT-slp14,MIT-slp14,MIT-BIH,58,0,52,train
MIT-slp14,MIT-slp14,MIT-BIH,59,0,53,train
MIT-slp14,MIT-slp14,MIT-BIH,60,0,54,train
MIT-slp14,MIT-slp14,MIT-BIH,61,1,55,train
MIT-slp14,MIT-slp14,MIT-BIH,62,1,56,train
MIT-slp14,MIT-slp14,MIT-BIH,63,2,57,train
MIT-slp14,MIT-slp14,MIT-BIH,64,2,58,train
MIT-slp14,MIT-slp14,MIT-BIH,65,2,59,train
MIT-slp14,MIT-slp14,MIT-BIH,66,2,60,train
MIT-slp14,MIT-slp14,MIT-BIH,67,1,61,train
MIT-slp14,MIT-slp14,MIT-BIH,68,2,62,train
MIT-slp14,MIT-slp14,MIT-BIH,69,2,63,train
MIT-slp14,MIT-slp14,MIT-BIH,70,2,64,train
MIT-slp14,MIT-slp14,MIT-BIH,71,2,65,train
MIT-slp14,MIT-slp14,MIT-BIH,72,2,66,train
MIT-slp14,MIT-slp14,MIT-BIH,74,1,67,train
MIT-slp14,MIT-slp14,MIT-BIH,75,2,68,train
MIT-slp14,MIT-slp14,MIT-BIH,76,2,69,train
MIT-slp14,MIT-slp14,MIT-BIH,77,2,70,train
MIT-slp14,MIT-slp14,MIT-BIH,78,2,71,train
MIT-slp14,MIT-slp14,MIT-BIH,79,2,72,train
MIT-slp14,MIT-slp14,MIT-BIH,80,2,73,train
MIT-slp14,MIT-slp14,MIT-BIH,81,2,74,train
MIT-slp14,MIT-slp14,MIT-BIH,82,2,75,train
MIT-slp14,MIT-slp14,MIT-BIH,83,2,76,train
MIT-slp14,MIT-slp14,MIT-BIH,84,3,77,train
MIT-slp14,MIT-slp14,MIT-BIH,85,3,78,train
MIT-slp14,MIT-slp14,MIT-BIH,86,3,79,train
MIT-slp14,MIT-slp14,MIT-BIH,87,3,80,train
MIT-slp14,MIT-slp14,MIT-BIH,88,3,81,train
MIT-slp14,MIT-slp14,MIT-BIH,89,3,82,train
MIT-slp14,MIT-slp14,MIT-BIH,90,3,83,train
MIT-slp14,MIT-slp14,MIT-BIH,91,3,84,train
MIT-slp14,MIT-slp14,MIT-BIH,92,3,85,train
MIT-slp14,MIT-slp14,MIT-BIH,93,3,86,train
MIT-slp14,MIT-slp14,MIT-BIH,94,3,87,train
MIT-slp14,MIT-slp14,MIT-BIH,95,3,88,train
MIT-slp14,MIT-slp14,MIT-BIH,96,3,89,train
MIT-slp14,MIT-slp14,MIT-BIH,97,3,90,train
MIT-slp14,MIT-slp14,MIT-BIH,98,3,91,train
MIT-slp14,MIT-slp14,MIT-BIH,99,3,92,train
MIT-slp14,MIT-slp14,MIT-BIH,100,2,93,train
MIT-slp14,MIT-slp14,MIT-BIH,101,2,94,train
MIT-slp14,MIT-slp14,MIT-BIH,102,2,95,train
MIT-slp14,MIT-slp14,MIT-BIH,103,2,96,train
MIT-slp14,MIT-slp14,MIT-BIH,104,3,97,train
MIT-slp14,MIT-slp14,MIT-BIH,105,3,98,train
MIT-slp14,MIT-slp14,MIT-BIH,106,3,99,train
MIT-slp14,MIT-slp14,MIT-BIH,107,3,100,train
MIT-slp14,MIT-slp14,MIT-BIH,108,3,101,train
MIT-slp14,MIT-slp14,MIT-BIH,109,3,102,train
MIT-slp14,MIT-slp14,MIT-BIH,110,3,103,train
MIT-slp14,MIT-slp14,MIT-BIH,111,3,104,train
MIT-slp14,MIT-slp14,MIT-BIH,112,3,105,train
MIT-slp14,MIT-slp14,MIT-BIH,113,2,106,train
MIT-slp14,MIT-slp14,MIT-BIH,114,3,107,train
MIT-slp14,MIT-slp14,MIT-BIH,115,3,108,train
MIT-slp14,MIT-slp14,MIT-BIH,116,2,109,train
MIT-slp14,MIT-slp14,MIT-BIH,117,3,110,train
MIT-slp14,MIT-slp14,MIT-BIH,118,3,111,train
MIT-slp14,MIT-slp14,MIT-BIH,119,3,112,train
MIT-slp14,MIT-slp14,MIT-BIH,120,3,113,train
MIT-slp14,MIT-slp14,MIT-BIH,121,3,114,train
MIT-slp14,MIT-slp14,MIT-BIH,122,3,115,train
MIT-slp14,MIT-slp14,MIT-BIH,123,3,116,train
MIT-slp14,MIT-slp14,MIT-BIH,124,3,117,train
MIT-slp14,MIT-slp14,MIT-BIH,125,3,118,train
MIT-slp14,MIT-slp14,MIT-BIH,126,3,119,train
MIT-slp14,MIT-slp14,MIT-BIH,127,2,120,train
MIT-slp14,MIT-slp14,MIT-BIH,128,3,121,train
MIT-slp14,MIT-slp14,MIT-BIH,129,3,122,train
MIT-slp14,MIT-slp14,MIT-BIH,130,3,123,train
MIT-slp14,MIT-slp14,MIT-BIH,131,2,124,train
MIT-slp14,MIT-slp14,MIT-BIH,132,3,125,train
MIT-slp14,MIT-slp14,MIT-BIH,133,3,126,train
MIT-slp14,MIT-slp14,MIT-BIH,134,0,127,train
MIT-slp14,MIT-slp14,MIT-BIH,135,0,128,train
MIT-slp14,MIT-slp14,MIT-BIH,136,1,129,train
MIT-slp14,MIT-slp14,MIT-BIH,137,1,130,train
MIT-slp14,MIT-slp14,MIT-BIH,138,2,131,train
MIT-slp14,MIT-slp14,MIT-BIH,139,1,132,train
MIT-slp14,MIT-slp14,MIT-BIH,140,1,133,train
MIT-slp14,MIT-slp14,MIT-BIH,141,0,134,train
MIT-slp14,MIT-slp14,MIT-BIH,142,1,135,train
MIT-slp14,MIT-slp14,MIT-BIH,143,1,136,train
MIT-slp14,MIT-slp14,MIT-BIH,144,2,137,train
MIT-slp14,MIT-slp14,MIT-BIH,145,2,138,train
MIT-slp14,MIT-slp14,MIT-BIH,146,1,139,train
MIT-slp14,MIT-slp14,MIT-BIH,147,1,140,train
MIT-slp14,MIT-slp14,MIT-BIH,148,2,141,train
MIT-slp14,MIT-slp14,MIT-BIH,149,2,142,train
MIT-slp14,MIT-slp14,MIT-BIH,150,2,143,train
MIT-slp14,MIT-slp14,MIT-BIH,151,1,144,train
MIT-slp14,MIT-slp14,MIT-BIH,152,2,145,train
MIT-slp14,MIT-slp14,MIT-BIH,153,1,146,train
MIT-slp14,MIT-slp14,MIT-BIH,154,1,147,train
MIT-slp14,MIT-slp14,MIT-BIH,155,1,148,train
MIT-slp14,MIT-slp14,MIT-BIH,156,2,149,train
MIT-slp14,MIT-slp14,MIT-BIH,157,0,150,train
MIT-slp14,MIT-slp14,MIT-BIH,158,0,151,train
MIT-slp14,MIT-slp14,MIT-BIH,159,0,152,train
MIT-slp14,MIT-slp14,MIT-BIH,160,0,153,train
MIT-slp14,MIT-slp14,MIT-BIH,161,0,154,train
MIT-slp14,MIT-slp14,MIT-BIH,162,1,155,train
MIT-slp14,MIT-slp14,MIT-BIH,163,1,156,train
MIT-slp14,MIT-slp14,MIT-BIH,164,2,157,train
MIT-slp14,MIT-slp14,MIT-BIH,165,1,158,train
MIT-slp14,MIT-slp14,MIT-BIH,166,1,159,train
MIT-slp14,MIT-slp14,MIT-BIH,167,1,160,train
MIT-slp14,MIT-slp14,MIT-BIH,168,1,161,train
MIT-slp14,MIT-slp14,MIT-BIH,169,1,162,train
MIT-slp14,MIT-slp14,MIT-BIH,170,1,163,train
MIT-slp14,MIT-slp14,MIT-BIH,171,4,164,train
MIT-slp14,MIT-slp14,MIT-BIH,172,4,165,train
MIT-slp14,MIT-slp14,MIT-BIH,173,4,166,train
MIT-slp14,MIT-slp14,MIT-BIH,174,4,167,train
MIT-slp14,MIT-slp14,MIT-BIH,175,4,168,train
MIT-slp14,MIT-slp14,MIT-BIH,176,4,169,train
MIT-slp14,MIT-slp14,MIT-BIH,177,4,170,train
MIT-slp14,MIT-slp14,MIT-BIH,178,4,171,train
MIT-slp14,MIT-slp14,MIT-BIH,179,4,172,train
MIT-slp14,MIT-slp14,MIT-BIH,180,1,173,train
MIT-slp14,MIT-slp14,MIT-BIH,181,4,174,train
MIT-slp14,MIT-slp14,MIT-BIH,182,4,175,train
MIT-slp14,MIT-slp14,MIT-BIH,183,4,176,train
MIT-slp14,MIT-slp14,MIT-BIH,184,4,177,train
MIT-slp14,MIT-slp14,MIT-BIH,185,4,178,train
MIT-slp14,MIT-slp14,MIT-BIH,186,4,179,train
MIT-slp14,MIT-slp14,MIT-BIH,187,4,180,train
MIT-slp14,MIT-slp14,MIT-BIH,188,4,181,train
MIT-slp14,MIT-slp14,MIT-BIH,189,4,182,train
MIT-slp14,MIT-slp14,MIT-BIH,190,4,183,train
MIT-slp14,MIT-slp14,MIT-BIH,191,4,184,train
MIT-slp14,MIT-slp14,MIT-BIH,192,4,185,train
MIT-slp14,MIT-slp14,MIT-BIH,193,4,186,train
MIT-slp14,MIT-slp14,MIT-BIH,194,4,187,train
MIT-slp14,MIT-slp14,MIT-BIH,195,4,188,train
MIT-slp14,MIT-slp14,MIT-BIH,196,4,189,train
MIT-slp14,MIT-slp14,MIT-BIH,197,4,190,train
MIT-slp14,MIT-slp14,MIT-BIH,198,4,191,train
MIT-slp14,MIT-slp14,MIT-BIH,199,4,192,train
MIT-slp14,MIT-slp14,MIT-BIH,200,4,193,train
MIT-slp14,MIT-slp14,MIT-BIH,201,4,194,train
MIT-slp14,MIT-slp14,MIT-BIH,202,4,195,train
MIT-slp14,MIT-slp14,MIT-BIH,203,4,196,train
MIT-slp14,MIT-slp14,MIT-BIH,204,4,197,train
MIT-slp14,MIT-slp14,MIT-BIH,205,4,198,train
MIT-slp14,MIT-slp14,MIT-BIH,206,4,199,train
MIT-slp14,MIT-slp14,MIT-BIH,207,4,200,train
MIT-slp14,MIT-slp14,MIT-BIH,208,1,201,train
MIT-slp14,MIT-slp14,MIT-BIH,209,1,202,train
MIT-slp14,MIT-slp14,MIT-BIH,210,1,203,train
MIT-slp14,MIT-slp14,MIT-BIH,211,1,204,train
MIT-slp14,MIT-slp14,MIT-BIH,212,1,205,train
MIT-slp14,MIT-slp14,MIT-BIH,213,1,206,train
MIT-slp14,MIT-slp14,MIT-BIH,214,1,207,train
MIT-slp14,MIT-slp14,MIT-BIH,215,2,208,train
MIT-slp14,MIT-slp14,MIT-BIH,216,1,209,train
MIT-slp14,MIT-slp14,MIT-BIH,217,1,210,train
MIT-slp14,MIT-slp14,MIT-BIH,218,2,211,train
MIT-slp14,MIT-slp14,MIT-BIH,219,2,212,train
MIT-slp14,MIT-slp14,MIT-BIH,220,1,213,train
MIT-slp14,MIT-slp14,MIT-BIH,221,1,214,train
MIT-slp14,MIT-slp14,MIT-BIH,222,1,215,train
MIT-slp14,MIT-slp14,MIT-BIH,223,1,216,train
MIT-slp14,MIT-slp14,MIT-BIH,224,1,217,train
MIT-slp14,MIT-slp14,MIT-BIH,225,1,218,train
MIT-slp14,MIT-slp14,MIT-BIH,226,2,219,train
MIT-slp14,MIT-slp14,MIT-BIH,227,1,220,train
MIT-slp14,MIT-slp14,MIT-BIH,228,1,221,train
MIT-slp14,MIT-slp14,MIT-BIH,229,2,222,train
MIT-slp14,MIT-slp14,MIT-BIH,230,2,223,train
MIT-slp14,MIT-slp14,MIT-BIH,231,1,224,train
MIT-slp14,MIT-slp14,MIT-BIH,232,2,225,train
MIT-slp14,MIT-slp14,MIT-BIH,233,1,226,train
MIT-slp14,MIT-slp14,MIT-BIH,234,1,227,train
MIT-slp14,MIT-slp14,MIT-BIH,235,2,228,train
MIT-slp14,MIT-slp14,MIT-BIH,236,2,229,train
MIT-slp14,MIT-slp14,MIT-BIH,237,1,230,train
MIT-slp14,MIT-slp14,MIT-BIH,238,1,231,train
MIT-slp14,MIT-slp14,MIT-BIH,239,2,232,train
MIT-slp14,MIT-slp14,MIT-BIH,240,2,233,train
MIT-slp14,MIT-slp14,MIT-BIH,241,1,234,train
MIT-slp14,MIT-slp14,MIT-BIH,242,2,235,train
MIT-slp14,MIT-slp14,MIT-BIH,243,2,236,train
MIT-slp14,MIT-slp14,MIT-BIH,244,1,237,train
MIT-slp14,MIT-slp14,MIT-BIH,245,1,238,train
MIT-slp14,MIT-slp14,MIT-BIH,246,2,239,train
MIT-slp14,MIT-slp14,MIT-BIH,247,2,240,train
MIT-slp14,MIT-slp14,MIT-BIH,248,1,241,train
MIT-slp14,MIT-slp14,MIT-BIH,249,2,242,train
MIT-slp14,MIT-slp14,MIT-BIH,250,2,243,train
MIT-slp14,MIT-slp14,MIT-BIH,251,1,244,train
MIT-slp14,MIT-slp14,MIT-BIH,252,2,245,train
MIT-slp14,MIT-slp14,MIT-BIH,253,2,246,train
MIT-slp14,MIT-slp14,MIT-BIH,254,2,247,train
MIT-slp14,MIT-slp14,MIT-BIH,255,1,248,train
MIT-slp14,MIT-slp14,MIT-BIH,256,2,249,train
MIT-slp14,MIT-slp14,MIT-BIH,257,1,250,train
MIT-slp14,MIT-slp14,MIT-BIH,258,0,251,train
MIT-slp14,MIT-slp14,MIT-BIH,259,0,252,train
MIT-slp14,MIT-slp14,MIT-BIH,260,0,253,train
MIT-slp14,MIT-slp14,MIT-BIH,261,0,254,train
MIT-slp14,MIT-slp14,MIT-BIH,262,0,255,train
MIT-slp14,MIT-slp14,MIT-BIH,263,0,256,train
MIT-slp14,MIT-slp14,MIT-BIH,264,0,257,train
MIT-slp14,MIT-slp14,MIT-BIH,265,0,258,train
MIT-slp14,MIT-slp14,MIT-BIH,266,0,259,train
MIT-slp14,MIT-slp14,MIT-BIH,267,0,260,train
MIT-slp14,MIT-slp14,MIT-BIH,268,1,261,train
MIT-slp14,MIT-slp14,MIT-BIH,269,1,262,train
MIT-slp14,MIT-slp14,MIT-BIH,270,1,263,train
MIT-slp14,MIT-slp14,MIT-BIH,271,1,264,train
MIT-slp14,MIT-slp14,MIT-BIH,272,1,265,train
MIT-slp14,MIT-slp14,MIT-BIH,273,1,266,train
MIT-slp14,MIT-slp14,MIT-BIH,274,2,267,train
MIT-slp14,MIT-slp14,MIT-BIH,275,1,268,train
MIT-slp14,MIT-slp14,MIT-BIH,276,1,269,train
MIT-slp14,MIT-slp14,MIT-BIH,277,2,270,train
MIT-slp14,MIT-slp14,MIT-BIH,278,2,271,train
MIT-slp14,MIT-slp14,MIT-BIH,279,2,272,train
MIT-slp14,MIT-slp14,MIT-BIH,280,0,273,train
MIT-slp14,MIT-slp14,MIT-BIH,281,0,274,train
MIT-slp14,MIT-slp14,MIT-BIH,282,0,275,train
MIT-slp14,MIT-slp14,MIT-BIH,283,0,276,train
MIT-slp14,MIT-slp14,MIT-BIH,284,0,277,train
MIT-slp14,MIT-slp14,MIT-BIH,285,1,278,train
MIT-slp14,MIT-slp14,MIT-BIH,286,0,279,train
MIT-slp14,MIT-slp14,MIT-BIH,287,1,280,train
MIT-slp14,MIT-slp14,MIT-BIH,288,1,281,train
MIT-slp14,MIT-slp14,MIT-BIH,289,2,282,train
MIT-slp14,MIT-slp14,MIT-BIH,290,2,283,train
MIT-slp14,MIT-slp14,MIT-BIH,291,1,284,train
MIT-slp14,MIT-slp14,MIT-BIH,292,1,285,train
MIT-slp14,MIT-slp14,MIT-BIH,293,2,286,train
MIT-slp14,MIT-slp14,MIT-BIH,294,2,287,train
MIT-slp14,MIT-slp14,MIT-BIH,295,1,288,train
MIT-slp14,MIT-slp14,MIT-BIH,296,1,289,train
MIT-slp14,MIT-slp14,MIT-BIH,297,2,290,train
MIT-slp14,MIT-slp14,MIT-BIH,298,2,291,train
MIT-slp14,MIT-slp14,MIT-BIH,299,0,292,train
MIT-slp14,MIT-slp14,MIT-BIH,300,0,293,train
MIT-slp14,MIT-slp14,MIT-BIH,301,1,294,train
MIT-slp14,MIT-slp14,MIT-BIH,302,1,295,train
MIT-slp14,MIT-slp14,MIT-BIH,303,1,296,train
MIT-slp14,MIT-slp14,MIT-BIH,304,1,297,train
MIT-slp14,MIT-slp14,MIT-BIH,305,2,298,train
MIT-slp14,MIT-slp14,MIT-BIH,306,2,299,train
MIT-slp14,MIT-slp14,MIT-BIH,307,1,300,train
MIT-slp14,MIT-slp14,MIT-BIH,308,2,301,train
MIT-slp14,MIT-slp14,MIT-BIH,309,2,302,train
MIT-slp14,MIT-slp14,MIT-BIH,310,0,303,train
MIT-slp14,MIT-slp14,MIT-BIH,311,1,304,train
MIT-slp14,MIT-slp14,MIT-BIH,312,1,305,train
MIT-slp14,MIT-slp14,MIT-BIH,313,1,306,train
MIT-slp14,MIT-slp14,MIT-BIH,314,2,307,train
MIT-slp14,MIT-slp14,MIT-BIH,315,1,308,train
MIT-slp14,MIT-slp14,MIT-BIH,316,1,309,train
MIT-slp14,MIT-slp14,MIT-BIH,317,1,310,train
MIT-slp14,MIT-slp14,MIT-BIH,318,1,311,train
MIT-slp14,MIT-slp14,MIT-BIH,319,1,312,train
MIT-slp14,MIT-slp14,MIT-BIH,320,2,313,train
MIT-slp14,MIT-slp14,MIT-BIH,321,1,314,train
MIT-slp14,MIT-slp14,MIT-BIH,322,2,315,train
MIT-slp14,MIT-slp14,MIT-BIH,323,1,316,train
MIT-slp14,MIT-slp14,MIT-BIH,324,2,317,train
MIT-slp14,MIT-slp14,MIT-BIH,325,2,318,train
MIT-slp14,MIT-slp14,MIT-BIH,326,0,319,train
MIT-slp14,MIT-slp14,MIT-BIH,327,1,320,train
MIT-slp14,MIT-slp14,MIT-BIH,328,1,321,train
MIT-slp14,MIT-slp14,MIT-BIH,329,0,322,train
MIT-slp14,MIT-slp14,MIT-BIH,330,0,323,train
MIT-slp14,MIT-slp14,MIT-BIH,331,0,324,train
MIT-slp14,MIT-slp14,MIT-BIH,332,0,325,train
MIT-slp14,MIT-slp14,MIT-BIH,333,0,326,train
MIT-slp14,MIT-slp14,MIT-BIH,334,0,327,train
MIT-slp14,MIT-slp14,MIT-BIH,335,0,328,train
MIT-slp14,MIT-slp14,MIT-BIH,336,0,329,train
MIT-slp14,MIT-slp14,MIT-BIH,337,0,330,train
MIT-slp14,MIT-slp14,MIT-BIH,338,0,331,train
MIT-slp14,MIT-slp14,MIT-BIH,339,0,332,train
MIT-slp14,MIT-slp14,MIT-BIH,340,0,333,train
MIT-slp14,MIT-slp14,MIT-BIH,341,0,334,train
MIT-slp14,MIT-slp14,MIT-BIH,342,0,335,train
MIT-slp14,MIT-slp14,MIT-BIH,343,0,336,train
MIT-slp14,MIT-slp14,MIT-BIH,344,0,337,train
MIT-slp14,MIT-slp14,MIT-BIH,345,0,338,train
MIT-slp14,MIT-slp14,MIT-BIH,346,0,339,train
MIT-slp14,MIT-slp14,MIT-BIH,347,0,340,train
MIT-slp14,MIT-slp14,MIT-BIH,348,0,341,train
MIT-slp14,MIT-slp14,MIT-BIH,349,0,342,train
MIT-slp14,MIT-slp14,MIT-BIH,350,0,343,train
MIT-slp14,MIT-slp14,MIT-BIH,351,0,344,train
MIT-slp14,MIT-slp14,MIT-BIH,352,0,345,train
MIT-slp14,MIT-slp14,MIT-BIH,353,0,346,train
MIT-slp14,MIT-slp14,MIT-BIH,354,0,347,train
MIT-slp14,MIT-slp14,MIT-BIH,355,0,348,train
MIT-slp14,MIT-slp14,MIT-BIH,356,0,349,train
MIT-slp14,MIT-slp14,MIT-BIH,357,0,350,train
MIT-slp14,MIT-slp14,MIT-BIH,358,0,351,train
MIT-slp14,MIT-slp14,MIT-BIH,359,0,352,train
MIT-slp14,MIT-slp14,MIT-BIH,360,0,353,train
MIT-slp14,MIT-slp14,MIT-BIH,361,0,354,train
MIT-slp14,MIT-slp14,MIT-BIH,362,0,355,train
MIT-slp14,MIT-slp14,MIT-BIH,363,0,356,train
MIT-slp14,MIT-slp14,MIT-BIH,364,0,357,train
MIT-slp14,MIT-slp14,MIT-BIH,365,0,358,train
MIT-slp14,MIT-slp14,MIT-BIH,366,0,359,train
MIT-slp14,MIT-slp14,MIT-BIH,367,0,360,train
MIT-slp14,MIT-slp14,MIT-BIH,368,0,361,train
MIT-slp14,MIT-slp14,MIT-BIH,369,0,362,train
MIT-slp14,MIT-slp14,MIT-BIH,370,0,363,train
MIT-slp14,MIT-slp14,MIT-BIH,371,0,364,train
MIT-slp14,MIT-slp14,MIT-BIH,372,0,365,train
MIT-slp14,MIT-slp14,MIT-BIH,373,0,366,train
MIT-slp14,MIT-slp14,MIT-BIH,374,0,367,train
MIT-slp14,MIT-slp14,MIT-BIH,375,0,368,train
MIT-slp14,MIT-slp14,MIT-BIH,376,0,369,train
MIT-slp14,MIT-slp14,MIT-BIH,377,0,370,train
MIT-slp14,MIT-slp14,MIT-BIH,378,0,371,train
MIT-slp14,MIT-slp14,MIT-BIH,379,0,372,train
MIT-slp14,MIT-slp14,MIT-BIH,380,0,373,train
MIT-slp14,MIT-slp14,MIT-BIH,381,0,374,train
MIT-slp14,MIT-slp14,MIT-BIH,382,0,375,train
MIT-slp14,MIT-slp14,MIT-BIH,383,0,376,train
MIT-slp14,MIT-slp14,MIT-BIH,384,0,377,train
MIT-slp14,MIT-slp14,MIT-BIH,385,0,378,train
MIT-slp14,MIT-slp14,MIT-BIH,386,0,379,train
MIT-slp14,MIT-slp14,MIT-BIH,387,0,380,train
MIT-slp14,MIT-slp14,MIT-BIH,388,0,381,train
MIT-slp14,MIT-slp14,MIT-BIH,389,0,382,train
MIT-slp14,MIT-slp14,MIT-BIH,390,0,383,train
MIT-slp14,MIT-slp14,MIT-BIH,391,0,384,train
MIT-slp14,MIT-slp14,MIT-BIH,392,0,385,train
MIT-slp14,MIT-slp14,MIT-BIH,393,0,386,train
MIT-slp14,MIT-slp14,MIT-BIH,394,0,387,train
MIT-slp14,MIT-slp14,MIT-BIH,395,0,388,train
MIT-slp14,MIT-slp14,MIT-BIH,396,0,389,train
MIT-slp14,MIT-slp14,MIT-BIH,397,0,390,train
MIT-slp14,MIT-slp14,MIT-BIH,398,0,391,train
MIT-slp14,MIT-slp14,MIT-BIH,399,1,392,train
MIT-slp14,MIT-slp14,MIT-BIH,400,0,393,train
MIT-slp14,MIT-slp14,MIT-BIH,401,0,394,train
MIT-slp14,MIT-slp14,MIT-BIH,402,0,395,train
MIT-slp14,MIT-slp14,MIT-BIH,403,0,396,train
MIT-slp14,MIT-slp14,MIT-BIH,404,0,397,train
MIT-slp14,MIT-slp14,MIT-BIH,405,0,398,train
MIT-slp14,MIT-slp14,MIT-BIH,406,0,399,train
MIT-slp14,MIT-slp14,MIT-BIH,407,0,400,train
MIT-slp14,MIT-slp14,MIT-BIH,408,0,401,train
MIT-slp14,MIT-slp14,MIT-BIH,409,0,402,train
MIT-slp14,MIT-slp14,MIT-BIH,410,0,403,train
MIT-slp14,MIT-slp14,MIT-BIH,411,0,404,train
MIT-slp14,MIT-slp14,MIT-BIH,412,0,405,train
MIT-slp14,MIT-slp14,MIT-BIH,413,0,406,train
MIT-slp14,MIT-slp14,MIT-BIH,414,0,407,train
MIT-slp14,MIT-slp14,MIT-BIH,415,0,408,train
MIT-slp14,MIT-slp14,MIT-BIH,416,0,409,train
MIT-slp14,MIT-slp14,MIT-BIH,417,0,410,train
MIT-slp14,MIT-slp14,MIT-BIH,418,0,411,train
MIT-slp14,MIT-slp14,MIT-BIH,419,0,412,train
MIT-slp14,MIT-slp14,MIT-BIH,420,0,413,train
MIT-slp14,MIT-slp14,MIT-BIH,421,0,414,train
MIT-slp14,MIT-slp14,MIT-BIH,422,0,415,train
MIT-slp14,MIT-slp14,MIT-BIH,423,0,416,train
MIT-slp14,MIT-slp14,MIT-BIH,424,0,417,train
MIT-slp14,MIT-slp14,MIT-BIH,425,0,418,train
MIT-slp14,MIT-slp14,MIT-BIH,426,0,419,train
MIT-slp14,MIT-slp14,MIT-BIH,427,0,420,train
MIT-slp14,MIT-slp14,MIT-BIH,428,0,421,train
MIT-slp14,MIT-slp14,MIT-BIH,429,0,422,train
MIT-slp14,MIT-slp14,MIT-BIH,430,0,423,train
MIT-slp14,MIT-slp14,MIT-BIH,431,0,424,train
MIT-slp14,MIT-slp14,MIT-BIH,432,0,425,train
MIT-slp14,MIT-slp14,MIT-BIH,433,0,426,train
MIT-slp14,MIT-slp14,MIT-BIH,434,0,427,train
MIT-slp14,MIT-slp14,MIT-BIH,435,0,428,train
MIT-slp14,MIT-slp14,MIT-BIH,436,0,429,train
MIT-slp14,MIT-slp14,MIT-BIH,437,0,430,train
MIT-slp14,MIT-slp14,MIT-BIH,438,0,431,train
MIT-slp14,MIT-slp14,MIT-BIH,439,0,432,train
MIT-slp14,MIT-slp14,MIT-BIH,440,0,433,train
MIT-slp14,MIT-slp14,MIT-BIH,441,0,434,train
MIT-slp14,MIT-slp14,MIT-BIH,442,0,435,train
MIT-slp14,MIT-slp14,MIT-BIH,443,0,436,train
MIT-slp14,MIT-slp14,MIT-BIH,444,0,437,train
MIT-slp14,MIT-slp14,MIT-BIH,445,0,438,train
MIT-slp14,MIT-slp14,MIT-BIH,446,0,439,train
MIT-slp14,MIT-slp14,MIT-BIH,447,0,440,train
MIT-slp14,MIT-slp14,MIT-BIH,448,0,441,train
MIT-slp14,MIT-slp14,MIT-BIH,449,0,442,train
MIT-slp14,MIT-slp14,MIT-BIH,450,0,443,train
MIT-slp14,MIT-slp14,MIT-BIH,451,0,444,train
MIT-slp14,MIT-slp14,MIT-BIH,452,0,445,train
MIT-slp14,MIT-slp14,MIT-BIH,453,0,446,train
MIT-slp14,MIT-slp14,MIT-BIH,454,0,447,train
MIT-slp14,MIT-slp14,MIT-BIH,455,0,448,train
MIT-slp14,MIT-slp14,MIT-BIH,456,0,449,train
MIT-slp14,MIT-slp14,MIT-BIH,457,0,450,train
MIT-slp14,MIT-slp14,MIT-BIH,458,0,451,train
MIT-slp14,MIT-slp14,MIT-BIH,459,0,452,train
MIT-slp14,MIT-slp14,MIT-BIH,460,0,453,train
MIT-slp14,MIT-slp14,MIT-BIH,461,0,454,train
MIT-slp14,MIT-slp14,MIT-BIH,462,0,455,train
MIT-slp14,MIT-slp14,MIT-BIH,463,0,456,train
MIT-slp14,MIT-slp14,MIT-BIH,464,0,457,train
MIT-slp14,MIT-slp14,MIT-BIH,465,0,458,train
MIT-slp14,MIT-slp14,MIT-BIH,466,0,459,train
MIT-slp14,MIT-slp14,MIT-BIH,467,0,460,train
MIT-slp14,MIT-slp14,MIT-BIH,468,0,461,train
MIT-slp14,MIT-slp14,MIT-BIH,469,0,462,train
MIT-slp14,MIT-slp14,MIT-BIH,470,0,463,train
MIT-slp14,MIT-slp14,MIT-BIH,471,0,464,train
MIT-slp14,MIT-slp14,MIT-BIH,472,0,465,train
MIT-slp14,MIT-slp14,MIT-BIH,473,0,466,train
MIT-slp14,MIT-slp14,MIT-BIH,474,0,467,train
MIT-slp14,MIT-slp14,MIT-BIH,475,0,468,train
MIT-slp14,MIT-slp14,MIT-BIH,476,0,469,train
MIT-slp14,MIT-slp14,MIT-BIH,477,0,470,train
MIT-slp14,MIT-slp14,MIT-BIH,478,0,471,train
MIT-slp14,MIT-slp14,MIT-BIH,479,0,472,train
MIT-slp14,MIT-slp14,MIT-BIH,480,0,473,train
MIT-slp14,MIT-slp14,MIT-BIH,481,0,474,train
MIT-slp14,MIT-slp14,MIT-BIH,482,0,475,train
MIT-slp14,MIT-slp14,MIT-BIH,483,0,476,train
MIT-slp14,MIT-slp14,MIT-BIH,484,0,477,train
MIT-slp14,MIT-slp14,MIT-BIH,485,0,478,train
MIT-slp14,MIT-slp14,MIT-BIH,486,0,479,train
MIT-slp14,MIT-slp14,MIT-BIH,487,0,480,train
MIT-slp14,MIT-slp14,MIT-BIH,488,0,481,train
MIT-slp14,MIT-slp14,MIT-BIH,489,0,482,train
MIT-slp14,MIT-slp14,MIT-BIH,490,1,483,train
MIT-slp14,MIT-slp14,MIT-BIH,491,0,484,train
MIT-slp14,MIT-slp14,MIT-BIH,492,0,485,train
MIT-slp14,MIT-slp14,MIT-BIH,493,0,486,train
MIT-slp14,MIT-slp14,MIT-BIH,494,0,487,train
MIT-slp14,MIT-slp14,MIT-BIH,495,0,488,train
MIT-slp14,MIT-slp14,MIT-BIH,496,0,489,train
MIT-slp14,MIT-slp14,MIT-BIH,497,1,490,train
MIT-slp14,MIT-slp14,MIT-BIH,498,1,491,train
MIT-slp14,MIT-slp14,MIT-BIH,499,1,492,train
MIT-slp14,MIT-slp14,MIT-BIH,500,0,493,train
MIT-slp14,MIT-slp14,MIT-BIH,501,1,494,train
MIT-slp14,MIT-slp14,MIT-BIH,502,1,495,train
MIT-slp14,MIT-slp14,MIT-BIH,503,0,496,train
MIT-slp14,MIT-slp14,MIT-BIH,504,1,497,train
MIT-slp14,MIT-slp14,MIT-BIH,505,1,498,train
MIT-slp14,MIT-slp14,MIT-BIH,506,0,499,train
MIT-slp14,MIT-slp14,MIT-BIH,507,0,500,train
MIT-slp14,MIT-slp14,MIT-BIH,508,0,501,train
MIT-slp14,MIT-slp14,MIT-BIH,509,0,502,train
MIT-slp14,MIT-slp14,MIT-BIH,510,0,503,train
MIT-slp14,MIT-slp14,MIT-BIH,511,0,504,train
MIT-slp14,MIT-slp14,MIT-BIH,512,0,505,train
MIT-slp14,MIT-slp14,MIT-BIH,513,0,506,train
MIT-slp14,MIT-slp14,MIT-BIH,514,0,507,train
MIT-slp14,MIT-slp14,MIT-BIH,515,0,508,train
MIT-slp14,MIT-slp14,MIT-BIH,516,0,509,train
MIT-slp14,MIT-slp14,MIT-BIH,517,1,510,train
MIT-slp14,MIT-slp14,MIT-BIH,518,1,511,train
MIT-slp14,MIT-slp14,MIT-BIH,519,1,512,train
MIT-slp14,MIT-slp14,MIT-BIH,520,0,513,train
MIT-slp14,MIT-slp14,MIT-BIH,521,1,514,train
MIT-slp14,MIT-slp14,MIT-BIH,522,1,515,train
MIT-slp14,MIT-slp14,MIT-BIH,523,1,516,train
MIT-slp14,MIT-slp14,MIT-BIH,524,1,517,train
MIT-slp14,MIT-slp14,MIT-BIH,525,1,518,train
MIT-slp14,MIT-slp14,MIT-BIH,526,0,519,train
MIT-slp14,MIT-slp14,MIT-BIH,527,0,520,train
MIT-slp14,MIT-slp14,MIT-BIH,528,0,521,train
MIT-slp14,MIT-slp14,MIT-BIH,529,0,522,train
MIT-slp14,MIT-slp14,MIT-BIH,530,0,523,train
MIT-slp14,MIT-slp14,MIT-BIH,531,0,524,train
MIT-slp14,MIT-slp14,MIT-BIH,532,1,525,train
MIT-slp14,MIT-slp14,MIT-BIH,533,0,526,train
MIT-slp14,MIT-slp14,MIT-BIH,534,1,527,train
MIT-slp14,MIT-slp14,MIT-BIH,535,1,528,train
MIT-slp14,MIT-slp14,MIT-BIH,536,1,529,train
MIT-slp14,MIT-slp14,MIT-BIH,537,1,530,train
MIT-slp14,MIT-slp14,MIT-BIH,538,1,531,train
MIT-slp14,MIT-slp14,MIT-BIH,539,1,532,train
MIT-slp14,MIT-slp14,MIT-BIH,540,0,533,train
MIT-slp14,MIT-slp14,MIT-BIH,541,0,534,train
MIT-slp14,MIT-slp14,MIT-BIH,542,0,535,train
MIT-slp14,MIT-slp14,MIT-BIH,543,1,536,train
MIT-slp14,MIT-slp14,MIT-BIH,544,0,537,train
MIT-slp14,MIT-slp14,MIT-BIH,545,1,538,train
MIT-slp14,MIT-slp14,MIT-BIH,546,1,539,train
MIT-slp14,MIT-slp14,MIT-BIH,547,1,540,train
MIT-slp14,MIT-slp14,MIT-BIH,548,0,541,train
MIT-slp14,MIT-slp14,MIT-BIH,549,1,542,train
MIT-slp14,MIT-slp14,MIT-BIH,550,1,543,train
MIT-slp14,MIT-slp14,MIT-BIH,551,0,544,train
MIT-slp14,MIT-slp14,MIT-BIH,552,0,545,train
MIT-slp14,MIT-slp14,MIT-BIH,553,1,546,train
MIT-slp14,MIT-slp14,MIT-BIH,554,0,547,train
MIT-slp14,MIT-slp14,MIT-BIH,555,0,548,train
MIT-slp14,MIT-slp14,MIT-BIH,556,0,549,train
MIT-slp14,MIT-slp14,MIT-BIH,557,0,550,train
MIT-slp14,MIT-slp14,MIT-BIH,558,0,551,train
MIT-slp14,MIT-slp14,MIT-BIH,559,0,552,train
MIT-slp14,MIT-slp14,MIT-BIH,560,0,553,train
MIT-slp14,MIT-slp14,MIT-BIH,561,0,554,train
MIT-slp14,MIT-slp14,MIT-BIH,562,1,555,train
MIT-slp14,MIT-slp14,MIT-BIH,563,1,556,train
MIT-slp14,MIT-slp14,MIT-BIH,564,2,557,train
MIT-slp14,MIT-slp14,MIT-BIH,565,2,558,train
MIT-slp14,MIT-slp14,MIT-BIH,566,2,559,train
MIT-slp14,MIT-slp14,MIT-BIH,567,2,560,train
MIT-slp14,MIT-slp14,MIT-BIH,568,2,561,train
MIT-slp14,MIT-slp14,MIT-BIH,569,0,562,train
MIT-slp14,MIT-slp14,MIT-BIH,570,1,563,train
MIT-slp14,MIT-slp14,MIT-BIH,571,2,564,train
MIT-slp14,MIT-slp14,MIT-BIH,572,0,565,train
MIT-slp14,MIT-slp14,MIT-BIH,573,0,566,train
MIT-slp14,MIT-slp14,MIT-BIH,574,0,567,train
MIT-slp14,MIT-slp14,MIT-BIH,575,1,568,train
MIT-slp14,MIT-slp14,MIT-BIH,576,0,569,train
MIT-slp14,MIT-slp14,MIT-BIH,577,0,570,train
MIT-slp14,MIT-slp14,MIT-BIH,578,0,571,train
MIT-slp14,MIT-slp14,MIT-BIH,579,0,572,train
MIT-slp14,MIT-slp14,MIT-BIH,580,1,573,train
MIT-slp14,MIT-slp14,MIT-BIH,581,1,574,train
MIT-slp14,MIT-slp14,MIT-BIH,582,1,575,train
MIT-slp14,MIT-slp14,MIT-BIH,583,2,576,train
MIT-slp14,MIT-slp14,MIT-BIH,584,2,577,train
MIT-slp14,MIT-slp14,MIT-BIH,585,2,578,train
MIT-slp14,MIT-slp14,MIT-BIH,586,0,579,train
MIT-slp14,MIT-slp14,MIT-BIH,587,0,580,train
MIT-slp14,MIT-slp14,MIT-BIH,588,0,581,train
MIT-slp14,MIT-slp14,MIT-BIH,589,0,582,train
MIT-slp14,MIT-slp14,MIT-BIH,590,1,583,train
MIT-slp14,MIT-slp14,MIT-BIH,591,1,584,train
MIT-slp14,MIT-slp14,MIT-BIH,592,1,585,train
MIT-slp14,MIT-slp14,MIT-BIH,593,1,586,train
MIT-slp14,MIT-slp14,MIT-BIH,594,1,587,train
MIT-slp14,MIT-slp14,MIT-BIH,595,1,588,train
MIT-slp14,MIT-slp14,MIT-BIH,596,0,589,train
MIT-slp14,MIT-slp14,MIT-BIH,597,1,590,train
MIT-slp14,MIT-slp14,MIT-BIH,598,1,591,train
MIT-slp14,MIT-slp14,MIT-BIH,599,1,592,train
MIT-slp14,MIT-slp14,MIT-BIH,600,1,593,train
MIT-slp14,MIT-slp14,MIT-BIH,601,1,594,train
MIT-slp14,MIT-slp14,MIT-BIH,602,2,595,train
MIT-slp14,MIT-slp14,MIT-BIH,603,1,596,train
MIT-slp14,MIT-slp14,MIT-BIH,604,2,597,train
MIT-slp14,MIT-slp14,MIT-BIH,605,2,598,train
MIT-slp14,MIT-slp14,MIT-BIH,606,1,599,train
MIT-slp14,MIT-slp14,MIT-BIH,607,0,600,train
MIT-slp14,MIT-slp14,MIT-BIH,608,0,601,train
MIT-slp14,MIT-slp14,MIT-BIH,609,0,602,train
MIT-slp14,MIT-slp14,MIT-BIH,610,0,603,train
MIT-slp14,MIT-slp14,MIT-BIH,611,0,604,train
MIT-slp14,MIT-slp14,MIT-BIH,612,0,605,train
MIT-slp14,MIT-slp14,MIT-BIH,613,0,606,train
MIT-slp14,MIT-slp14,MIT-BIH,614,1,607,train
MIT-slp14,MIT-slp14,MIT-BIH,615,1,608,train
MIT-slp14,MIT-slp14,MIT-BIH,616,1,609,train
MIT-slp14,MIT-slp14,MIT-BIH,617,2,610,train
MIT-slp14,MIT-slp14,MIT-BIH,618,2,611,train
MIT-slp14,MIT-slp14,MIT-BIH,619,1,612,train
MIT-slp14,MIT-slp14,MIT-BIH,620,2,613,train
MIT-slp14,MIT-slp14,MIT-BIH,621,2,614,train
MIT-slp14,MIT-slp14,MIT-BIH,622,2,615,train
MIT-slp14,MIT-slp14,MIT-BIH,623,1,616,train
MIT-slp14,MIT-slp14,MIT-BIH,624,2,617,train
MIT-slp14,MIT-slp14,MIT-BIH,625,2,618,train
MIT-slp14,MIT-slp14,MIT-BIH,626,0,619,train
MIT-slp14,MIT-slp14,MIT-BIH,627,1,620,train
MIT-slp14,MIT-slp14,MIT-BIH,628,1,621,train
MIT-slp14,MIT-slp14,MIT-BIH,629,2,622,train
MIT-slp14,MIT-slp14,MIT-BIH,630,1,623,train
MIT-slp14,MIT-slp14,MIT-BIH,631,2,624,train
MIT-slp14,MIT-slp14,MIT-BIH,632,2,625,train
MIT-slp14,MIT-slp14,MIT-BIH,633,2,626,train
MIT-slp14,MIT-slp14,MIT-BIH,634,2,627,train
MIT-slp14,MIT-slp14,MIT-BIH,635,0,628,train
MIT-slp14,MIT-slp14,MIT-BIH,636,0,629,train
MIT-slp14,MIT-slp14,MIT-BIH,637,0,630,train
MIT-slp14,MIT-slp14,MIT-BIH,638,1,631,train
MIT-slp14,MIT-slp14,MIT-BIH,639,1,632,train
MIT-slp14,MIT-slp14,MIT-BIH,640,1,633,train
MIT-slp14,MIT-slp14,MIT-BIH,641,1,634,train
MIT-slp14,MIT-slp14,MIT-BIH,642,2,635,train
MIT-slp14,MIT-slp14,MIT-BIH,643,2,636,train
MIT-slp14,MIT-slp14,MIT-BIH,644,1,637,train
MIT-slp14,MIT-slp14,MIT-BIH,645,2,638,train
MIT-slp14,MIT-slp14,MIT-BIH,646,2,639,train
MIT-slp14,MIT-slp14,MIT-BIH,647,2,640,train
MIT-slp14,MIT-slp14,MIT-BIH,648,2,641,train
MIT-slp14,MIT-slp14,MIT-BIH,649,1,642,train
MIT-slp14,MIT-slp14,MIT-BIH,650,0,643,train
MIT-slp14,MIT-slp14,MIT-BIH,651,0,644,train
MIT-slp14,MIT-slp14,MIT-BIH,652,0,645,train
MIT-slp14,MIT-slp14,MIT-BIH,653,0,646,train
MIT-slp14,MIT-slp14,MIT-BIH,654,0,647,train
MIT-slp14,MIT-slp14,MIT-BIH,655,0,648,train
MIT-slp14,MIT-slp14,MIT-BIH,656,0,649,train
MIT-slp14,MIT-slp14,MIT-BIH,657,1,650,train
MIT-slp14,MIT-slp14,MIT-BIH,658,0,651,train
MIT-slp14,MIT-slp14,MIT-BIH,659,0,652,train
MIT-slp14,MIT-slp14,MIT-BIH,660,1,653,train
MIT-slp14,MIT-slp14,MIT-BIH,661,1,654,train
MIT-slp14,MIT-slp14,MIT-BIH,662,1,655,train
MIT-slp14,MIT-slp14,MIT-BIH,663,2,656,train
MIT-slp14,MIT-slp14,MIT-BIH,664,2,657,train
MIT-slp14,MIT-slp14,MIT-BIH,665,2,658,train
MIT-slp14,MIT-slp14,MIT-BIH,666,1,659,train
MIT-slp14,MIT-slp14,MIT-BIH,667,2,660,train
MIT-slp14,MIT-slp14,MIT-BIH,668,1,661,train
MIT-slp14,MIT-slp14,MIT-BIH,669,1,662,train
MIT-slp14,MIT-slp14,MIT-BIH,670,0,663,train
MIT-slp14,MIT-slp14,MIT-BIH,671,0,664,train
MIT-slp14,MIT-slp14,MIT-BIH,672,0,665,train
MIT-slp14,MIT-slp14,MIT-BIH,673,0,666,train
MIT-slp14,MIT-slp14,MIT-BIH,674,0,667,train
MIT-slp14,MIT-slp14,MIT-BIH,675,0,668,train
MIT-slp14,MIT-slp14,MIT-BIH,676,0,669,train
MIT-slp14,MIT-slp14,MIT-BIH,677,0,670,train
MIT-slp14,MIT-slp14,MIT-BIH,678,0,671,train
MIT-slp14,MIT-slp14,MIT-BIH,679,0,672,train
MIT-slp14,MIT-slp14,MIT-BIH,680,0,673,train
MIT-slp14,MIT-slp14,MIT-BIH,681,0,674,train
MIT-slp14,MIT-slp14,MIT-BIH,682,0,675,train
MIT-slp14,MIT-slp14,MIT-BIH,683,0,676,train
MIT-slp14,MIT-slp14,MIT-BIH,684,0,677,train
MIT-slp14,MIT-slp14,MIT-BIH,685,0,678,train
MIT-slp14,MIT-slp14,MIT-BIH,686,0,679,train
MIT-slp14,MIT-slp14,MIT-BIH,687,0,680,train
MIT-slp14,MIT-slp14,MIT-BIH,688,0,681,train
MIT-slp14,MIT-slp14,MIT-BIH,689,0,682,train
MIT-slp14,MIT-slp14,MIT-BIH,690,0,683,train
MIT-slp14,MIT-slp14,MIT-BIH,691,0,684,train
MIT-slp14,MIT-slp14,MIT-BIH,692,0,685,train
MIT-slp14,MIT-slp14,MIT-BIH,693,0,686,train
MIT-slp14,MIT-slp14,MIT-BIH,694,1,687,train
MIT-slp14,MIT-slp14,MIT-BIH,695,0,688,train
MIT-slp14,MIT-slp14,MIT-BIH,696,0,689,train
MIT-slp14,MIT-slp14,MIT-BIH,697,0,690,train
MIT-slp14,MIT-slp14,MIT-BIH,698,0,691,train
MIT-slp14,MIT-slp14,MIT-BIH,699,0,692,train
MIT-slp14,MIT-slp14,MIT-BIH,700,0,693,train
MIT-slp14,MIT-slp14,MIT-BIH,701,0,694,train
MIT-slp14,MIT-slp14,MIT-BIH,702,0,695,train
MIT-slp14,MIT-slp14,MIT-BIH,703,0,696,train
MIT-slp14,MIT-slp14,MIT-BIH,704,0,697,train
MIT-slp14,MIT-slp14,MIT-BIH,705,1,698,train
MIT-slp14,MIT-slp14,MIT-BIH,706,1,699,train
MIT-slp14,MIT-slp14,MIT-BIH,707,1,700,train
MIT-slp14,MIT-slp14,MIT-BIH,708,0,701,train
MIT-slp14,MIT-slp14,MIT-BIH,709,0,702,train
MIT-slp14,MIT-slp14,MIT-BIH,710,0,703,train
MIT-slp14,MIT-slp14,MIT-BIH,711,1,704,train
MIT-slp14,MIT-slp14,MIT-BIH,712,2,705,train
MIT-slp14,MIT-slp14,MIT-BIH,713,0,706,train
MIT-slp14,MIT-slp14,MIT-BIH,714,0,707,train
MIT-slp14,MIT-slp14,MIT-BIH,715,1,708,train
MIT-slp14,MIT-slp14,MIT-BIH,716,1,709,train
MIT-slp14,MIT-slp14,MIT-BIH,717,1,710,train
MIT-slp14,MIT-slp14,MIT-BIH,718,1,711,train
MIT-slp14,MIT-slp14,MIT-BIH,719,1,712,train
MIT-slp16,MIT-slp16,MIT-BIH,26,0,0,train
MIT-slp16,MIT-slp16,MIT-BIH,27,0,1,train
MIT-slp16,MIT-slp16,MIT-BIH,28,0,2,train
MIT-slp16,MIT-slp16,MIT-BIH,29,0,3,train
MIT-slp16,MIT-slp16,MIT-BIH,30,0,4,train
MIT-slp16,MIT-slp16,MIT-BIH,31,0,5,train
MIT-slp16,MIT-slp16,MIT-BIH,32,0,6,train
MIT-slp16,MIT-slp16,MIT-BIH,33,0,7,train
MIT-slp16,MIT-slp16,MIT-BIH,34,0,8,train
MIT-slp16,MIT-slp16,MIT-BIH,35,0,9,train
MIT-slp16,MIT-slp16,MIT-BIH,36,0,10,train
MIT-slp16,MIT-slp16,MIT-BIH,37,0,11,train
MIT-slp16,MIT-slp16,MIT-BIH,38,0,12,train
MIT-slp16,MIT-slp16,MIT-BIH,39,0,13,train
MIT-slp16,MIT-slp16,MIT-BIH,40,1,14,train
MIT-slp16,MIT-slp16,MIT-BIH,41,0,15,train
MIT-slp16,MIT-slp16,MIT-BIH,42,1,16,train
MIT-slp16,MIT-slp16,MIT-BIH,43,1,17,train
MIT-slp16,MIT-slp16,MIT-BIH,44,0,18,train
MIT-slp16,MIT-slp16,MIT-BIH,45,1,19,train
MIT-slp16,MIT-slp16,MIT-BIH,46,0,20,train
MIT-slp16,MIT-slp16,MIT-BIH,47,1,21,train
MIT-slp16,MIT-slp16,MIT-BIH,48,0,22,train
MIT-slp16,MIT-slp16,MIT-BIH,49,1,23,train
MIT-slp16,MIT-slp16,MIT-BIH,50,1,24,train
MIT-slp16,MIT-slp16,MIT-BIH,51,1,25,train
MIT-slp16,MIT-slp16,MIT-BIH,52,1,26,train
MIT-slp16,MIT-slp16,MIT-BIH,53,1,27,train
MIT-slp16,MIT-slp16,MIT-BIH,54,1,28,train
MIT-slp16,MIT-slp16,MIT-BIH,55,0,29,train
MIT-slp16,MIT-slp16,MIT-BIH,56,0,30,train
MIT-slp16,MIT-slp16,MIT-BIH,57,1,31,train
MIT-slp16,MIT-slp16,MIT-BIH,58,1,32,train
MIT-slp16,MIT-slp16,MIT-BIH,59,1,33,train
MIT-slp16,MIT-slp16,MIT-BIH,60,1,34,train
MIT-slp16,MIT-slp16,MIT-BIH,61,1,35,train
MIT-slp16,MIT-slp16,MIT-BIH,62,1,36,train
MIT-slp16,MIT-slp16,MIT-BIH,63,1,37,train
MIT-slp16,MIT-slp16,MIT-BIH,64,1,38,train
MIT-slp16,MIT-slp16,MIT-BIH,65,1,39,train
MIT-slp16,MIT-slp16,MIT-BIH,66,1,40,train
MIT-slp16,MIT-slp16,MIT-BIH,67,1,41,train
MIT-slp16,MIT-slp16,MIT-BIH,68,1,42,train
MIT-slp16,MIT-slp16,MIT-BIH,69,1,43,train
MIT-slp16,MIT-slp16,MIT-BIH,70,0,44,train
MIT-slp16,MIT-slp16,MIT-BIH,71,0,45,train
MIT-slp16,MIT-slp16,MIT-BIH,72,0,46,train
MIT-slp16,MIT-slp16,MIT-BIH,73,0,47,train
MIT-slp16,MIT-slp16,MIT-BIH,74,0,48,train
MIT-slp16,MIT-slp16,MIT-BIH,75,0,49,train
MIT-slp16,MIT-slp16,MIT-BIH,76,0,50,train
MIT-slp16,MIT-slp16,MIT-BIH,77,0,51,train
MIT-slp16,MIT-slp16,MIT-BIH,78,0,52,train
MIT-slp16,MIT-slp16,MIT-BIH,79,0,53,train
MIT-slp16,MIT-slp16,MIT-BIH,80,0,54,train
MIT-slp16,MIT-slp16,MIT-BIH,81,0,55,train
MIT-slp16,MIT-slp16,MIT-BIH,82,1,56,train
MIT-slp16,MIT-slp16,MIT-BIH,83,0,57,train
MIT-slp16,MIT-slp16,MIT-BIH,84,0,58,train
MIT-slp16,MIT-slp16,MIT-BIH,85,0,59,train
MIT-slp16,MIT-slp16,MIT-BIH,86,0,60,train
MIT-slp16,MIT-slp16,MIT-BIH,87,0,61,train
MIT-slp16,MIT-slp16,MIT-BIH,88,0,62,train
MIT-slp16,MIT-slp16,MIT-BIH,89,0,63,train
MIT-slp16,MIT-slp16,MIT-BIH,90,0,64,train
MIT-slp16,MIT-slp16,MIT-BIH,91,0,65,train
MIT-slp16,MIT-slp16,MIT-BIH,92,0,66,train
MIT-slp16,MIT-slp16,MIT-BIH,93,0,67,train
MIT-slp16,MIT-slp16,MIT-BIH,94,1,68,train
MIT-slp16,MIT-slp16,MIT-BIH,95,1,69,train
MIT-slp16,MIT-slp16,MIT-BIH,96,1,70,train
MIT-slp16,MIT-slp16,MIT-BIH,97,1,71,train
MIT-slp16,MIT-slp16,MIT-BIH,98,1,72,train
MIT-slp16,MIT-slp16,MIT-BIH,99,1,73,train
MIT-slp16,MIT-slp16,MIT-BIH,100,1,74,train
MIT-slp16,MIT-slp16,MIT-BIH,101,0,75,train
MIT-slp16,MIT-slp16,MIT-BIH,102,1,76,train
MIT-slp16,MIT-slp16,MIT-BIH,103,1,77,train
MIT-slp16,MIT-slp16,MIT-BIH,104,1,78,train
MIT-slp16,MIT-slp16,MIT-BIH,105,1,79,train
MIT-slp16,MIT-slp16,MIT-BIH,106,1,80,train
MIT-slp16,MIT-slp16,MIT-BIH,107,1,81,train
MIT-slp16,MIT-slp16,MIT-BIH,108,1,82,train
MIT-slp16,MIT-slp16,MIT-BIH,109,1,83,train
MIT-slp16,MIT-slp16,MIT-BIH,110,1,84,train
MIT-slp16,MIT-slp16,MIT-BIH,111,1,85,train
MIT-slp16,MIT-slp16,MIT-BIH,112,1,86,train
MIT-slp16,MIT-slp16,MIT-BIH,113,1,87,train
MIT-slp16,MIT-slp16,MIT-BIH,114,1,88,train
MIT-slp16,MIT-slp16,MIT-BIH,115,1,89,train
MIT-slp16,MIT-slp16,MIT-BIH,116,1,90,train
MIT-slp16,MIT-slp16,MIT-BIH,117,1,91,train
MIT-slp16,MIT-slp16,MIT-BIH,118,1,92,train
MIT-slp16,MIT-slp16,MIT-BIH,119,1,93,train
MIT-slp16,MIT-slp16,MIT-BIH,120,1,94,train
MIT-slp16,MIT-slp16,MIT-BIH,121,1,95,train
MIT-slp16,MIT-slp16,MIT-BIH,122,2,96,train
MIT-slp16,MIT-slp16,MIT-BIH,123,2,97,train
MIT-slp16,MIT-slp16,MIT-BIH,124,2,98,train
MIT-slp16,MIT-slp16,MIT-BIH,125,2,99,train
MIT-slp16,MIT-slp16,MIT-BIH,126,1,100,train
MIT-slp16,MIT-slp16,MIT-BIH,127,1,101,train
MIT-slp16,MIT-slp16,MIT-BIH,128,1,102,train
MIT-slp16,MIT-slp16,MIT-BIH,129,1,103,train
MIT-slp16,MIT-slp16,MIT-BIH,130,1,104,train
MIT-slp16,MIT-slp16,MIT-BIH,131,1,105,train
MIT-slp16,MIT-slp16,MIT-BIH,132,1,106,train
MIT-slp16,MIT-slp16,MIT-BIH,133,1,107,train
MIT-slp16,MIT-slp16,MIT-BIH,134,1,108,train
MIT-slp16,MIT-slp16,MIT-BIH,135,1,109,train
MIT-slp16,MIT-slp16,MIT-BIH,136,1,110,train
MIT-slp16,MIT-slp16,MIT-BIH,137,1,111,train
MIT-slp16,MIT-slp16,MIT-BIH,138,2,112,train
MIT-slp16,MIT-slp16,MIT-BIH,139,2,113,train
MIT-slp16,MIT-slp16,MIT-BIH,140,2,114,train
MIT-slp16,MIT-slp16,MIT-BIH,141,2,115,train
MIT-slp16,MIT-slp16,MIT-BIH,142,2,116,train
MIT-slp16,MIT-slp16,MIT-BIH,143,2,117,train
MIT-slp16,MIT-slp16,MIT-BIH,144,2,118,train
MIT-slp16,MIT-slp16,MIT-BIH,145,2,119,train
MIT-slp16,MIT-slp16,MIT-BIH,146,2,120,train
MIT-slp16,MIT-slp16,MIT-BIH,147,2,121,train
MIT-slp16,MIT-slp16,MIT-BIH,148,2,122,train
MIT-slp16,MIT-slp16,MIT-BIH,149,2,123,train
MIT-slp16,MIT-slp16,MIT-BIH,150,2,124,train
MIT-slp16,MIT-slp16,MIT-BIH,151,2,125,train
MIT-slp16,MIT-slp16,MIT-BIH,152,2,126,train
MIT-slp16,MIT-slp16,MIT-BIH,153,2,127,train
MIT-slp16,MIT-slp16,MIT-BIH,154,2,128,train
MIT-slp16,MIT-slp16,MIT-BIH,155,2,129,train
MIT-slp16,MIT-slp16,MIT-BIH,156,2,130,train
MIT-slp16,MIT-slp16,MIT-BIH,157,2,131,train
MIT-slp16,MIT-slp16,MIT-BIH,158,2,132,train
MIT-slp16,MIT-slp16,MIT-BIH,159,2,133,train
MIT-slp16,MIT-slp16,MIT-BIH,160,2,134,train
MIT-slp16,MIT-slp16,MIT-BIH,161,0,135,train
MIT-slp16,MIT-slp16,MIT-BIH,162,2,136,train
MIT-slp16,MIT-slp16,MIT-BIH,163,2,137,train
MIT-slp16,MIT-slp16,MIT-BIH,164,2,138,train
MIT-slp16,MIT-slp16,MIT-BIH,165,2,139,train
MIT-slp16,MIT-slp16,MIT-BIH,166,2,140,train
MIT-slp16,MIT-slp16,MIT-BIH,167,2,141,train
MIT-slp16,MIT-slp16,MIT-BIH,168,2,142,train
MIT-slp16,MIT-slp16,MIT-BIH,169,2,143,train
MIT-slp16,MIT-slp16,MIT-BIH,170,2,144,train
MIT-slp16,MIT-slp16,MIT-BIH,171,2,145,train
MIT-slp16,MIT-slp16,MIT-BIH,172,2,146,train
MIT-slp16,MIT-slp16,MIT-BIH,173,2,147,train
MIT-slp16,MIT-slp16,MIT-BIH,174,2,148,train
MIT-slp16,MIT-slp16,MIT-BIH,175,2,149,train
MIT-slp16,MIT-slp16,MIT-BIH,176,2,150,train
MIT-slp16,MIT-slp16,MIT-BIH,177,2,151,train
MIT-slp16,MIT-slp16,MIT-BIH,178,2,152,train
MIT-slp16,MIT-slp16,MIT-BIH,179,2,153,train
MIT-slp16,MIT-slp16,MIT-BIH,180,2,154,train
MIT-slp16,MIT-slp16,MIT-BIH,181,2,155,train
MIT-slp16,MIT-slp16,MIT-BIH,182,2,156,train
MIT-slp16,MIT-slp16,MIT-BIH,183,2,157,train
MIT-slp16,MIT-slp16,MIT-BIH,184,2,158,train
MIT-slp16,MIT-slp16,MIT-BIH,185,2,159,train
MIT-slp16,MIT-slp16,MIT-BIH,186,2,160,train
MIT-slp16,MIT-slp16,MIT-BIH,187,2,161,train
MIT-slp16,MIT-slp16,MIT-BIH,188,2,162,train
MIT-slp16,MIT-slp16,MIT-BIH,189,2,163,train
MIT-slp16,MIT-slp16,MIT-BIH,190,2,164,train
MIT-slp16,MIT-slp16,MIT-BIH,191,2,165,train
MIT-slp16,MIT-slp16,MIT-BIH,192,2,166,train
MIT-slp16,MIT-slp16,MIT-BIH,193,2,167,train
MIT-slp16,MIT-slp16,MIT-BIH,194,2,168,train
MIT-slp16,MIT-slp16,MIT-BIH,195,2,169,train
MIT-slp16,MIT-slp16,MIT-BIH,196,2,170,train
MIT-slp16,MIT-slp16,MIT-BIH,197,0,171,train
MIT-slp16,MIT-slp16,MIT-BIH,198,1,172,train
MIT-slp16,MIT-slp16,MIT-BIH,199,0,173,train
MIT-slp16,MIT-slp16,MIT-BIH,200,1,174,train
MIT-slp16,MIT-slp16,MIT-BIH,201,2,175,train
MIT-slp16,MIT-slp16,MIT-BIH,202,2,176,train
MIT-slp16,MIT-slp16,MIT-BIH,203,2,177,train
MIT-slp16,MIT-slp16,MIT-BIH,204,2,178,train
MIT-slp16,MIT-slp16,MIT-BIH,205,2,179,train
MIT-slp16,MIT-slp16,MIT-BIH,206,2,180,train
MIT-slp16,MIT-slp16,MIT-BIH,207,2,181,train
MIT-slp16,MIT-slp16,MIT-BIH,208,2,182,train
MIT-slp16,MIT-slp16,MIT-BIH,209,2,183,train
MIT-slp16,MIT-slp16,MIT-BIH,210,2,184,train
MIT-slp16,MIT-slp16,MIT-BIH,211,2,185,train
MIT-slp16,MIT-slp16,MIT-BIH,212,2,186,train
MIT-slp16,MIT-slp16,MIT-BIH,213,2,187,train
MIT-slp16,MIT-slp16,MIT-BIH,214,2,188,train
MIT-slp16,MIT-slp16,MIT-BIH,215,2,189,train
MIT-slp16,MIT-slp16,MIT-BIH,216,2,190,train
MIT-slp16,MIT-slp16,MIT-BIH,217,2,191,train
MIT-slp16,MIT-slp16,MIT-BIH,218,2,192,train
MIT-slp16,MIT-slp16,MIT-BIH,219,2,193,train
MIT-slp16,MIT-slp16,MIT-BIH,220,2,194,train
MIT-slp16,MIT-slp16,MIT-BIH,221,2,195,train
MIT-slp16,MIT-slp16,MIT-BIH,222,2,196,train
MIT-slp16,MIT-slp16,MIT-BIH,223,2,197,train
MIT-slp16,MIT-slp16,MIT-BIH,224,2,198,train
MIT-slp16,MIT-slp16,MIT-BIH,225,2,199,train
MIT-slp16,MIT-slp16,MIT-BIH,226,2,200,train
MIT-slp16,MIT-slp16,MIT-BIH,227,2,201,train
MIT-slp16,MIT-slp16,MIT-BIH,228,2,202,train
MIT-slp16,MIT-slp16,MIT-BIH,229,2,203,train
MIT-slp16,MIT-slp16,MIT-BIH,230,2,204,train
MIT-slp16,MIT-slp16,MIT-BIH,231,2,205,train
MIT-slp16,MIT-slp16,MIT-BIH,232,0,206,train
MIT-slp16,MIT-slp16,MIT-BIH,233,0,207,train
MIT-slp16,MIT-slp16,MIT-BIH,234,1,208,train
MIT-slp16,MIT-slp16,MIT-BIH,235,2,209,train
MIT-slp16,MIT-slp16,MIT-BIH,236,2,210,train
MIT-slp16,MIT-slp16,MIT-BIH,237,2,211,train
MIT-slp16,MIT-slp16,MIT-BIH,238,2,212,train
MIT-slp16,MIT-slp16,MIT-BIH,239,2,213,train
MIT-slp16,MIT-slp16,MIT-BIH,240,2,214,train
MIT-slp16,MIT-slp16,MIT-BIH,241,2,215,train
MIT-slp16,MIT-slp16,MIT-BIH,242,2,216,train
MIT-slp16,MIT-slp16,MIT-BIH,243,2,217,train
MIT-slp16,MIT-slp16,MIT-BIH,244,2,218,train
MIT-slp16,MIT-slp16,MIT-BIH,245,2,219,train
MIT-slp16,MIT-slp16,MIT-BIH,246,2,220,train
MIT-slp16,MIT-slp16,MIT-BIH,247,2,221,train
MIT-slp16,MIT-slp16,MIT-BIH,248,2,222,train
MIT-slp16,MIT-slp16,MIT-BIH,249,2,223,train
MIT-slp16,MIT-slp16,MIT-BIH,250,2,224,train
MIT-slp16,MIT-slp16,MIT-BIH,251,2,225,train
MIT-slp16,MIT-slp16,MIT-BIH,252,2,226,train
MIT-slp16,MIT-slp16,MIT-BIH,253,2,227,train
MIT-slp16,MIT-slp16,MIT-BIH,254,2,228,train
MIT-slp16,MIT-slp16,MIT-BIH,255,0,229,train
MIT-slp16,MIT-slp16,MIT-BIH,256,0,230,train
MIT-slp16,MIT-slp16,MIT-BIH,257,0,231,train
MIT-slp16,MIT-slp16,MIT-BIH,258,1,232,train
MIT-slp16,MIT-slp16,MIT-BIH,259,1,233,train
MIT-slp16,MIT-slp16,MIT-BIH,260,1,234,train
MIT-slp16,MIT-slp16,MIT-BIH,261,2,235,train
MIT-slp16,MIT-slp16,MIT-BIH,262,2,236,train
MIT-slp16,MIT-slp16,MIT-BIH,263,2,237,train
MIT-slp16,MIT-slp16,MIT-BIH,264,2,238,train
MIT-slp16,MIT-slp16,MIT-BIH,265,2,239,train
MIT-slp16,MIT-slp16,MIT-BIH,266,2,240,train
MIT-slp16,MIT-slp16,MIT-BIH,267,2,241,train
MIT-slp16,MIT-slp16,MIT-BIH,268,2,242,train
MIT-slp16,MIT-slp16,MIT-BIH,269,0,243,train
MIT-slp16,MIT-slp16,MIT-BIH,270,1,244,train
MIT-slp16,MIT-slp16,MIT-BIH,271,2,245,train
MIT-slp16,MIT-slp16,MIT-BIH,272,2,246,train
MIT-slp16,MIT-slp16,MIT-BIH,273,2,247,train
MIT-slp16,MIT-slp16,MIT-BIH,274,2,248,train
MIT-slp16,MIT-slp16,MIT-BIH,275,2,249,train
MIT-slp16,MIT-slp16,MIT-BIH,276,2,250,train
MIT-slp16,MIT-slp16,MIT-BIH,277,2,251,train
MIT-slp16,MIT-slp16,MIT-BIH,278,0,252,train
MIT-slp16,MIT-slp16,MIT-BIH,279,2,253,train
MIT-slp16,MIT-slp16,MIT-BIH,280,2,254,train
MIT-slp16,MIT-slp16,MIT-BIH,281,2,255,train
MIT-slp16,MIT-slp16,MIT-BIH,282,2,256,train
MIT-slp16,MIT-slp16,MIT-BIH,283,2,257,train
MIT-slp16,MIT-slp16,MIT-BIH,284,2,258,train
MIT-slp16,MIT-slp16,MIT-BIH,285,2,259,train
MIT-slp16,MIT-slp16,MIT-BIH,286,2,260,train
MIT-slp16,MIT-slp16,MIT-BIH,287,0,261,train
MIT-slp16,MIT-slp16,MIT-BIH,288,0,262,train
MIT-slp16,MIT-slp16,MIT-BIH,289,2,263,train
MIT-slp16,MIT-slp16,MIT-BIH,290,2,264,train
MIT-slp16,MIT-slp16,MIT-BIH,291,0,265,train
MIT-slp16,MIT-slp16,MIT-BIH,292,0,266,train
MIT-slp16,MIT-slp16,MIT-BIH,293,0,267,train
MIT-slp16,MIT-slp16,MIT-BIH,294,0,268,train
MIT-slp16,MIT-slp16,MIT-BIH,295,0,269,train
MIT-slp16,MIT-slp16,MIT-BIH,296,0,270,train
MIT-slp16,MIT-slp16,MIT-BIH,297,0,271,train
MIT-slp16,MIT-slp16,MIT-BIH,298,0,272,train
MIT-slp16,MIT-slp16,MIT-BIH,299,0,273,train
MIT-slp16,MIT-slp16,MIT-BIH,300,0,274,train
MIT-slp16,MIT-slp16,MIT-BIH,301,0,275,train
MIT-slp16,MIT-slp16,MIT-BIH,302,0,276,train
MIT-slp16,MIT-slp16,MIT-BIH,303,0,277,train
MIT-slp16,MIT-slp16,MIT-BIH,304,0,278,train
MIT-slp16,MIT-slp16,MIT-BIH,305,0,279,train
MIT-slp16,MIT-slp16,MIT-BIH,306,1,280,train
MIT-slp16,MIT-slp16,MIT-BIH,307,1,281,train
MIT-slp16,MIT-slp16,MIT-BIH,308,1,282,train
MIT-slp16,MIT-slp16,MIT-BIH,309,0,283,train
MIT-slp16,MIT-slp16,MIT-BIH,310,0,284,train
MIT-slp16,MIT-slp16,MIT-BIH,311,0,285,train
MIT-slp16,MIT-slp16,MIT-BIH,312,0,286,train
MIT-slp16,MIT-slp16,MIT-BIH,313,0,287,train
MIT-slp16,MIT-slp16,MIT-BIH,314,1,288,train
MIT-slp16,MIT-slp16,MIT-BIH,315,1,289,train
MIT-slp16,MIT-slp16,MIT-BIH,316,1,290,train
MIT-slp16,MIT-slp16,MIT-BIH,317,0,291,train
MIT-slp16,MIT-slp16,MIT-BIH,318,1,292,train
MIT-slp16,MIT-slp16,MIT-BIH,319,0,293,train
MIT-slp16,MIT-slp16,MIT-BIH,320,1,294,train
MIT-slp16,MIT-slp16,MIT-BIH,321,0,295,train
MIT-slp16,MIT-slp16,MIT-BIH,322,4,296,train
MIT-slp16,MIT-slp16,MIT-BIH,323,0,297,train
MIT-slp16,MIT-slp16,MIT-BIH,324,4,298,train
MIT-slp16,MIT-slp16,MIT-BIH,325,4,299,train
MIT-slp16,MIT-slp16,MIT-BIH,326,4,300,train
MIT-slp16,MIT-slp16,MIT-BIH,327,4,301,train
MIT-slp16,MIT-slp16,MIT-BIH,328,0,302,train
MIT-slp16,MIT-slp16,MIT-BIH,329,4,303,train
MIT-slp16,MIT-slp16,MIT-BIH,330,0,304,train
MIT-slp16,MIT-slp16,MIT-BIH,331,4,305,train
MIT-slp16,MIT-slp16,MIT-BIH,332,4,306,train
MIT-slp16,MIT-slp16,MIT-BIH,333,0,307,train
MIT-slp16,MIT-slp16,MIT-BIH,334,4,308,train
MIT-slp16,MIT-slp16,MIT-BIH,335,4,309,train
MIT-slp16,MIT-slp16,MIT-BIH,336,4,310,train
MIT-slp16,MIT-slp16,MIT-BIH,337,0,311,train
MIT-slp16,MIT-slp16,MIT-BIH,338,4,312,train
MIT-slp16,MIT-slp16,MIT-BIH,339,0,313,train
MIT-slp16,MIT-slp16,MIT-BIH,340,0,314,train
MIT-slp16,MIT-slp16,MIT-BIH,341,4,315,train
MIT-slp16,MIT-slp16,MIT-BIH,342,1,316,train
MIT-slp16,MIT-slp16,MIT-BIH,343,1,317,train
MIT-slp16,MIT-slp16,MIT-BIH,344,0,318,train
MIT-slp16,MIT-slp16,MIT-BIH,345,0,319,train
MIT-slp16,MIT-slp16,MIT-BIH,346,1,320,train
MIT-slp16,MIT-slp16,MIT-BIH,347,0,321,train
MIT-slp16,MIT-slp16,MIT-BIH,348,4,322,train
MIT-slp16,MIT-slp16,MIT-BIH,349,4,323,train
MIT-slp16,MIT-slp16,MIT-BIH,350,4,324,train
MIT-slp16,MIT-slp16,MIT-BIH,351,4,325,train
MIT-slp16,MIT-slp16,MIT-BIH,352,4,326,train
MIT-slp16,MIT-slp16,MIT-BIH,353,0,327,train
MIT-slp16,MIT-slp16,MIT-BIH,354,0,328,train
MIT-slp16,MIT-slp16,MIT-BIH,355,1,329,train
MIT-slp16,MIT-slp16,MIT-BIH,356,0,330,train
MIT-slp16,MIT-slp16,MIT-BIH,357,0,331,train
MIT-slp16,MIT-slp16,MIT-BIH,358,0,332,train
MIT-slp16,MIT-slp16,MIT-BIH,359,0,333,train
MIT-slp16,MIT-slp16,MIT-BIH,360,0,334,train
MIT-slp16,MIT-slp16,MIT-BIH,361,0,335,train
MIT-slp16,MIT-slp16,MIT-BIH,362,0,336,train
MIT-slp16,MIT-slp16,MIT-BIH,363,0,337,train
MIT-slp16,MIT-slp16,MIT-BIH,364,0,338,train
MIT-slp16,MIT-slp16,MIT-BIH,365,0,339,train
MIT-slp16,MIT-slp16,MIT-BIH,366,0,340,train
MIT-slp16,MIT-slp16,MIT-BIH,367,0,341,train
MIT-slp16,MIT-slp16,MIT-BIH,368,0,342,train
MIT-slp16,MIT-slp16,MIT-BIH,369,0,343,train
MIT-slp16,MIT-slp16,MIT-BIH,370,0,344,train
MIT-slp16,MIT-slp16,MIT-BIH,371,0,345,train
MIT-slp16,MIT-slp16,MIT-BIH,372,0,346,train
MIT-slp16,MIT-slp16,MIT-BIH,373,0,347,train
MIT-slp16,MIT-slp16,MIT-BIH,374,0,348,train
MIT-slp16,MIT-slp16,MIT-BIH,375,0,349,train
MIT-slp16,MIT-slp16,MIT-BIH,376,0,350,train
MIT-slp16,MIT-slp16,MIT-BIH,377,0,351,train
MIT-slp16,MIT-slp16,MIT-BIH,378,0,352,train
MIT-slp16,MIT-slp16,MIT-BIH,379,0,353,train
MIT-slp16,MIT-slp16,MIT-BIH,380,0,354,train
MIT-slp16,MIT-slp16,MIT-BIH,381,0,355,train
MIT-slp16,MIT-slp16,MIT-BIH,382,0,356,train
MIT-slp16,MIT-slp16,MIT-BIH,383,0,357,train
MIT-slp16,MIT-slp16,MIT-BIH,384,0,358,train
MIT-slp16,MIT-slp16,MIT-BIH,385,0,359,train
MIT-slp16,MIT-slp16,MIT-BIH,386,0,360,train
MIT-slp16,MIT-slp16,MIT-BIH,387,0,361,train
MIT-slp16,MIT-slp16,MIT-BIH,388,0,362,train
MIT-slp16,MIT-slp16,MIT-BIH,389,0,363,train
MIT-slp16,MIT-slp16,MIT-BIH,390,0,364,train
MIT-slp16,MIT-slp16,MIT-BIH,391,0,365,train
MIT-slp16,MIT-slp16,MIT-BIH,392,0,366,train
MIT-slp16,MIT-slp16,MIT-BIH,393,0,367,train
MIT-slp16,MIT-slp16,MIT-BIH,394,0,368,train
MIT-slp16,MIT-slp16,MIT-BIH,395,0,369,train
MIT-slp16,MIT-slp16,MIT-BIH,396,0,370,train
MIT-slp16,MIT-slp16,MIT-BIH,397,0,371,train
MIT-slp16,MIT-slp16,MIT-BIH,398,0,372,train
MIT-slp16,MIT-slp16,MIT-BIH,399,0,373,train
MIT-slp16,MIT-slp16,MIT-BIH,400,0,374,train
MIT-slp16,MIT-slp16,MIT-BIH,401,0,375,train
MIT-slp16,MIT-slp16,MIT-BIH,402,0,376,train
MIT-slp16,MIT-slp16,MIT-BIH,403,0,377,train
MIT-slp16,MIT-slp16,MIT-BIH,404,0,378,train
MIT-slp16,MIT-slp16,MIT-BIH,405,0,379,train
MIT-slp16,MIT-slp16,MIT-BIH,406,0,380,train
MIT-slp16,MIT-slp16,MIT-BIH,407,0,381,train
MIT-slp16,MIT-slp16,MIT-BIH,408,0,382,train
MIT-slp16,MIT-slp16,MIT-BIH,409,0,383,train
MIT-slp16,MIT-slp16,MIT-BIH,410,0,384,train
MIT-slp16,MIT-slp16,MIT-BIH,411,0,385,train
MIT-slp16,MIT-slp16,MIT-BIH,412,0,386,train
MIT-slp16,MIT-slp16,MIT-BIH,413,0,387,train
MIT-slp16,MIT-slp16,MIT-BIH,414,0,388,train
MIT-slp16,MIT-slp16,MIT-BIH,415,0,389,train
MIT-slp16,MIT-slp16,MIT-BIH,416,0,390,train
MIT-slp16,MIT-slp16,MIT-BIH,417,0,391,train
MIT-slp16,MIT-slp16,MIT-BIH,418,0,392,train
MIT-slp16,MIT-slp16,MIT-BIH,419,0,393,train
MIT-slp16,MIT-slp16,MIT-BIH,420,0,394,train
MIT-slp16,MIT-slp16,MIT-BIH,421,0,395,train
MIT-slp16,MIT-slp16,MIT-BIH,422,0,396,train
MIT-slp16,MIT-slp16,MIT-BIH,423,0,397,train
MIT-slp16,MIT-slp16,MIT-BIH,424,0,398,train
MIT-slp16,MIT-slp16,MIT-BIH,425,0,399,train
MIT-slp16,MIT-slp16,MIT-BIH,426,0,400,train
MIT-slp16,MIT-slp16,MIT-BIH,427,0,401,train
MIT-slp16,MIT-slp16,MIT-BIH,428,0,402,train
MIT-slp16,MIT-slp16,MIT-BIH,429,0,403,train
MIT-slp16,MIT-slp16,MIT-BIH,430,0,404,train
MIT-slp16,MIT-slp16,MIT-BIH,431,0,405,train
MIT-slp16,MIT-slp16,MIT-BIH,432,0,406,train
MIT-slp16,MIT-slp16,MIT-BIH,433,0,407,train
MIT-slp16,MIT-slp16,MIT-BIH,434,0,408,train
MIT-slp16,MIT-slp16,MIT-BIH,435,0,409,train
MIT-slp16,MIT-slp16,MIT-BIH,436,0,410,train
MIT-slp16,MIT-slp16,MIT-BIH,437,0,411,train
MIT-slp16,MIT-slp16,MIT-BIH,438,0,412,train
MIT-slp16,MIT-slp16,MIT-BIH,439,0,413,train
MIT-slp16,MIT-slp16,MIT-BIH,440,0,414,train
MIT-slp16,MIT-slp16,MIT-BIH,441,0,415,train
MIT-slp16,MIT-slp16,MIT-BIH,442,0,416,train
MIT-slp16,MIT-slp16,MIT-BIH,443,0,417,train
MIT-slp16,MIT-slp16,MIT-BIH,444,0,418,train
MIT-slp16,MIT-slp16,MIT-BIH,445,0,419,train
MIT-slp16,MIT-slp16,MIT-BIH,446,0,420,train
MIT-slp16,MIT-slp16,MIT-BIH,447,0,421,train
MIT-slp16,MIT-slp16,MIT-BIH,448,0,422,train
MIT-slp16,MIT-slp16,MIT-BIH,449,0,423,train
MIT-slp16,MIT-slp16,MIT-BIH,450,0,424,train
MIT-slp16,MIT-slp16,MIT-BIH,451,0,425,train
MIT-slp16,MIT-slp16,MIT-BIH,452,0,426,train
MIT-slp16,MIT-slp16,MIT-BIH,453,0,427,train
MIT-slp16,MIT-slp16,MIT-BIH,454,0,428,train
MIT-slp16,MIT-slp16,MIT-BIH,455,0,429,train
MIT-slp16,MIT-slp16,MIT-BIH,456,0,430,train
MIT-slp16,MIT-slp16,MIT-BIH,457,0,431,train
MIT-slp16,MIT-slp16,MIT-BIH,458,0,432,train
MIT-slp16,MIT-slp16,MIT-BIH,459,0,433,train
MIT-slp16,MIT-slp16,MIT-BIH,460,0,434,train
MIT-slp16,MIT-slp16,MIT-BIH,461,0,435,train
MIT-slp16,MIT-slp16,MIT-BIH,462,0,436,train
MIT-slp16,MIT-slp16,MIT-BIH,463,0,437,train
MIT-slp16,MIT-slp16,MIT-BIH,464,0,438,train
MIT-slp16,MIT-slp16,MIT-BIH,465,0,439,train
MIT-slp16,MIT-slp16,MIT-BIH,466,0,440,train
MIT-slp16,MIT-slp16,MIT-BIH,467,0,441,train
MIT-slp16,MIT-slp16,MIT-BIH,468,0,442,train
MIT-slp16,MIT-slp16,MIT-BIH,469,0,443,train
MIT-slp16,MIT-slp16,MIT-BIH,470,0,444,train
MIT-slp16,MIT-slp16,MIT-BIH,471,0,445,train
MIT-slp16,MIT-slp16,MIT-BIH,472,0,446,train
MIT-slp16,MIT-slp16,MIT-BIH,473,0,447,train
MIT-slp16,MIT-slp16,MIT-BIH,474,0,448,train
MIT-slp16,MIT-slp16,MIT-BIH,475,0,449,train
MIT-slp16,MIT-slp16,MIT-BIH,476,0,450,train
MIT-slp16,MIT-slp16,MIT-BIH,477,0,451,train
MIT-slp16,MIT-slp16,MIT-BIH,478,0,452,train
MIT-slp16,MIT-slp16,MIT-BIH,479,0,453,train
MIT-slp16,MIT-slp16,MIT-BIH,480,0,454,train
MIT-slp16,MIT-slp16,MIT-BIH,481,0,455,train
MIT-slp16,MIT-slp16,MIT-BIH,482,0,456,train
MIT-slp16,MIT-slp16,MIT-BIH,483,0,457,train
MIT-slp16,MIT-slp16,MIT-BIH,484,0,458,train
MIT-slp16,MIT-slp16,MIT-BIH,485,0,459,train
MIT-slp16,MIT-slp16,MIT-BIH,486,0,460,train
MIT-slp16,MIT-slp16,MIT-BIH,487,0,461,train
MIT-slp16,MIT-slp16,MIT-BIH,488,0,462,train
MIT-slp16,MIT-slp16,MIT-BIH,489,0,463,train
MIT-slp16,MIT-slp16,MIT-BIH,490,0,464,train
MIT-slp16,MIT-slp16,MIT-BIH,491,0,465,train
MIT-slp16,MIT-slp16,MIT-BIH,492,0,466,train
MIT-slp16,MIT-slp16,MIT-BIH,493,0,467,train
MIT-slp16,MIT-slp16,MIT-BIH,494,0,468,train
MIT-slp16,MIT-slp16,MIT-BIH,495,1,469,train
MIT-slp16,MIT-slp16,MIT-BIH,496,0,470,train
MIT-slp16,MIT-slp16,MIT-BIH,497,0,471,train
MIT-slp16,MIT-slp16,MIT-BIH,498,0,472,train
MIT-slp16,MIT-slp16,MIT-BIH,499,0,473,train
MIT-slp16,MIT-slp16,MIT-BIH,500,0,474,train
MIT-slp16,MIT-slp16,MIT-BIH,501,0,475,train
MIT-slp16,MIT-slp16,MIT-BIH,502,0,476,train
MIT-slp16,MIT-slp16,MIT-BIH,503,0,477,train
MIT-slp16,MIT-slp16,MIT-BIH,504,0,478,train
MIT-slp16,MIT-slp16,MIT-BIH,505,0,479,train
MIT-slp16,MIT-slp16,MIT-BIH,506,0,480,train
MIT-slp16,MIT-slp16,MIT-BIH,507,0,481,train
MIT-slp16,MIT-slp16,MIT-BIH,508,0,482,train
MIT-slp16,MIT-slp16,MIT-BIH,509,0,483,train
MIT-slp16,MIT-slp16,MIT-BIH,510,0,484,train
MIT-slp16,MIT-slp16,MIT-BIH,511,0,485,train
MIT-slp16,MIT-slp16,MIT-BIH,512,0,486,train
MIT-slp16,MIT-slp16,MIT-BIH,513,0,487,train
MIT-slp16,MIT-slp16,MIT-BIH,514,0,488,train
MIT-slp16,MIT-slp16,MIT-BIH,515,0,489,train
MIT-slp16,MIT-slp16,MIT-BIH,516,0,490,train
MIT-slp16,MIT-slp16,MIT-BIH,517,0,491,train
MIT-slp16,MIT-slp16,MIT-BIH,518,0,492,train
MIT-slp16,MIT-slp16,MIT-BIH,519,0,493,train
MIT-slp16,MIT-slp16,MIT-BIH,520,0,494,train
MIT-slp16,MIT-slp16,MIT-BIH,521,0,495,train
MIT-slp16,MIT-slp16,MIT-BIH,522,0,496,train
MIT-slp16,MIT-slp16,MIT-BIH,523,0,497,train
MIT-slp16,MIT-slp16,MIT-BIH,524,0,498,train
MIT-slp16,MIT-slp16,MIT-BIH,525,0,499,train
MIT-slp16,MIT-slp16,MIT-BIH,526,0,500,train
MIT-slp16,MIT-slp16,MIT-BIH,527,0,501,train
MIT-slp16,MIT-slp16,MIT-BIH,528,0,502,train
MIT-slp16,MIT-slp16,MIT-BIH,529,0,503,train
MIT-slp16,MIT-slp16,MIT-BIH,530,0,504,train
MIT-slp16,MIT-slp16,MIT-BIH,531,0,505,train
MIT-slp16,MIT-slp16,MIT-BIH,532,0,506,train
MIT-slp16,MIT-slp16,MIT-BIH,533,0,507,train
MIT-slp16,MIT-slp16,MIT-BIH,534,0,508,train
MIT-slp16,MIT-slp16,MIT-BIH,535,0,509,train
MIT-slp16,MIT-slp16,MIT-BIH,536,0,510,train
MIT-slp16,MIT-slp16,MIT-BIH,537,0,511,train
MIT-slp16,MIT-slp16,MIT-BIH,538,0,512,train
MIT-slp16,MIT-slp16,MIT-BIH,539,0,513,train
MIT-slp16,MIT-slp16,MIT-BIH,540,0,514,train
MIT-slp16,MIT-slp16,MIT-BIH,541,0,515,train
MIT-slp16,MIT-slp16,MIT-BIH,542,0,516,train
MIT-slp16,MIT-slp16,MIT-BIH,543,0,517,train
MIT-slp16,MIT-slp16,MIT-BIH,544,0,518,train
MIT-slp16,MIT-slp16,MIT-BIH,545,0,519,train
MIT-slp16,MIT-slp16,MIT-BIH,546,0,520,train
MIT-slp16,MIT-slp16,MIT-BIH,547,0,521,train
MIT-slp16,MIT-slp16,MIT-BIH,548,0,522,train
MIT-slp16,MIT-slp16,MIT-BIH,549,0,523,train
MIT-slp16,MIT-slp16,MIT-BIH,550,1,524,train
MIT-slp16,MIT-slp16,MIT-BIH,551,1,525,train
MIT-slp16,MIT-slp16,MIT-BIH,552,1,526,train
MIT-slp16,MIT-slp16,MIT-BIH,553,1,527,train
MIT-slp16,MIT-slp16,MIT-BIH,554,2,528,train
MIT-slp16,MIT-slp16,MIT-BIH,555,2,529,train
MIT-slp16,MIT-slp16,MIT-BIH,556,2,530,train
MIT-slp16,MIT-slp16,MIT-BIH,557,2,531,train
MIT-slp16,MIT-slp16,MIT-BIH,558,2,532,train
MIT-slp16,MIT-slp16,MIT-BIH,559,2,533,train
MIT-slp16,MIT-slp16,MIT-BIH,560,2,534,train
MIT-slp16,MIT-slp16,MIT-BIH,561,2,535,train
MIT-slp16,MIT-slp16,MIT-BIH,562,2,536,train
MIT-slp16,MIT-slp16,MIT-BIH,563,2,537,train
MIT-slp16,MIT-slp16,MIT-BIH,564,2,538,train
MIT-slp16,MIT-slp16,MIT-BIH,565,2,539,train
MIT-slp16,MIT-slp16,MIT-BIH,566,2,540,train
MIT-slp16,MIT-slp16,MIT-BIH,567,2,541,train
MIT-slp16,MIT-slp16,MIT-BIH,568,0,542,train
MIT-slp16,MIT-slp16,MIT-BIH,569,1,543,train
MIT-slp16,MIT-slp16,MIT-BIH,570,1,544,train
MIT-slp16,MIT-slp16,MIT-BIH,571,0,545,train
MIT-slp16,MIT-slp16,MIT-BIH,572,0,546,train
MIT-slp16,MIT-slp16,MIT-BIH,573,1,547,train
MIT-slp16,MIT-slp16,MIT-BIH,574,1,548,train
MIT-slp16,MIT-slp16,MIT-BIH,575,0,549,train
MIT-slp16,MIT-slp16,MIT-BIH,576,0,550,train
MIT-slp16,MIT-slp16,MIT-BIH,577,1,551,train
MIT-slp16,MIT-slp16,MIT-BIH,578,1,552,train
MIT-slp16,MIT-slp16,MIT-BIH,579,1,553,train
MIT-slp16,MIT-slp16,MIT-BIH,580,1,554,train
MIT-slp16,MIT-slp16,MIT-BIH,581,2,555,train
MIT-slp16,MIT-slp16,MIT-BIH,582,0,556,train
MIT-slp16,MIT-slp16,MIT-BIH,583,2,557,train
MIT-slp16,MIT-slp16,MIT-BIH,584,2,558,train
MIT-slp16,MIT-slp16,MIT-BIH,585,2,559,train
MIT-slp16,MIT-slp16,MIT-BIH,586,2,560,train
MIT-slp16,MIT-slp16,MIT-BIH,587,2,561,train
MIT-slp16,MIT-slp16,MIT-BIH,588,2,562,train
MIT-slp16,MIT-slp16,MIT-BIH,589,2,563,train
MIT-slp16,MIT-slp16,MIT-BIH,590,2,564,train
MIT-slp16,MIT-slp16,MIT-BIH,591,2,565,train
MIT-slp16,MIT-slp16,MIT-BIH,592,2,566,train
MIT-slp16,MIT-slp16,MIT-BIH,593,2,567,train
MIT-slp16,MIT-slp16,MIT-BIH,594,2,568,train
MIT-slp16,MIT-slp16,MIT-BIH,595,2,569,train
MIT-slp16,MIT-slp16,MIT-BIH,596,2,570,train
MIT-slp16,MIT-slp16,MIT-BIH,597,2,571,train
MIT-slp16,MIT-slp16,MIT-BIH,598,2,572,train
MIT-slp16,MIT-slp16,MIT-BIH,599,2,573,train
MIT-slp16,MIT-slp16,MIT-BIH,600,2,574,train
MIT-slp16,MIT-slp16,MIT-BIH,601,2,575,train
MIT-slp16,MIT-slp16,MIT-BIH,602,2,576,train
MIT-slp16,MIT-slp16,MIT-BIH,603,2,577,train
MIT-slp16,MIT-slp16,MIT-BIH,604,2,578,train
MIT-slp16,MIT-slp16,MIT-BIH,605,3,579,train
MIT-slp16,MIT-slp16,MIT-BIH,606,3,580,train
MIT-slp16,MIT-slp16,MIT-BIH,607,3,581,train
MIT-slp16,MIT-slp16,MIT-BIH,608,3,582,train
MIT-slp16,MIT-slp16,MIT-BIH,609,3,583,train
MIT-slp16,MIT-slp16,MIT-BIH,610,3,584,train
MIT-slp16,MIT-slp16,MIT-BIH,611,3,585,train
MIT-slp16,MIT-slp16,MIT-BIH,612,3,586,train
MIT-slp16,MIT-slp16,MIT-BIH,613,3,587,train
MIT-slp16,MIT-slp16,MIT-BIH,614,3,588,train
MIT-slp16,MIT-slp16,MIT-BIH,615,3,589,train
MIT-slp16,MIT-slp16,MIT-BIH,616,3,590,train
MIT-slp16,MIT-slp16,MIT-BIH,617,3,591,train
MIT-slp16,MIT-slp16,MIT-BIH,618,3,592,train
MIT-slp16,MIT-slp16,MIT-BIH,619,3,593,train
MIT-slp16,MIT-slp16,MIT-BIH,620,3,594,train
MIT-slp16,MIT-slp16,MIT-BIH,621,3,595,train
MIT-slp16,MIT-slp16,MIT-BIH,622,3,596,train
MIT-slp16,MIT-slp16,MIT-BIH,623,3,597,train
MIT-slp16,MIT-slp16,MIT-BIH,624,3,598,train
MIT-slp16,MIT-slp16,MIT-BIH,625,3,599,train
MIT-slp16,MIT-slp16,MIT-BIH,626,3,600,train
MIT-slp16,MIT-slp16,MIT-BIH,627,3,601,train
MIT-slp16,MIT-slp16,MIT-BIH,628,3,602,train
MIT-slp16,MIT-slp16,MIT-BIH,629,0,603,train
MIT-slp16,MIT-slp16,MIT-BIH,630,0,604,train
MIT-slp16,MIT-slp16,MIT-BIH,631,1,605,train
MIT-slp16,MIT-slp16,MIT-BIH,632,1,606,train
MIT-slp16,MIT-slp16,MIT-BIH,633,0,607,train
MIT-slp16,MIT-slp16,MIT-BIH,634,1,608,train
MIT-slp16,MIT-slp16,MIT-BIH,635,1,609,train
MIT-slp16,MIT-slp16,MIT-BIH,636,0,610,train
MIT-slp16,MIT-slp16,MIT-BIH,637,0,611,train
MIT-slp16,MIT-slp16,MIT-BIH,638,1,612,train
MIT-slp16,MIT-slp16,MIT-BIH,639,0,613,train
MIT-slp16,MIT-slp16,MIT-BIH,640,1,614,train
MIT-slp16,MIT-slp16,MIT-BIH,641,1,615,train
MIT-slp16,MIT-slp16,MIT-BIH,642,1,616,train
MIT-slp16,MIT-slp16,MIT-BIH,643,2,617,train
MIT-slp16,MIT-slp16,MIT-BIH,644,2,618,train
MIT-slp16,MIT-slp16,MIT-BIH,645,1,619,train
MIT-slp16,MIT-slp16,MIT-BIH,646,1,620,train
MIT-slp16,MIT-slp16,MIT-BIH,647,2,621,train
MIT-slp16,MIT-slp16,MIT-BIH,648,2,622,train
MIT-slp16,MIT-slp16,MIT-BIH,649,2,623,train
MIT-slp16,MIT-slp16,MIT-BIH,650,2,624,train
MIT-slp16,MIT-slp16,MIT-BIH,651,4,625,train
MIT-slp16,MIT-slp16,MIT-BIH,652,4,626,train
MIT-slp16,MIT-slp16,MIT-BIH,653,4,627,train
MIT-slp16,MIT-slp16,MIT-BIH,654,4,628,train
MIT-slp16,MIT-slp16,MIT-BIH,655,4,629,train
MIT-slp16,MIT-slp16,MIT-BIH,656,4,630,train
MIT-slp16,MIT-slp16,MIT-BIH,657,4,631,train
MIT-slp16,MIT-slp16,MIT-BIH,658,4,632,train
MIT-slp16,MIT-slp16,MIT-BIH,659,4,633,train
MIT-slp16,MIT-slp16,MIT-BIH,660,4,634,train
MIT-slp16,MIT-slp16,MIT-BIH,661,4,635,train
MIT-slp16,MIT-slp16,MIT-BIH,662,4,636,train
MIT-slp16,MIT-slp16,MIT-BIH,663,4,637,train
MIT-slp16,MIT-slp16,MIT-BIH,664,4,638,train
MIT-slp16,MIT-slp16,MIT-BIH,665,4,639,train
MIT-slp16,MIT-slp16,MIT-BIH,666,4,640,train
MIT-slp16,MIT-slp16,MIT-BIH,667,4,641,train
MIT-slp16,MIT-slp16,MIT-BIH,668,4,642,train
MIT-slp16,MIT-slp16,MIT-BIH,669,4,643,train
MIT-slp16,MIT-slp16,MIT-BIH,670,4,644,train
MIT-slp16,MIT-slp16,MIT-BIH,671,4,645,train
MIT-slp16,MIT-slp16,MIT-BIH,672,4,646,train
MIT-slp16,MIT-slp16,MIT-BIH,673,4,647,train
MIT-slp16,MIT-slp16,MIT-BIH,674,4,648,train
MIT-slp16,MIT-slp16,MIT-BIH,675,4,649,train
MIT-slp16,MIT-slp16,MIT-BIH,676,4,650,train
MIT-slp16,MIT-slp16,MIT-BIH,677,4,651,train
MIT-slp16,MIT-slp16,MIT-BIH,678,4,652,train
MIT-slp16,MIT-slp16,MIT-BIH,679,4,653,train
MIT-slp16,MIT-slp16,MIT-BIH,680,4,654,train
MIT-slp16,MIT-slp16,MIT-BIH,681,4,655,train
MIT-slp16,MIT-slp16,MIT-BIH,682,4,656,train
MIT-slp16,MIT-slp16,MIT-BIH,683,4,657,train
MIT-slp16,MIT-slp16,MIT-BIH,684,4,658,train
MIT-slp16,MIT-slp16,MIT-BIH,685,4,659,train
MIT-slp16,MIT-slp16,MIT-BIH,686,4,660,train
MIT-slp16,MIT-slp16,MIT-BIH,687,4,661,train
MIT-slp16,MIT-slp16,MIT-BIH,688,4,662,train
MIT-slp16,MIT-slp16,MIT-BIH,689,4,663,train
MIT-slp16,MIT-slp16,MIT-BIH,690,4,664,train
MIT-slp16,MIT-slp16,MIT-BIH,691,4,665,train
MIT-slp16,MIT-slp16,MIT-BIH,692,4,666,train
MIT-slp16,MIT-slp16,MIT-BIH,693,4,667,train
MIT-slp16,MIT-slp16,MIT-BIH,694,4,668,train
MIT-slp16,MIT-slp16,MIT-BIH,695,4,669,train
MIT-slp16,MIT-slp16,MIT-BIH,696,4,670,train
MIT-slp16,MIT-slp16,MIT-BIH,697,4,671,train
MIT-slp16,MIT-slp16,MIT-BIH,698,0,672,train
MIT-slp16,MIT-slp16,MIT-BIH,699,0,673,train
MIT-slp16,MIT-slp16,MIT-BIH,700,0,674,train
MIT-slp16,MIT-slp16,MIT-BIH,701,0,675,train
MIT-slp16,MIT-slp16,MIT-BIH,702,0,676,train
MIT-slp16,MIT-slp16,MIT-BIH,703,0,677,train
MIT-slp16,MIT-slp16,MIT-BIH,704,1,678,train
MIT-slp16,MIT-slp16,MIT-BIH,705,0,679,train
MIT-slp16,MIT-slp16,MIT-BIH,706,0,680,train
MIT-slp16,MIT-slp16,MIT-BIH,707,0,681,train
MIT-slp16,MIT-slp16,MIT-BIH,708,0,682,train
MIT-slp16,MIT-slp16,MIT-BIH,709,0,683,train
MIT-slp16,MIT-slp16,MIT-BIH,710,0,684,train
MIT-slp16,MIT-slp16,MIT-BIH,711,0,685,train
MIT-slp16,MIT-slp16,MIT-BIH,712,0,686,train
MIT-slp16,MIT-slp16,MIT-BIH,713,0,687,train
MIT-slp16,MIT-slp16,MIT-BIH,714,1,688,train
MIT-slp16,MIT-slp16,MIT-BIH,715,0,689,train
MIT-slp16,MIT-slp16,MIT-BIH,716,0,690,train
MIT-slp16,MIT-slp16,MIT-BIH,717,0,691,train
MIT-slp16,MIT-slp16,MIT-BIH,718,0,692,train
MIT-slp16,MIT-slp16,MIT-BIH,719,0,693,train
MIT-slp32,MIT-slp32,MIT-BIH,0,0,0,train
MIT-slp32,MIT-slp32,MIT-BIH,1,0,1,train
MIT-slp32,MIT-slp32,MIT-BIH,2,0,2,train
MIT-slp32,MIT-slp32,MIT-BIH,3,0,3,train
MIT-slp32,MIT-slp32,MIT-BIH,4,0,4,train
MIT-slp32,MIT-slp32,MIT-BIH,5,0,5,train
MIT-slp32,MIT-slp32,MIT-BIH,6,0,6,train
MIT-slp32,MIT-slp32,MIT-BIH,7,0,7,train
MIT-slp32,MIT-slp32,MIT-BIH,8,0,8,train
MIT-slp32,MIT-slp32,MIT-BIH,9,0,9,train
MIT-slp32,MIT-slp32,MIT-BIH,10,0,10,train
MIT-slp32,MIT-slp32,MIT-BIH,11,0,11,train
MIT-slp32,MIT-slp32,MIT-BIH,12,0,12,train
MIT-slp32,MIT-slp32,MIT-BIH,13,0,13,train
MIT-slp32,MIT-slp32,MIT-BIH,14,0,14,train
MIT-slp32,MIT-slp32,MIT-BIH,15,0,15,train
MIT-slp32,MIT-slp32,MIT-BIH,16,0,16,train
MIT-slp32,MIT-slp32,MIT-BIH,17,0,17,train
MIT-slp32,MIT-slp32,MIT-BIH,18,0,18,train
MIT-slp32,MIT-slp32,MIT-BIH,19,0,19,train
MIT-slp32,MIT-slp32,MIT-BIH,20,0,20,train
MIT-slp32,MIT-slp32,MIT-BIH,21,0,21,train
MIT-slp32,MIT-slp32,MIT-BIH,22,0,22,train
MIT-slp32,MIT-slp32,MIT-BIH,23,0,23,train
MIT-slp32,MIT-slp32,MIT-BIH,24,0,24,train
MIT-slp32,MIT-slp32,MIT-BIH,25,0,25,train
MIT-slp32,MIT-slp32,MIT-BIH,26,0,26,train
MIT-slp32,MIT-slp32,MIT-BIH,27,0,27,train
MIT-slp32,MIT-slp32,MIT-BIH,28,0,28,train
MIT-slp32,MIT-slp32,MIT-BIH,29,0,29,train
MIT-slp32,MIT-slp32,MIT-BIH,30,0,30,train
MIT-slp32,MIT-slp32,MIT-BIH,31,0,31,train
MIT-slp32,MIT-slp32,MIT-BIH,32,0,32,train
MIT-slp32,MIT-slp32,MIT-BIH,33,0,33,train
MIT-slp32,MIT-slp32,MIT-BIH,34,0,34,train
MIT-slp32,MIT-slp32,MIT-BIH,35,0,35,train
MIT-slp32,MIT-slp32,MIT-BIH,36,0,36,train
MIT-slp32,MIT-slp32,MIT-BIH,37,0,37,train
MIT-slp32,MIT-slp32,MIT-BIH,38,0,38,train
MIT-slp32,MIT-slp32,MIT-BIH,39,0,39,train
MIT-slp32,MIT-slp32,MIT-BIH,40,0,40,train
MIT-slp32,MIT-slp32,MIT-BIH,41,0,41,train
MIT-slp32,MIT-slp32,MIT-BIH,42,0,42,train
MIT-slp32,MIT-slp32,MIT-BIH,43,0,43,train
MIT-slp32,MIT-slp32,MIT-BIH,44,0,44,train
MIT-slp32,MIT-slp32,MIT-BIH,45,0,45,train
MIT-slp32,MIT-slp32,MIT-BIH,46,0,46,train
MIT-slp32,MIT-slp32,MIT-BIH,47,0,47,train
MIT-slp32,MIT-slp32,MIT-BIH,48,0,48,train
MIT-slp32,MIT-slp32,MIT-BIH,49,0,49,train
MIT-slp32,MIT-slp32,MIT-BIH,50,0,50,train
MIT-slp32,MIT-slp32,MIT-BIH,51,0,51,train
MIT-slp32,MIT-slp32,MIT-BIH,52,0,52,train
MIT-slp32,MIT-slp32,MIT-BIH,53,0,53,train
MIT-slp32,MIT-slp32,MIT-BIH,54,0,54,train
MIT-slp32,MIT-slp32,MIT-BIH,55,0,55,train
MIT-slp32,MIT-slp32,MIT-BIH,56,0,56,train
MIT-slp32,MIT-slp32,MIT-BIH,57,0,57,train
MIT-slp32,MIT-slp32,MIT-BIH,58,0,58,train
MIT-slp32,MIT-slp32,MIT-BIH,59,0,59,train
MIT-slp32,MIT-slp32,MIT-BIH,60,0,60,train
MIT-slp32,MIT-slp32,MIT-BIH,61,0,61,train
MIT-slp32,MIT-slp32,MIT-BIH,62,0,62,train
MIT-slp32,MIT-slp32,MIT-BIH,63,0,63,train
MIT-slp32,MIT-slp32,MIT-BIH,64,0,64,train
MIT-slp32,MIT-slp32,MIT-BIH,65,0,65,train
MIT-slp32,MIT-slp32,MIT-BIH,66,0,66,train
MIT-slp32,MIT-slp32,MIT-BIH,67,0,67,train
MIT-slp32,MIT-slp32,MIT-BIH,68,0,68,train
MIT-slp32,MIT-slp32,MIT-BIH,69,0,69,train
MIT-slp32,MIT-slp32,MIT-BIH,70,0,70,train
MIT-slp32,MIT-slp32,MIT-BIH,71,0,71,train
MIT-slp32,MIT-slp32,MIT-BIH,72,0,72,train
MIT-slp32,MIT-slp32,MIT-BIH,73,0,73,train
MIT-slp32,MIT-slp32,MIT-BIH,74,0,74,train
MIT-slp32,MIT-slp32,MIT-BIH,75,0,75,train
MIT-slp32,MIT-slp32,MIT-BIH,76,0,76,train
MIT-slp32,MIT-slp32,MIT-BIH,77,0,77,train
MIT-slp32,MIT-slp32,MIT-BIH,78,0,78,train
MIT-slp32,MIT-slp32,MIT-BIH,79,0,79,train
MIT-slp32,MIT-slp32,MIT-BIH,80,0,80,train
MIT-slp32,MIT-slp32,MIT-BIH,81,0,81,train
MIT-slp32,MIT-slp32,MIT-BIH,82,0,82,train
MIT-slp32,MIT-slp32,MIT-BIH,83,0,83,train
MIT-slp32,MIT-slp32,MIT-BIH,84,0,84,train
MIT-slp32,MIT-slp32,MIT-BIH,85,0,85,train
MIT-slp32,MIT-slp32,MIT-BIH,86,0,86,train
MIT-slp32,MIT-slp32,MIT-BIH,87,0,87,train
MIT-slp32,MIT-slp32,MIT-BIH,88,0,88,train
MIT-slp32,MIT-slp32,MIT-BIH,89,0,89,train
MIT-slp32,MIT-slp32,MIT-BIH,90,0,90,train
MIT-slp32,MIT-slp32,MIT-BIH,91,1,91,train
MIT-slp32,MIT-slp32,MIT-BIH,92,0,92,train
MIT-slp32,MIT-slp32,MIT-BIH,93,0,93,train
MIT-slp32,MIT-slp32,MIT-BIH,94,1,94,train
MIT-slp32,MIT-slp32,MIT-BIH,95,1,95,train
MIT-slp32,MIT-slp32,MIT-BIH,96,2,96,train
MIT-slp32,MIT-slp32,MIT-BIH,97,1,97,train
MIT-slp32,MIT-slp32,MIT-BIH,98,1,98,train
MIT-slp32,MIT-slp32,MIT-BIH,99,2,99,train
MIT-slp32,MIT-slp32,MIT-BIH,100,2,100,train
MIT-slp32,MIT-slp32,MIT-BIH,101,2,101,train
MIT-slp32,MIT-slp32,MIT-BIH,102,2,102,train
MIT-slp32,MIT-slp32,MIT-BIH,103,1,103,train
MIT-slp32,MIT-slp32,MIT-BIH,104,2,104,train
MIT-slp32,MIT-slp32,MIT-BIH,105,2,105,train
MIT-slp32,MIT-slp32,MIT-BIH,106,2,106,train
MIT-slp32,MIT-slp32,MIT-BIH,107,2,107,train
MIT-slp32,MIT-slp32,MIT-BIH,108,2,108,train
MIT-slp32,MIT-slp32,MIT-BIH,109,2,109,train
MIT-slp32,MIT-slp32,MIT-BIH,110,2,110,train
MIT-slp32,MIT-slp32,MIT-BIH,111,2,111,train
MIT-slp32,MIT-slp32,MIT-BIH,112,2,112,train
MIT-slp32,MIT-slp32,MIT-BIH,113,2,113,train
MIT-slp32,MIT-slp32,MIT-BIH,114,2,114,train
MIT-slp32,MIT-slp32,MIT-BIH,115,2,115,train
MIT-slp32,MIT-slp32,MIT-BIH,116,2,116,train
MIT-slp32,MIT-slp32,MIT-BIH,117,2,117,train
MIT-slp32,MIT-slp32,MIT-BIH,118,2,118,train
MIT-slp32,MIT-slp32,MIT-BIH,119,2,119,train
MIT-slp32,MIT-slp32,MIT-BIH,120,2,120,train
MIT-slp32,MIT-slp32,MIT-BIH,121,2,121,train
MIT-slp32,MIT-slp32,MIT-BIH,122,2,122,train
MIT-slp32,MIT-slp32,MIT-BIH,123,2,123,train
MIT-slp32,MIT-slp32,MIT-BIH,124,2,124,train
MIT-slp32,MIT-slp32,MIT-BIH,125,0,125,train
MIT-slp32,MIT-slp32,MIT-BIH,126,0,126,train
MIT-slp32,MIT-slp32,MIT-BIH,127,0,127,train
MIT-slp32,MIT-slp32,MIT-BIH,128,0,128,train
MIT-slp32,MIT-slp32,MIT-BIH,129,0,129,train
MIT-slp32,MIT-slp32,MIT-BIH,130,0,130,train
MIT-slp32,MIT-slp32,MIT-BIH,131,0,131,train
MIT-slp32,MIT-slp32,MIT-BIH,132,0,132,train
MIT-slp32,MIT-slp32,MIT-BIH,133,0,133,train
MIT-slp32,MIT-slp32,MIT-BIH,134,0,134,train
MIT-slp32,MIT-slp32,MIT-BIH,135,0,135,train
MIT-slp32,MIT-slp32,MIT-BIH,136,0,136,train
MIT-slp32,MIT-slp32,MIT-BIH,137,0,137,train
MIT-slp32,MIT-slp32,MIT-BIH,138,0,138,train
MIT-slp32,MIT-slp32,MIT-BIH,139,0,139,train
MIT-slp32,MIT-slp32,MIT-BIH,140,0,140,train
MIT-slp32,MIT-slp32,MIT-BIH,141,0,141,train
MIT-slp32,MIT-slp32,MIT-BIH,142,0,142,train
MIT-slp32,MIT-slp32,MIT-BIH,143,0,143,train
MIT-slp32,MIT-slp32,MIT-BIH,144,0,144,train
MIT-slp32,MIT-slp32,MIT-BIH,145,0,145,train
MIT-slp32,MIT-slp32,MIT-BIH,146,0,146,train
MIT-slp32,MIT-slp32,MIT-BIH,147,0,147,train
MIT-slp32,MIT-slp32,MIT-BIH,148,0,148,train
MIT-slp32,MIT-slp32,MIT-BIH,149,0,149,train
MIT-slp32,MIT-slp32,MIT-BIH,150,0,150,train
MIT-slp32,MIT-slp32,MIT-BIH,151,0,151,train
MIT-slp32,MIT-slp32,MIT-BIH,152,0,152,train
MIT-slp32,MIT-slp32,MIT-BIH,153,0,153,train
MIT-slp32,MIT-slp32,MIT-BIH,154,0,154,train
MIT-slp32,MIT-slp32,MIT-BIH,155,0,155,train
MIT-slp32,MIT-slp32,MIT-BIH,156,0,156,train
MIT-slp32,MIT-slp32,MIT-BIH,157,0,157,train
MIT-slp32,MIT-slp32,MIT-BIH,158,0,158,train
MIT-slp32,MIT-slp32,MIT-BIH,159,1,159,train
MIT-slp32,MIT-slp32,MIT-BIH,160,2,160,train
MIT-slp32,MIT-slp32,MIT-BIH,161,2,161,train
MIT-slp32,MIT-slp32,MIT-BIH,162,2,162,train
MIT-slp32,MIT-slp32,MIT-BIH,163,2,163,train
MIT-slp32,MIT-slp32,MIT-BIH,164,1,164,train
MIT-slp32,MIT-slp32,MIT-BIH,165,0,165,train
MIT-slp32,MIT-slp32,MIT-BIH,166,0,166,train
MIT-slp32,MIT-slp32,MIT-BIH,167,1,167,train
MIT-slp32,MIT-slp32,MIT-BIH,168,1,168,train
MIT-slp32,MIT-slp32,MIT-BIH,169,2,169,train
MIT-slp32,MIT-slp32,MIT-BIH,170,2,170,train
MIT-slp32,MIT-slp32,MIT-BIH,171,2,171,train
MIT-slp32,MIT-slp32,MIT-BIH,172,2,172,train
MIT-slp32,MIT-slp32,MIT-BIH,173,2,173,train
MIT-slp32,MIT-slp32,MIT-BIH,174,2,174,train
MIT-slp32,MIT-slp32,MIT-BIH,175,2,175,train
MIT-slp32,MIT-slp32,MIT-BIH,176,2,176,train
MIT-slp32,MIT-slp32,MIT-BIH,177,2,177,train
MIT-slp32,MIT-slp32,MIT-BIH,178,2,178,train
MIT-slp32,MIT-slp32,MIT-BIH,179,2,179,train
MIT-slp32,MIT-slp32,MIT-BIH,180,2,180,train
MIT-slp32,MIT-slp32,MIT-BIH,181,2,181,train
MIT-slp32,MIT-slp32,MIT-BIH,182,2,182,train
MIT-slp32,MIT-slp32,MIT-BIH,183,2,183,train
MIT-slp32,MIT-slp32,MIT-BIH,184,2,184,train
MIT-slp32,MIT-slp32,MIT-BIH,185,2,185,train
MIT-slp32,MIT-slp32,MIT-BIH,186,2,186,train
MIT-slp32,MIT-slp32,MIT-BIH,187,3,187,train
MIT-slp32,MIT-slp32,MIT-BIH,188,2,188,train
MIT-slp32,MIT-slp32,MIT-BIH,189,2,189,train
MIT-slp32,MIT-slp32,MIT-BIH,190,2,190,train
MIT-slp32,MIT-slp32,MIT-BIH,191,2,191,train
MIT-slp32,MIT-slp32,MIT-BIH,192,2,192,train
MIT-slp32,MIT-slp32,MIT-BIH,193,2,193,train
MIT-slp32,MIT-slp32,MIT-BIH,194,3,194,train
MIT-slp32,MIT-slp32,MIT-BIH,195,2,195,train
MIT-slp32,MIT-slp32,MIT-BIH,196,2,196,train
MIT-slp32,MIT-slp32,MIT-BIH,197,2,197,train
MIT-slp32,MIT-slp32,MIT-BIH,198,2,198,train
MIT-slp32,MIT-slp32,MIT-BIH,199,2,199,train
MIT-slp32,MIT-slp32,MIT-BIH,200,2,200,train
MIT-slp32,MIT-slp32,MIT-BIH,201,2,201,train
MIT-slp32,MIT-slp32,MIT-BIH,202,2,202,train
MIT-slp32,MIT-slp32,MIT-BIH,203,2,203,train
MIT-slp32,MIT-slp32,MIT-BIH,204,3,204,train
MIT-slp32,MIT-slp32,MIT-BIH,205,2,205,train
MIT-slp32,MIT-slp32,MIT-BIH,206,2,206,train
MIT-slp32,MIT-slp32,MIT-BIH,207,2,207,train
MIT-slp32,MIT-slp32,MIT-BIH,208,3,208,train
MIT-slp32,MIT-slp32,MIT-BIH,209,2,209,train
MIT-slp32,MIT-slp32,MIT-BIH,210,2,210,train
MIT-slp32,MIT-slp32,MIT-BIH,211,2,211,train
MIT-slp32,MIT-slp32,MIT-BIH,212,3,212,train
MIT-slp32,MIT-slp32,MIT-BIH,213,2,213,train
MIT-slp32,MIT-slp32,MIT-BIH,214,3,214,train
MIT-slp32,MIT-slp32,MIT-BIH,215,3,215,train
MIT-slp32,MIT-slp32,MIT-BIH,216,2,216,train
MIT-slp32,MIT-slp32,MIT-BIH,217,3,217,train
MIT-slp32,MIT-slp32,MIT-BIH,218,3,218,train
MIT-slp32,MIT-slp32,MIT-BIH,219,3,219,train
MIT-slp32,MIT-slp32,MIT-BIH,220,3,220,train
MIT-slp32,MIT-slp32,MIT-BIH,221,3,221,train
MIT-slp32,MIT-slp32,MIT-BIH,222,2,222,train
MIT-slp32,MIT-slp32,MIT-BIH,223,2,223,train
MIT-slp32,MIT-slp32,MIT-BIH,224,2,224,train
MIT-slp32,MIT-slp32,MIT-BIH,225,2,225,train
MIT-slp32,MIT-slp32,MIT-BIH,226,2,226,train
MIT-slp32,MIT-slp32,MIT-BIH,227,3,227,train
MIT-slp32,MIT-slp32,MIT-BIH,228,2,228,train
MIT-slp32,MIT-slp32,MIT-BIH,229,2,229,train
MIT-slp32,MIT-slp32,MIT-BIH,230,3,230,train
MIT-slp32,MIT-slp32,MIT-BIH,231,3,231,train
MIT-slp32,MIT-slp32,MIT-BIH,232,2,232,train
MIT-slp32,MIT-slp32,MIT-BIH,233,2,233,train
MIT-slp32,MIT-slp32,MIT-BIH,234,3,234,train
MIT-slp32,MIT-slp32,MIT-BIH,235,3,235,train
MIT-slp32,MIT-slp32,MIT-BIH,236,3,236,train
MIT-slp32,MIT-slp32,MIT-BIH,237,2,237,train
MIT-slp32,MIT-slp32,MIT-BIH,238,2,238,train
MIT-slp32,MIT-slp32,MIT-BIH,239,2,239,train
MIT-slp32,MIT-slp32,MIT-BIH,240,3,240,train
MIT-slp32,MIT-slp32,MIT-BIH,241,2,241,train
MIT-slp32,MIT-slp32,MIT-BIH,242,2,242,train
MIT-slp32,MIT-slp32,MIT-BIH,243,3,243,train
MIT-slp32,MIT-slp32,MIT-BIH,244,2,244,train
MIT-slp32,MIT-slp32,MIT-BIH,245,2,245,train
MIT-slp32,MIT-slp32,MIT-BIH,246,3,246,train
MIT-slp32,MIT-slp32,MIT-BIH,247,3,247,train
MIT-slp32,MIT-slp32,MIT-BIH,248,3,248,train
MIT-slp32,MIT-slp32,MIT-BIH,249,3,249,train
MIT-slp32,MIT-slp32,MIT-BIH,250,3,250,train
MIT-slp32,MIT-slp32,MIT-BIH,251,3,251,train
MIT-slp32,MIT-slp32,MIT-BIH,252,3,252,train
MIT-slp32,MIT-slp32,MIT-BIH,253,3,253,train
MIT-slp32,MIT-slp32,MIT-BIH,254,3,254,train
MIT-slp32,MIT-slp32,MIT-BIH,255,3,255,train
MIT-slp32,MIT-slp32,MIT-BIH,256,3,256,train
MIT-slp32,MIT-slp32,MIT-BIH,257,2,257,train
MIT-slp32,MIT-slp32,MIT-BIH,258,3,258,train
MIT-slp32,MIT-slp32,MIT-BIH,259,2,259,train
MIT-slp32,MIT-slp32,MIT-BIH,260,3,260,train
MIT-slp32,MIT-slp32,MIT-BIH,261,3,261,train
MIT-slp32,MIT-slp32,MIT-BIH,262,2,262,train
MIT-slp32,MIT-slp32,MIT-BIH,263,2,263,train
MIT-slp32,MIT-slp32,MIT-BIH,264,2,264,train
MIT-slp32,MIT-slp32,MIT-BIH,265,2,265,train
MIT-slp32,MIT-slp32,MIT-BIH,266,2,266,train
MIT-slp32,MIT-slp32,MIT-BIH,267,3,267,train
MIT-slp32,MIT-slp32,MIT-BIH,268,2,268,train
MIT-slp32,MIT-slp32,MIT-BIH,269,3,269,train
MIT-slp32,MIT-slp32,MIT-BIH,270,2,270,train
MIT-slp32,MIT-slp32,MIT-BIH,271,2,271,train
MIT-slp32,MIT-slp32,MIT-BIH,272,3,272,train
MIT-slp32,MIT-slp32,MIT-BIH,273,2,273,train
MIT-slp32,MIT-slp32,MIT-BIH,274,2,274,train
MIT-slp32,MIT-slp32,MIT-BIH,275,2,275,train
MIT-slp32,MIT-slp32,MIT-BIH,276,3,276,train
MIT-slp32,MIT-slp32,MIT-BIH,277,2,277,train
MIT-slp32,MIT-slp32,MIT-BIH,278,3,278,train
MIT-slp32,MIT-slp32,MIT-BIH,279,3,279,train
MIT-slp32,MIT-slp32,MIT-BIH,280,2,280,train
MIT-slp32,MIT-slp32,MIT-BIH,281,3,281,train
MIT-slp32,MIT-slp32,MIT-BIH,282,3,282,train
MIT-slp32,MIT-slp32,MIT-BIH,283,2,283,train
MIT-slp32,MIT-slp32,MIT-BIH,284,2,284,train
MIT-slp32,MIT-slp32,MIT-BIH,285,2,285,train
MIT-slp32,MIT-slp32,MIT-BIH,286,3,286,train
MIT-slp32,MIT-slp32,MIT-BIH,287,2,287,train
MIT-slp32,MIT-slp32,MIT-BIH,288,2,288,train
MIT-slp32,MIT-slp32,MIT-BIH,289,3,289,train
MIT-slp32,MIT-slp32,MIT-BIH,290,2,290,train
MIT-slp32,MIT-slp32,MIT-BIH,291,2,291,train
MIT-slp32,MIT-slp32,MIT-BIH,292,3,292,train
MIT-slp32,MIT-slp32,MIT-BIH,293,3,293,train
MIT-slp32,MIT-slp32,MIT-BIH,294,2,294,train
MIT-slp32,MIT-slp32,MIT-BIH,295,3,295,train
MIT-slp32,MIT-slp32,MIT-BIH,296,3,296,train
MIT-slp32,MIT-slp32,MIT-BIH,297,2,297,train
MIT-slp32,MIT-slp32,MIT-BIH,298,3,298,train
MIT-slp32,MIT-slp32,MIT-BIH,299,3,299,train
MIT-slp32,MIT-slp32,MIT-BIH,300,2,300,train
MIT-slp32,MIT-slp32,MIT-BIH,301,2,301,train
MIT-slp32,MIT-slp32,MIT-BIH,302,2,302,train
MIT-slp32,MIT-slp32,MIT-BIH,303,2,303,train
MIT-slp32,MIT-slp32,MIT-BIH,304,2,304,train
MIT-slp32,MIT-slp32,MIT-BIH,305,2,305,train
MIT-slp32,MIT-slp32,MIT-BIH,306,3,306,train
MIT-slp32,MIT-slp32,MIT-BIH,307,2,307,train
MIT-slp32,MIT-slp32,MIT-BIH,308,2,308,train
MIT-slp32,MIT-slp32,MIT-BIH,309,3,309,train
MIT-slp32,MIT-slp32,MIT-BIH,310,2,310,train
MIT-slp32,MIT-slp32,MIT-BIH,311,2,311,train
MIT-slp32,MIT-slp32,MIT-BIH,312,3,312,train
MIT-slp32,MIT-slp32,MIT-BIH,313,3,313,train
MIT-slp32,MIT-slp32,MIT-BIH,314,3,314,train
MIT-slp32,MIT-slp32,MIT-BIH,315,3,315,train
MIT-slp32,MIT-slp32,MIT-BIH,316,2,316,train
MIT-slp32,MIT-slp32,MIT-BIH,317,2,317,train
MIT-slp32,MIT-slp32,MIT-BIH,318,2,318,train
MIT-slp32,MIT-slp32,MIT-BIH,319,2,319,train
MIT-slp32,MIT-slp32,MIT-BIH,320,2,320,train
MIT-slp32,MIT-slp32,MIT-BIH,321,2,321,train
MIT-slp32,MIT-slp32,MIT-BIH,322,3,322,train
MIT-slp32,MIT-slp32,MIT-BIH,323,2,323,train
MIT-slp32,MIT-slp32,MIT-BIH,324,3,324,train
MIT-slp32,MIT-slp32,MIT-BIH,325,2,325,train
MIT-slp32,MIT-slp32,MIT-BIH,326,2,326,train
MIT-slp32,MIT-slp32,MIT-BIH,327,2,327,train
MIT-slp32,MIT-slp32,MIT-BIH,328,2,328,train
MIT-slp32,MIT-slp32,MIT-BIH,329,2,329,train
MIT-slp32,MIT-slp32,MIT-BIH,330,3,330,train
MIT-slp32,MIT-slp32,MIT-BIH,331,2,331,train
MIT-slp32,MIT-slp32,MIT-BIH,332,2,332,train
MIT-slp32,MIT-slp32,MIT-BIH,333,2,333,train
MIT-slp32,MIT-slp32,MIT-BIH,334,2,334,train
MIT-slp32,MIT-slp32,MIT-BIH,335,2,335,train
MIT-slp32,MIT-slp32,MIT-BIH,336,2,336,train
MIT-slp32,MIT-slp32,MIT-BIH,337,3,337,train
MIT-slp32,MIT-slp32,MIT-BIH,338,2,338,train
MIT-slp32,MIT-slp32,MIT-BIH,339,2,339,train
MIT-slp32,MIT-slp32,MIT-BIH,340,2,340,train
MIT-slp32,MIT-slp32,MIT-BIH,341,2,341,train
MIT-slp32,MIT-slp32,MIT-BIH,342,2,342,train
MIT-slp32,MIT-slp32,MIT-BIH,343,2,343,train
MIT-slp32,MIT-slp32,MIT-BIH,344,0,344,train
MIT-slp32,MIT-slp32,MIT-BIH,345,0,345,train
MIT-slp32,MIT-slp32,MIT-BIH,346,0,346,train
MIT-slp32,MIT-slp32,MIT-BIH,347,0,347,train
MIT-slp32,MIT-slp32,MIT-BIH,348,0,348,train
MIT-slp32,MIT-slp32,MIT-BIH,349,0,349,train
MIT-slp32,MIT-slp32,MIT-BIH,350,0,350,train
MIT-slp32,MIT-slp32,MIT-BIH,351,0,351,train
MIT-slp32,MIT-slp32,MIT-BIH,352,0,352,train
MIT-slp32,MIT-slp32,MIT-BIH,353,0,353,train
MIT-slp32,MIT-slp32,MIT-BIH,354,0,354,train
MIT-slp32,MIT-slp32,MIT-BIH,355,0,355,train
MIT-slp32,MIT-slp32,MIT-BIH,356,0,356,train
MIT-slp32,MIT-slp32,MIT-BIH,357,0,357,train
MIT-slp32,MIT-slp32,MIT-BIH,358,0,358,train
MIT-slp32,MIT-slp32,MIT-BIH,359,0,359,train
MIT-slp32,MIT-slp32,MIT-BIH,360,0,360,train
MIT-slp32,MIT-slp32,MIT-BIH,361,0,361,train
MIT-slp32,MIT-slp32,MIT-BIH,362,0,362,train
MIT-slp32,MIT-slp32,MIT-BIH,363,0,363,train
MIT-slp32,MIT-slp32,MIT-BIH,364,0,364,train
MIT-slp32,MIT-slp32,MIT-BIH,365,0,365,train
MIT-slp32,MIT-slp32,MIT-BIH,366,0,366,train
MIT-slp32,MIT-slp32,MIT-BIH,367,0,367,train
MIT-slp32,MIT-slp32,MIT-BIH,368,0,368,train
MIT-slp32,MIT-slp32,MIT-BIH,369,0,369,train
MIT-slp32,MIT-slp32,MIT-BIH,370,0,370,train
MIT-slp32,MIT-slp32,MIT-BIH,371,0,371,train
MIT-slp32,MIT-slp32,MIT-BIH,372,0,372,train
MIT-slp32,MIT-slp32,MIT-BIH,373,0,373,train
MIT-slp32,MIT-slp32,MIT-BIH,374,0,374,train
MIT-slp32,MIT-slp32,MIT-BIH,375,0,375,train
MIT-slp32,MIT-slp32,MIT-BIH,376,0,376,train
MIT-slp32,MIT-slp32,MIT-BIH,377,0,377,train
MIT-slp32,MIT-slp32,MIT-BIH,378,0,378,train
MIT-slp32,MIT-slp32,MIT-BIH,379,0,379,train
MIT-slp32,MIT-slp32,MIT-BIH,380,0,380,train
MIT-slp32,MIT-slp32,MIT-BIH,381,0,381,train
MIT-slp32,MIT-slp32,MIT-BIH,382,0,382,train
MIT-slp32,MIT-slp32,MIT-BIH,383,0,383,train
MIT-slp32,MIT-slp32,MIT-BIH,384,0,384,train
MIT-slp32,MIT-slp32,MIT-BIH,385,0,385,train
MIT-slp32,MIT-slp32,MIT-BIH,386,0,386,train
MIT-slp32,MIT-slp32,MIT-BIH,387,0,387,train
MIT-slp32,MIT-slp32,MIT-BIH,388,0,388,train
MIT-slp32,MIT-slp32,MIT-BIH,389,0,389,train
MIT-slp32,MIT-slp32,MIT-BIH,390,0,390,train
MIT-slp32,MIT-slp32,MIT-BIH,391,0,391,train
MIT-slp32,MIT-slp32,MIT-BIH,392,0,392,train
MIT-slp32,MIT-slp32,MIT-BIH,393,0,393,train
MIT-slp32,MIT-slp32,MIT-BIH,394,0,394,train
MIT-slp32,MIT-slp32,MIT-BIH,395,0,395,train
MIT-slp32,MIT-slp32,MIT-BIH,396,0,396,train
MIT-slp32,MIT-slp32,MIT-BIH,397,0,397,train
MIT-slp32,MIT-slp32,MIT-BIH,398,0,398,train
MIT-slp32,MIT-slp32,MIT-BIH,399,0,399,train
MIT-slp32,MIT-slp32,MIT-BIH,400,0,400,train
MIT-slp32,MIT-slp32,MIT-BIH,401,0,401,train
MIT-slp32,MIT-slp32,MIT-BIH,402,0,402,train
MIT-slp32,MIT-slp32,MIT-BIH,403,0,403,train
MIT-slp32,MIT-slp32,MIT-BIH,404,0,404,train
MIT-slp32,MIT-slp32,MIT-BIH,405,0,405,train
MIT-slp32,MIT-slp32,MIT-BIH,406,0,406,train
MIT-slp32,MIT-slp32,MIT-BIH,407,0,407,train
MIT-slp32,MIT-slp32,MIT-BIH,408,0,408,train
MIT-slp32,MIT-slp32,MIT-BIH,409,0,409,train
MIT-slp32,MIT-slp32,MIT-BIH,410,0,410,train
MIT-slp32,MIT-slp32,MIT-BIH,411,0,411,train
MIT-slp32,MIT-slp32,MIT-BIH,412,0,412,train
MIT-slp32,MIT-slp32,MIT-BIH,413,0,413,train
MIT-slp32,MIT-slp32,MIT-BIH,414,0,414,train
MIT-slp32,MIT-slp32,MIT-BIH,415,0,415,train
MIT-slp32,MIT-slp32,MIT-BIH,416,0,416,train
MIT-slp32,MIT-slp32,MIT-BIH,417,0,417,train
MIT-slp32,MIT-slp32,MIT-BIH,418,0,418,train
MIT-slp32,MIT-slp32,MIT-BIH,419,0,419,train
MIT-slp32,MIT-slp32,MIT-BIH,420,0,420,train
MIT-slp32,MIT-slp32,MIT-BIH,421,1,421,train
MIT-slp32,MIT-slp32,MIT-BIH,422,1,422,train
MIT-slp32,MIT-slp32,MIT-BIH,423,1,423,train
MIT-slp32,MIT-slp32,MIT-BIH,424,1,424,train
MIT-slp32,MIT-slp32,MIT-BIH,425,0,425,train
MIT-slp32,MIT-slp32,MIT-BIH,426,1,426,train
MIT-slp32,MIT-slp32,MIT-BIH,427,2,427,train
MIT-slp32,MIT-slp32,MIT-BIH,428,0,428,train
MIT-slp32,MIT-slp32,MIT-BIH,429,1,429,train
MIT-slp32,MIT-slp32,MIT-BIH,430,2,430,train
MIT-slp32,MIT-slp32,MIT-BIH,431,2,431,train
MIT-slp32,MIT-slp32,MIT-BIH,432,0,432,train
MIT-slp32,MIT-slp32,MIT-BIH,433,1,433,train
MIT-slp32,MIT-slp32,MIT-BIH,434,0,434,train
MIT-slp32,MIT-slp32,MIT-BIH,435,0,435,train
MIT-slp32,MIT-slp32,MIT-BIH,436,0,436,train
MIT-slp32,MIT-slp32,MIT-BIH,437,0,437,train
MIT-slp32,MIT-slp32,MIT-BIH,438,0,438,train
MIT-slp32,MIT-slp32,MIT-BIH,439,0,439,train
MIT-slp32,MIT-slp32,MIT-BIH,440,0,440,train
MIT-slp32,MIT-slp32,MIT-BIH,441,0,441,train
MIT-slp32,MIT-slp32,MIT-BIH,442,0,442,train
MIT-slp32,MIT-slp32,MIT-BIH,443,0,443,train
MIT-slp32,MIT-slp32,MIT-BIH,444,0,444,train
MIT-slp32,MIT-slp32,MIT-BIH,445,0,445,train
MIT-slp32,MIT-slp32,MIT-BIH,446,0,446,train
MIT-slp32,MIT-slp32,MIT-BIH,447,0,447,train
MIT-slp32,MIT-slp32,MIT-BIH,448,0,448,train
MIT-slp32,MIT-slp32,MIT-BIH,449,0,449,train
MIT-slp32,MIT-slp32,MIT-BIH,450,0,450,train
MIT-slp32,MIT-slp32,MIT-BIH,451,0,451,train
MIT-slp32,MIT-slp32,MIT-BIH,452,0,452,train
MIT-slp32,MIT-slp32,MIT-BIH,453,0,453,train
MIT-slp32,MIT-slp32,MIT-BIH,454,0,454,train
MIT-slp32,MIT-slp32,MIT-BIH,455,0,455,train
MIT-slp32,MIT-slp32,MIT-BIH,456,0,456,train
MIT-slp32,MIT-slp32,MIT-BIH,457,0,457,train
MIT-slp32,MIT-slp32,MIT-BIH,458,0,458,train
MIT-slp32,MIT-slp32,MIT-BIH,459,0,459,train
MIT-slp32,MIT-slp32,MIT-BIH,460,0,460,train
MIT-slp32,MIT-slp32,MIT-BIH,461,0,461,train
MIT-slp32,MIT-slp32,MIT-BIH,462,0,462,train
MIT-slp32,MIT-slp32,MIT-BIH,463,0,463,train
MIT-slp32,MIT-slp32,MIT-BIH,464,0,464,train
MIT-slp32,MIT-slp32,MIT-BIH,465,0,465,train
MIT-slp32,MIT-slp32,MIT-BIH,466,0,466,train
MIT-slp32,MIT-slp32,MIT-BIH,467,0,467,train
MIT-slp32,MIT-slp32,MIT-BIH,468,0,468,train
MIT-slp32,MIT-slp32,MIT-BIH,469,0,469,train
MIT-slp32,MIT-slp32,MIT-BIH,470,0,470,train
MIT-slp32,MIT-slp32,MIT-BIH,471,0,471,train
MIT-slp32,MIT-slp32,MIT-BIH,472,0,472,train
MIT-slp32,MIT-slp32,MIT-BIH,473,0,473,train
MIT-slp32,MIT-slp32,MIT-BIH,474,0,474,train
MIT-slp32,MIT-slp32,MIT-BIH,475,0,475,train
MIT-slp32,MIT-slp32,MIT-BIH,476,0,476,train
MIT-slp32,MIT-slp32,MIT-BIH,477,0,477,train
MIT-slp32,MIT-slp32,MIT-BIH,478,0,478,train
MIT-slp32,MIT-slp32,MIT-BIH,479,0,479,train
MIT-slp32,MIT-slp32,MIT-BIH,480,0,480,train
MIT-slp32,MIT-slp32,MIT-BIH,481,0,481,train
MIT-slp32,MIT-slp32,MIT-BIH,482,0,482,train
MIT-slp32,MIT-slp32,MIT-BIH,483,0,483,train
MIT-slp32,MIT-slp32,MIT-BIH,484,0,484,train
MIT-slp32,MIT-slp32,MIT-BIH,485,0,485,train
MIT-slp32,MIT-slp32,MIT-BIH,486,0,486,train
MIT-slp32,MIT-slp32,MIT-BIH,487,0,487,train
MIT-slp32,MIT-slp32,MIT-BIH,488,0,488,train
MIT-slp32,MIT-slp32,MIT-BIH,489,0,489,train
MIT-slp32,MIT-slp32,MIT-BIH,490,0,490,train
MIT-slp32,MIT-slp32,MIT-BIH,491,0,491,train
MIT-slp32,MIT-slp32,MIT-BIH,492,0,492,train
MIT-slp32,MIT-slp32,MIT-BIH,493,0,493,train
MIT-slp32,MIT-slp32,MIT-BIH,494,0,494,train
MIT-slp32,MIT-slp32,MIT-BIH,495,0,495,train
MIT-slp32,MIT-slp32,MIT-BIH,496,0,496,train
MIT-slp32,MIT-slp32,MIT-BIH,497,0,497,train
MIT-slp32,MIT-slp32,MIT-BIH,498,0,498,train
MIT-slp32,MIT-slp32,MIT-BIH,499,0,499,train
MIT-slp32,MIT-slp32,MIT-BIH,500,0,500,train
MIT-slp32,MIT-slp32,MIT-BIH,501,0,501,train
MIT-slp32,MIT-slp32,MIT-BIH,502,0,502,train
MIT-slp32,MIT-slp32,MIT-BIH,503,0,503,train
MIT-slp32,MIT-slp32,MIT-BIH,504,0,504,train
MIT-slp32,MIT-slp32,MIT-BIH,505,0,505,train
MIT-slp32,MIT-slp32,MIT-BIH,506,0,506,train
MIT-slp32,MIT-slp32,MIT-BIH,507,0,507,train
MIT-slp32,MIT-slp32,MIT-BIH,508,0,508,train
MIT-slp32,MIT-slp32,MIT-BIH,509,0,509,train
MIT-slp32,MIT-slp32,MIT-BIH,510,0,510,train
MIT-slp32,MIT-slp32,MIT-BIH,511,0,511,train
MIT-slp32,MIT-slp32,MIT-BIH,512,0,512,train
MIT-slp32,MIT-slp32,MIT-BIH,513,0,513,train
MIT-slp32,MIT-slp32,MIT-BIH,514,0,514,train
MIT-slp32,MIT-slp32,MIT-BIH,515,0,515,train
MIT-slp32,MIT-slp32,MIT-BIH,516,0,516,train
MIT-slp32,MIT-slp32,MIT-BIH,517,0,517,train
MIT-slp32,MIT-slp32,MIT-BIH,518,0,518,train
MIT-slp32,MIT-slp32,MIT-BIH,519,0,519,train
MIT-slp32,MIT-slp32,MIT-BIH,520,0,520,train
MIT-slp32,MIT-slp32,MIT-BIH,521,0,521,train
MIT-slp32,MIT-slp32,MIT-BIH,522,0,522,train
MIT-slp32,MIT-slp32,MIT-BIH,523,0,523,train
MIT-slp32,MIT-slp32,MIT-BIH,524,0,524,train
MIT-slp32,MIT-slp32,MIT-BIH,525,0,525,train
MIT-slp32,MIT-slp32,MIT-BIH,526,0,526,train
MIT-slp32,MIT-slp32,MIT-BIH,527,0,527,train
MIT-slp32,MIT-slp32,MIT-BIH,528,0,528,train
MIT-slp32,MIT-slp32,MIT-BIH,529,0,529,train
MIT-slp32,MIT-slp32,MIT-BIH,530,0,530,train
MIT-slp32,MIT-slp32,MIT-BIH,531,0,531,train
MIT-slp32,MIT-slp32,MIT-BIH,532,0,532,train
MIT-slp32,MIT-slp32,MIT-BIH,533,0,533,train
MIT-slp32,MIT-slp32,MIT-BIH,534,0,534,train
MIT-slp32,MIT-slp32,MIT-BIH,535,0,535,train
MIT-slp32,MIT-slp32,MIT-BIH,536,0,536,train
MIT-slp32,MIT-slp32,MIT-BIH,537,0,537,train
MIT-slp32,MIT-slp32,MIT-BIH,538,0,538,train
MIT-slp32,MIT-slp32,MIT-BIH,539,0,539,train
MIT-slp32,MIT-slp32,MIT-BIH,540,0,540,train
MIT-slp32,MIT-slp32,MIT-BIH,541,0,541,train
MIT-slp32,MIT-slp32,MIT-BIH,542,0,542,train
MIT-slp32,MIT-slp32,MIT-BIH,543,0,543,train
MIT-slp32,MIT-slp32,MIT-BIH,544,0,544,train
MIT-slp32,MIT-slp32,MIT-BIH,545,0,545,train
MIT-slp32,MIT-slp32,MIT-BIH,546,0,546,train
MIT-slp32,MIT-slp32,MIT-BIH,547,0,547,train
MIT-slp32,MIT-slp32,MIT-BIH,548,0,548,train
MIT-slp32,MIT-slp32,MIT-BIH,549,0,549,train
MIT-slp32,MIT-slp32,MIT-BIH,550,0,550,train
MIT-slp32,MIT-slp32,MIT-BIH,551,0,551,train
MIT-slp32,MIT-slp32,MIT-BIH,552,0,552,train
MIT-slp32,MIT-slp32,MIT-BIH,553,0,553,train
MIT-slp32,MIT-slp32,MIT-BIH,554,0,554,train
MIT-slp32,MIT-slp32,MIT-BIH,555,0,555,train
MIT-slp32,MIT-slp32,MIT-BIH,556,0,556,train
MIT-slp32,MIT-slp32,MIT-BIH,557,0,557,train
MIT-slp32,MIT-slp32,MIT-BIH,558,0,558,train
MIT-slp32,MIT-slp32,MIT-BIH,559,0,559,train
MIT-slp32,MIT-slp32,MIT-BIH,560,1,560,train
MIT-slp32,MIT-slp32,MIT-BIH,561,0,561,train
MIT-slp32,MIT-slp32,MIT-BIH,562,1,562,train
MIT-slp32,MIT-slp32,MIT-BIH,563,0,563,train
MIT-slp32,MIT-slp32,MIT-BIH,564,1,564,train
MIT-slp32,MIT-slp32,MIT-BIH,565,0,565,train
MIT-slp32,MIT-slp32,MIT-BIH,566,1,566,train
MIT-slp32,MIT-slp32,MIT-BIH,567,0,567,train
MIT-slp32,MIT-slp32,MIT-BIH,568,1,568,train
MIT-slp32,MIT-slp32,MIT-BIH,569,2,569,train
MIT-slp32,MIT-slp32,MIT-BIH,570,0,570,train
MIT-slp32,MIT-slp32,MIT-BIH,571,0,571,train
MIT-slp32,MIT-slp32,MIT-BIH,572,0,572,train
MIT-slp32,MIT-slp32,MIT-BIH,573,0,573,train
MIT-slp32,MIT-slp32,MIT-BIH,574,0,574,train
MIT-slp32,MIT-slp32,MIT-BIH,575,0,575,train
MIT-slp32,MIT-slp32,MIT-BIH,576,0,576,train
MIT-slp32,MIT-slp32,MIT-BIH,577,1,577,train
MIT-slp32,MIT-slp32,MIT-BIH,578,0,578,train
MIT-slp32,MIT-slp32,MIT-BIH,579,0,579,train
MIT-slp32,MIT-slp32,MIT-BIH,580,0,580,train
MIT-slp32,MIT-slp32,MIT-BIH,581,0,581,train
MIT-slp32,MIT-slp32,MIT-BIH,582,0,582,train
MIT-slp32,MIT-slp32,MIT-BIH,583,0,583,train
MIT-slp32,MIT-slp32,MIT-BIH,584,1,584,train
MIT-slp32,MIT-slp32,MIT-BIH,585,1,585,train
MIT-slp32,MIT-slp32,MIT-BIH,586,0,586,train
MIT-slp32,MIT-slp32,MIT-BIH,587,1,587,train
MIT-slp32,MIT-slp32,MIT-BIH,588,0,588,train
MIT-slp32,MIT-slp32,MIT-BIH,589,0,589,train
MIT-slp32,MIT-slp32,MIT-BIH,590,1,590,train
MIT-slp32,MIT-slp32,MIT-BIH,591,2,591,train
MIT-slp32,MIT-slp32,MIT-BIH,592,2,592,train
MIT-slp32,MIT-slp32,MIT-BIH,593,2,593,train
MIT-slp32,MIT-slp32,MIT-BIH,594,2,594,train
MIT-slp32,MIT-slp32,MIT-BIH,595,2,595,train
MIT-slp32,MIT-slp32,MIT-BIH,596,2,596,train
MIT-slp32,MIT-slp32,MIT-BIH,597,2,597,train
MIT-slp32,MIT-slp32,MIT-BIH,598,2,598,train
MIT-slp32,MIT-slp32,MIT-BIH,599,2,599,train
MIT-slp32,MIT-slp32,MIT-BIH,600,2,600,train
MIT-slp32,MIT-slp32,MIT-BIH,601,0,601,train
MIT-slp32,MIT-slp32,MIT-BIH,602,0,602,train
MIT-slp32,MIT-slp32,MIT-BIH,603,0,603,train
MIT-slp32,MIT-slp32,MIT-BIH,604,0,604,train
MIT-slp32,MIT-slp32,MIT-BIH,605,0,605,train
MIT-slp32,MIT-slp32,MIT-BIH,606,0,606,train
MIT-slp32,MIT-slp32,MIT-BIH,607,0,607,train
MIT-slp32,MIT-slp32,MIT-BIH,608,0,608,train
MIT-slp32,MIT-slp32,MIT-BIH,609,0,609,train
MIT-slp32,MIT-slp32,MIT-BIH,610,0,610,train
MIT-slp32,MIT-slp32,MIT-BIH,611,0,611,train
MIT-slp32,MIT-slp32,MIT-BIH,612,0,612,train
MIT-slp32,MIT-slp32,MIT-BIH,613,0,613,train
MIT-slp32,MIT-slp32,MIT-BIH,614,0,614,train
MIT-slp32,MIT-slp32,MIT-BIH,615,0,615,train
MIT-slp32,MIT-slp32,MIT-BIH,616,0,616,train
MIT-slp32,MIT-slp32,MIT-BIH,617,0,617,train
MIT-slp32,MIT-slp32,MIT-BIH,618,0,618,train
MIT-slp32,MIT-slp32,MIT-BIH,619,0,619,train
MIT-slp32,MIT-slp32,MIT-BIH,620,0,620,train
MIT-slp32,MIT-slp32,MIT-BIH,621,0,621,train
MIT-slp32,MIT-slp32,MIT-BIH,622,0,622,train
MIT-slp32,MIT-slp32,MIT-BIH,623,0,623,train
MIT-slp32,MIT-slp32,MIT-BIH,624,0,624,train
MIT-slp32,MIT-slp32,MIT-BIH,625,0,625,train
MIT-slp32,MIT-slp32,MIT-BIH,626,0,626,train
MIT-slp32,MIT-slp32,MIT-BIH,627,0,627,train
MIT-slp32,MIT-slp32,MIT-BIH,628,0,628,train
MIT-slp32,MIT-slp32,MIT-BIH,629,0,629,train
MIT-slp32,MIT-slp32,MIT-BIH,630,0,630,train
MIT-slp32,MIT-slp32,MIT-BIH,631,0,631,train
MIT-slp32,MIT-slp32,MIT-BIH,632,0,632,train
MIT-slp32,MIT-slp32,MIT-BIH,633,0,633,train
MIT-slp32,MIT-slp32,MIT-BIH,634,0,634,train
MIT-slp32,MIT-slp32,MIT-BIH,635,0,635,train
MIT-slp32,MIT-slp32,MIT-BIH,636,0,636,train
MIT-slp32,MIT-slp32,MIT-BIH,637,0,637,train
MIT-slp32,MIT-slp32,MIT-BIH,638,0,638,train
MIT-slp32,MIT-slp32,MIT-BIH,639,0,639,train
MIT-slp37,MIT-slp37,MIT-BIH,2,0,0,train
MIT-slp37,MIT-slp37,MIT-BIH,3,1,1,train
MIT-slp37,MIT-slp37,MIT-BIH,4,1,2,train
MIT-slp37,MIT-slp37,MIT-BIH,5,0,3,train
MIT-slp37,MIT-slp37,MIT-BIH,6,1,4,train
MIT-slp37,MIT-slp37,MIT-BIH,7,1,5,train
MIT-slp37,MIT-slp37,MIT-BIH,8,2,6,train
MIT-slp37,MIT-slp37,MIT-BIH,9,2,7,train
MIT-slp37,MIT-slp37,MIT-BIH,10,2,8,train
MIT-slp37,MIT-slp37,MIT-BIH,11,2,9,train
MIT-slp37,MIT-slp37,MIT-BIH,12,2,10,train
MIT-slp37,MIT-slp37,MIT-BIH,13,2,11,train
MIT-slp37,MIT-slp37,MIT-BIH,14,2,12,train
MIT-slp37,MIT-slp37,MIT-BIH,15,2,13,train
MIT-slp37,MIT-slp37,MIT-BIH,16,2,14,train
MIT-slp37,MIT-slp37,MIT-BIH,17,2,15,train
MIT-slp37,MIT-slp37,MIT-BIH,18,2,16,train
MIT-slp37,MIT-slp37,MIT-BIH,19,2,17,train
MIT-slp37,MIT-slp37,MIT-BIH,20,2,18,train
MIT-slp37,MIT-slp37,MIT-BIH,21,2,19,train
MIT-slp37,MIT-slp37,MIT-BIH,22,2,20,train
MIT-slp37,MIT-slp37,MIT-BIH,23,2,21,train
MIT-slp37,MIT-slp37,MIT-BIH,24,2,22,train
MIT-slp37,MIT-slp37,MIT-BIH,25,2,23,train
MIT-slp37,MIT-slp37,MIT-BIH,26,2,24,train
MIT-slp37,MIT-slp37,MIT-BIH,27,2,25,train
MIT-slp37,MIT-slp37,MIT-BIH,28,2,26,train
MIT-slp37,MIT-slp37,MIT-BIH,29,2,27,train
MIT-slp37,MIT-slp37,MIT-BIH,30,2,28,train
MIT-slp37,MIT-slp37,MIT-BIH,31,2,29,train
MIT-slp37,MIT-slp37,MIT-BIH,32,2,30,train
MIT-slp37,MIT-slp37,MIT-BIH,33,2,31,train
MIT-slp37,MIT-slp37,MIT-BIH,34,2,32,train
MIT-slp37,MIT-slp37,MIT-BIH,35,2,33,train
MIT-slp37,MIT-slp37,MIT-BIH,36,2,34,train
MIT-slp37,MIT-slp37,MIT-BIH,37,2,35,train
MIT-slp37,MIT-slp37,MIT-BIH,38,2,36,train
MIT-slp37,MIT-slp37,MIT-BIH,39,2,37,train
MIT-slp37,MIT-slp37,MIT-BIH,40,2,38,train
MIT-slp37,MIT-slp37,MIT-BIH,41,2,39,train
MIT-slp37,MIT-slp37,MIT-BIH,42,2,40,train
MIT-slp37,MIT-slp37,MIT-BIH,43,2,41,train
MIT-slp37,MIT-slp37,MIT-BIH,44,2,42,train
MIT-slp37,MIT-slp37,MIT-BIH,45,2,43,train
MIT-slp37,MIT-slp37,MIT-BIH,46,2,44,train
MIT-slp37,MIT-slp37,MIT-BIH,47,2,45,train
MIT-slp37,MIT-slp37,MIT-BIH,48,2,46,train
MIT-slp37,MIT-slp37,MIT-BIH,49,2,47,train
MIT-slp37,MIT-slp37,MIT-BIH,50,2,48,train
MIT-slp37,MIT-slp37,MIT-BIH,51,2,49,train
MIT-slp37,MIT-slp37,MIT-BIH,52,2,50,train
MIT-slp37,MIT-slp37,MIT-BIH,53,2,51,train
MIT-slp37,MIT-slp37,MIT-BIH,54,2,52,train
MIT-slp37,MIT-slp37,MIT-BIH,55,2,53,train
MIT-slp37,MIT-slp37,MIT-BIH,56,2,54,train
MIT-slp37,MIT-slp37,MIT-BIH,57,2,55,train
MIT-slp37,MIT-slp37,MIT-BIH,58,2,56,train
MIT-slp37,MIT-slp37,MIT-BIH,59,2,57,train
MIT-slp37,MIT-slp37,MIT-BIH,60,2,58,train
MIT-slp37,MIT-slp37,MIT-BIH,61,2,59,train
MIT-slp37,MIT-slp37,MIT-BIH,62,2,60,train
MIT-slp37,MIT-slp37,MIT-BIH,63,2,61,train
MIT-slp37,MIT-slp37,MIT-BIH,64,2,62,train
MIT-slp37,MIT-slp37,MIT-BIH,65,2,63,train
MIT-slp37,MIT-slp37,MIT-BIH,66,2,64,train
MIT-slp37,MIT-slp37,MIT-BIH,67,2,65,train
MIT-slp37,MIT-slp37,MIT-BIH,68,2,66,train
MIT-slp37,MIT-slp37,MIT-BIH,69,2,67,train
MIT-slp37,MIT-slp37,MIT-BIH,70,2,68,train
MIT-slp37,MIT-slp37,MIT-BIH,71,2,69,train
MIT-slp37,MIT-slp37,MIT-BIH,72,2,70,train
MIT-slp37,MIT-slp37,MIT-BIH,73,2,71,train
MIT-slp37,MIT-slp37,MIT-BIH,74,2,72,train
MIT-slp37,MIT-slp37,MIT-BIH,75,2,73,train
MIT-slp37,MIT-slp37,MIT-BIH,76,2,74,train
MIT-slp37,MIT-slp37,MIT-BIH,77,2,75,train
MIT-slp37,MIT-slp37,MIT-BIH,78,2,76,train
MIT-slp37,MIT-slp37,MIT-BIH,79,2,77,train
MIT-slp37,MIT-slp37,MIT-BIH,80,2,78,train
MIT-slp37,MIT-slp37,MIT-BIH,81,2,79,train
MIT-slp37,MIT-slp37,MIT-BIH,82,2,80,train
MIT-slp37,MIT-slp37,MIT-BIH,83,2,81,train
MIT-slp37,MIT-slp37,MIT-BIH,84,2,82,train
MIT-slp37,MIT-slp37,MIT-BIH,85,2,83,train
MIT-slp37,MIT-slp37,MIT-BIH,86,2,84,train
MIT-slp37,MIT-slp37,MIT-BIH,87,2,85,train
MIT-slp37,MIT-slp37,MIT-BIH,88,2,86,train
MIT-slp37,MIT-slp37,MIT-BIH,89,2,87,train
MIT-slp37,MIT-slp37,MIT-BIH,90,2,88,train
MIT-slp37,MIT-slp37,MIT-BIH,91,2,89,train
MIT-slp37,MIT-slp37,MIT-BIH,92,2,90,train
MIT-slp37,MIT-slp37,MIT-BIH,93,2,91,train
MIT-slp37,MIT-slp37,MIT-BIH,94,2,92,train
MIT-slp37,MIT-slp37,MIT-BIH,95,2,93,train
MIT-slp37,MIT-slp37,MIT-BIH,96,2,94,train
MIT-slp37,MIT-slp37,MIT-BIH,97,2,95,train
MIT-slp37,MIT-slp37,MIT-BIH,98,2,96,train
MIT-slp37,MIT-slp37,MIT-BIH,99,2,97,train
MIT-slp37,MIT-slp37,MIT-BIH,100,2,98,train
MIT-slp37,MIT-slp37,MIT-BIH,101,2,99,train
MIT-slp37,MIT-slp37,MIT-BIH,102,2,100,train
MIT-slp37,MIT-slp37,MIT-BIH,103,2,101,train
MIT-slp37,MIT-slp37,MIT-BIH,104,2,102,train
MIT-slp37,MIT-slp37,MIT-BIH,105,2,103,train
MIT-slp37,MIT-slp37,MIT-BIH,106,2,104,train
MIT-slp37,MIT-slp37,MIT-BIH,107,2,105,train
MIT-slp37,MIT-slp37,MIT-BIH,108,2,106,train
MIT-slp37,MIT-slp37,MIT-BIH,109,2,107,train
MIT-slp37,MIT-slp37,MIT-BIH,110,2,108,train
MIT-slp37,MIT-slp37,MIT-BIH,111,2,109,train
MIT-slp37,MIT-slp37,MIT-BIH,112,2,110,train
MIT-slp37,MIT-slp37,MIT-BIH,113,2,111,train
MIT-slp37,MIT-slp37,MIT-BIH,114,2,112,train
MIT-slp37,MIT-slp37,MIT-BIH,115,2,113,train
MIT-slp37,MIT-slp37,MIT-BIH,116,2,114,train
MIT-slp37,MIT-slp37,MIT-BIH,117,2,115,train
MIT-slp37,MIT-slp37,MIT-BIH,118,2,116,train
MIT-slp37,MIT-slp37,MIT-BIH,119,2,117,train
MIT-slp37,MIT-slp37,MIT-BIH,120,2,118,train
MIT-slp37,MIT-slp37,MIT-BIH,121,2,119,train
MIT-slp37,MIT-slp37,MIT-BIH,122,2,120,train
MIT-slp37,MIT-slp37,MIT-BIH,123,2,121,train
MIT-slp37,MIT-slp37,MIT-BIH,124,2,122,train
MIT-slp37,MIT-slp37,MIT-BIH,125,2,123,train
MIT-slp37,MIT-slp37,MIT-BIH,126,2,124,train
MIT-slp37,MIT-slp37,MIT-BIH,127,2,125,train
MIT-slp37,MIT-slp37,MIT-BIH,128,2,126,train
MIT-slp37,MIT-slp37,MIT-BIH,129,2,127,train
MIT-slp37,MIT-slp37,MIT-BIH,130,2,128,train
MIT-slp37,MIT-slp37,MIT-BIH,131,2,129,train
MIT-slp37,MIT-slp37,MIT-BIH,132,2,130,train
MIT-slp37,MIT-slp37,MIT-BIH,133,2,131,train
MIT-slp37,MIT-slp37,MIT-BIH,134,2,132,train
MIT-slp37,MIT-slp37,MIT-BIH,135,2,133,train
MIT-slp37,MIT-slp37,MIT-BIH,136,2,134,train
MIT-slp37,MIT-slp37,MIT-BIH,137,2,135,train
MIT-slp37,MIT-slp37,MIT-BIH,138,2,136,train
MIT-slp37,MIT-slp37,MIT-BIH,139,2,137,train
MIT-slp37,MIT-slp37,MIT-BIH,140,2,138,train
MIT-slp37,MIT-slp37,MIT-BIH,141,2,139,train
MIT-slp37,MIT-slp37,MIT-BIH,142,2,140,train
MIT-slp37,MIT-slp37,MIT-BIH,143,2,141,train
MIT-slp37,MIT-slp37,MIT-BIH,144,2,142,train
MIT-slp37,MIT-slp37,MIT-BIH,145,2,143,train
MIT-slp37,MIT-slp37,MIT-BIH,146,2,144,train
MIT-slp37,MIT-slp37,MIT-BIH,147,2,145,train
MIT-slp37,MIT-slp37,MIT-BIH,148,2,146,train
MIT-slp37,MIT-slp37,MIT-BIH,149,2,147,train
MIT-slp37,MIT-slp37,MIT-BIH,150,2,148,train
MIT-slp37,MIT-slp37,MIT-BIH,151,1,149,train
MIT-slp37,MIT-slp37,MIT-BIH,152,2,150,train
MIT-slp37,MIT-slp37,MIT-BIH,153,2,151,train
MIT-slp37,MIT-slp37,MIT-BIH,154,2,152,train
MIT-slp37,MIT-slp37,MIT-BIH,155,2,153,train
MIT-slp37,MIT-slp37,MIT-BIH,156,2,154,train
MIT-slp37,MIT-slp37,MIT-BIH,157,0,155,train
MIT-slp37,MIT-slp37,MIT-BIH,158,1,156,train
MIT-slp37,MIT-slp37,MIT-BIH,159,2,157,train
MIT-slp37,MIT-slp37,MIT-BIH,160,1,158,train
MIT-slp37,MIT-slp37,MIT-BIH,161,2,159,train
MIT-slp37,MIT-slp37,MIT-BIH,162,0,160,train
MIT-slp37,MIT-slp37,MIT-BIH,163,2,161,train
MIT-slp37,MIT-slp37,MIT-BIH,164,2,162,train
MIT-slp37,MIT-slp37,MIT-BIH,165,2,163,train
MIT-slp37,MIT-slp37,MIT-BIH,166,2,164,train
MIT-slp37,MIT-slp37,MIT-BIH,167,2,165,train
MIT-slp37,MIT-slp37,MIT-BIH,168,2,166,train
MIT-slp37,MIT-slp37,MIT-BIH,169,2,167,train
MIT-slp37,MIT-slp37,MIT-BIH,170,2,168,train
MIT-slp37,MIT-slp37,MIT-BIH,171,2,169,train
MIT-slp37,MIT-slp37,MIT-BIH,172,2,170,train
MIT-slp37,MIT-slp37,MIT-BIH,173,2,171,train
MIT-slp37,MIT-slp37,MIT-BIH,174,2,172,train
MIT-slp37,MIT-slp37,MIT-BIH,175,2,173,train
MIT-slp37,MIT-slp37,MIT-BIH,176,2,174,train
MIT-slp37,MIT-slp37,MIT-BIH,177,2,175,train
MIT-slp37,MIT-slp37,MIT-BIH,178,2,176,train
MIT-slp37,MIT-slp37,MIT-BIH,179,2,177,train
MIT-slp37,MIT-slp37,MIT-BIH,180,2,178,train
MIT-slp37,MIT-slp37,MIT-BIH,181,2,179,train
MIT-slp37,MIT-slp37,MIT-BIH,182,2,180,train
MIT-slp37,MIT-slp37,MIT-BIH,183,2,181,train
MIT-slp37,MIT-slp37,MIT-BIH,184,2,182,train
MIT-slp37,MIT-slp37,MIT-BIH,185,2,183,train
MIT-slp37,MIT-slp37,MIT-BIH,186,2,184,train
MIT-slp37,MIT-slp37,MIT-BIH,187,2,185,train
MIT-slp37,MIT-slp37,MIT-BIH,188,2,186,train
MIT-slp37,MIT-slp37,MIT-BIH,189,2,187,train
MIT-slp37,MIT-slp37,MIT-BIH,190,2,188,train
MIT-slp37,MIT-slp37,MIT-BIH,191,2,189,train
MIT-slp37,MIT-slp37,MIT-BIH,192,2,190,train
MIT-slp37,MIT-slp37,MIT-BIH,193,2,191,train
MIT-slp37,MIT-slp37,MIT-BIH,194,2,192,train
MIT-slp37,MIT-slp37,MIT-BIH,195,2,193,train
MIT-slp37,MIT-slp37,MIT-BIH,196,2,194,train
MIT-slp37,MIT-slp37,MIT-BIH,197,2,195,train
MIT-slp37,MIT-slp37,MIT-BIH,198,2,196,train
MIT-slp37,MIT-slp37,MIT-BIH,199,2,197,train
MIT-slp37,MIT-slp37,MIT-BIH,200,2,198,train
MIT-slp37,MIT-slp37,MIT-BIH,201,2,199,train
MIT-slp37,MIT-slp37,MIT-BIH,202,2,200,train
MIT-slp37,MIT-slp37,MIT-BIH,203,2,201,train
MIT-slp37,MIT-slp37,MIT-BIH,204,2,202,train
MIT-slp37,MIT-slp37,MIT-BIH,205,0,203,train
MIT-slp37,MIT-slp37,MIT-BIH,206,0,204,train
MIT-slp37,MIT-slp37,MIT-BIH,207,1,205,train
MIT-slp37,MIT-slp37,MIT-BIH,208,2,206,train
MIT-slp37,MIT-slp37,MIT-BIH,209,2,207,train
MIT-slp37,MIT-slp37,MIT-BIH,210,2,208,train
MIT-slp37,MIT-slp37,MIT-BIH,211,2,209,train
MIT-slp37,MIT-slp37,MIT-BIH,212,2,210,train
MIT-slp37,MIT-slp37,MIT-BIH,213,2,211,train
MIT-slp37,MIT-slp37,MIT-BIH,214,2,212,train
MIT-slp37,MIT-slp37,MIT-BIH,215,2,213,train
MIT-slp37,MIT-slp37,MIT-BIH,216,2,214,train
MIT-slp37,MIT-slp37,MIT-BIH,217,2,215,train
MIT-slp37,MIT-slp37,MIT-BIH,218,2,216,train
MIT-slp37,MIT-slp37,MIT-BIH,219,2,217,train
MIT-slp37,MIT-slp37,MIT-BIH,220,2,218,train
MIT-slp37,MIT-slp37,MIT-BIH,221,2,219,train
MIT-slp37,MIT-slp37,MIT-BIH,222,2,220,train
MIT-slp37,MIT-slp37,MIT-BIH,223,2,221,train
MIT-slp37,MIT-slp37,MIT-BIH,224,2,222,train
MIT-slp37,MIT-slp37,MIT-BIH,225,2,223,train
MIT-slp37,MIT-slp37,MIT-BIH,226,2,224,train
MIT-slp37,MIT-slp37,MIT-BIH,227,2,225,train
MIT-slp37,MIT-slp37,MIT-BIH,228,2,226,train
MIT-slp37,MIT-slp37,MIT-BIH,229,2,227,train
MIT-slp37,MIT-slp37,MIT-BIH,230,2,228,train
MIT-slp37,MIT-slp37,MIT-BIH,231,2,229,train
MIT-slp37,MIT-slp37,MIT-BIH,232,2,230,train
MIT-slp37,MIT-slp37,MIT-BIH,233,2,231,train
MIT-slp37,MIT-slp37,MIT-BIH,234,2,232,train
MIT-slp37,MIT-slp37,MIT-BIH,235,2,233,train
MIT-slp37,MIT-slp37,MIT-BIH,236,2,234,train
MIT-slp37,MIT-slp37,MIT-BIH,237,2,235,train
MIT-slp37,MIT-slp37,MIT-BIH,238,2,236,train
MIT-slp37,MIT-slp37,MIT-BIH,239,2,237,train
MIT-slp37,MIT-slp37,MIT-BIH,240,0,238,train
MIT-slp37,MIT-slp37,MIT-BIH,241,0,239,train
MIT-slp37,MIT-slp37,MIT-BIH,242,0,240,train
MIT-slp37,MIT-slp37,MIT-BIH,243,0,241,train
MIT-slp37,MIT-slp37,MIT-BIH,244,0,242,train
MIT-slp37,MIT-slp37,MIT-BIH,245,1,243,train
MIT-slp37,MIT-slp37,MIT-BIH,246,2,244,train
MIT-slp37,MIT-slp37,MIT-BIH,247,2,245,train
MIT-slp37,MIT-slp37,MIT-BIH,248,2,246,train
MIT-slp37,MIT-slp37,MIT-BIH,249,2,247,train
MIT-slp37,MIT-slp37,MIT-BIH,250,2,248,train
MIT-slp37,MIT-slp37,MIT-BIH,251,2,249,train
MIT-slp37,MIT-slp37,MIT-BIH,252,2,250,train
MIT-slp37,MIT-slp37,MIT-BIH,253,2,251,train
MIT-slp37,MIT-slp37,MIT-BIH,254,2,252,train
MIT-slp37,MIT-slp37,MIT-BIH,255,2,253,train
MIT-slp37,MIT-slp37,MIT-BIH,256,2,254,train
MIT-slp37,MIT-slp37,MIT-BIH,257,2,255,train
MIT-slp37,MIT-slp37,MIT-BIH,258,2,256,train
MIT-slp37,MIT-slp37,MIT-BIH,259,2,257,train
MIT-slp37,MIT-slp37,MIT-BIH,260,2,258,train
MIT-slp37,MIT-slp37,MIT-BIH,261,2,259,train
MIT-slp37,MIT-slp37,MIT-BIH,262,2,260,train
MIT-slp37,MIT-slp37,MIT-BIH,263,2,261,train
MIT-slp37,MIT-slp37,MIT-BIH,264,2,262,train
MIT-slp37,MIT-slp37,MIT-BIH,265,2,263,train
MIT-slp37,MIT-slp37,MIT-BIH,266,2,264,train
MIT-slp37,MIT-slp37,MIT-BIH,267,2,265,train
MIT-slp37,MIT-slp37,MIT-BIH,268,2,266,train
MIT-slp37,MIT-slp37,MIT-BIH,269,2,267,train
MIT-slp37,MIT-slp37,MIT-BIH,270,2,268,train
MIT-slp37,MIT-slp37,MIT-BIH,271,2,269,train
MIT-slp37,MIT-slp37,MIT-BIH,272,2,270,train
MIT-slp37,MIT-slp37,MIT-BIH,273,2,271,train
MIT-slp37,MIT-slp37,MIT-BIH,274,2,272,train
MIT-slp37,MIT-slp37,MIT-BIH,275,2,273,train
MIT-slp37,MIT-slp37,MIT-BIH,276,2,274,train
MIT-slp37,MIT-slp37,MIT-BIH,277,2,275,train
MIT-slp37,MIT-slp37,MIT-BIH,278,2,276,train
MIT-slp37,MIT-slp37,MIT-BIH,279,2,277,train
MIT-slp37,MIT-slp37,MIT-BIH,280,2,278,train
MIT-slp37,MIT-slp37,MIT-BIH,281,2,279,train
MIT-slp37,MIT-slp37,MIT-BIH,282,2,280,train
MIT-slp37,MIT-slp37,MIT-BIH,283,2,281,train
MIT-slp37,MIT-slp37,MIT-BIH,284,2,282,train
MIT-slp37,MIT-slp37,MIT-BIH,285,2,283,train
MIT-slp37,MIT-slp37,MIT-BIH,286,2,284,train
MIT-slp37,MIT-slp37,MIT-BIH,287,2,285,train
MIT-slp37,MIT-slp37,MIT-BIH,288,2,286,train
MIT-slp37,MIT-slp37,MIT-BIH,289,2,287,train
MIT-slp37,MIT-slp37,MIT-BIH,290,2,288,train
MIT-slp37,MIT-slp37,MIT-BIH,291,2,289,train
MIT-slp37,MIT-slp37,MIT-BIH,292,2,290,train
MIT-slp37,MIT-slp37,MIT-BIH,293,2,291,train
MIT-slp37,MIT-slp37,MIT-BIH,294,2,292,train
MIT-slp37,MIT-slp37,MIT-BIH,295,2,293,train
MIT-slp37,MIT-slp37,MIT-BIH,296,2,294,train
MIT-slp37,MIT-slp37,MIT-BIH,297,2,295,train
MIT-slp37,MIT-slp37,MIT-BIH,298,2,296,train
MIT-slp37,MIT-slp37,MIT-BIH,299,2,297,train
MIT-slp37,MIT-slp37,MIT-BIH,300,2,298,train
MIT-slp37,MIT-slp37,MIT-BIH,301,2,299,train
MIT-slp37,MIT-slp37,MIT-BIH,302,2,300,train
MIT-slp37,MIT-slp37,MIT-BIH,303,2,301,train
MIT-slp37,MIT-slp37,MIT-BIH,304,2,302,train
MIT-slp37,MIT-slp37,MIT-BIH,305,2,303,train
MIT-slp37,MIT-slp37,MIT-BIH,306,2,304,train
MIT-slp37,MIT-slp37,MIT-BIH,307,2,305,train
MIT-slp37,MIT-slp37,MIT-BIH,308,2,306,train
MIT-slp37,MIT-slp37,MIT-BIH,309,2,307,train
MIT-slp37,MIT-slp37,MIT-BIH,310,0,308,train
MIT-slp37,MIT-slp37,MIT-BIH,311,0,309,train
MIT-slp37,MIT-slp37,MIT-BIH,312,0,310,train
MIT-slp37,MIT-slp37,MIT-BIH,313,0,311,train
MIT-slp37,MIT-slp37,MIT-BIH,314,0,312,train
MIT-slp37,MIT-slp37,MIT-BIH,315,0,313,train
MIT-slp37,MIT-slp37,MIT-BIH,316,0,314,train
MIT-slp37,MIT-slp37,MIT-BIH,317,0,315,train
MIT-slp37,MIT-slp37,MIT-BIH,318,0,316,train
MIT-slp37,MIT-slp37,MIT-BIH,319,0,317,train
MIT-slp37,MIT-slp37,MIT-BIH,320,0,318,train
MIT-slp37,MIT-slp37,MIT-BIH,321,0,319,train
MIT-slp37,MIT-slp37,MIT-BIH,322,0,320,train
MIT-slp37,MIT-slp37,MIT-BIH,323,0,321,train
MIT-slp37,MIT-slp37,MIT-BIH,324,0,322,train
MIT-slp37,MIT-slp37,MIT-BIH,325,0,323,train
MIT-slp37,MIT-slp37,MIT-BIH,326,0,324,train
MIT-slp37,MIT-slp37,MIT-BIH,327,0,325,train
MIT-slp37,MIT-slp37,MIT-BIH,328,0,326,train
MIT-slp37,MIT-slp37,MIT-BIH,329,0,327,train
MIT-slp37,MIT-slp37,MIT-BIH,330,0,328,train
MIT-slp37,MIT-slp37,MIT-BIH,331,0,329,train
MIT-slp37,MIT-slp37,MIT-BIH,332,0,330,train
MIT-slp37,MIT-slp37,MIT-BIH,333,0,331,train
MIT-slp37,MIT-slp37,MIT-BIH,334,0,332,train
MIT-slp37,MIT-slp37,MIT-BIH,335,0,333,train
MIT-slp37,MIT-slp37,MIT-BIH,336,0,334,train
MIT-slp37,MIT-slp37,MIT-BIH,337,0,335,train
MIT-slp37,MIT-slp37,MIT-BIH,338,0,336,train
MIT-slp37,MIT-slp37,MIT-BIH,339,0,337,train
MIT-slp37,MIT-slp37,MIT-BIH,340,0,338,train
MIT-slp37,MIT-slp37,MIT-BIH,341,0,339,train
MIT-slp37,MIT-slp37,MIT-BIH,342,0,340,train
MIT-slp37,MIT-slp37,MIT-BIH,343,0,341,train
MIT-slp37,MIT-slp37,MIT-BIH,344,0,342,train
MIT-slp37,MIT-slp37,MIT-BIH,345,0,343,train
MIT-slp37,MIT-slp37,MIT-BIH,346,0,344,train
MIT-slp37,MIT-slp37,MIT-BIH,347,0,345,train
MIT-slp37,MIT-slp37,MIT-BIH,348,0,346,train
MIT-slp37,MIT-slp37,MIT-BIH,349,0,347,train
MIT-slp37,MIT-slp37,MIT-BIH,350,0,348,train
MIT-slp37,MIT-slp37,MIT-BIH,351,0,349,train
MIT-slp37,MIT-slp37,MIT-BIH,352,1,350,train
MIT-slp37,MIT-slp37,MIT-BIH,353,0,351,train
MIT-slp37,MIT-slp37,MIT-BIH,354,0,352,train
MIT-slp37,MIT-slp37,MIT-BIH,355,1,353,train
MIT-slp37,MIT-slp37,MIT-BIH,356,1,354,train
MIT-slp37,MIT-slp37,MIT-BIH,357,2,355,train
MIT-slp37,MIT-slp37,MIT-BIH,358,2,356,train
MIT-slp37,MIT-slp37,MIT-BIH,359,2,357,train
MIT-slp37,MIT-slp37,MIT-BIH,360,2,358,train
MIT-slp37,MIT-slp37,MIT-BIH,361,2,359,train
MIT-slp37,MIT-slp37,MIT-BIH,362,2,360,train
MIT-slp37,MIT-slp37,MIT-BIH,363,0,361,train
MIT-slp37,MIT-slp37,MIT-BIH,364,1,362,train
MIT-slp37,MIT-slp37,MIT-BIH,365,2,363,train
MIT-slp37,MIT-slp37,MIT-BIH,366,2,364,train
MIT-slp37,MIT-slp37,MIT-BIH,367,2,365,train
MIT-slp37,MIT-slp37,MIT-BIH,368,1,366,train
MIT-slp37,MIT-slp37,MIT-BIH,369,2,367,train
MIT-slp37,MIT-slp37,MIT-BIH,370,2,368,train
MIT-slp37,MIT-slp37,MIT-BIH,371,2,369,train
MIT-slp37,MIT-slp37,MIT-BIH,372,2,370,train
MIT-slp37,MIT-slp37,MIT-BIH,373,2,371,train
MIT-slp37,MIT-slp37,MIT-BIH,374,2,372,train
MIT-slp37,MIT-slp37,MIT-BIH,375,2,373,train
MIT-slp37,MIT-slp37,MIT-BIH,376,2,374,train
MIT-slp37,MIT-slp37,MIT-BIH,377,2,375,train
MIT-slp37,MIT-slp37,MIT-BIH,378,0,376,train
MIT-slp37,MIT-slp37,MIT-BIH,379,0,377,train
MIT-slp37,MIT-slp37,MIT-BIH,380,0,378,train
MIT-slp37,MIT-slp37,MIT-BIH,381,0,379,train
MIT-slp37,MIT-slp37,MIT-BIH,382,1,380,train
MIT-slp37,MIT-slp37,MIT-BIH,383,2,381,train
MIT-slp37,MIT-slp37,MIT-BIH,384,2,382,train
MIT-slp37,MIT-slp37,MIT-BIH,385,2,383,train
MIT-slp37,MIT-slp37,MIT-BIH,386,2,384,train
MIT-slp37,MIT-slp37,MIT-BIH,387,2,385,train
MIT-slp37,MIT-slp37,MIT-BIH,388,2,386,train
MIT-slp37,MIT-slp37,MIT-BIH,389,2,387,train
MIT-slp37,MIT-slp37,MIT-BIH,390,2,388,train
MIT-slp37,MIT-slp37,MIT-BIH,391,2,389,train
MIT-slp37,MIT-slp37,MIT-BIH,392,2,390,train
MIT-slp37,MIT-slp37,MIT-BIH,393,2,391,train
MIT-slp37,MIT-slp37,MIT-BIH,394,2,392,train
MIT-slp37,MIT-slp37,MIT-BIH,395,2,393,train
MIT-slp37,MIT-slp37,MIT-BIH,396,2,394,train
MIT-slp37,MIT-slp37,MIT-BIH,397,2,395,train
MIT-slp37,MIT-slp37,MIT-BIH,398,2,396,train
MIT-slp37,MIT-slp37,MIT-BIH,399,2,397,train
MIT-slp37,MIT-slp37,MIT-BIH,400,2,398,train
MIT-slp37,MIT-slp37,MIT-BIH,401,2,399,train
MIT-slp37,MIT-slp37,MIT-BIH,402,2,400,train
MIT-slp37,MIT-slp37,MIT-BIH,403,2,401,train
MIT-slp37,MIT-slp37,MIT-BIH,404,2,402,train
MIT-slp37,MIT-slp37,MIT-BIH,405,2,403,train
MIT-slp37,MIT-slp37,MIT-BIH,406,2,404,train
MIT-slp37,MIT-slp37,MIT-BIH,407,2,405,train
MIT-slp37,MIT-slp37,MIT-BIH,408,2,406,train
MIT-slp37,MIT-slp37,MIT-BIH,409,2,407,train
MIT-slp37,MIT-slp37,MIT-BIH,410,2,408,train
MIT-slp37,MIT-slp37,MIT-BIH,411,2,409,train
MIT-slp37,MIT-slp37,MIT-BIH,412,2,410,train
MIT-slp37,MIT-slp37,MIT-BIH,413,2,411,train
MIT-slp37,MIT-slp37,MIT-BIH,414,2,412,train
MIT-slp37,MIT-slp37,MIT-BIH,415,2,413,train
MIT-slp37,MIT-slp37,MIT-BIH,416,2,414,train
MIT-slp37,MIT-slp37,MIT-BIH,417,2,415,train
MIT-slp37,MIT-slp37,MIT-BIH,418,2,416,train
MIT-slp37,MIT-slp37,MIT-BIH,419,2,417,train
MIT-slp37,MIT-slp37,MIT-BIH,420,2,418,train
MIT-slp37,MIT-slp37,MIT-BIH,421,2,419,train
MIT-slp37,MIT-slp37,MIT-BIH,422,2,420,train
MIT-slp37,MIT-slp37,MIT-BIH,423,2,421,train
MIT-slp37,MIT-slp37,MIT-BIH,424,2,422,train
MIT-slp37,MIT-slp37,MIT-BIH,425,2,423,train
MIT-slp37,MIT-slp37,MIT-BIH,426,2,424,train
MIT-slp37,MIT-slp37,MIT-BIH,427,2,425,train
MIT-slp37,MIT-slp37,MIT-BIH,428,2,426,train
MIT-slp37,MIT-slp37,MIT-BIH,429,2,427,train
MIT-slp37,MIT-slp37,MIT-BIH,430,2,428,train
MIT-slp37,MIT-slp37,MIT-BIH,431,2,429,train
MIT-slp37,MIT-slp37,MIT-BIH,432,2,430,train
MIT-slp37,MIT-slp37,MIT-BIH,433,2,431,train
MIT-slp37,MIT-slp37,MIT-BIH,434,2,432,train
MIT-slp37,MIT-slp37,MIT-BIH,435,2,433,train
MIT-slp37,MIT-slp37,MIT-BIH,436,2,434,train
MIT-slp37,MIT-slp37,MIT-BIH,437,2,435,train
MIT-slp37,MIT-slp37,MIT-BIH,438,2,436,train
MIT-slp37,MIT-slp37,MIT-BIH,439,2,437,train
MIT-slp37,MIT-slp37,MIT-BIH,440,2,438,train
MIT-slp37,MIT-slp37,MIT-BIH,441,2,439,train
MIT-slp37,MIT-slp37,MIT-BIH,442,2,440,train
MIT-slp37,MIT-slp37,MIT-BIH,443,2,441,train
MIT-slp37,MIT-slp37,MIT-BIH,444,2,442,train
MIT-slp37,MIT-slp37,MIT-BIH,445,2,443,train
MIT-slp37,MIT-slp37,MIT-BIH,446,2,444,train
MIT-slp37,MIT-slp37,MIT-BIH,447,2,445,train
MIT-slp37,MIT-slp37,MIT-BIH,448,2,446,train
MIT-slp37,MIT-slp37,MIT-BIH,449,2,447,train
MIT-slp37,MIT-slp37,MIT-BIH,450,2,448,train
MIT-slp37,MIT-slp37,MIT-BIH,451,2,449,train
MIT-slp37,MIT-slp37,MIT-BIH,452,2,450,train
MIT-slp37,MIT-slp37,MIT-BIH,453,2,451,train
MIT-slp37,MIT-slp37,MIT-BIH,454,2,452,train
MIT-slp37,MIT-slp37,MIT-BIH,455,2,453,train
MIT-slp37,MIT-slp37,MIT-BIH,456,2,454,train
MIT-slp37,MIT-slp37,MIT-BIH,457,2,455,train
MIT-slp37,MIT-slp37,MIT-BIH,458,2,456,train
MIT-slp37,MIT-slp37,MIT-BIH,459,2,457,train
MIT-slp37,MIT-slp37,MIT-BIH,460,2,458,train
MIT-slp37,MIT-slp37,MIT-BIH,461,2,459,train
MIT-slp37,MIT-slp37,MIT-BIH,462,2,460,train
MIT-slp37,MIT-slp37,MIT-BIH,463,2,461,train
MIT-slp37,MIT-slp37,MIT-BIH,464,2,462,train
MIT-slp37,MIT-slp37,MIT-BIH,465,2,463,train
MIT-slp37,MIT-slp37,MIT-BIH,466,2,464,train
MIT-slp37,MIT-slp37,MIT-BIH,467,2,465,train
MIT-slp37,MIT-slp37,MIT-BIH,468,2,466,train
MIT-slp37,MIT-slp37,MIT-BIH,469,2,467,train
MIT-slp37,MIT-slp37,MIT-BIH,470,2,468,train
MIT-slp37,MIT-slp37,MIT-BIH,471,2,469,train
MIT-slp37,MIT-slp37,MIT-BIH,472,2,470,train
MIT-slp37,MIT-slp37,MIT-BIH,473,2,471,train
MIT-slp37,MIT-slp37,MIT-BIH,474,2,472,train
MIT-slp37,MIT-slp37,MIT-BIH,475,2,473,train
MIT-slp37,MIT-slp37,MIT-BIH,476,2,474,train
MIT-slp37,MIT-slp37,MIT-BIH,477,2,475,train
MIT-slp37,MIT-slp37,MIT-BIH,478,2,476,train
MIT-slp37,MIT-slp37,MIT-BIH,479,2,477,train
MIT-slp37,MIT-slp37,MIT-BIH,480,2,478,train
MIT-slp37,MIT-slp37,MIT-BIH,481,2,479,train
MIT-slp37,MIT-slp37,MIT-BIH,482,2,480,train
MIT-slp37,MIT-slp37,MIT-BIH,483,2,481,train
MIT-slp37,MIT-slp37,MIT-BIH,484,2,482,train
MIT-slp37,MIT-slp37,MIT-BIH,485,2,483,train
MIT-slp37,MIT-slp37,MIT-BIH,486,2,484,train
MIT-slp37,MIT-slp37,MIT-BIH,487,2,485,train
MIT-slp37,MIT-slp37,MIT-BIH,488,2,486,train
MIT-slp37,MIT-slp37,MIT-BIH,489,2,487,train
MIT-slp37,MIT-slp37,MIT-BIH,490,2,488,train
MIT-slp37,MIT-slp37,MIT-BIH,491,2,489,train
MIT-slp37,MIT-slp37,MIT-BIH,492,2,490,train
MIT-slp37,MIT-slp37,MIT-BIH,493,2,491,train
MIT-slp37,MIT-slp37,MIT-BIH,494,2,492,train
MIT-slp37,MIT-slp37,MIT-BIH,495,2,493,train
MIT-slp37,MIT-slp37,MIT-BIH,496,2,494,train
MIT-slp37,MIT-slp37,MIT-BIH,497,2,495,train
MIT-slp37,MIT-slp37,MIT-BIH,498,2,496,train
MIT-slp37,MIT-slp37,MIT-BIH,499,2,497,train
MIT-slp37,MIT-slp37,MIT-BIH,500,2,498,train
MIT-slp37,MIT-slp37,MIT-BIH,501,2,499,train
MIT-slp37,MIT-slp37,MIT-BIH,502,2,500,train
MIT-slp37,MIT-slp37,MIT-BIH,503,2,501,train
MIT-slp37,MIT-slp37,MIT-BIH,504,2,502,train
MIT-slp37,MIT-slp37,MIT-BIH,505,2,503,train
MIT-slp37,MIT-slp37,MIT-BIH,506,2,504,train
MIT-slp37,MIT-slp37,MIT-BIH,507,2,505,train
MIT-slp37,MIT-slp37,MIT-BIH,508,2,506,train
MIT-slp37,MIT-slp37,MIT-BIH,509,2,507,train
MIT-slp37,MIT-slp37,MIT-BIH,510,2,508,train
MIT-slp37,MIT-slp37,MIT-BIH,511,2,509,train
MIT-slp37,MIT-slp37,MIT-BIH,512,2,510,train
MIT-slp37,MIT-slp37,MIT-BIH,513,2,511,train
MIT-slp37,MIT-slp37,MIT-BIH,514,2,512,train
MIT-slp37,MIT-slp37,MIT-BIH,515,2,513,train
MIT-slp37,MIT-slp37,MIT-BIH,516,2,514,train
MIT-slp37,MIT-slp37,MIT-BIH,517,2,515,train
MIT-slp37,MIT-slp37,MIT-BIH,518,2,516,train
MIT-slp37,MIT-slp37,MIT-BIH,519,2,517,train
MIT-slp37,MIT-slp37,MIT-BIH,520,2,518,train
MIT-slp37,MIT-slp37,MIT-BIH,521,2,519,train
MIT-slp37,MIT-slp37,MIT-BIH,522,2,520,train
MIT-slp37,MIT-slp37,MIT-BIH,523,2,521,train
MIT-slp37,MIT-slp37,MIT-BIH,524,2,522,train
MIT-slp37,MIT-slp37,MIT-BIH,525,2,523,train
MIT-slp37,MIT-slp37,MIT-BIH,526,2,524,train
MIT-slp37,MIT-slp37,MIT-BIH,527,2,525,train
MIT-slp37,MIT-slp37,MIT-BIH,528,2,526,train
MIT-slp37,MIT-slp37,MIT-BIH,529,2,527,train
MIT-slp37,MIT-slp37,MIT-BIH,530,2,528,train
MIT-slp37,MIT-slp37,MIT-BIH,531,2,529,train
MIT-slp37,MIT-slp37,MIT-BIH,532,2,530,train
MIT-slp37,MIT-slp37,MIT-BIH,533,2,531,train
MIT-slp37,MIT-slp37,MIT-BIH,534,2,532,train
MIT-slp37,MIT-slp37,MIT-BIH,535,2,533,train
MIT-slp37,MIT-slp37,MIT-BIH,536,2,534,train
MIT-slp37,MIT-slp37,MIT-BIH,537,2,535,train
MIT-slp37,MIT-slp37,MIT-BIH,538,0,536,train
MIT-slp37,MIT-slp37,MIT-BIH,539,0,537,train
MIT-slp37,MIT-slp37,MIT-BIH,540,0,538,train
MIT-slp37,MIT-slp37,MIT-BIH,541,0,539,train
MIT-slp37,MIT-slp37,MIT-BIH,542,0,540,train
MIT-slp37,MIT-slp37,MIT-BIH,543,0,541,train
MIT-slp37,MIT-slp37,MIT-BIH,544,0,542,train
MIT-slp37,MIT-slp37,MIT-BIH,545,0,543,train
MIT-slp37,MIT-slp37,MIT-BIH,546,0,544,train
MIT-slp37,MIT-slp37,MIT-BIH,547,0,545,train
MIT-slp37,MIT-slp37,MIT-BIH,548,0,546,train
MIT-slp37,MIT-slp37,MIT-BIH,549,0,547,train
MIT-slp37,MIT-slp37,MIT-BIH,550,1,548,train
MIT-slp37,MIT-slp37,MIT-BIH,551,2,549,train
MIT-slp37,MIT-slp37,MIT-BIH,552,2,550,train
MIT-slp37,MIT-slp37,MIT-BIH,553,2,551,train
MIT-slp37,MIT-slp37,MIT-BIH,554,2,552,train
MIT-slp37,MIT-slp37,MIT-BIH,555,2,553,train
MIT-slp37,MIT-slp37,MIT-BIH,556,2,554,train
MIT-slp37,MIT-slp37,MIT-BIH,557,2,555,train
MIT-slp37,MIT-slp37,MIT-BIH,558,2,556,train
MIT-slp37,MIT-slp37,MIT-BIH,559,2,557,train
MIT-slp37,MIT-slp37,MIT-BIH,560,2,558,train
MIT-slp37,MIT-slp37,MIT-BIH,561,2,559,train
MIT-slp37,MIT-slp37,MIT-BIH,562,2,560,train
MIT-slp37,MIT-slp37,MIT-BIH,563,2,561,train
MIT-slp37,MIT-slp37,MIT-BIH,564,2,562,train
MIT-slp37,MIT-slp37,MIT-BIH,565,2,563,train
MIT-slp37,MIT-slp37,MIT-BIH,566,2,564,train
MIT-slp37,MIT-slp37,MIT-BIH,567,2,565,train
MIT-slp37,MIT-slp37,MIT-BIH,568,2,566,train
MIT-slp37,MIT-slp37,MIT-BIH,569,2,567,train
MIT-slp37,MIT-slp37,MIT-BIH,570,2,568,train
MIT-slp37,MIT-slp37,MIT-BIH,571,2,569,train
MIT-slp37,MIT-slp37,MIT-BIH,572,2,570,train
MIT-slp37,MIT-slp37,MIT-BIH,573,2,571,train
MIT-slp37,MIT-slp37,MIT-BIH,574,2,572,train
MIT-slp37,MIT-slp37,MIT-BIH,575,2,573,train
MIT-slp37,MIT-slp37,MIT-BIH,576,2,574,train
MIT-slp37,MIT-slp37,MIT-BIH,577,2,575,train
MIT-slp37,MIT-slp37,MIT-BIH,578,2,576,train
MIT-slp37,MIT-slp37,MIT-BIH,579,2,577,train
MIT-slp37,MIT-slp37,MIT-BIH,580,2,578,train
MIT-slp37,MIT-slp37,MIT-BIH,581,2,579,train
MIT-slp37,MIT-slp37,MIT-BIH,582,2,580,train
MIT-slp37,MIT-slp37,MIT-BIH,583,2,581,train
MIT-slp37,MIT-slp37,MIT-BIH,584,2,582,train
MIT-slp37,MIT-slp37,MIT-BIH,585,2,583,train
MIT-slp37,MIT-slp37,MIT-BIH,586,2,584,train
MIT-slp37,MIT-slp37,MIT-BIH,587,2,585,train
MIT-slp37,MIT-slp37,MIT-BIH,588,2,586,train
MIT-slp37,MIT-slp37,MIT-BIH,589,2,587,train
MIT-slp37,MIT-slp37,MIT-BIH,590,2,588,train
MIT-slp37,MIT-slp37,MIT-BIH,591,2,589,train
MIT-slp37,MIT-slp37,MIT-BIH,592,2,590,train
MIT-slp37,MIT-slp37,MIT-BIH,593,2,591,train
MIT-slp37,MIT-slp37,MIT-BIH,594,2,592,train
MIT-slp37,MIT-slp37,MIT-BIH,595,2,593,train
MIT-slp37,MIT-slp37,MIT-BIH,596,2,594,train
MIT-slp37,MIT-slp37,MIT-BIH,597,2,595,train
MIT-slp37,MIT-slp37,MIT-BIH,598,2,596,train
MIT-slp37,MIT-slp37,MIT-BIH,599,2,597,train
MIT-slp37,MIT-slp37,MIT-BIH,600,2,598,train
MIT-slp37,MIT-slp37,MIT-BIH,601,2,599,train
MIT-slp37,MIT-slp37,MIT-BIH,602,2,600,train
MIT-slp37,MIT-slp37,MIT-BIH,603,2,601,train
MIT-slp37,MIT-slp37,MIT-BIH,604,2,602,train
MIT-slp37,MIT-slp37,MIT-BIH,605,2,603,train
MIT-slp37,MIT-slp37,MIT-BIH,606,2,604,train
MIT-slp37,MIT-slp37,MIT-BIH,607,2,605,train
MIT-slp37,MIT-slp37,MIT-BIH,608,2,606,train
MIT-slp37,MIT-slp37,MIT-BIH,609,2,607,train
MIT-slp37,MIT-slp37,MIT-BIH,610,2,608,train
MIT-slp37,MIT-slp37,MIT-BIH,611,2,609,train
MIT-slp37,MIT-slp37,MIT-BIH,612,2,610,train
MIT-slp37,MIT-slp37,MIT-BIH,613,2,611,train
MIT-slp37,MIT-slp37,MIT-BIH,614,2,612,train
MIT-slp37,MIT-slp37,MIT-BIH,615,2,613,train
MIT-slp37,MIT-slp37,MIT-BIH,616,2,614,train
MIT-slp37,MIT-slp37,MIT-BIH,617,2,615,train
MIT-slp37,MIT-slp37,MIT-BIH,618,2,616,train
MIT-slp37,MIT-slp37,MIT-BIH,619,2,617,train
MIT-slp37,MIT-slp37,MIT-BIH,620,2,618,train
MIT-slp37,MIT-slp37,MIT-BIH,621,2,619,train
MIT-slp37,MIT-slp37,MIT-BIH,622,2,620,train
MIT-slp37,MIT-slp37,MIT-BIH,623,2,621,train
MIT-slp37,MIT-slp37,MIT-BIH,624,2,622,train
MIT-slp37,MIT-slp37,MIT-BIH,625,2,623,train
MIT-slp37,MIT-slp37,MIT-BIH,626,2,624,train
MIT-slp37,MIT-slp37,MIT-BIH,627,2,625,train
MIT-slp37,MIT-slp37,MIT-BIH,628,2,626,train
MIT-slp37,MIT-slp37,MIT-BIH,629,2,627,train
MIT-slp37,MIT-slp37,MIT-BIH,630,2,628,train
MIT-slp37,MIT-slp37,MIT-BIH,631,2,629,train
MIT-slp37,MIT-slp37,MIT-BIH,632,2,630,train
MIT-slp37,MIT-slp37,MIT-BIH,633,2,631,train
MIT-slp37,MIT-slp37,MIT-BIH,634,2,632,train
MIT-slp37,MIT-slp37,MIT-BIH,635,2,633,train
MIT-slp37,MIT-slp37,MIT-BIH,636,2,634,train
MIT-slp37,MIT-slp37,MIT-BIH,637,2,635,train
MIT-slp37,MIT-slp37,MIT-BIH,638,2,636,train
MIT-slp37,MIT-slp37,MIT-BIH,639,2,637,train
MIT-slp37,MIT-slp37,MIT-BIH,640,2,638,train
MIT-slp37,MIT-slp37,MIT-BIH,641,2,639,train
MIT-slp37,MIT-slp37,MIT-BIH,642,2,640,train
MIT-slp37,MIT-slp37,MIT-BIH,643,2,641,train
MIT-slp37,MIT-slp37,MIT-BIH,644,2,642,train
MIT-slp37,MIT-slp37,MIT-BIH,645,2,643,train
MIT-slp37,MIT-slp37,MIT-BIH,646,2,644,train
MIT-slp37,MIT-slp37,MIT-BIH,647,2,645,train
MIT-slp37,MIT-slp37,MIT-BIH,648,2,646,train
MIT-slp37,MIT-slp37,MIT-BIH,649,2,647,train
MIT-slp37,MIT-slp37,MIT-BIH,650,2,648,train
MIT-slp37,MIT-slp37,MIT-BIH,651,2,649,train
MIT-slp37,MIT-slp37,MIT-BIH,652,2,650,train
MIT-slp37,MIT-slp37,MIT-BIH,653,2,651,train
MIT-slp37,MIT-slp37,MIT-BIH,654,2,652,train
MIT-slp37,MIT-slp37,MIT-BIH,655,2,653,train
MIT-slp37,MIT-slp37,MIT-BIH,656,2,654,train
MIT-slp37,MIT-slp37,MIT-BIH,657,2,655,train
MIT-slp37,MIT-slp37,MIT-BIH,658,2,656,train
MIT-slp37,MIT-slp37,MIT-BIH,659,2,657,train
MIT-slp37,MIT-slp37,MIT-BIH,660,2,658,train
MIT-slp37,MIT-slp37,MIT-BIH,661,2,659,train
MIT-slp37,MIT-slp37,MIT-BIH,662,2,660,train
MIT-slp37,MIT-slp37,MIT-BIH,663,2,661,train
MIT-slp37,MIT-slp37,MIT-BIH,664,2,662,train
MIT-slp37,MIT-slp37,MIT-BIH,665,2,663,train
MIT-slp37,MIT-slp37,MIT-BIH,666,2,664,train
MIT-slp37,MIT-slp37,MIT-BIH,667,2,665,train
MIT-slp37,MIT-slp37,MIT-BIH,668,2,666,train
MIT-slp37,MIT-slp37,MIT-BIH,669,2,667,train
MIT-slp37,MIT-slp37,MIT-BIH,670,2,668,train
MIT-slp37,MIT-slp37,MIT-BIH,671,2,669,train
MIT-slp37,MIT-slp37,MIT-BIH,672,2,670,train
MIT-slp37,MIT-slp37,MIT-BIH,673,2,671,train
MIT-slp37,MIT-slp37,MIT-BIH,674,2,672,train
MIT-slp37,MIT-slp37,MIT-BIH,675,2,673,train
MIT-slp37,MIT-slp37,MIT-BIH,676,4,674,train
MIT-slp37,MIT-slp37,MIT-BIH,677,4,675,train
MIT-slp37,MIT-slp37,MIT-BIH,678,4,676,train
MIT-slp37,MIT-slp37,MIT-BIH,679,4,677,train
MIT-slp37,MIT-slp37,MIT-BIH,680,4,678,train
MIT-slp37,MIT-slp37,MIT-BIH,681,4,679,train
MIT-slp37,MIT-slp37,MIT-BIH,682,4,680,train
MIT-slp37,MIT-slp37,MIT-BIH,683,4,681,train
MIT-slp37,MIT-slp37,MIT-BIH,684,4,682,train
MIT-slp37,MIT-slp37,MIT-BIH,685,4,683,train
MIT-slp37,MIT-slp37,MIT-BIH,686,4,684,train
MIT-slp37,MIT-slp37,MIT-BIH,687,0,685,train
MIT-slp37,MIT-slp37,MIT-BIH,688,0,686,train
MIT-slp37,MIT-slp37,MIT-BIH,689,0,687,train
MIT-slp37,MIT-slp37,MIT-BIH,690,1,688,train
MIT-slp37,MIT-slp37,MIT-BIH,691,1,689,train
MIT-slp37,MIT-slp37,MIT-BIH,692,1,690,train
MIT-slp37,MIT-slp37,MIT-BIH,693,1,691,train
MIT-slp37,MIT-slp37,MIT-BIH,694,2,692,train
MIT-slp37,MIT-slp37,MIT-BIH,695,2,693,train
MIT-slp37,MIT-slp37,MIT-BIH,696,1,694,train
MIT-slp37,MIT-slp37,MIT-BIH,697,2,695,train
MIT-slp37,MIT-slp37,MIT-BIH,698,2,696,train
MIT-slp37,MIT-slp37,MIT-BIH,699,2,697,train
MIT-slp41,MIT-slp41,MIT-BIH,0,0,0,train
MIT-slp41,MIT-slp41,MIT-BIH,1,0,1,train
MIT-slp41,MIT-slp41,MIT-BIH,2,0,2,train
MIT-slp41,MIT-slp41,MIT-BIH,3,0,3,train
MIT-slp41,MIT-slp41,MIT-BIH,4,0,4,train
MIT-slp41,MIT-slp41,MIT-BIH,5,0,5,train
MIT-slp41,MIT-slp41,MIT-BIH,6,0,6,train
MIT-slp41,MIT-slp41,MIT-BIH,7,0,7,train
MIT-slp41,MIT-slp41,MIT-BIH,8,0,8,train
MIT-slp41,MIT-slp41,MIT-BIH,9,0,9,train
MIT-slp41,MIT-slp41,MIT-BIH,10,0,10,train
MIT-slp41,MIT-slp41,MIT-BIH,11,0,11,train
MIT-slp41,MIT-slp41,MIT-BIH,12,0,12,train
MIT-slp41,MIT-slp41,MIT-BIH,13,0,13,train
MIT-slp41,MIT-slp41,MIT-BIH,14,0,14,train
MIT-slp41,MIT-slp41,MIT-BIH,15,0,15,train
MIT-slp41,MIT-slp41,MIT-BIH,16,0,16,train
MIT-slp41,MIT-slp41,MIT-BIH,17,0,17,train
MIT-slp41,MIT-slp41,MIT-BIH,18,0,18,train
MIT-slp41,MIT-slp41,MIT-BIH,19,0,19,train
MIT-slp41,MIT-slp41,MIT-BIH,20,0,20,train
MIT-slp41,MIT-slp41,MIT-BIH,21,0,21,train
MIT-slp41,MIT-slp41,MIT-BIH,22,0,22,train
MIT-slp41,MIT-slp41,MIT-BIH,23,0,23,train
MIT-slp41,MIT-slp41,MIT-BIH,24,0,24,train
MIT-slp41,MIT-slp41,MIT-BIH,25,0,25,train
MIT-slp41,MIT-slp41,MIT-BIH,26,0,26,train
MIT-slp41,MIT-slp41,MIT-BIH,27,0,27,train
MIT-slp41,MIT-slp41,MIT-BIH,28,0,28,train
MIT-slp41,MIT-slp41,MIT-BIH,29,0,29,train
MIT-slp41,MIT-slp41,MIT-BIH,30,0,30,train
MIT-slp41,MIT-slp41,MIT-BIH,31,0,31,train
MIT-slp41,MIT-slp41,MIT-BIH,32,0,32,train
MIT-slp41,MIT-slp41,MIT-BIH,33,0,33,train
MIT-slp41,MIT-slp41,MIT-BIH,34,0,34,train
MIT-slp41,MIT-slp41,MIT-BIH,35,0,35,train
MIT-slp41,MIT-slp41,MIT-BIH,36,0,36,train
MIT-slp41,MIT-slp41,MIT-BIH,37,0,37,train
MIT-slp41,MIT-slp41,MIT-BIH,38,0,38,train
MIT-slp41,MIT-slp41,MIT-BIH,39,0,39,train
MIT-slp41,MIT-slp41,MIT-BIH,40,0,40,train
MIT-slp41,MIT-slp41,MIT-BIH,41,0,41,train
MIT-slp41,MIT-slp41,MIT-BIH,42,0,42,train
MIT-slp41,MIT-slp41,MIT-BIH,43,0,43,train
MIT-slp41,MIT-slp41,MIT-BIH,44,0,44,train
MIT-slp41,MIT-slp41,MIT-BIH,45,0,45,train
MIT-slp41,MIT-slp41,MIT-BIH,46,0,46,train
MIT-slp41,MIT-slp41,MIT-BIH,47,0,47,train
MIT-slp41,MIT-slp41,MIT-BIH,48,0,48,train
MIT-slp41,MIT-slp41,MIT-BIH,49,0,49,train
MIT-slp41,MIT-slp41,MIT-BIH,50,0,50,train
MIT-slp41,MIT-slp41,MIT-BIH,51,0,51,train
MIT-slp41,MIT-slp41,MIT-BIH,52,0,52,train
MIT-slp41,MIT-slp41,MIT-BIH,53,0,53,train
MIT-slp41,MIT-slp41,MIT-BIH,54,0,54,train
MIT-slp41,MIT-slp41,MIT-BIH,55,0,55,train
MIT-slp41,MIT-slp41,MIT-BIH,56,0,56,train
MIT-slp41,MIT-slp41,MIT-BIH,57,0,57,train
MIT-slp41,MIT-slp41,MIT-BIH,58,0,58,train
MIT-slp41,MIT-slp41,MIT-BIH,59,0,59,train
MIT-slp41,MIT-slp41,MIT-BIH,60,0,60,train
MIT-slp41,MIT-slp41,MIT-BIH,61,0,61,train
MIT-slp41,MIT-slp41,MIT-BIH,62,0,62,train
MIT-slp41,MIT-slp41,MIT-BIH,63,0,63,train
MIT-slp41,MIT-slp41,MIT-BIH,64,0,64,train
MIT-slp41,MIT-slp41,MIT-BIH,65,0,65,train
MIT-slp41,MIT-slp41,MIT-BIH,66,0,66,train
MIT-slp41,MIT-slp41,MIT-BIH,67,0,67,train
MIT-slp41,MIT-slp41,MIT-BIH,68,0,68,train
MIT-slp41,MIT-slp41,MIT-BIH,69,0,69,train
MIT-slp41,MIT-slp41,MIT-BIH,70,0,70,train
MIT-slp41,MIT-slp41,MIT-BIH,71,0,71,train
MIT-slp41,MIT-slp41,MIT-BIH,72,0,72,train
MIT-slp41,MIT-slp41,MIT-BIH,73,0,73,train
MIT-slp41,MIT-slp41,MIT-BIH,74,0,74,train
MIT-slp41,MIT-slp41,MIT-BIH,75,0,75,train
MIT-slp41,MIT-slp41,MIT-BIH,76,0,76,train
MIT-slp41,MIT-slp41,MIT-BIH,77,0,77,train
MIT-slp41,MIT-slp41,MIT-BIH,78,0,78,train
MIT-slp41,MIT-slp41,MIT-BIH,79,0,79,train
MIT-slp41,MIT-slp41,MIT-BIH,80,0,80,train
MIT-slp41,MIT-slp41,MIT-BIH,81,0,81,train
MIT-slp41,MIT-slp41,MIT-BIH,82,0,82,train
MIT-slp41,MIT-slp41,MIT-BIH,83,0,83,train
MIT-slp41,MIT-slp41,MIT-BIH,84,1,84,train
MIT-slp41,MIT-slp41,MIT-BIH,85,1,85,train
MIT-slp41,MIT-slp41,MIT-BIH,86,1,86,train
MIT-slp41,MIT-slp41,MIT-BIH,87,1,87,train
MIT-slp41,MIT-slp41,MIT-BIH,88,1,88,train
MIT-slp41,MIT-slp41,MIT-BIH,89,1,89,train
MIT-slp41,MIT-slp41,MIT-BIH,90,1,90,train
MIT-slp41,MIT-slp41,MIT-BIH,91,1,91,train
MIT-slp41,MIT-slp41,MIT-BIH,92,1,92,train
MIT-slp41,MIT-slp41,MIT-BIH,93,1,93,train
MIT-slp41,MIT-slp41,MIT-BIH,94,1,94,train
MIT-slp41,MIT-slp41,MIT-BIH,95,1,95,train
MIT-slp41,MIT-slp41,MIT-BIH,96,0,96,train
MIT-slp41,MIT-slp41,MIT-BIH,97,1,97,train
MIT-slp41,MIT-slp41,MIT-BIH,98,2,98,train
MIT-slp41,MIT-slp41,MIT-BIH,99,1,99,train
MIT-slp41,MIT-slp41,MIT-BIH,100,1,100,train
MIT-slp41,MIT-slp41,MIT-BIH,101,0,101,train
MIT-slp41,MIT-slp41,MIT-BIH,102,0,102,train
MIT-slp41,MIT-slp41,MIT-BIH,103,1,103,train
MIT-slp41,MIT-slp41,MIT-BIH,104,1,104,train
MIT-slp41,MIT-slp41,MIT-BIH,105,1,105,train
MIT-slp41,MIT-slp41,MIT-BIH,106,1,106,train
MIT-slp41,MIT-slp41,MIT-BIH,107,2,107,train
MIT-slp41,MIT-slp41,MIT-BIH,108,2,108,train
MIT-slp41,MIT-slp41,MIT-BIH,109,2,109,train
MIT-slp41,MIT-slp41,MIT-BIH,110,2,110,train
MIT-slp41,MIT-slp41,MIT-BIH,111,2,111,train
MIT-slp41,MIT-slp41,MIT-BIH,112,2,112,train
MIT-slp41,MIT-slp41,MIT-BIH,113,1,113,train
MIT-slp41,MIT-slp41,MIT-BIH,114,2,114,train
MIT-slp41,MIT-slp41,MIT-BIH,115,2,115,train
MIT-slp41,MIT-slp41,MIT-BIH,116,2,116,train
MIT-slp41,MIT-slp41,MIT-BIH,117,2,117,train
MIT-slp41,MIT-slp41,MIT-BIH,118,2,118,train
MIT-slp41,MIT-slp41,MIT-BIH,119,1,119,train
MIT-slp41,MIT-slp41,MIT-BIH,120,1,120,train
MIT-slp41,MIT-slp41,MIT-BIH,121,2,121,train
MIT-slp41,MIT-slp41,MIT-BIH,122,2,122,train
MIT-slp41,MIT-slp41,MIT-BIH,123,1,123,train
MIT-slp41,MIT-slp41,MIT-BIH,124,1,124,train
MIT-slp41,MIT-slp41,MIT-BIH,125,2,125,train
MIT-slp41,MIT-slp41,MIT-BIH,126,2,126,train
MIT-slp41,MIT-slp41,MIT-BIH,127,2,127,train
MIT-slp41,MIT-slp41,MIT-BIH,128,2,128,train
MIT-slp41,MIT-slp41,MIT-BIH,129,2,129,train
MIT-slp41,MIT-slp41,MIT-BIH,130,1,130,train
MIT-slp41,MIT-slp41,MIT-BIH,131,2,131,train
MIT-slp41,MIT-slp41,MIT-BIH,132,2,132,train
MIT-slp41,MIT-slp41,MIT-BIH,133,2,133,train
MIT-slp41,MIT-slp41,MIT-BIH,134,1,134,train
MIT-slp41,MIT-slp41,MIT-BIH,135,0,135,train
MIT-slp41,MIT-slp41,MIT-BIH,136,0,136,train
MIT-slp41,MIT-slp41,MIT-BIH,137,0,137,train
MIT-slp41,MIT-slp41,MIT-BIH,138,0,138,train
MIT-slp41,MIT-slp41,MIT-BIH,139,0,139,train
MIT-slp41,MIT-slp41,MIT-BIH,140,0,140,train
MIT-slp41,MIT-slp41,MIT-BIH,141,0,141,train
MIT-slp41,MIT-slp41,MIT-BIH,142,0,142,train
MIT-slp41,MIT-slp41,MIT-BIH,143,0,143,train
MIT-slp41,MIT-slp41,MIT-BIH,144,0,144,train
MIT-slp41,MIT-slp41,MIT-BIH,145,1,145,train
MIT-slp41,MIT-slp41,MIT-BIH,146,1,146,train
MIT-slp41,MIT-slp41,MIT-BIH,147,1,147,train
MIT-slp41,MIT-slp41,MIT-BIH,148,1,148,train
MIT-slp41,MIT-slp41,MIT-BIH,149,1,149,train
MIT-slp41,MIT-slp41,MIT-BIH,150,1,150,train
MIT-slp41,MIT-slp41,MIT-BIH,151,1,151,train
MIT-slp41,MIT-slp41,MIT-BIH,152,2,152,train
MIT-slp41,MIT-slp41,MIT-BIH,153,2,153,train
MIT-slp41,MIT-slp41,MIT-BIH,154,2,154,train
MIT-slp41,MIT-slp41,MIT-BIH,155,2,155,train
MIT-slp41,MIT-slp41,MIT-BIH,156,1,156,train
MIT-slp41,MIT-slp41,MIT-BIH,157,2,157,train
MIT-slp41,MIT-slp41,MIT-BIH,158,2,158,train
MIT-slp41,MIT-slp41,MIT-BIH,159,1,159,train
MIT-slp41,MIT-slp41,MIT-BIH,160,1,160,train
MIT-slp41,MIT-slp41,MIT-BIH,161,1,161,train
MIT-slp41,MIT-slp41,MIT-BIH,162,1,162,train
MIT-slp41,MIT-slp41,MIT-BIH,163,2,163,train
MIT-slp41,MIT-slp41,MIT-BIH,164,1,164,train
MIT-slp41,MIT-slp41,MIT-BIH,165,1,165,train
MIT-slp41,MIT-slp41,MIT-BIH,166,2,166,train
MIT-slp41,MIT-slp41,MIT-BIH,167,1,167,train
MIT-slp41,MIT-slp41,MIT-BIH,168,1,168,train
MIT-slp41,MIT-slp41,MIT-BIH,169,1,169,train
MIT-slp41,MIT-slp41,MIT-BIH,170,2,170,train
MIT-slp41,MIT-slp41,MIT-BIH,171,1,171,train
MIT-slp41,MIT-slp41,MIT-BIH,172,1,172,train
MIT-slp41,MIT-slp41,MIT-BIH,173,2,173,train
MIT-slp41,MIT-slp41,MIT-BIH,174,1,174,train
MIT-slp41,MIT-slp41,MIT-BIH,175,0,175,train
MIT-slp41,MIT-slp41,MIT-BIH,176,1,176,train
MIT-slp41,MIT-slp41,MIT-BIH,177,2,177,train
MIT-slp41,MIT-slp41,MIT-BIH,178,1,178,train
MIT-slp41,MIT-slp41,MIT-BIH,179,1,179,train
MIT-slp41,MIT-slp41,MIT-BIH,180,1,180,train
MIT-slp41,MIT-slp41,MIT-BIH,181,2,181,train
MIT-slp41,MIT-slp41,MIT-BIH,182,2,182,train
MIT-slp41,MIT-slp41,MIT-BIH,183,1,183,train
MIT-slp41,MIT-slp41,MIT-BIH,184,2,184,train
MIT-slp41,MIT-slp41,MIT-BIH,185,2,185,train
MIT-slp41,MIT-slp41,MIT-BIH,186,1,186,train
MIT-slp41,MIT-slp41,MIT-BIH,187,1,187,train
MIT-slp41,MIT-slp41,MIT-BIH,188,2,188,train
MIT-slp41,MIT-slp41,MIT-BIH,189,1,189,train
MIT-slp41,MIT-slp41,MIT-BIH,190,1,190,train
MIT-slp41,MIT-slp41,MIT-BIH,191,2,191,train
MIT-slp41,MIT-slp41,MIT-BIH,192,2,192,train
MIT-slp41,MIT-slp41,MIT-BIH,193,1,193,train
MIT-slp41,MIT-slp41,MIT-BIH,194,1,194,train
MIT-slp41,MIT-slp41,MIT-BIH,195,1,195,train
MIT-slp41,MIT-slp41,MIT-BIH,196,2,196,train
MIT-slp41,MIT-slp41,MIT-BIH,197,1,197,train
MIT-slp41,MIT-slp41,MIT-BIH,198,1,198,train
MIT-slp41,MIT-slp41,MIT-BIH,199,2,199,train
MIT-slp41,MIT-slp41,MIT-BIH,200,2,200,train
MIT-slp41,MIT-slp41,MIT-BIH,201,1,201,train
MIT-slp41,MIT-slp41,MIT-BIH,202,1,202,train
MIT-slp41,MIT-slp41,MIT-BIH,203,1,203,train
MIT-slp41,MIT-slp41,MIT-BIH,204,1,204,train
MIT-slp41,MIT-slp41,MIT-BIH,205,2,205,train
MIT-slp41,MIT-slp41,MIT-BIH,206,2,206,train
MIT-slp41,MIT-slp41,MIT-BIH,207,1,207,train
MIT-slp41,MIT-slp41,MIT-BIH,208,1,208,train
MIT-slp41,MIT-slp41,MIT-BIH,209,2,209,train
MIT-slp41,MIT-slp41,MIT-BIH,210,2,210,train
MIT-slp41,MIT-slp41,MIT-BIH,211,2,211,train
MIT-slp41,MIT-slp41,MIT-BIH,212,1,212,train
MIT-slp41,MIT-slp41,MIT-BIH,213,1,213,train
MIT-slp41,MIT-slp41,MIT-BIH,214,2,214,train
MIT-slp41,MIT-slp41,MIT-BIH,215,2,215,train
MIT-slp41,MIT-slp41,MIT-BIH,216,1,216,train
MIT-slp41,MIT-slp41,MIT-BIH,217,2,217,train
MIT-slp41,MIT-slp41,MIT-BIH,218,2,218,train
MIT-slp41,MIT-slp41,MIT-BIH,219,2,219,train
MIT-slp41,MIT-slp41,MIT-BIH,220,1,220,train
MIT-slp41,MIT-slp41,MIT-BIH,221,1,221,train
MIT-slp41,MIT-slp41,MIT-BIH,222,1,222,train
MIT-slp41,MIT-slp41,MIT-BIH,223,2,223,train
MIT-slp41,MIT-slp41,MIT-BIH,224,2,224,train
MIT-slp41,MIT-slp41,MIT-BIH,225,2,225,train
MIT-slp41,MIT-slp41,MIT-BIH,226,2,226,train
MIT-slp41,MIT-slp41,MIT-BIH,227,1,227,train
MIT-slp41,MIT-slp41,MIT-BIH,228,2,228,train
MIT-slp41,MIT-slp41,MIT-BIH,229,1,229,train
MIT-slp41,MIT-slp41,MIT-BIH,230,1,230,train
MIT-slp41,MIT-slp41,MIT-BIH,231,2,231,train
MIT-slp41,MIT-slp41,MIT-BIH,232,2,232,train
MIT-slp41,MIT-slp41,MIT-BIH,233,1,233,train
MIT-slp41,MIT-slp41,MIT-BIH,234,2,234,train
MIT-slp41,MIT-slp41,MIT-BIH,235,2,235,train
MIT-slp41,MIT-slp41,MIT-BIH,236,1,236,train
MIT-slp41,MIT-slp41,MIT-BIH,237,1,237,train
MIT-slp41,MIT-slp41,MIT-BIH,238,2,238,train
MIT-slp41,MIT-slp41,MIT-BIH,239,1,239,train
MIT-slp41,MIT-slp41,MIT-BIH,240,2,240,train
MIT-slp41,MIT-slp41,MIT-BIH,241,1,241,train
MIT-slp41,MIT-slp41,MIT-BIH,242,1,242,train
MIT-slp41,MIT-slp41,MIT-BIH,243,1,243,train
MIT-slp41,MIT-slp41,MIT-BIH,244,1,244,train
MIT-slp41,MIT-slp41,MIT-BIH,245,0,245,train
MIT-slp41,MIT-slp41,MIT-BIH,246,0,246,train
MIT-slp41,MIT-slp41,MIT-BIH,247,1,247,train
MIT-slp41,MIT-slp41,MIT-BIH,248,1,248,train
MIT-slp41,MIT-slp41,MIT-BIH,249,0,249,train
MIT-slp41,MIT-slp41,MIT-BIH,250,1,250,train
MIT-slp41,MIT-slp41,MIT-BIH,251,1,251,train
MIT-slp41,MIT-slp41,MIT-BIH,252,1,252,train
MIT-slp41,MIT-slp41,MIT-BIH,253,2,253,train
MIT-slp41,MIT-slp41,MIT-BIH,254,2,254,train
MIT-slp41,MIT-slp41,MIT-BIH,255,1,255,train
MIT-slp41,MIT-slp41,MIT-BIH,256,2,256,train
MIT-slp41,MIT-slp41,MIT-BIH,257,1,257,train
MIT-slp41,MIT-slp41,MIT-BIH,258,2,258,train
MIT-slp41,MIT-slp41,MIT-BIH,259,1,259,train
MIT-slp41,MIT-slp41,MIT-BIH,260,1,260,train
MIT-slp41,MIT-slp41,MIT-BIH,261,2,261,train
MIT-slp41,MIT-slp41,MIT-BIH,262,1,262,train
MIT-slp41,MIT-slp41,MIT-BIH,263,1,263,train
MIT-slp41,MIT-slp41,MIT-BIH,264,2,264,train
MIT-slp41,MIT-slp41,MIT-BIH,265,2,265,train
MIT-slp41,MIT-slp41,MIT-BIH,266,1,266,train
MIT-slp41,MIT-slp41,MIT-BIH,267,2,267,train
MIT-slp41,MIT-slp41,MIT-BIH,268,1,268,train
MIT-slp41,MIT-slp41,MIT-BIH,269,2,269,train
MIT-slp41,MIT-slp41,MIT-BIH,270,1,270,train
MIT-slp41,MIT-slp41,MIT-BIH,271,1,271,train
MIT-slp41,MIT-slp41,MIT-BIH,272,1,272,train
MIT-slp41,MIT-slp41,MIT-BIH,273,1,273,train
MIT-slp41,MIT-slp41,MIT-BIH,274,2,274,train
MIT-slp41,MIT-slp41,MIT-BIH,275,1,275,train
MIT-slp41,MIT-slp41,MIT-BIH,276,1,276,train
MIT-slp41,MIT-slp41,MIT-BIH,277,2,277,train
MIT-slp41,MIT-slp41,MIT-BIH,278,2,278,train
MIT-slp41,MIT-slp41,MIT-BIH,279,1,279,train
MIT-slp41,MIT-slp41,MIT-BIH,280,0,280,train
MIT-slp41,MIT-slp41,MIT-BIH,281,0,281,train
MIT-slp41,MIT-slp41,MIT-BIH,282,0,282,train
MIT-slp41,MIT-slp41,MIT-BIH,283,0,283,train
MIT-slp41,MIT-slp41,MIT-BIH,284,0,284,train
MIT-slp41,MIT-slp41,MIT-BIH,285,1,285,train
MIT-slp41,MIT-slp41,MIT-BIH,286,1,286,train
MIT-slp41,MIT-slp41,MIT-BIH,287,0,287,train
MIT-slp41,MIT-slp41,MIT-BIH,288,1,288,train
MIT-slp41,MIT-slp41,MIT-BIH,289,1,289,train
MIT-slp41,MIT-slp41,MIT-BIH,290,2,290,train
MIT-slp41,MIT-slp41,MIT-BIH,291,1,291,train
MIT-slp41,MIT-slp41,MIT-BIH,292,2,292,train
MIT-slp41,MIT-slp41,MIT-BIH,293,1,293,train
MIT-slp41,MIT-slp41,MIT-BIH,294,1,294,train
MIT-slp41,MIT-slp41,MIT-BIH,295,1,295,train
MIT-slp41,MIT-slp41,MIT-BIH,296,1,296,train
MIT-slp41,MIT-slp41,MIT-BIH,297,1,297,train
MIT-slp41,MIT-slp41,MIT-BIH,298,1,298,train
MIT-slp41,MIT-slp41,MIT-BIH,299,2,299,train
MIT-slp41,MIT-slp41,MIT-BIH,300,2,300,train
MIT-slp41,MIT-slp41,MIT-BIH,301,2,301,train
MIT-slp41,MIT-slp41,MIT-BIH,302,2,302,train
MIT-slp41,MIT-slp41,MIT-BIH,303,2,303,train
MIT-slp41,MIT-slp41,MIT-BIH,304,2,304,train
MIT-slp41,MIT-slp41,MIT-BIH,305,2,305,train
MIT-slp41,MIT-slp41,MIT-BIH,306,1,306,train
MIT-slp41,MIT-slp41,MIT-BIH,307,1,307,train
MIT-slp41,MIT-slp41,MIT-BIH,308,2,308,train
MIT-slp41,MIT-slp41,MIT-BIH,309,1,309,train
MIT-slp41,MIT-slp41,MIT-BIH,310,1,310,train
MIT-slp41,MIT-slp41,MIT-BIH,311,1,311,train
MIT-slp41,MIT-slp41,MIT-BIH,312,1,312,train
MIT-slp41,MIT-slp41,MIT-BIH,313,2,313,train
MIT-slp41,MIT-slp41,MIT-BIH,314,2,314,train
MIT-slp41,MIT-slp41,MIT-BIH,315,2,315,train
MIT-slp41,MIT-slp41,MIT-BIH,316,2,316,train
MIT-slp41,MIT-slp41,MIT-BIH,317,2,317,train
MIT-slp41,MIT-slp41,MIT-BIH,318,2,318,train
MIT-slp41,MIT-slp41,MIT-BIH,319,2,319,train
MIT-slp41,MIT-slp41,MIT-BIH,320,1,320,train
MIT-slp41,MIT-slp41,MIT-BIH,321,1,321,train
MIT-slp41,MIT-slp41,MIT-BIH,322,1,322,train
MIT-slp41,MIT-slp41,MIT-BIH,323,1,323,train
MIT-slp41,MIT-slp41,MIT-BIH,324,1,324,train
MIT-slp41,MIT-slp41,MIT-BIH,325,1,325,train
MIT-slp41,MIT-slp41,MIT-BIH,326,1,326,train
MIT-slp41,MIT-slp41,MIT-BIH,327,1,327,train
MIT-slp41,MIT-slp41,MIT-BIH,328,1,328,train
MIT-slp41,MIT-slp41,MIT-BIH,329,1,329,train
MIT-slp41,MIT-slp41,MIT-BIH,330,1,330,train
MIT-slp41,MIT-slp41,MIT-BIH,331,2,331,train
MIT-slp41,MIT-slp41,MIT-BIH,332,2,332,train
MIT-slp41,MIT-slp41,MIT-BIH,333,1,333,train
MIT-slp41,MIT-slp41,MIT-BIH,334,1,334,train
MIT-slp41,MIT-slp41,MIT-BIH,335,1,335,train
MIT-slp41,MIT-slp41,MIT-BIH,336,1,336,train
MIT-slp41,MIT-slp41,MIT-BIH,337,2,337,train
MIT-slp41,MIT-slp41,MIT-BIH,338,1,338,train
MIT-slp41,MIT-slp41,MIT-BIH,339,1,339,train
MIT-slp41,MIT-slp41,MIT-BIH,340,2,340,train
MIT-slp41,MIT-slp41,MIT-BIH,341,1,341,train
MIT-slp41,MIT-slp41,MIT-BIH,342,2,342,train
MIT-slp41,MIT-slp41,MIT-BIH,343,2,343,train
MIT-slp41,MIT-slp41,MIT-BIH,344,4,344,train
MIT-slp41,MIT-slp41,MIT-BIH,345,4,345,train
MIT-slp41,MIT-slp41,MIT-BIH,346,4,346,train
MIT-slp41,MIT-slp41,MIT-BIH,347,4,347,train
MIT-slp41,MIT-slp41,MIT-BIH,348,4,348,train
MIT-slp41,MIT-slp41,MIT-BIH,349,4,349,train
MIT-slp41,MIT-slp41,MIT-BIH,350,4,350,train
MIT-slp41,MIT-slp41,MIT-BIH,351,4,351,train
MIT-slp41,MIT-slp41,MIT-BIH,352,4,352,train
MIT-slp41,MIT-slp41,MIT-BIH,353,4,353,train
MIT-slp41,MIT-slp41,MIT-BIH,354,4,354,train
MIT-slp41,MIT-slp41,MIT-BIH,355,4,355,train
MIT-slp41,MIT-slp41,MIT-BIH,356,4,356,train
MIT-slp41,MIT-slp41,MIT-BIH,357,4,357,train
MIT-slp41,MIT-slp41,MIT-BIH,358,4,358,train
MIT-slp41,MIT-slp41,MIT-BIH,359,4,359,train
MIT-slp41,MIT-slp41,MIT-BIH,360,4,360,train
MIT-slp41,MIT-slp41,MIT-BIH,361,4,361,train
MIT-slp41,MIT-slp41,MIT-BIH,362,4,362,train
MIT-slp41,MIT-slp41,MIT-BIH,363,4,363,train
MIT-slp41,MIT-slp41,MIT-BIH,364,4,364,train
MIT-slp41,MIT-slp41,MIT-BIH,365,4,365,train
MIT-slp41,MIT-slp41,MIT-BIH,366,4,366,train
MIT-slp41,MIT-slp41,MIT-BIH,367,4,367,train
MIT-slp41,MIT-slp41,MIT-BIH,368,4,368,train
MIT-slp41,MIT-slp41,MIT-BIH,369,4,369,train
MIT-slp41,MIT-slp41,MIT-BIH,370,4,370,train
MIT-slp41,MIT-slp41,MIT-BIH,371,4,371,train
MIT-slp41,MIT-slp41,MIT-BIH,372,4,372,train
MIT-slp41,MIT-slp41,MIT-BIH,373,4,373,train
MIT-slp41,MIT-slp41,MIT-BIH,374,4,374,train
MIT-slp41,MIT-slp41,MIT-BIH,375,4,375,train
MIT-slp41,MIT-slp41,MIT-BIH,376,4,376,train
MIT-slp41,MIT-slp41,MIT-BIH,377,4,377,train
MIT-slp41,MIT-slp41,MIT-BIH,378,4,378,train
MIT-slp41,MIT-slp41,MIT-BIH,379,4,379,train
MIT-slp41,MIT-slp41,MIT-BIH,380,4,380,train
MIT-slp41,MIT-slp41,MIT-BIH,381,4,381,train
MIT-slp41,MIT-slp41,MIT-BIH,382,4,382,train
MIT-slp41,MIT-slp41,MIT-BIH,383,4,383,train
MIT-slp41,MIT-slp41,MIT-BIH,384,4,384,train
MIT-slp41,MIT-slp41,MIT-BIH,385,4,385,train
MIT-slp41,MIT-slp41,MIT-BIH,386,4,386,train
MIT-slp41,MIT-slp41,MIT-BIH,387,4,387,train
MIT-slp41,MIT-slp41,MIT-BIH,388,4,388,train
MIT-slp41,MIT-slp41,MIT-BIH,389,4,389,train
MIT-slp41,MIT-slp41,MIT-BIH,390,4,390,train
MIT-slp41,MIT-slp41,MIT-BIH,391,1,391,train
MIT-slp41,MIT-slp41,MIT-BIH,392,0,392,train
MIT-slp41,MIT-slp41,MIT-BIH,393,1,393,train
MIT-slp41,MIT-slp41,MIT-BIH,394,1,394,train
MIT-slp41,MIT-slp41,MIT-BIH,395,1,395,train
MIT-slp41,MIT-slp41,MIT-BIH,396,1,396,train
MIT-slp41,MIT-slp41,MIT-BIH,397,1,397,train
MIT-slp41,MIT-slp41,MIT-BIH,398,1,398,train
MIT-slp41,MIT-slp41,MIT-BIH,399,1,399,train
MIT-slp41,MIT-slp41,MIT-BIH,400,1,400,train
MIT-slp41,MIT-slp41,MIT-BIH,401,1,401,train
MIT-slp41,MIT-slp41,MIT-BIH,402,1,402,train
MIT-slp41,MIT-slp41,MIT-BIH,403,1,403,train
MIT-slp41,MIT-slp41,MIT-BIH,404,1,404,train
MIT-slp41,MIT-slp41,MIT-BIH,405,1,405,train
MIT-slp41,MIT-slp41,MIT-BIH,406,1,406,train
MIT-slp41,MIT-slp41,MIT-BIH,407,1,407,train
MIT-slp41,MIT-slp41,MIT-BIH,408,1,408,train
MIT-slp41,MIT-slp41,MIT-BIH,409,0,409,train
MIT-slp41,MIT-slp41,MIT-BIH,410,0,410,train
MIT-slp41,MIT-slp41,MIT-BIH,411,0,411,train
MIT-slp41,MIT-slp41,MIT-BIH,412,0,412,train
MIT-slp41,MIT-slp41,MIT-BIH,413,0,413,train
MIT-slp41,MIT-slp41,MIT-BIH,414,0,414,train
MIT-slp41,MIT-slp41,MIT-BIH,415,0,415,train
MIT-slp41,MIT-slp41,MIT-BIH,416,0,416,train
MIT-slp41,MIT-slp41,MIT-BIH,417,0,417,train
MIT-slp41,MIT-slp41,MIT-BIH,418,0,418,train
MIT-slp41,MIT-slp41,MIT-BIH,419,0,419,train
MIT-slp41,MIT-slp41,MIT-BIH,420,0,420,train
MIT-slp41,MIT-slp41,MIT-BIH,421,0,421,train
MIT-slp41,MIT-slp41,MIT-BIH,422,1,422,train
MIT-slp41,MIT-slp41,MIT-BIH,423,0,423,train
MIT-slp41,MIT-slp41,MIT-BIH,424,0,424,train
MIT-slp41,MIT-slp41,MIT-BIH,425,0,425,train
MIT-slp41,MIT-slp41,MIT-BIH,426,0,426,train
MIT-slp41,MIT-slp41,MIT-BIH,427,0,427,train
MIT-slp41,MIT-slp41,MIT-BIH,428,0,428,train
MIT-slp41,MIT-slp41,MIT-BIH,429,0,429,train
MIT-slp41,MIT-slp41,MIT-BIH,430,1,430,train
MIT-slp41,MIT-slp41,MIT-BIH,431,1,431,train
MIT-slp41,MIT-slp41,MIT-BIH,432,0,432,train
MIT-slp41,MIT-slp41,MIT-BIH,433,0,433,train
MIT-slp41,MIT-slp41,MIT-BIH,434,0,434,train
MIT-slp41,MIT-slp41,MIT-BIH,435,0,435,train
MIT-slp41,MIT-slp41,MIT-BIH,436,0,436,train
MIT-slp41,MIT-slp41,MIT-BIH,437,0,437,train
MIT-slp41,MIT-slp41,MIT-BIH,438,1,438,train
MIT-slp41,MIT-slp41,MIT-BIH,439,0,439,train
MIT-slp41,MIT-slp41,MIT-BIH,440,0,440,train
MIT-slp41,MIT-slp41,MIT-BIH,441,0,441,train
MIT-slp41,MIT-slp41,MIT-BIH,442,0,442,train
MIT-slp41,MIT-slp41,MIT-BIH,443,0,443,train
MIT-slp41,MIT-slp41,MIT-BIH,444,0,444,train
MIT-slp41,MIT-slp41,MIT-BIH,445,0,445,train
MIT-slp41,MIT-slp41,MIT-BIH,446,0,446,train
MIT-slp41,MIT-slp41,MIT-BIH,447,0,447,train
MIT-slp41,MIT-slp41,MIT-BIH,448,0,448,train
MIT-slp41,MIT-slp41,MIT-BIH,449,0,449,train
MIT-slp41,MIT-slp41,MIT-BIH,450,0,450,train
MIT-slp41,MIT-slp41,MIT-BIH,451,0,451,train
MIT-slp41,MIT-slp41,MIT-BIH,452,0,452,train
MIT-slp41,MIT-slp41,MIT-BIH,453,1,453,train
MIT-slp41,MIT-slp41,MIT-BIH,454,0,454,train
MIT-slp41,MIT-slp41,MIT-BIH,455,1,455,train
MIT-slp41,MIT-slp41,MIT-BIH,456,0,456,train
MIT-slp41,MIT-slp41,MIT-BIH,457,1,457,train
MIT-slp41,MIT-slp41,MIT-BIH,458,0,458,train
MIT-slp41,MIT-slp41,MIT-BIH,459,0,459,train
MIT-slp41,MIT-slp41,MIT-BIH,460,0,460,train
MIT-slp41,MIT-slp41,MIT-BIH,461,0,461,train
MIT-slp41,MIT-slp41,MIT-BIH,462,0,462,train
MIT-slp41,MIT-slp41,MIT-BIH,463,1,463,train
MIT-slp41,MIT-slp41,MIT-BIH,464,0,464,train
MIT-slp41,MIT-slp41,MIT-BIH,465,2,465,train
MIT-slp41,MIT-slp41,MIT-BIH,466,2,466,train
MIT-slp41,MIT-slp41,MIT-BIH,467,2,467,train
MIT-slp41,MIT-slp41,MIT-BIH,468,2,468,train
MIT-slp41,MIT-slp41,MIT-BIH,469,2,469,train
MIT-slp41,MIT-slp41,MIT-BIH,470,2,470,train
MIT-slp41,MIT-slp41,MIT-BIH,471,2,471,train
MIT-slp41,MIT-slp41,MIT-BIH,472,2,472,train
MIT-slp41,MIT-slp41,MIT-BIH,473,2,473,train
MIT-slp41,MIT-slp41,MIT-BIH,474,2,474,train
MIT-slp41,MIT-slp41,MIT-BIH,475,2,475,train
MIT-slp41,MIT-slp41,MIT-BIH,476,2,476,train
MIT-slp41,MIT-slp41,MIT-BIH,477,2,477,train
MIT-slp41,MIT-slp41,MIT-BIH,478,2,478,train
MIT-slp41,MIT-slp41,MIT-BIH,479,2,479,train
MIT-slp41,MIT-slp41,MIT-BIH,480,2,480,train
MIT-slp41,MIT-slp41,MIT-BIH,481,2,481,train
MIT-slp41,MIT-slp41,MIT-BIH,482,2,482,train
MIT-slp41,MIT-slp41,MIT-BIH,483,2,483,train
MIT-slp41,MIT-slp41,MIT-BIH,484,2,484,train
MIT-slp41,MIT-slp41,MIT-BIH,485,2,485,train
MIT-slp41,MIT-slp41,MIT-BIH,486,2,486,train
MIT-slp41,MIT-slp41,MIT-BIH,487,2,487,train
MIT-slp41,MIT-slp41,MIT-BIH,488,2,488,train
MIT-slp41,MIT-slp41,MIT-BIH,489,2,489,train
MIT-slp41,MIT-slp41,MIT-BIH,490,2,490,train
MIT-slp41,MIT-slp41,MIT-BIH,491,2,491,train
MIT-slp41,MIT-slp41,MIT-BIH,492,2,492,train
MIT-slp41,MIT-slp41,MIT-BIH,493,2,493,train
MIT-slp41,MIT-slp41,MIT-BIH,494,2,494,train
MIT-slp41,MIT-slp41,MIT-BIH,495,2,495,train
MIT-slp41,MIT-slp41,MIT-BIH,496,2,496,train
MIT-slp41,MIT-slp41,MIT-BIH,497,2,497,train
MIT-slp41,MIT-slp41,MIT-BIH,498,2,498,train
MIT-slp41,MIT-slp41,MIT-BIH,499,2,499,train
MIT-slp41,MIT-slp41,MIT-BIH,500,3,500,train
MIT-slp41,MIT-slp41,MIT-BIH,501,3,501,train
MIT-slp41,MIT-slp41,MIT-BIH,502,3,502,train
MIT-slp41,MIT-slp41,MIT-BIH,503,3,503,train
MIT-slp41,MIT-slp41,MIT-BIH,504,3,504,train
MIT-slp41,MIT-slp41,MIT-BIH,505,3,505,train
MIT-slp41,MIT-slp41,MIT-BIH,506,3,506,train
MIT-slp41,MIT-slp41,MIT-BIH,507,3,507,train
MIT-slp41,MIT-slp41,MIT-BIH,508,3,508,train
MIT-slp41,MIT-slp41,MIT-BIH,509,3,509,train
MIT-slp41,MIT-slp41,MIT-BIH,510,3,510,train
MIT-slp41,MIT-slp41,MIT-BIH,511,3,511,train
MIT-slp41,MIT-slp41,MIT-BIH,512,2,512,train
MIT-slp41,MIT-slp41,MIT-BIH,513,2,513,train
MIT-slp41,MIT-slp41,MIT-BIH,514,2,514,train
MIT-slp41,MIT-slp41,MIT-BIH,515,2,515,train
MIT-slp41,MIT-slp41,MIT-BIH,516,2,516,train
MIT-slp41,MIT-slp41,MIT-BIH,517,3,517,train
MIT-slp41,MIT-slp41,MIT-BIH,518,2,518,train
MIT-slp41,MIT-slp41,MIT-BIH,519,2,519,train
MIT-slp41,MIT-slp41,MIT-BIH,520,2,520,train
MIT-slp41,MIT-slp41,MIT-BIH,521,2,521,train
MIT-slp41,MIT-slp41,MIT-BIH,522,2,522,train
MIT-slp41,MIT-slp41,MIT-BIH,523,2,523,train
MIT-slp41,MIT-slp41,MIT-BIH,524,2,524,train
MIT-slp41,MIT-slp41,MIT-BIH,525,2,525,train
MIT-slp41,MIT-slp41,MIT-BIH,526,2,526,train
MIT-slp41,MIT-slp41,MIT-BIH,527,2,527,train
MIT-slp41,MIT-slp41,MIT-BIH,528,2,528,train
MIT-slp41,MIT-slp41,MIT-BIH,529,2,529,train
MIT-slp41,MIT-slp41,MIT-BIH,530,2,530,train
MIT-slp41,MIT-slp41,MIT-BIH,531,2,531,train
MIT-slp41,MIT-slp41,MIT-BIH,532,2,532,train
MIT-slp41,MIT-slp41,MIT-BIH,533,2,533,train
MIT-slp41,MIT-slp41,MIT-BIH,534,2,534,train
MIT-slp41,MIT-slp41,MIT-BIH,535,2,535,train
MIT-slp41,MIT-slp41,MIT-BIH,536,2,536,train
MIT-slp41,MIT-slp41,MIT-BIH,537,2,537,train
MIT-slp41,MIT-slp41,MIT-BIH,538,4,538,train
MIT-slp41,MIT-slp41,MIT-BIH,539,4,539,train
MIT-slp41,MIT-slp41,MIT-BIH,540,4,540,train
MIT-slp41,MIT-slp41,MIT-BIH,541,4,541,train
MIT-slp41,MIT-slp41,MIT-BIH,542,4,542,train
MIT-slp41,MIT-slp41,MIT-BIH,543,4,543,train
MIT-slp41,MIT-slp41,MIT-BIH,544,4,544,train
MIT-slp41,MIT-slp41,MIT-BIH,545,4,545,train
MIT-slp41,MIT-slp41,MIT-BIH,546,4,546,train
MIT-slp41,MIT-slp41,MIT-BIH,547,4,547,train
MIT-slp41,MIT-slp41,MIT-BIH,548,4,548,train
MIT-slp41,MIT-slp41,MIT-BIH,549,4,549,train
MIT-slp41,MIT-slp41,MIT-BIH,550,4,550,train
MIT-slp41,MIT-slp41,MIT-BIH,551,4,551,train
MIT-slp41,MIT-slp41,MIT-BIH,552,4,552,train
MIT-slp41,MIT-slp41,MIT-BIH,553,4,553,train
MIT-slp41,MIT-slp41,MIT-BIH,554,4,554,train
MIT-slp41,MIT-slp41,MIT-BIH,555,4,555,train
MIT-slp41,MIT-slp41,MIT-BIH,556,4,556,train
MIT-slp41,MIT-slp41,MIT-BIH,557,1,557,train
MIT-slp41,MIT-slp41,MIT-BIH,558,1,558,train
MIT-slp41,MIT-slp41,MIT-BIH,559,1,559,train
MIT-slp41,MIT-slp41,MIT-BIH,560,1,560,train
MIT-slp41,MIT-slp41,MIT-BIH,561,1,561,train
MIT-slp41,MIT-slp41,MIT-BIH,562,1,562,train
MIT-slp41,MIT-slp41,MIT-BIH,563,1,563,train
MIT-slp41,MIT-slp41,MIT-BIH,564,0,564,train
MIT-slp41,MIT-slp41,MIT-BIH,565,0,565,train
MIT-slp41,MIT-slp41,MIT-BIH,566,1,566,train
MIT-slp41,MIT-slp41,MIT-BIH,567,1,567,train
MIT-slp41,MIT-slp41,MIT-BIH,568,1,568,train
MIT-slp41,MIT-slp41,MIT-BIH,569,1,569,train
MIT-slp41,MIT-slp41,MIT-BIH,570,2,570,train
MIT-slp41,MIT-slp41,MIT-BIH,571,2,571,train
MIT-slp41,MIT-slp41,MIT-BIH,572,2,572,train
MIT-slp41,MIT-slp41,MIT-BIH,573,2,573,train
MIT-slp41,MIT-slp41,MIT-BIH,574,2,574,train
MIT-slp41,MIT-slp41,MIT-BIH,575,2,575,train
MIT-slp41,MIT-slp41,MIT-BIH,576,2,576,train
MIT-slp41,MIT-slp41,MIT-BIH,577,2,577,train
MIT-slp41,MIT-slp41,MIT-BIH,578,2,578,train
MIT-slp41,MIT-slp41,MIT-BIH,579,2,579,train
MIT-slp41,MIT-slp41,MIT-BIH,580,2,580,train
MIT-slp41,MIT-slp41,MIT-BIH,581,2,581,train
MIT-slp41,MIT-slp41,MIT-BIH,582,2,582,train
MIT-slp41,MIT-slp41,MIT-BIH,583,2,583,train
MIT-slp41,MIT-slp41,MIT-BIH,584,2,584,train
MIT-slp41,MIT-slp41,MIT-BIH,585,4,585,train
MIT-slp41,MIT-slp41,MIT-BIH,586,4,586,train
MIT-slp41,MIT-slp41,MIT-BIH,587,4,587,train
MIT-slp41,MIT-slp41,MIT-BIH,588,4,588,train
MIT-slp41,MIT-slp41,MIT-BIH,589,4,589,train
MIT-slp41,MIT-slp41,MIT-BIH,590,4,590,train
MIT-slp41,MIT-slp41,MIT-BIH,591,4,591,train
MIT-slp41,MIT-slp41,MIT-BIH,592,4,592,train
MIT-slp41,MIT-slp41,MIT-BIH,593,4,593,train
MIT-slp41,MIT-slp41,MIT-BIH,594,4,594,train
MIT-slp41,MIT-slp41,MIT-BIH,595,4,595,train
MIT-slp41,MIT-slp41,MIT-BIH,596,4,596,train
MIT-slp41,MIT-slp41,MIT-BIH,597,4,597,train
MIT-slp41,MIT-slp41,MIT-BIH,598,4,598,train
MIT-slp41,MIT-slp41,MIT-BIH,599,4,599,train
MIT-slp41,MIT-slp41,MIT-BIH,600,4,600,train
MIT-slp41,MIT-slp41,MIT-BIH,601,4,601,train
MIT-slp41,MIT-slp41,MIT-BIH,602,4,602,train
MIT-slp41,MIT-slp41,MIT-BIH,603,4,603,train
MIT-slp41,MIT-slp41,MIT-BIH,604,4,604,train
MIT-slp41,MIT-slp41,MIT-BIH,605,4,605,train
MIT-slp41,MIT-slp41,MIT-BIH,606,4,606,train
MIT-slp41,MIT-slp41,MIT-BIH,607,4,607,train
MIT-slp41,MIT-slp41,MIT-BIH,608,4,608,train
MIT-slp41,MIT-slp41,MIT-BIH,609,0,609,train
MIT-slp41,MIT-slp41,MIT-BIH,610,0,610,train
MIT-slp41,MIT-slp41,MIT-BIH,611,1,611,train
MIT-slp41,MIT-slp41,MIT-BIH,612,1,612,train
MIT-slp41,MIT-slp41,MIT-BIH,613,1,613,train
MIT-slp41,MIT-slp41,MIT-BIH,614,1,614,train
MIT-slp41,MIT-slp41,MIT-BIH,615,1,615,train
MIT-slp41,MIT-slp41,MIT-BIH,616,2,616,train
MIT-slp41,MIT-slp41,MIT-BIH,617,1,617,train
MIT-slp41,MIT-slp41,MIT-BIH,618,0,618,train
MIT-slp41,MIT-slp41,MIT-BIH,619,0,619,train
MIT-slp41,MIT-slp41,MIT-BIH,620,1,620,train
MIT-slp41,MIT-slp41,MIT-BIH,621,0,621,train
MIT-slp41,MIT-slp41,MIT-BIH,622,0,622,train
MIT-slp41,MIT-slp41,MIT-BIH,623,2,623,train
MIT-slp41,MIT-slp41,MIT-BIH,624,0,624,train
MIT-slp41,MIT-slp41,MIT-BIH,625,1,625,train
MIT-slp41,MIT-slp41,MIT-BIH,626,2,626,train
MIT-slp41,MIT-slp41,MIT-BIH,627,0,627,train
MIT-slp41,MIT-slp41,MIT-BIH,628,1,628,train
MIT-slp41,MIT-slp41,MIT-BIH,629,1,629,train
MIT-slp41,MIT-slp41,MIT-BIH,630,0,630,train
MIT-slp41,MIT-slp41,MIT-BIH,631,2,631,train
MIT-slp41,MIT-slp41,MIT-BIH,632,1,632,train
MIT-slp41,MIT-slp41,MIT-BIH,633,0,633,train
MIT-slp41,MIT-slp41,MIT-BIH,634,1,634,train
MIT-slp41,MIT-slp41,MIT-BIH,635,2,635,train
MIT-slp41,MIT-slp41,MIT-BIH,636,1,636,train
MIT-slp41,MIT-slp41,MIT-BIH,637,0,637,train
MIT-slp41,MIT-slp41,MIT-BIH,638,0,638,train
MIT-slp41,MIT-slp41,MIT-BIH,639,1,639,train
MIT-slp41,MIT-slp41,MIT-BIH,640,1,640,train
MIT-slp41,MIT-slp41,MIT-BIH,641,1,641,train
MIT-slp41,MIT-slp41,MIT-BIH,642,2,642,train
MIT-slp41,MIT-slp41,MIT-BIH,643,1,643,train
MIT-slp41,MIT-slp41,MIT-BIH,644,0,644,train
MIT-slp41,MIT-slp41,MIT-BIH,645,0,645,train
MIT-slp41,MIT-slp41,MIT-BIH,646,2,646,train
MIT-slp41,MIT-slp41,MIT-BIH,647,0,647,train
MIT-slp41,MIT-slp41,MIT-BIH,648,0,648,train
MIT-slp41,MIT-slp41,MIT-BIH,649,1,649,train
MIT-slp41,MIT-slp41,MIT-BIH,650,0,650,train
MIT-slp41,MIT-slp41,MIT-BIH,651,1,651,train
MIT-slp41,MIT-slp41,MIT-BIH,652,0,652,train
MIT-slp41,MIT-slp41,MIT-BIH,653,0,653,train
MIT-slp41,MIT-slp41,MIT-BIH,654,0,654,train
MIT-slp41,MIT-slp41,MIT-BIH,655,0,655,train
MIT-slp41,MIT-slp41,MIT-BIH,656,1,656,train
MIT-slp41,MIT-slp41,MIT-BIH,657,1,657,train
MIT-slp41,MIT-slp41,MIT-BIH,658,1,658,train
MIT-slp41,MIT-slp41,MIT-BIH,659,2,659,train
MIT-slp41,MIT-slp41,MIT-BIH,660,1,660,train
MIT-slp41,MIT-slp41,MIT-BIH,661,0,661,train
MIT-slp41,MIT-slp41,MIT-BIH,662,0,662,train
MIT-slp41,MIT-slp41,MIT-BIH,663,1,663,train
MIT-slp41,MIT-slp41,MIT-BIH,664,1,664,train
MIT-slp41,MIT-slp41,MIT-BIH,665,1,665,train
MIT-slp41,MIT-slp41,MIT-BIH,666,1,666,train
MIT-slp41,MIT-slp41,MIT-BIH,667,1,667,train
MIT-slp41,MIT-slp41,MIT-BIH,668,1,668,train
MIT-slp41,MIT-slp41,MIT-BIH,669,1,669,train
MIT-slp41,MIT-slp41,MIT-BIH,670,2,670,train
MIT-slp41,MIT-slp41,MIT-BIH,671,2,671,train
MIT-slp41,MIT-slp41,MIT-BIH,672,1,672,train
MIT-slp41,MIT-slp41,MIT-BIH,673,0,673,train
MIT-slp41,MIT-slp41,MIT-BIH,674,2,674,train
MIT-slp41,MIT-slp41,MIT-BIH,675,1,675,train
MIT-slp41,MIT-slp41,MIT-BIH,676,0,676,train
MIT-slp41,MIT-slp41,MIT-BIH,677,0,677,train
MIT-slp41,MIT-slp41,MIT-BIH,678,0,678,train
MIT-slp41,MIT-slp41,MIT-BIH,679,1,679,train
MIT-slp41,MIT-slp41,MIT-BIH,680,1,680,train
MIT-slp41,MIT-slp41,MIT-BIH,681,2,681,train
MIT-slp41,MIT-slp41,MIT-BIH,682,2,682,train
MIT-slp41,MIT-slp41,MIT-BIH,683,0,683,train
MIT-slp41,MIT-slp41,MIT-BIH,684,2,684,train
MIT-slp41,MIT-slp41,MIT-BIH,685,0,685,train
MIT-slp41,MIT-slp41,MIT-BIH,686,1,686,train
MIT-slp41,MIT-slp41,MIT-BIH,687,2,687,train
MIT-slp41,MIT-slp41,MIT-BIH,688,1,688,train
MIT-slp41,MIT-slp41,MIT-BIH,689,2,689,train
MIT-slp41,MIT-slp41,MIT-BIH,690,0,690,train
MIT-slp41,MIT-slp41,MIT-BIH,691,0,691,train
MIT-slp41,MIT-slp41,MIT-BIH,692,2,692,train
MIT-slp41,MIT-slp41,MIT-BIH,693,1,693,train
MIT-slp41,MIT-slp41,MIT-BIH,694,0,694,train
MIT-slp41,MIT-slp41,MIT-BIH,695,0,695,train
MIT-slp41,MIT-slp41,MIT-BIH,696,2,696,train
MIT-slp41,MIT-slp41,MIT-BIH,697,0,697,train
MIT-slp41,MIT-slp41,MIT-BIH,698,1,698,train
MIT-slp41,MIT-slp41,MIT-BIH,699,2,699,train
MIT-slp41,MIT-slp41,MIT-BIH,700,2,700,train
MIT-slp41,MIT-slp41,MIT-BIH,701,2,701,train
MIT-slp41,MIT-slp41,MIT-BIH,702,2,702,train
MIT-slp41,MIT-slp41,MIT-BIH,703,2,703,train
MIT-slp41,MIT-slp41,MIT-BIH,704,1,704,train
MIT-slp41,MIT-slp41,MIT-BIH,705,0,705,train
MIT-slp41,MIT-slp41,MIT-BIH,706,0,706,train
MIT-slp41,MIT-slp41,MIT-BIH,707,2,707,train
MIT-slp41,MIT-slp41,MIT-BIH,708,0,708,train
MIT-slp41,MIT-slp41,MIT-BIH,709,0,709,train
MIT-slp41,MIT-slp41,MIT-BIH,710,0,710,train
MIT-slp41,MIT-slp41,MIT-BIH,711,0,711,train
MIT-slp41,MIT-slp41,MIT-BIH,712,0,712,train
MIT-slp41,MIT-slp41,MIT-BIH,713,0,713,train
MIT-slp41,MIT-slp41,MIT-BIH,714,2,714,train
MIT-slp41,MIT-slp41,MIT-BIH,715,1,715,train
MIT-slp41,MIT-slp41,MIT-BIH,716,1,716,train
MIT-slp41,MIT-slp41,MIT-BIH,717,1,717,train
MIT-slp41,MIT-slp41,MIT-BIH,718,1,718,train
MIT-slp41,MIT-slp41,MIT-BIH,719,1,719,train
MIT-slp41,MIT-slp41,MIT-BIH,720,0,720,train
MIT-slp41,MIT-slp41,MIT-BIH,721,1,721,train
MIT-slp41,MIT-slp41,MIT-BIH,722,2,722,train
MIT-slp41,MIT-slp41,MIT-BIH,723,2,723,train
MIT-slp41,MIT-slp41,MIT-BIH,724,0,724,train
MIT-slp41,MIT-slp41,MIT-BIH,725,2,725,train
MIT-slp41,MIT-slp41,MIT-BIH,726,0,726,train
MIT-slp41,MIT-slp41,MIT-BIH,727,0,727,train
MIT-slp41,MIT-slp41,MIT-BIH,728,2,728,train
MIT-slp41,MIT-slp41,MIT-BIH,729,2,729,train
MIT-slp41,MIT-slp41,MIT-BIH,730,2,730,train
MIT-slp41,MIT-slp41,MIT-BIH,731,1,731,train
MIT-slp41,MIT-slp41,MIT-BIH,732,2,732,train
MIT-slp41,MIT-slp41,MIT-BIH,733,1,733,train
MIT-slp41,MIT-slp41,MIT-BIH,734,2,734,train
MIT-slp41,MIT-slp41,MIT-BIH,735,0,735,train
MIT-slp41,MIT-slp41,MIT-BIH,736,2,736,train
MIT-slp41,MIT-slp41,MIT-BIH,737,2,737,train
MIT-slp41,MIT-slp41,MIT-BIH,738,1,738,train
MIT-slp41,MIT-slp41,MIT-BIH,739,1,739,train
MIT-slp41,MIT-slp41,MIT-BIH,740,1,740,train
MIT-slp41,MIT-slp41,MIT-BIH,741,1,741,train
MIT-slp41,MIT-slp41,MIT-BIH,742,2,742,train
MIT-slp41,MIT-slp41,MIT-BIH,743,1,743,train
MIT-slp41,MIT-slp41,MIT-BIH,744,0,744,train
MIT-slp41,MIT-slp41,MIT-BIH,745,2,745,train
MIT-slp41,MIT-slp41,MIT-BIH,746,2,746,train
MIT-slp41,MIT-slp41,MIT-BIH,747,2,747,train
MIT-slp41,MIT-slp41,MIT-BIH,748,0,748,train
MIT-slp41,MIT-slp41,MIT-BIH,749,0,749,train
MIT-slp41,MIT-slp41,MIT-BIH,750,2,750,train
MIT-slp41,MIT-slp41,MIT-BIH,751,2,751,train
MIT-slp41,MIT-slp41,MIT-BIH,752,2,752,train
MIT-slp41,MIT-slp41,MIT-BIH,753,1,753,train
MIT-slp41,MIT-slp41,MIT-BIH,754,1,754,train
MIT-slp41,MIT-slp41,MIT-BIH,755,1,755,train
MIT-slp41,MIT-slp41,MIT-BIH,756,1,756,train
MIT-slp41,MIT-slp41,MIT-BIH,757,0,757,train
MIT-slp41,MIT-slp41,MIT-BIH,758,0,758,train
MIT-slp41,MIT-slp41,MIT-BIH,759,0,759,train
MIT-slp41,MIT-slp41,MIT-BIH,760,0,760,train
MIT-slp41,MIT-slp41,MIT-BIH,761,2,761,train
MIT-slp41,MIT-slp41,MIT-BIH,762,0,762,train
MIT-slp41,MIT-slp41,MIT-BIH,763,0,763,train
MIT-slp41,MIT-slp41,MIT-BIH,764,2,764,train
MIT-slp41,MIT-slp41,MIT-BIH,765,0,765,train
MIT-slp41,MIT-slp41,MIT-BIH,766,0,766,train
MIT-slp41,MIT-slp41,MIT-BIH,767,0,767,train
MIT-slp41,MIT-slp41,MIT-BIH,768,0,768,train
MIT-slp41,MIT-slp41,MIT-BIH,769,0,769,train
MIT-slp41,MIT-slp41,MIT-BIH,770,0,770,train
MIT-slp41,MIT-slp41,MIT-BIH,771,0,771,train
MIT-slp41,MIT-slp41,MIT-BIH,772,0,772,train
MIT-slp41,MIT-slp41,MIT-BIH,773,0,773,train
MIT-slp41,MIT-slp41,MIT-BIH,774,0,774,train
MIT-slp41,MIT-slp41,MIT-BIH,775,0,775,train
MIT-slp41,MIT-slp41,MIT-BIH,776,0,776,train
MIT-slp41,MIT-slp41,MIT-BIH,777,0,777,train
MIT-slp41,MIT-slp41,MIT-BIH,778,0,778,train
MIT-slp41,MIT-slp41,MIT-BIH,779,0,779,train
MIT-slp45,MIT-slp45,MIT-BIH,0,0,0,train
MIT-slp45,MIT-slp45,MIT-BIH,1,0,1,train
MIT-slp45,MIT-slp45,MIT-BIH,2,0,2,train
MIT-slp45,MIT-slp45,MIT-BIH,3,0,3,train
MIT-slp45,MIT-slp45,MIT-BIH,4,0,4,train
MIT-slp45,MIT-slp45,MIT-BIH,5,0,5,train
MIT-slp45,MIT-slp45,MIT-BIH,6,0,6,train
MIT-slp45,MIT-slp45,MIT-BIH,7,0,7,train
MIT-slp45,MIT-slp45,MIT-BIH,8,0,8,train
MIT-slp45,MIT-slp45,MIT-BIH,9,1,9,train
MIT-slp45,MIT-slp45,MIT-BIH,10,1,10,train
MIT-slp45,MIT-slp45,MIT-BIH,11,1,11,train
MIT-slp45,MIT-slp45,MIT-BIH,12,2,12,train
MIT-slp45,MIT-slp45,MIT-BIH,13,2,13,train
MIT-slp45,MIT-slp45,MIT-BIH,14,1,14,train
MIT-slp45,MIT-slp45,MIT-BIH,15,2,15,train
MIT-slp45,MIT-slp45,MIT-BIH,16,2,16,train
MIT-slp45,MIT-slp45,MIT-BIH,17,2,17,train
MIT-slp45,MIT-slp45,MIT-BIH,18,2,18,train
MIT-slp45,MIT-slp45,MIT-BIH,19,2,19,train
MIT-slp45,MIT-slp45,MIT-BIH,20,2,20,train
MIT-slp45,MIT-slp45,MIT-BIH,21,2,21,train
MIT-slp45,MIT-slp45,MIT-BIH,22,2,22,train
MIT-slp45,MIT-slp45,MIT-BIH,23,2,23,train
MIT-slp45,MIT-slp45,MIT-BIH,24,2,24,train
MIT-slp45,MIT-slp45,MIT-BIH,25,2,25,train
MIT-slp45,MIT-slp45,MIT-BIH,26,2,26,train
MIT-slp45,MIT-slp45,MIT-BIH,27,2,27,train
MIT-slp45,MIT-slp45,MIT-BIH,28,2,28,train
MIT-slp45,MIT-slp45,MIT-BIH,29,2,29,train
MIT-slp45,MIT-slp45,MIT-BIH,30,2,30,train
MIT-slp45,MIT-slp45,MIT-BIH,31,3,31,train
MIT-slp45,MIT-slp45,MIT-BIH,32,3,32,train
MIT-slp45,MIT-slp45,MIT-BIH,33,2,33,train
MIT-slp45,MIT-slp45,MIT-BIH,34,3,34,train
MIT-slp45,MIT-slp45,MIT-BIH,35,2,35,train
MIT-slp45,MIT-slp45,MIT-BIH,36,3,36,train
MIT-slp45,MIT-slp45,MIT-BIH,37,3,37,train
MIT-slp45,MIT-slp45,MIT-BIH,38,3,38,train
MIT-slp45,MIT-slp45,MIT-BIH,39,3,39,train
MIT-slp45,MIT-slp45,MIT-BIH,40,3,40,train
MIT-slp45,MIT-slp45,MIT-BIH,41,3,41,train
MIT-slp45,MIT-slp45,MIT-BIH,42,3,42,train
MIT-slp45,MIT-slp45,MIT-BIH,43,3,43,train
MIT-slp45,MIT-slp45,MIT-BIH,44,3,44,train
MIT-slp45,MIT-slp45,MIT-BIH,45,3,45,train
MIT-slp45,MIT-slp45,MIT-BIH,46,3,46,train
MIT-slp45,MIT-slp45,MIT-BIH,47,3,47,train
MIT-slp45,MIT-slp45,MIT-BIH,48,3,48,train
MIT-slp45,MIT-slp45,MIT-BIH,49,3,49,train
MIT-slp45,MIT-slp45,MIT-BIH,50,3,50,train
MIT-slp45,MIT-slp45,MIT-BIH,51,3,51,train
MIT-slp45,MIT-slp45,MIT-BIH,52,3,52,train
MIT-slp45,MIT-slp45,MIT-BIH,53,3,53,train
MIT-slp45,MIT-slp45,MIT-BIH,54,3,54,train
MIT-slp45,MIT-slp45,MIT-BIH,55,3,55,train
MIT-slp45,MIT-slp45,MIT-BIH,56,3,56,train
MIT-slp45,MIT-slp45,MIT-BIH,57,3,57,train
MIT-slp45,MIT-slp45,MIT-BIH,58,3,58,train
MIT-slp45,MIT-slp45,MIT-BIH,59,3,59,train
MIT-slp45,MIT-slp45,MIT-BIH,60,3,60,train
MIT-slp45,MIT-slp45,MIT-BIH,61,3,61,train
MIT-slp45,MIT-slp45,MIT-BIH,62,3,62,train
MIT-slp45,MIT-slp45,MIT-BIH,64,2,63,train
MIT-slp45,MIT-slp45,MIT-BIH,65,2,64,train
MIT-slp45,MIT-slp45,MIT-BIH,66,2,65,train
MIT-slp45,MIT-slp45,MIT-BIH,67,2,66,train
MIT-slp45,MIT-slp45,MIT-BIH,68,2,67,train
MIT-slp45,MIT-slp45,MIT-BIH,69,2,68,train
MIT-slp45,MIT-slp45,MIT-BIH,70,2,69,train
MIT-slp45,MIT-slp45,MIT-BIH,71,2,70,train
MIT-slp45,MIT-slp45,MIT-BIH,72,2,71,train
MIT-slp45,MIT-slp45,MIT-BIH,73,2,72,train
MIT-slp45,MIT-slp45,MIT-BIH,74,2,73,train
MIT-slp45,MIT-slp45,MIT-BIH,75,2,74,train
MIT-slp45,MIT-slp45,MIT-BIH,76,2,75,train
MIT-slp45,MIT-slp45,MIT-BIH,77,2,76,train
MIT-slp45,MIT-slp45,MIT-BIH,78,2,77,train
MIT-slp45,MIT-slp45,MIT-BIH,79,2,78,train
MIT-slp45,MIT-slp45,MIT-BIH,80,2,79,train
MIT-slp45,MIT-slp45,MIT-BIH,81,2,80,train
MIT-slp45,MIT-slp45,MIT-BIH,82,2,81,train
MIT-slp45,MIT-slp45,MIT-BIH,83,3,82,train
MIT-slp45,MIT-slp45,MIT-BIH,84,3,83,train
MIT-slp45,MIT-slp45,MIT-BIH,85,3,84,train
MIT-slp45,MIT-slp45,MIT-BIH,86,3,85,train
MIT-slp45,MIT-slp45,MIT-BIH,87,2,86,train
MIT-slp45,MIT-slp45,MIT-BIH,88,3,87,train
MIT-slp45,MIT-slp45,MIT-BIH,89,3,88,train
MIT-slp45,MIT-slp45,MIT-BIH,90,3,89,train
MIT-slp45,MIT-slp45,MIT-BIH,91,3,90,train
MIT-slp45,MIT-slp45,MIT-BIH,92,3,91,train
MIT-slp45,MIT-slp45,MIT-BIH,93,3,92,train
MIT-slp45,MIT-slp45,MIT-BIH,94,3,93,train
MIT-slp45,MIT-slp45,MIT-BIH,95,3,94,train
MIT-slp45,MIT-slp45,MIT-BIH,96,3,95,train
MIT-slp45,MIT-slp45,MIT-BIH,97,3,96,train
MIT-slp45,MIT-slp45,MIT-BIH,98,3,97,train
MIT-slp45,MIT-slp45,MIT-BIH,99,3,98,train
MIT-slp45,MIT-slp45,MIT-BIH,100,3,99,train
MIT-slp45,MIT-slp45,MIT-BIH,101,3,100,train
MIT-slp45,MIT-slp45,MIT-BIH,102,3,101,train
MIT-slp45,MIT-slp45,MIT-BIH,103,3,102,train
MIT-slp45,MIT-slp45,MIT-BIH,104,3,103,train
MIT-slp45,MIT-slp45,MIT-BIH,105,3,104,train
MIT-slp45,MIT-slp45,MIT-BIH,106,2,105,train
MIT-slp45,MIT-slp45,MIT-BIH,107,2,106,train
MIT-slp45,MIT-slp45,MIT-BIH,108,2,107,train
MIT-slp45,MIT-slp45,MIT-BIH,109,2,108,train
MIT-slp45,MIT-slp45,MIT-BIH,110,3,109,train
MIT-slp45,MIT-slp45,MIT-BIH,111,3,110,train
MIT-slp45,MIT-slp45,MIT-BIH,112,3,111,train
MIT-slp45,MIT-slp45,MIT-BIH,113,3,112,train
MIT-slp45,MIT-slp45,MIT-BIH,114,3,113,train
MIT-slp45,MIT-slp45,MIT-BIH,115,3,114,train
MIT-slp45,MIT-slp45,MIT-BIH,116,3,115,train
MIT-slp45,MIT-slp45,MIT-BIH,117,3,116,train
MIT-slp45,MIT-slp45,MIT-BIH,118,3,117,train
MIT-slp45,MIT-slp45,MIT-BIH,119,3,118,train
MIT-slp45,MIT-slp45,MIT-BIH,120,2,119,train
MIT-slp45,MIT-slp45,MIT-BIH,121,2,120,train
MIT-slp45,MIT-slp45,MIT-BIH,122,2,121,train
MIT-slp45,MIT-slp45,MIT-BIH,123,2,122,train
MIT-slp45,MIT-slp45,MIT-BIH,124,2,123,train
MIT-slp45,MIT-slp45,MIT-BIH,125,2,124,train
MIT-slp45,MIT-slp45,MIT-BIH,126,2,125,train
MIT-slp45,MIT-slp45,MIT-BIH,127,2,126,train
MIT-slp45,MIT-slp45,MIT-BIH,128,2,127,train
MIT-slp45,MIT-slp45,MIT-BIH,129,2,128,train
MIT-slp45,MIT-slp45,MIT-BIH,130,2,129,train
MIT-slp45,MIT-slp45,MIT-BIH,131,3,130,train
MIT-slp45,MIT-slp45,MIT-BIH,132,2,131,train
MIT-slp45,MIT-slp45,MIT-BIH,133,2,132,train
MIT-slp45,MIT-slp45,MIT-BIH,134,2,133,train
MIT-slp45,MIT-slp45,MIT-BIH,135,2,134,train
MIT-slp45,MIT-slp45,MIT-BIH,136,2,135,train
MIT-slp45,MIT-slp45,MIT-BIH,137,2,136,train
MIT-slp45,MIT-slp45,MIT-BIH,138,2,137,train
MIT-slp45,MIT-slp45,MIT-BIH,139,2,138,train
MIT-slp45,MIT-slp45,MIT-BIH,140,2,139,train
MIT-slp45,MIT-slp45,MIT-BIH,141,2,140,train
MIT-slp45,MIT-slp45,MIT-BIH,142,2,141,train
MIT-slp45,MIT-slp45,MIT-BIH,143,2,142,train
MIT-slp45,MIT-slp45,MIT-BIH,144,2,143,train
MIT-slp45,MIT-slp45,MIT-BIH,145,2,144,train
MIT-slp45,MIT-slp45,MIT-BIH,146,2,145,train
MIT-slp45,MIT-slp45,MIT-BIH,147,4,146,train
MIT-slp45,MIT-slp45,MIT-BIH,148,4,147,train
MIT-slp45,MIT-slp45,MIT-BIH,149,4,148,train
MIT-slp45,MIT-slp45,MIT-BIH,150,4,149,train
MIT-slp45,MIT-slp45,MIT-BIH,151,4,150,train
MIT-slp45,MIT-slp45,MIT-BIH,152,1,151,train
MIT-slp45,MIT-slp45,MIT-BIH,153,1,152,train
MIT-slp45,MIT-slp45,MIT-BIH,154,2,153,train
MIT-slp45,MIT-slp45,MIT-BIH,155,2,154,train
MIT-slp45,MIT-slp45,MIT-BIH,156,2,155,train
MIT-slp45,MIT-slp45,MIT-BIH,157,2,156,train
MIT-slp45,MIT-slp45,MIT-BIH,158,2,157,train
MIT-slp45,MIT-slp45,MIT-BIH,159,2,158,train
MIT-slp45,MIT-slp45,MIT-BIH,160,2,159,train
MIT-slp45,MIT-slp45,MIT-BIH,161,2,160,train
MIT-slp45,MIT-slp45,MIT-BIH,162,2,161,train
MIT-slp45,MIT-slp45,MIT-BIH,163,1,162,train
MIT-slp45,MIT-slp45,MIT-BIH,164,2,163,train
MIT-slp45,MIT-slp45,MIT-BIH,165,1,164,train
MIT-slp45,MIT-slp45,MIT-BIH,166,1,165,train
MIT-slp45,MIT-slp45,MIT-BIH,167,2,166,train
MIT-slp45,MIT-slp45,MIT-BIH,168,1,167,train
MIT-slp45,MIT-slp45,MIT-BIH,169,2,168,train
MIT-slp45,MIT-slp45,MIT-BIH,170,1,169,train
MIT-slp45,MIT-slp45,MIT-BIH,171,2,170,train
MIT-slp45,MIT-slp45,MIT-BIH,172,1,171,train
MIT-slp45,MIT-slp45,MIT-BIH,173,2,172,train
MIT-slp45,MIT-slp45,MIT-BIH,174,0,173,train
MIT-slp45,MIT-slp45,MIT-BIH,175,0,174,train
MIT-slp45,MIT-slp45,MIT-BIH,176,1,175,train
MIT-slp45,MIT-slp45,MIT-BIH,177,2,176,train
MIT-slp45,MIT-slp45,MIT-BIH,178,2,177,train
MIT-slp45,MIT-slp45,MIT-BIH,179,2,178,train
MIT-slp45,MIT-slp45,MIT-BIH,180,2,179,train
MIT-slp45,MIT-slp45,MIT-BIH,181,2,180,train
MIT-slp45,MIT-slp45,MIT-BIH,182,2,181,train
MIT-slp45,MIT-slp45,MIT-BIH,183,2,182,train
MIT-slp45,MIT-slp45,MIT-BIH,184,2,183,train
MIT-slp45,MIT-slp45,MIT-BIH,185,2,184,train
MIT-slp45,MIT-slp45,MIT-BIH,186,2,185,train
MIT-slp45,MIT-slp45,MIT-BIH,187,2,186,train
MIT-slp45,MIT-slp45,MIT-BIH,188,2,187,train
MIT-slp45,MIT-slp45,MIT-BIH,189,2,188,train
MIT-slp45,MIT-slp45,MIT-BIH,190,0,189,train
MIT-slp45,MIT-slp45,MIT-BIH,191,0,190,train
MIT-slp45,MIT-slp45,MIT-BIH,192,0,191,train
MIT-slp45,MIT-slp45,MIT-BIH,193,0,192,train
MIT-slp45,MIT-slp45,MIT-BIH,194,0,193,train
MIT-slp45,MIT-slp45,MIT-BIH,195,0,194,train
MIT-slp45,MIT-slp45,MIT-BIH,196,0,195,train
MIT-slp45,MIT-slp45,MIT-BIH,197,0,196,train
MIT-slp45,MIT-slp45,MIT-BIH,198,0,197,train
MIT-slp45,MIT-slp45,MIT-BIH,199,0,198,train
MIT-slp45,MIT-slp45,MIT-BIH,200,0,199,train
MIT-slp45,MIT-slp45,MIT-BIH,201,0,200,train
MIT-slp45,MIT-slp45,MIT-BIH,202,0,201,train
MIT-slp45,MIT-slp45,MIT-BIH,203,0,202,train
MIT-slp45,MIT-slp45,MIT-BIH,204,0,203,train
MIT-slp45,MIT-slp45,MIT-BIH,205,0,204,train
MIT-slp45,MIT-slp45,MIT-BIH,206,0,205,train
MIT-slp45,MIT-slp45,MIT-BIH,207,0,206,train
MIT-slp45,MIT-slp45,MIT-BIH,208,0,207,train
MIT-slp45,MIT-slp45,MIT-BIH,209,0,208,train
MIT-slp45,MIT-slp45,MIT-BIH,210,0,209,train
MIT-slp45,MIT-slp45,MIT-BIH,211,0,210,train
MIT-slp45,MIT-slp45,MIT-BIH,212,0,211,train
MIT-slp45,MIT-slp45,MIT-BIH,213,0,212,train
MIT-slp45,MIT-slp45,MIT-BIH,214,0,213,train
MIT-slp45,MIT-slp45,MIT-BIH,215,0,214,train
MIT-slp45,MIT-slp45,MIT-BIH,216,0,215,train
MIT-slp45,MIT-slp45,MIT-BIH,217,0,216,train
MIT-slp45,MIT-slp45,MIT-BIH,218,0,217,train
MIT-slp45,MIT-slp45,MIT-BIH,219,1,218,train
MIT-slp45,MIT-slp45,MIT-BIH,220,1,219,train
MIT-slp45,MIT-slp45,MIT-BIH,221,1,220,train
MIT-slp45,MIT-slp45,MIT-BIH,222,1,221,train
MIT-slp45,MIT-slp45,MIT-BIH,223,0,222,train
MIT-slp45,MIT-slp45,MIT-BIH,224,1,223,train
MIT-slp45,MIT-slp45,MIT-BIH,225,0,224,train
MIT-slp45,MIT-slp45,MIT-BIH,226,1,225,train
MIT-slp45,MIT-slp45,MIT-BIH,227,1,226,train
MIT-slp45,MIT-slp45,MIT-BIH,228,0,227,train
MIT-slp45,MIT-slp45,MIT-BIH,229,0,228,train
MIT-slp45,MIT-slp45,MIT-BIH,230,1,229,train
MIT-slp45,MIT-slp45,MIT-BIH,231,0,230,train
MIT-slp45,MIT-slp45,MIT-BIH,232,1,231,train
MIT-slp45,MIT-slp45,MIT-BIH,233,1,232,train
MIT-slp45,MIT-slp45,MIT-BIH,234,2,233,train
MIT-slp45,MIT-slp45,MIT-BIH,235,1,234,train
MIT-slp45,MIT-slp45,MIT-BIH,236,2,235,train
MIT-slp45,MIT-slp45,MIT-BIH,237,2,236,train
MIT-slp45,MIT-slp45,MIT-BIH,238,2,237,train
MIT-slp45,MIT-slp45,MIT-BIH,239,2,238,train
MIT-slp45,MIT-slp45,MIT-BIH,240,2,239,train
MIT-slp45,MIT-slp45,MIT-BIH,241,2,240,train
MIT-slp45,MIT-slp45,MIT-BIH,242,2,241,train
MIT-slp45,MIT-slp45,MIT-BIH,243,2,242,train
MIT-slp45,MIT-slp45,MIT-BIH,244,2,243,train
MIT-slp45,MIT-slp45,MIT-BIH,245,2,244,train
MIT-slp45,MIT-slp45,MIT-BIH,246,2,245,train
MIT-slp45,MIT-slp45,MIT-BIH,247,1,246,train
MIT-slp45,MIT-slp45,MIT-BIH,248,2,247,train
MIT-slp45,MIT-slp45,MIT-BIH,249,2,248,train
MIT-slp45,MIT-slp45,MIT-BIH,250,2,249,train
MIT-slp45,MIT-slp45,MIT-BIH,251,2,250,train
MIT-slp45,MIT-slp45,MIT-BIH,252,2,251,train
MIT-slp45,MIT-slp45,MIT-BIH,253,2,252,train
MIT-slp45,MIT-slp45,MIT-BIH,254,2,253,train
MIT-slp45,MIT-slp45,MIT-BIH,255,2,254,train
MIT-slp45,MIT-slp45,MIT-BIH,256,2,255,train
MIT-slp45,MIT-slp45,MIT-BIH,257,2,256,train
MIT-slp45,MIT-slp45,MIT-BIH,258,3,257,train
MIT-slp45,MIT-slp45,MIT-BIH,259,2,258,train
MIT-slp45,MIT-slp45,MIT-BIH,260,2,259,train
MIT-slp45,MIT-slp45,MIT-BIH,261,2,260,train
MIT-slp45,MIT-slp45,MIT-BIH,262,0,261,train
MIT-slp45,MIT-slp45,MIT-BIH,263,0,262,train
MIT-slp45,MIT-slp45,MIT-BIH,264,0,263,train
MIT-slp45,MIT-slp45,MIT-BIH,265,1,264,train
MIT-slp45,MIT-slp45,MIT-BIH,266,1,265,train
MIT-slp45,MIT-slp45,MIT-BIH,267,2,266,train
MIT-slp45,MIT-slp45,MIT-BIH,268,2,267,train
MIT-slp45,MIT-slp45,MIT-BIH,269,2,268,train
MIT-slp45,MIT-slp45,MIT-BIH,270,2,269,train
MIT-slp45,MIT-slp45,MIT-BIH,271,3,270,train
MIT-slp45,MIT-slp45,MIT-BIH,272,2,271,train
MIT-slp45,MIT-slp45,MIT-BIH,273,2,272,train
MIT-slp45,MIT-slp45,MIT-BIH,274,2,273,train
MIT-slp45,MIT-slp45,MIT-BIH,275,2,274,train
MIT-slp45,MIT-slp45,MIT-BIH,276,2,275,train
MIT-slp45,MIT-slp45,MIT-BIH,277,2,276,train
MIT-slp45,MIT-slp45,MIT-BIH,278,2,277,train
MIT-slp45,MIT-slp45,MIT-BIH,279,2,278,train
MIT-slp45,MIT-slp45,MIT-BIH,280,2,279,train
MIT-slp45,MIT-slp45,MIT-BIH,281,2,280,train
MIT-slp45,MIT-slp45,MIT-BIH,282,2,281,train
MIT-slp45,MIT-slp45,MIT-BIH,283,2,282,train
MIT-slp45,MIT-slp45,MIT-BIH,284,2,283,train
MIT-slp45,MIT-slp45,MIT-BIH,285,2,284,train
MIT-slp45,MIT-slp45,MIT-BIH,286,2,285,train
MIT-slp45,MIT-slp45,MIT-BIH,287,3,286,train
MIT-slp45,MIT-slp45,MIT-BIH,288,1,287,train
MIT-slp45,MIT-slp45,MIT-BIH,289,2,288,train
MIT-slp45,MIT-slp45,MIT-BIH,290,2,289,train
MIT-slp45,MIT-slp45,MIT-BIH,291,2,290,train
MIT-slp45,MIT-slp45,MIT-BIH,292,2,291,train
MIT-slp45,MIT-slp45,MIT-BIH,293,2,292,train
MIT-slp45,MIT-slp45,MIT-BIH,294,3,293,train
MIT-slp45,MIT-slp45,MIT-BIH,295,2,294,train
MIT-slp45,MIT-slp45,MIT-BIH,296,2,295,train
MIT-slp45,MIT-slp45,MIT-BIH,297,3,296,train
MIT-slp45,MIT-slp45,MIT-BIH,298,2,297,train
MIT-slp45,MIT-slp45,MIT-BIH,299,2,298,train
MIT-slp45,MIT-slp45,MIT-BIH,300,2,299,train
MIT-slp45,MIT-slp45,MIT-BIH,301,2,300,train
MIT-slp45,MIT-slp45,MIT-BIH,302,2,301,train
MIT-slp45,MIT-slp45,MIT-BIH,303,2,302,train
MIT-slp45,MIT-slp45,MIT-BIH,304,2,303,train
MIT-slp45,MIT-slp45,MIT-BIH,305,2,304,train
MIT-slp45,MIT-slp45,MIT-BIH,306,2,305,train
MIT-slp45,MIT-slp45,MIT-BIH,307,2,306,train
MIT-slp45,MIT-slp45,MIT-BIH,308,2,307,train
MIT-slp45,MIT-slp45,MIT-BIH,309,2,308,train
MIT-slp45,MIT-slp45,MIT-BIH,310,2,309,train
MIT-slp45,MIT-slp45,MIT-BIH,311,2,310,train
MIT-slp45,MIT-slp45,MIT-BIH,312,2,311,train
MIT-slp45,MIT-slp45,MIT-BIH,313,2,312,train
MIT-slp45,MIT-slp45,MIT-BIH,314,2,313,train
MIT-slp45,MIT-slp45,MIT-BIH,315,2,314,train
MIT-slp45,MIT-slp45,MIT-BIH,316,2,315,train
MIT-slp45,MIT-slp45,MIT-BIH,317,2,316,train
MIT-slp45,MIT-slp45,MIT-BIH,318,2,317,train
MIT-slp45,MIT-slp45,MIT-BIH,319,3,318,train
MIT-slp45,MIT-slp45,MIT-BIH,320,2,319,train
MIT-slp45,MIT-slp45,MIT-BIH,321,3,320,train
MIT-slp45,MIT-slp45,MIT-BIH,322,2,321,train
MIT-slp45,MIT-slp45,MIT-BIH,323,3,322,train
MIT-slp45,MIT-slp45,MIT-BIH,324,2,323,train
MIT-slp45,MIT-slp45,MIT-BIH,325,2,324,train
MIT-slp45,MIT-slp45,MIT-BIH,326,2,325,train
MIT-slp45,MIT-slp45,MIT-BIH,327,2,326,train
MIT-slp45,MIT-slp45,MIT-BIH,328,2,327,train
MIT-slp45,MIT-slp45,MIT-BIH,329,3,328,train
MIT-slp45,MIT-slp45,MIT-BIH,330,3,329,train
MIT-slp45,MIT-slp45,MIT-BIH,331,3,330,train
MIT-slp45,MIT-slp45,MIT-BIH,332,2,331,train
MIT-slp45,MIT-slp45,MIT-BIH,333,3,332,train
MIT-slp45,MIT-slp45,MIT-BIH,334,2,333,train
MIT-slp45,MIT-slp45,MIT-BIH,335,3,334,train
MIT-slp45,MIT-slp45,MIT-BIH,336,3,335,train
MIT-slp45,MIT-slp45,MIT-BIH,337,3,336,train
MIT-slp45,MIT-slp45,MIT-BIH,338,3,337,train
MIT-slp45,MIT-slp45,MIT-BIH,339,3,338,train
MIT-slp45,MIT-slp45,MIT-BIH,340,3,339,train
MIT-slp45,MIT-slp45,MIT-BIH,341,3,340,train
MIT-slp45,MIT-slp45,MIT-BIH,342,3,341,train
MIT-slp45,MIT-slp45,MIT-BIH,343,3,342,train
MIT-slp45,MIT-slp45,MIT-BIH,344,2,343,train
MIT-slp45,MIT-slp45,MIT-BIH,345,3,344,train
MIT-slp45,MIT-slp45,MIT-BIH,346,3,345,train
MIT-slp45,MIT-slp45,MIT-BIH,347,2,346,train
MIT-slp45,MIT-slp45,MIT-BIH,348,3,347,train
MIT-slp45,MIT-slp45,MIT-BIH,349,2,348,train
MIT-slp45,MIT-slp45,MIT-BIH,350,2,349,train
MIT-slp45,MIT-slp45,MIT-BIH,351,2,350,train
MIT-slp45,MIT-slp45,MIT-BIH,352,4,351,train
MIT-slp45,MIT-slp45,MIT-BIH,353,4,352,train
MIT-slp45,MIT-slp45,MIT-BIH,354,4,353,train
MIT-slp45,MIT-slp45,MIT-BIH,355,4,354,train
MIT-slp45,MIT-slp45,MIT-BIH,356,4,355,train
MIT-slp45,MIT-slp45,MIT-BIH,357,4,356,train
MIT-slp45,MIT-slp45,MIT-BIH,358,4,357,train
MIT-slp45,MIT-slp45,MIT-BIH,359,4,358,train
MIT-slp45,MIT-slp45,MIT-BIH,360,4,359,train
MIT-slp45,MIT-slp45,MIT-BIH,361,4,360,train
MIT-slp45,MIT-slp45,MIT-BIH,362,4,361,train
MIT-slp45,MIT-slp45,MIT-BIH,363,4,362,train
MIT-slp45,MIT-slp45,MIT-BIH,364,4,363,train
MIT-slp45,MIT-slp45,MIT-BIH,365,4,364,train
MIT-slp45,MIT-slp45,MIT-BIH,366,4,365,train
MIT-slp45,MIT-slp45,MIT-BIH,367,4,366,train
MIT-slp45,MIT-slp45,MIT-BIH,368,4,367,train
MIT-slp45,MIT-slp45,MIT-BIH,369,4,368,train
MIT-slp45,MIT-slp45,MIT-BIH,370,4,369,train
MIT-slp45,MIT-slp45,MIT-BIH,371,4,370,train
MIT-slp45,MIT-slp45,MIT-BIH,372,4,371,train
MIT-slp45,MIT-slp45,MIT-BIH,373,4,372,train
MIT-slp45,MIT-slp45,MIT-BIH,374,4,373,train
MIT-slp45,MIT-slp45,MIT-BIH,375,4,374,train
MIT-slp45,MIT-slp45,MIT-BIH,376,4,375,train
MIT-slp45,MIT-slp45,MIT-BIH,377,4,376,train
MIT-slp45,MIT-slp45,MIT-BIH,378,4,377,train
MIT-slp45,MIT-slp45,MIT-BIH,379,4,378,train
MIT-slp45,MIT-slp45,MIT-BIH,380,4,379,train
MIT-slp45,MIT-slp45,MIT-BIH,381,4,380,train
MIT-slp45,MIT-slp45,MIT-BIH,382,4,381,train
MIT-slp45,MIT-slp45,MIT-BIH,383,4,382,train
MIT-slp45,MIT-slp45,MIT-BIH,384,1,383,train
MIT-slp45,MIT-slp45,MIT-BIH,385,2,384,train
MIT-slp45,MIT-slp45,MIT-BIH,386,2,385,train
MIT-slp45,MIT-slp45,MIT-BIH,387,0,386,train
MIT-slp45,MIT-slp45,MIT-BIH,388,1,387,train
MIT-slp45,MIT-slp45,MIT-BIH,389,1,388,train
MIT-slp45,MIT-slp45,MIT-BIH,390,1,389,train
MIT-slp45,MIT-slp45,MIT-BIH,391,2,390,train
MIT-slp45,MIT-slp45,MIT-BIH,392,0,391,train
MIT-slp45,MIT-slp45,MIT-BIH,393,0,392,train
MIT-slp45,MIT-slp45,MIT-BIH,394,0,393,train
MIT-slp45,MIT-slp45,MIT-BIH,395,0,394,train
MIT-slp45,MIT-slp45,MIT-BIH,396,0,395,train
MIT-slp45,MIT-slp45,MIT-BIH,397,0,396,train
MIT-slp45,MIT-slp45,MIT-BIH,398,0,397,train
MIT-slp45,MIT-slp45,MIT-BIH,399,0,398,train
MIT-slp45,MIT-slp45,MIT-BIH,400,0,399,train
MIT-slp45,MIT-slp45,MIT-BIH,401,0,400,train
MIT-slp45,MIT-slp45,MIT-BIH,402,0,401,train
MIT-slp45,MIT-slp45,MIT-BIH,403,0,402,train
MIT-slp45,MIT-slp45,MIT-BIH,404,0,403,train
MIT-slp45,MIT-slp45,MIT-BIH,405,0,404,train
MIT-slp45,MIT-slp45,MIT-BIH,406,0,405,train
MIT-slp45,MIT-slp45,MIT-BIH,407,0,406,train
MIT-slp45,MIT-slp45,MIT-BIH,408,0,407,train
MIT-slp45,MIT-slp45,MIT-BIH,409,0,408,train
MIT-slp45,MIT-slp45,MIT-BIH,410,0,409,train
MIT-slp45,MIT-slp45,MIT-BIH,411,0,410,train
MIT-slp45,MIT-slp45,MIT-BIH,412,0,411,train
MIT-slp45,MIT-slp45,MIT-BIH,413,0,412,train
MIT-slp45,MIT-slp45,MIT-BIH,414,0,413,train
MIT-slp45,MIT-slp45,MIT-BIH,415,0,414,train
MIT-slp45,MIT-slp45,MIT-BIH,416,0,415,train
MIT-slp45,MIT-slp45,MIT-BIH,417,0,416,train
MIT-slp45,MIT-slp45,MIT-BIH,418,0,417,train
MIT-slp45,MIT-slp45,MIT-BIH,419,0,418,train
MIT-slp45,MIT-slp45,MIT-BIH,420,1,419,train
MIT-slp45,MIT-slp45,MIT-BIH,421,1,420,train
MIT-slp45,MIT-slp45,MIT-BIH,422,0,421,train
MIT-slp45,MIT-slp45,MIT-BIH,423,1,422,train
MIT-slp45,MIT-slp45,MIT-BIH,424,1,423,train
MIT-slp45,MIT-slp45,MIT-BIH,425,1,424,train
MIT-slp45,MIT-slp45,MIT-BIH,426,1,425,train
MIT-slp45,MIT-slp45,MIT-BIH,427,0,426,train
MIT-slp45,MIT-slp45,MIT-BIH,428,1,427,train
MIT-slp45,MIT-slp45,MIT-BIH,429,1,428,train
MIT-slp45,MIT-slp45,MIT-BIH,430,2,429,train
MIT-slp45,MIT-slp45,MIT-BIH,431,2,430,train
MIT-slp45,MIT-slp45,MIT-BIH,432,0,431,train
MIT-slp45,MIT-slp45,MIT-BIH,433,1,432,train
MIT-slp45,MIT-slp45,MIT-BIH,434,2,433,train
MIT-slp45,MIT-slp45,MIT-BIH,435,2,434,train
MIT-slp45,MIT-slp45,MIT-BIH,436,2,435,train
MIT-slp45,MIT-slp45,MIT-BIH,437,2,436,train
MIT-slp45,MIT-slp45,MIT-BIH,438,2,437,train
MIT-slp45,MIT-slp45,MIT-BIH,439,2,438,train
MIT-slp45,MIT-slp45,MIT-BIH,440,2,439,train
MIT-slp45,MIT-slp45,MIT-BIH,441,2,440,train
MIT-slp45,MIT-slp45,MIT-BIH,442,2,441,train
MIT-slp45,MIT-slp45,MIT-BIH,443,2,442,train
MIT-slp45,MIT-slp45,MIT-BIH,444,2,443,train
MIT-slp45,MIT-slp45,MIT-BIH,445,2,444,train
MIT-slp45,MIT-slp45,MIT-BIH,446,2,445,train
MIT-slp45,MIT-slp45,MIT-BIH,447,2,446,train
MIT-slp45,MIT-slp45,MIT-BIH,448,2,447,train
MIT-slp45,MIT-slp45,MIT-BIH,449,2,448,train
MIT-slp45,MIT-slp45,MIT-BIH,450,2,449,train
MIT-slp45,MIT-slp45,MIT-BIH,451,2,450,train
MIT-slp45,MIT-slp45,MIT-BIH,452,2,451,train
MIT-slp45,MIT-slp45,MIT-BIH,453,2,452,train
MIT-slp45,MIT-slp45,MIT-BIH,454,2,453,train
MIT-slp45,MIT-slp45,MIT-BIH,455,2,454,train
MIT-slp45,MIT-slp45,MIT-BIH,456,2,455,train
MIT-slp45,MIT-slp45,MIT-BIH,457,2,456,train
MIT-slp45,MIT-slp45,MIT-BIH,458,2,457,train
MIT-slp45,MIT-slp45,MIT-BIH,459,2,458,train
MIT-slp45,MIT-slp45,MIT-BIH,460,2,459,train
MIT-slp45,MIT-slp45,MIT-BIH,461,2,460,train
MIT-slp45,MIT-slp45,MIT-BIH,462,2,461,train
MIT-slp45,MIT-slp45,MIT-BIH,463,2,462,train
MIT-slp45,MIT-slp45,MIT-BIH,464,2,463,train
MIT-slp45,MIT-slp45,MIT-BIH,465,2,464,train
MIT-slp45,MIT-slp45,MIT-BIH,466,2,465,train
MIT-slp45,MIT-slp45,MIT-BIH,467,3,466,train
MIT-slp45,MIT-slp45,MIT-BIH,469,2,467,train
MIT-slp45,MIT-slp45,MIT-BIH,470,2,468,train
MIT-slp45,MIT-slp45,MIT-BIH,471,2,469,train
MIT-slp45,MIT-slp45,MIT-BIH,472,2,470,train
MIT-slp45,MIT-slp45,MIT-BIH,473,2,471,train
MIT-slp45,MIT-slp45,MIT-BIH,474,2,472,train
MIT-slp45,MIT-slp45,MIT-BIH,475,2,473,train
MIT-slp45,MIT-slp45,MIT-BIH,476,1,474,train
MIT-slp45,MIT-slp45,MIT-BIH,477,2,475,train
MIT-slp45,MIT-slp45,MIT-BIH,478,2,476,train
MIT-slp45,MIT-slp45,MIT-BIH,479,2,477,train
MIT-slp45,MIT-slp45,MIT-BIH,480,2,478,train
MIT-slp45,MIT-slp45,MIT-BIH,481,2,479,train
MIT-slp45,MIT-slp45,MIT-BIH,482,2,480,train
MIT-slp45,MIT-slp45,MIT-BIH,483,2,481,train
MIT-slp45,MIT-slp45,MIT-BIH,484,2,482,train
MIT-slp45,MIT-slp45,MIT-BIH,485,2,483,train
MIT-slp45,MIT-slp45,MIT-BIH,486,2,484,train
MIT-slp45,MIT-slp45,MIT-BIH,487,2,485,train
MIT-slp45,MIT-slp45,MIT-BIH,488,2,486,train
MIT-slp45,MIT-slp45,MIT-BIH,489,2,487,train
MIT-slp45,MIT-slp45,MIT-BIH,490,2,488,train
MIT-slp45,MIT-slp45,MIT-BIH,491,2,489,train
MIT-slp45,MIT-slp45,MIT-BIH,492,2,490,train
MIT-slp45,MIT-slp45,MIT-BIH,493,2,491,train
MIT-slp45,MIT-slp45,MIT-BIH,494,2,492,train
MIT-slp45,MIT-slp45,MIT-BIH,495,2,493,train
MIT-slp45,MIT-slp45,MIT-BIH,496,2,494,train
MIT-slp45,MIT-slp45,MIT-BIH,497,2,495,train
MIT-slp45,MIT-slp45,MIT-BIH,498,2,496,train
MIT-slp45,MIT-slp45,MIT-BIH,499,2,497,train
MIT-slp45,MIT-slp45,MIT-BIH,500,2,498,train
MIT-slp45,MIT-slp45,MIT-BIH,501,2,499,train
MIT-slp45,MIT-slp45,MIT-BIH,502,2,500,train
MIT-slp45,MIT-slp45,MIT-BIH,503,2,501,train
MIT-slp45,MIT-slp45,MIT-BIH,504,2,502,train
MIT-slp45,MIT-slp45,MIT-BIH,505,2,503,train
MIT-slp45,MIT-slp45,MIT-BIH,506,2,504,train
MIT-slp45,MIT-slp45,MIT-BIH,507,2,505,train
MIT-slp45,MIT-slp45,MIT-BIH,508,3,506,train
MIT-slp45,MIT-slp45,MIT-BIH,509,2,507,train
MIT-slp45,MIT-slp45,MIT-BIH,510,2,508,train
MIT-slp45,MIT-slp45,MIT-BIH,511,2,509,train
MIT-slp45,MIT-slp45,MIT-BIH,512,2,510,train
MIT-slp45,MIT-slp45,MIT-BIH,513,2,511,train
MIT-slp45,MIT-slp45,MIT-BIH,514,2,512,train
MIT-slp45,MIT-slp45,MIT-BIH,515,2,513,train
MIT-slp45,MIT-slp45,MIT-BIH,516,2,514,train
MIT-slp45,MIT-slp45,MIT-BIH,517,3,515,train
MIT-slp45,MIT-slp45,MIT-BIH,518,3,516,train
MIT-slp45,MIT-slp45,MIT-BIH,519,3,517,train
MIT-slp45,MIT-slp45,MIT-BIH,520,3,518,train
MIT-slp45,MIT-slp45,MIT-BIH,521,3,519,train
MIT-slp45,MIT-slp45,MIT-BIH,522,3,520,train
MIT-slp45,MIT-slp45,MIT-BIH,523,3,521,train
MIT-slp45,MIT-slp45,MIT-BIH,524,3,522,train
MIT-slp45,MIT-slp45,MIT-BIH,525,3,523,train
MIT-slp45,MIT-slp45,MIT-BIH,526,3,524,train
MIT-slp45,MIT-slp45,MIT-BIH,527,3,525,train
MIT-slp45,MIT-slp45,MIT-BIH,528,2,526,train
MIT-slp45,MIT-slp45,MIT-BIH,529,2,527,train
MIT-slp45,MIT-slp45,MIT-BIH,530,2,528,train
MIT-slp45,MIT-slp45,MIT-BIH,531,2,529,train
MIT-slp45,MIT-slp45,MIT-BIH,532,2,530,train
MIT-slp45,MIT-slp45,MIT-BIH,533,2,531,train
MIT-slp45,MIT-slp45,MIT-BIH,534,2,532,train
MIT-slp45,MIT-slp45,MIT-BIH,535,2,533,train
MIT-slp45,MIT-slp45,MIT-BIH,536,2,534,train
MIT-slp45,MIT-slp45,MIT-BIH,537,2,535,train
MIT-slp45,MIT-slp45,MIT-BIH,538,1,536,train
MIT-slp45,MIT-slp45,MIT-BIH,539,2,537,train
MIT-slp45,MIT-slp45,MIT-BIH,540,2,538,train
MIT-slp45,MIT-slp45,MIT-BIH,541,2,539,train
MIT-slp45,MIT-slp45,MIT-BIH,542,1,540,train
MIT-slp45,MIT-slp45,MIT-BIH,543,2,541,train
MIT-slp45,MIT-slp45,MIT-BIH,544,2,542,train
MIT-slp45,MIT-slp45,MIT-BIH,545,2,543,train
MIT-slp45,MIT-slp45,MIT-BIH,546,2,544,train
MIT-slp45,MIT-slp45,MIT-BIH,547,2,545,train
MIT-slp45,MIT-slp45,MIT-BIH,548,2,546,train
MIT-slp45,MIT-slp45,MIT-BIH,549,2,547,train
MIT-slp45,MIT-slp45,MIT-BIH,550,2,548,train
MIT-slp45,MIT-slp45,MIT-BIH,551,2,549,train
MIT-slp45,MIT-slp45,MIT-BIH,552,2,550,train
MIT-slp45,MIT-slp45,MIT-BIH,553,2,551,train
MIT-slp45,MIT-slp45,MIT-BIH,554,2,552,train
MIT-slp45,MIT-slp45,MIT-BIH,555,2,553,train
MIT-slp45,MIT-slp45,MIT-BIH,556,2,554,train
MIT-slp45,MIT-slp45,MIT-BIH,557,2,555,train
MIT-slp45,MIT-slp45,MIT-BIH,558,1,556,train
MIT-slp45,MIT-slp45,MIT-BIH,559,4,557,train
MIT-slp45,MIT-slp45,MIT-BIH,560,4,558,train
MIT-slp45,MIT-slp45,MIT-BIH,561,4,559,train
MIT-slp45,MIT-slp45,MIT-BIH,562,4,560,train
MIT-slp45,MIT-slp45,MIT-BIH,563,4,561,train
MIT-slp45,MIT-slp45,MIT-BIH,564,4,562,train
MIT-slp45,MIT-slp45,MIT-BIH,565,4,563,train
MIT-slp45,MIT-slp45,MIT-BIH,566,4,564,train
MIT-slp45,MIT-slp45,MIT-BIH,567,4,565,train
MIT-slp45,MIT-slp45,MIT-BIH,568,1,566,train
MIT-slp45,MIT-slp45,MIT-BIH,569,2,567,train
MIT-slp45,MIT-slp45,MIT-BIH,570,2,568,train
MIT-slp45,MIT-slp45,MIT-BIH,571,2,569,train
MIT-slp45,MIT-slp45,MIT-BIH,572,0,570,train
MIT-slp45,MIT-slp45,MIT-BIH,573,1,571,train
MIT-slp45,MIT-slp45,MIT-BIH,574,2,572,train
MIT-slp45,MIT-slp45,MIT-BIH,575,2,573,train
MIT-slp45,MIT-slp45,MIT-BIH,576,2,574,train
MIT-slp45,MIT-slp45,MIT-BIH,577,3,575,train
MIT-slp45,MIT-slp45,MIT-BIH,578,0,576,train
MIT-slp45,MIT-slp45,MIT-BIH,579,0,577,train
MIT-slp45,MIT-slp45,MIT-BIH,580,0,578,train
MIT-slp45,MIT-slp45,MIT-BIH,581,0,579,train
MIT-slp45,MIT-slp45,MIT-BIH,582,0,580,train
MIT-slp45,MIT-slp45,MIT-BIH,583,0,581,train
MIT-slp45,MIT-slp45,MIT-BIH,584,0,582,train
MIT-slp45,MIT-slp45,MIT-BIH,585,0,583,train
MIT-slp45,MIT-slp45,MIT-BIH,586,1,584,train
MIT-slp45,MIT-slp45,MIT-BIH,587,1,585,train
MIT-slp45,MIT-slp45,MIT-BIH,588,1,586,train
MIT-slp45,MIT-slp45,MIT-BIH,589,2,587,train
MIT-slp45,MIT-slp45,MIT-BIH,590,2,588,train
MIT-slp45,MIT-slp45,MIT-BIH,591,2,589,train
MIT-slp45,MIT-slp45,MIT-BIH,592,2,590,train
MIT-slp45,MIT-slp45,MIT-BIH,593,2,591,train
MIT-slp45,MIT-slp45,MIT-BIH,594,2,592,train
MIT-slp45,MIT-slp45,MIT-BIH,595,2,593,train
MIT-slp45,MIT-slp45,MIT-BIH,596,2,594,train
MIT-slp45,MIT-slp45,MIT-BIH,598,1,595,train
MIT-slp45,MIT-slp45,MIT-BIH,599,1,596,train
MIT-slp45,MIT-slp45,MIT-BIH,600,2,597,train
MIT-slp45,MIT-slp45,MIT-BIH,601,2,598,train
MIT-slp45,MIT-slp45,MIT-BIH,602,2,599,train
MIT-slp45,MIT-slp45,MIT-BIH,603,2,600,train
MIT-slp45,MIT-slp45,MIT-BIH,604,2,601,train
MIT-slp45,MIT-slp45,MIT-BIH,605,2,602,train
MIT-slp45,MIT-slp45,MIT-BIH,606,2,603,train
MIT-slp45,MIT-slp45,MIT-BIH,607,2,604,train
MIT-slp45,MIT-slp45,MIT-BIH,608,2,605,train
MIT-slp45,MIT-slp45,MIT-BIH,609,1,606,train
MIT-slp45,MIT-slp45,MIT-BIH,610,2,607,train
MIT-slp45,MIT-slp45,MIT-BIH,611,2,608,train
MIT-slp45,MIT-slp45,MIT-BIH,612,2,609,train
MIT-slp45,MIT-slp45,MIT-BIH,613,2,610,train
MIT-slp45,MIT-slp45,MIT-BIH,614,2,611,train
MIT-slp45,MIT-slp45,MIT-BIH,615,2,612,train
MIT-slp45,MIT-slp45,MIT-BIH,616,2,613,train
MIT-slp45,MIT-slp45,MIT-BIH,617,2,614,train
MIT-slp45,MIT-slp45,MIT-BIH,618,2,615,train
MIT-slp45,MIT-slp45,MIT-BIH,619,2,616,train
MIT-slp45,MIT-slp45,MIT-BIH,620,2,617,train
MIT-slp45,MIT-slp45,MIT-BIH,621,2,618,train
MIT-slp45,MIT-slp45,MIT-BIH,622,2,619,train
MIT-slp45,MIT-slp45,MIT-BIH,623,2,620,train
MIT-slp45,MIT-slp45,MIT-BIH,624,2,621,train
MIT-slp45,MIT-slp45,MIT-BIH,625,2,622,train
MIT-slp45,MIT-slp45,MIT-BIH,626,2,623,train
MIT-slp45,MIT-slp45,MIT-BIH,627,2,624,train
MIT-slp45,MIT-slp45,MIT-BIH,628,2,625,train
MIT-slp45,MIT-slp45,MIT-BIH,629,2,626,train
MIT-slp45,MIT-slp45,MIT-BIH,630,2,627,train
MIT-slp45,MIT-slp45,MIT-BIH,631,2,628,train
MIT-slp45,MIT-slp45,MIT-BIH,632,2,629,train
MIT-slp45,MIT-slp45,MIT-BIH,633,2,630,train
MIT-slp45,MIT-slp45,MIT-BIH,634,2,631,train
MIT-slp45,MIT-slp45,MIT-BIH,635,2,632,train
MIT-slp45,MIT-slp45,MIT-BIH,636,2,633,train
MIT-slp45,MIT-slp45,MIT-BIH,637,2,634,train
MIT-slp45,MIT-slp45,MIT-BIH,638,2,635,train
MIT-slp45,MIT-slp45,MIT-BIH,639,2,636,train
MIT-slp45,MIT-slp45,MIT-BIH,640,2,637,train
MIT-slp45,MIT-slp45,MIT-BIH,641,2,638,train
MIT-slp45,MIT-slp45,MIT-BIH,642,2,639,train
MIT-slp45,MIT-slp45,MIT-BIH,643,2,640,train
MIT-slp45,MIT-slp45,MIT-BIH,644,2,641,train
MIT-slp45,MIT-slp45,MIT-BIH,645,2,642,train
MIT-slp45,MIT-slp45,MIT-BIH,646,2,643,train
MIT-slp45,MIT-slp45,MIT-BIH,647,2,644,train
MIT-slp45,MIT-slp45,MIT-BIH,648,2,645,train
MIT-slp45,MIT-slp45,MIT-BIH,649,2,646,train
MIT-slp45,MIT-slp45,MIT-BIH,650,2,647,train
MIT-slp45,MIT-slp45,MIT-BIH,651,2,648,train
MIT-slp45,MIT-slp45,MIT-BIH,652,2,649,train
MIT-slp45,MIT-slp45,MIT-BIH,653,2,650,train
MIT-slp45,MIT-slp45,MIT-BIH,654,2,651,train
MIT-slp45,MIT-slp45,MIT-BIH,655,2,652,train
MIT-slp45,MIT-slp45,MIT-BIH,656,2,653,train
MIT-slp45,MIT-slp45,MIT-BIH,657,2,654,train
MIT-slp45,MIT-slp45,MIT-BIH,658,2,655,train
MIT-slp45,MIT-slp45,MIT-BIH,659,2,656,train
MIT-slp45,MIT-slp45,MIT-BIH,660,2,657,train
MIT-slp45,MIT-slp45,MIT-BIH,661,2,658,train
MIT-slp45,MIT-slp45,MIT-BIH,662,2,659,train
MIT-slp45,MIT-slp45,MIT-BIH,663,2,660,train
MIT-slp45,MIT-slp45,MIT-BIH,664,2,661,train
MIT-slp45,MIT-slp45,MIT-BIH,665,2,662,train
MIT-slp45,MIT-slp45,MIT-BIH,666,2,663,train
MIT-slp45,MIT-slp45,MIT-BIH,667,2,664,train
MIT-slp45,MIT-slp45,MIT-BIH,668,2,665,train
MIT-slp45,MIT-slp45,MIT-BIH,669,2,666,train
MIT-slp45,MIT-slp45,MIT-BIH,670,2,667,train
MIT-slp45,MIT-slp45,MIT-BIH,671,3,668,train
MIT-slp45,MIT-slp45,MIT-BIH,672,2,669,train
MIT-slp45,MIT-slp45,MIT-BIH,673,3,670,train
MIT-slp45,MIT-slp45,MIT-BIH,675,2,671,train
MIT-slp45,MIT-slp45,MIT-BIH,676,2,672,train
MIT-slp45,MIT-slp45,MIT-BIH,677,2,673,train
MIT-slp45,MIT-slp45,MIT-BIH,678,1,674,train
MIT-slp45,MIT-slp45,MIT-BIH,679,2,675,train
MIT-slp45,MIT-slp45,MIT-BIH,680,2,676,train
MIT-slp45,MIT-slp45,MIT-BIH,681,2,677,train
MIT-slp45,MIT-slp45,MIT-BIH,682,2,678,train
MIT-slp45,MIT-slp45,MIT-BIH,683,2,679,train
MIT-slp45,MIT-slp45,MIT-BIH,684,2,680,train
MIT-slp45,MIT-slp45,MIT-BIH,685,4,681,train
MIT-slp45,MIT-slp45,MIT-BIH,686,4,682,train
MIT-slp45,MIT-slp45,MIT-BIH,687,4,683,train
MIT-slp45,MIT-slp45,MIT-BIH,688,4,684,train
MIT-slp45,MIT-slp45,MIT-BIH,689,4,685,train
MIT-slp45,MIT-slp45,MIT-BIH,690,4,686,train
MIT-slp45,MIT-slp45,MIT-BIH,691,4,687,train
MIT-slp45,MIT-slp45,MIT-BIH,692,4,688,train
MIT-slp45,MIT-slp45,MIT-BIH,693,4,689,train
MIT-slp45,MIT-slp45,MIT-BIH,694,4,690,train
MIT-slp45,MIT-slp45,MIT-BIH,695,4,691,train
MIT-slp45,MIT-slp45,MIT-BIH,696,4,692,train
MIT-slp45,MIT-slp45,MIT-BIH,697,4,693,train
MIT-slp45,MIT-slp45,MIT-BIH,698,4,694,train
MIT-slp45,MIT-slp45,MIT-BIH,699,4,695,train
MIT-slp45,MIT-slp45,MIT-BIH,700,4,696,train
MIT-slp45,MIT-slp45,MIT-BIH,701,4,697,train
MIT-slp45,MIT-slp45,MIT-BIH,702,4,698,train
MIT-slp45,MIT-slp45,MIT-BIH,703,4,699,train
MIT-slp45,MIT-slp45,MIT-BIH,704,4,700,train
MIT-slp45,MIT-slp45,MIT-BIH,705,4,701,train
MIT-slp45,MIT-slp45,MIT-BIH,706,4,702,train
MIT-slp45,MIT-slp45,MIT-BIH,707,4,703,train
MIT-slp45,MIT-slp45,MIT-BIH,708,4,704,train
MIT-slp45,MIT-slp45,MIT-BIH,709,4,705,train
MIT-slp45,MIT-slp45,MIT-BIH,710,2,706,train
MIT-slp45,MIT-slp45,MIT-BIH,711,2,707,train
MIT-slp45,MIT-slp45,MIT-BIH,712,2,708,train
MIT-slp45,MIT-slp45,MIT-BIH,713,2,709,train
MIT-slp45,MIT-slp45,MIT-BIH,714,2,710,train
MIT-slp45,MIT-slp45,MIT-BIH,715,2,711,train
MIT-slp45,MIT-slp45,MIT-BIH,716,2,712,train
MIT-slp45,MIT-slp45,MIT-BIH,717,2,713,train
MIT-slp45,MIT-slp45,MIT-BIH,718,2,714,train
MIT-slp45,MIT-slp45,MIT-BIH,719,2,715,train
MIT-slp45,MIT-slp45,MIT-BIH,720,4,716,train
MIT-slp45,MIT-slp45,MIT-BIH,721,4,717,train
MIT-slp45,MIT-slp45,MIT-BIH,722,4,718,train
MIT-slp45,MIT-slp45,MIT-BIH,723,4,719,train
MIT-slp45,MIT-slp45,MIT-BIH,724,4,720,train
MIT-slp45,MIT-slp45,MIT-BIH,725,4,721,train
MIT-slp45,MIT-slp45,MIT-BIH,726,4,722,train
MIT-slp45,MIT-slp45,MIT-BIH,727,4,723,train
MIT-slp45,MIT-slp45,MIT-BIH,728,4,724,train
MIT-slp45,MIT-slp45,MIT-BIH,729,4,725,train
MIT-slp45,MIT-slp45,MIT-BIH,730,0,726,train
MIT-slp45,MIT-slp45,MIT-BIH,731,0,727,train
MIT-slp45,MIT-slp45,MIT-BIH,732,0,728,train
MIT-slp45,MIT-slp45,MIT-BIH,733,0,729,train
MIT-slp45,MIT-slp45,MIT-BIH,734,0,730,train
MIT-slp45,MIT-slp45,MIT-BIH,735,0,731,train
MIT-slp45,MIT-slp45,MIT-BIH,736,0,732,train
MIT-slp45,MIT-slp45,MIT-BIH,737,0,733,train
MIT-slp45,MIT-slp45,MIT-BIH,738,0,734,train
MIT-slp45,MIT-slp45,MIT-BIH,739,0,735,train
MIT-slp45,MIT-slp45,MIT-BIH,740,0,736,train
MIT-slp45,MIT-slp45,MIT-BIH,741,0,737,train
MIT-slp45,MIT-slp45,MIT-BIH,742,0,738,train
MIT-slp45,MIT-slp45,MIT-BIH,743,0,739,train
MIT-slp45,MIT-slp45,MIT-BIH,744,0,740,train
MIT-slp45,MIT-slp45,MIT-BIH,745,0,741,train
MIT-slp45,MIT-slp45,MIT-BIH,746,0,742,train
MIT-slp45,MIT-slp45,MIT-BIH,747,0,743,train
MIT-slp45,MIT-slp45,MIT-BIH,748,0,744,train
MIT-slp45,MIT-slp45,MIT-BIH,749,0,745,train
MIT-slp45,MIT-slp45,MIT-BIH,750,0,746,train
MIT-slp45,MIT-slp45,MIT-BIH,751,0,747,train
MIT-slp45,MIT-slp45,MIT-BIH,752,0,748,train
MIT-slp45,MIT-slp45,MIT-BIH,753,0,749,train
MIT-slp45,MIT-slp45,MIT-BIH,754,0,750,train
MIT-slp45,MIT-slp45,MIT-BIH,755,0,751,train
MIT-slp45,MIT-slp45,MIT-BIH,756,0,752,train
MIT-slp45,MIT-slp45,MIT-BIH,757,0,753,train
MIT-slp45,MIT-slp45,MIT-BIH,758,0,754,train
MIT-slp45,MIT-slp45,MIT-BIH,759,0,755,train
MIT-slp48,MIT-slp48,MIT-BIH,0,0,0,train
MIT-slp48,MIT-slp48,MIT-BIH,1,0,1,train
MIT-slp48,MIT-slp48,MIT-BIH,2,0,2,train
MIT-slp48,MIT-slp48,MIT-BIH,3,0,3,train
MIT-slp48,MIT-slp48,MIT-BIH,4,0,4,train
MIT-slp48,MIT-slp48,MIT-BIH,5,0,5,train
MIT-slp48,MIT-slp48,MIT-BIH,6,0,6,train
MIT-slp48,MIT-slp48,MIT-BIH,7,0,7,train
MIT-slp48,MIT-slp48,MIT-BIH,8,0,8,train
MIT-slp48,MIT-slp48,MIT-BIH,9,1,9,train
MIT-slp48,MIT-slp48,MIT-BIH,10,1,10,train
MIT-slp48,MIT-slp48,MIT-BIH,11,0,11,train
MIT-slp48,MIT-slp48,MIT-BIH,12,1,12,train
MIT-slp48,MIT-slp48,MIT-BIH,13,1,13,train
MIT-slp48,MIT-slp48,MIT-BIH,14,1,14,train
MIT-slp48,MIT-slp48,MIT-BIH,15,1,15,train
MIT-slp48,MIT-slp48,MIT-BIH,16,2,16,train
MIT-slp48,MIT-slp48,MIT-BIH,17,2,17,train
MIT-slp48,MIT-slp48,MIT-BIH,18,1,18,train
MIT-slp48,MIT-slp48,MIT-BIH,19,1,19,train
MIT-slp48,MIT-slp48,MIT-BIH,20,1,20,train
MIT-slp48,MIT-slp48,MIT-BIH,21,1,21,train
MIT-slp48,MIT-slp48,MIT-BIH,22,1,22,train
MIT-slp48,MIT-slp48,MIT-BIH,23,1,23,train
MIT-slp48,MIT-slp48,MIT-BIH,24,1,24,train
MIT-slp48,MIT-slp48,MIT-BIH,25,1,25,train
MIT-slp48,MIT-slp48,MIT-BIH,26,1,26,train
MIT-slp48,MIT-slp48,MIT-BIH,27,1,27,train
MIT-slp48,MIT-slp48,MIT-BIH,28,2,28,train
MIT-slp48,MIT-slp48,MIT-BIH,29,1,29,train
MIT-slp48,MIT-slp48,MIT-BIH,30,1,30,train
MIT-slp48,MIT-slp48,MIT-BIH,31,1,31,train
MIT-slp48,MIT-slp48,MIT-BIH,32,1,32,train
MIT-slp48,MIT-slp48,MIT-BIH,33,1,33,train
MIT-slp48,MIT-slp48,MIT-BIH,34,1,34,train
MIT-slp48,MIT-slp48,MIT-BIH,35,1,35,train
MIT-slp48,MIT-slp48,MIT-BIH,36,1,36,train
MIT-slp48,MIT-slp48,MIT-BIH,37,1,37,train
MIT-slp48,MIT-slp48,MIT-BIH,38,2,38,train
MIT-slp48,MIT-slp48,MIT-BIH,39,1,39,train
MIT-slp48,MIT-slp48,MIT-BIH,40,2,40,train
MIT-slp48,MIT-slp48,MIT-BIH,41,2,41,train
MIT-slp48,MIT-slp48,MIT-BIH,42,1,42,train
MIT-slp48,MIT-slp48,MIT-BIH,43,2,43,train
MIT-slp48,MIT-slp48,MIT-BIH,44,2,44,train
MIT-slp48,MIT-slp48,MIT-BIH,45,2,45,train
MIT-slp48,MIT-slp48,MIT-BIH,46,2,46,train
MIT-slp48,MIT-slp48,MIT-BIH,47,2,47,train
MIT-slp48,MIT-slp48,MIT-BIH,48,2,48,train
MIT-slp48,MIT-slp48,MIT-BIH,49,2,49,train
MIT-slp48,MIT-slp48,MIT-BIH,50,2,50,train
MIT-slp48,MIT-slp48,MIT-BIH,51,2,51,train
MIT-slp48,MIT-slp48,MIT-BIH,52,2,52,train
MIT-slp48,MIT-slp48,MIT-BIH,53,2,53,train
MIT-slp48,MIT-slp48,MIT-BIH,54,2,54,train
MIT-slp48,MIT-slp48,MIT-BIH,55,2,55,train
MIT-slp48,MIT-slp48,MIT-BIH,56,1,56,train
MIT-slp48,MIT-slp48,MIT-BIH,57,2,57,train
MIT-slp48,MIT-slp48,MIT-BIH,58,1,58,train
MIT-slp48,MIT-slp48,MIT-BIH,59,2,59,train
MIT-slp48,MIT-slp48,MIT-BIH,60,1,60,train
MIT-slp48,MIT-slp48,MIT-BIH,61,2,61,train
MIT-slp48,MIT-slp48,MIT-BIH,62,1,62,train
MIT-slp48,MIT-slp48,MIT-BIH,63,1,63,train
MIT-slp48,MIT-slp48,MIT-BIH,64,1,64,train
MIT-slp48,MIT-slp48,MIT-BIH,65,2,65,train
MIT-slp48,MIT-slp48,MIT-BIH,66,2,66,train
MIT-slp48,MIT-slp48,MIT-BIH,67,2,67,train
MIT-slp48,MIT-slp48,MIT-BIH,68,2,68,train
MIT-slp48,MIT-slp48,MIT-BIH,69,2,69,train
MIT-slp48,MIT-slp48,MIT-BIH,70,2,70,train
MIT-slp48,MIT-slp48,MIT-BIH,71,1,71,train
MIT-slp48,MIT-slp48,MIT-BIH,72,2,72,train
MIT-slp48,MIT-slp48,MIT-BIH,73,1,73,train
MIT-slp48,MIT-slp48,MIT-BIH,74,2,74,train
MIT-slp48,MIT-slp48,MIT-BIH,75,2,75,train
MIT-slp48,MIT-slp48,MIT-BIH,76,2,76,train
MIT-slp48,MIT-slp48,MIT-BIH,77,2,77,train
MIT-slp48,MIT-slp48,MIT-BIH,78,2,78,train
MIT-slp48,MIT-slp48,MIT-BIH,79,2,79,train
MIT-slp48,MIT-slp48,MIT-BIH,80,2,80,train
MIT-slp48,MIT-slp48,MIT-BIH,81,1,81,train
MIT-slp48,MIT-slp48,MIT-BIH,82,2,82,train
MIT-slp48,MIT-slp48,MIT-BIH,83,2,83,train
MIT-slp48,MIT-slp48,MIT-BIH,84,2,84,train
MIT-slp48,MIT-slp48,MIT-BIH,85,2,85,train
MIT-slp48,MIT-slp48,MIT-BIH,86,2,86,train
MIT-slp48,MIT-slp48,MIT-BIH,87,2,87,train
MIT-slp48,MIT-slp48,MIT-BIH,88,2,88,train
MIT-slp48,MIT-slp48,MIT-BIH,89,2,89,train
MIT-slp48,MIT-slp48,MIT-BIH,90,2,90,train
MIT-slp48,MIT-slp48,MIT-BIH,91,2,91,train
MIT-slp48,MIT-slp48,MIT-BIH,92,1,92,train
MIT-slp48,MIT-slp48,MIT-BIH,93,1,93,train
MIT-slp48,MIT-slp48,MIT-BIH,94,2,94,train
MIT-slp48,MIT-slp48,MIT-BIH,95,2,95,train
MIT-slp48,MIT-slp48,MIT-BIH,96,2,96,train
MIT-slp48,MIT-slp48,MIT-BIH,97,2,97,train
MIT-slp48,MIT-slp48,MIT-BIH,98,2,98,train
MIT-slp48,MIT-slp48,MIT-BIH,99,2,99,train
MIT-slp48,MIT-slp48,MIT-BIH,100,1,100,train
MIT-slp48,MIT-slp48,MIT-BIH,101,1,101,train
MIT-slp48,MIT-slp48,MIT-BIH,102,1,102,train
MIT-slp48,MIT-slp48,MIT-BIH,103,2,103,train
MIT-slp48,MIT-slp48,MIT-BIH,104,2,104,train
MIT-slp48,MIT-slp48,MIT-BIH,105,1,105,train
MIT-slp48,MIT-slp48,MIT-BIH,106,1,106,train
MIT-slp48,MIT-slp48,MIT-BIH,107,1,107,train
MIT-slp48,MIT-slp48,MIT-BIH,108,2,108,train
MIT-slp48,MIT-slp48,MIT-BIH,109,2,109,train
MIT-slp48,MIT-slp48,MIT-BIH,110,0,110,train
MIT-slp48,MIT-slp48,MIT-BIH,111,1,111,train
MIT-slp48,MIT-slp48,MIT-BIH,112,0,112,train
MIT-slp48,MIT-slp48,MIT-BIH,113,0,113,train
MIT-slp48,MIT-slp48,MIT-BIH,114,1,114,train
MIT-slp48,MIT-slp48,MIT-BIH,115,0,115,train
MIT-slp48,MIT-slp48,MIT-BIH,116,0,116,train
MIT-slp48,MIT-slp48,MIT-BIH,117,0,117,train
MIT-slp48,MIT-slp48,MIT-BIH,118,0,118,train
MIT-slp48,MIT-slp48,MIT-BIH,119,0,119,train
MIT-slp48,MIT-slp48,MIT-BIH,120,1,120,train
MIT-slp48,MIT-slp48,MIT-BIH,121,2,121,train
MIT-slp48,MIT-slp48,MIT-BIH,122,1,122,train
MIT-slp48,MIT-slp48,MIT-BIH,123,1,123,train
MIT-slp48,MIT-slp48,MIT-BIH,124,1,124,train
MIT-slp48,MIT-slp48,MIT-BIH,125,1,125,train
MIT-slp48,MIT-slp48,MIT-BIH,126,2,126,train
MIT-slp48,MIT-slp48,MIT-BIH,127,2,127,train
MIT-slp48,MIT-slp48,MIT-BIH,128,2,128,train
MIT-slp48,MIT-slp48,MIT-BIH,129,2,129,train
MIT-slp48,MIT-slp48,MIT-BIH,130,2,130,train
MIT-slp48,MIT-slp48,MIT-BIH,131,2,131,train
MIT-slp48,MIT-slp48,MIT-BIH,132,2,132,train
MIT-slp48,MIT-slp48,MIT-BIH,133,1,133,train
MIT-slp48,MIT-slp48,MIT-BIH,134,1,134,train
MIT-slp48,MIT-slp48,MIT-BIH,135,1,135,train
MIT-slp48,MIT-slp48,MIT-BIH,136,2,136,train
MIT-slp48,MIT-slp48,MIT-BIH,137,2,137,train
MIT-slp48,MIT-slp48,MIT-BIH,138,1,138,train
MIT-slp48,MIT-slp48,MIT-BIH,139,2,139,train
MIT-slp48,MIT-slp48,MIT-BIH,140,1,140,train
MIT-slp48,MIT-slp48,MIT-BIH,141,1,141,train
MIT-slp48,MIT-slp48,MIT-BIH,142,2,142,train
MIT-slp48,MIT-slp48,MIT-BIH,143,2,143,train
MIT-slp48,MIT-slp48,MIT-BIH,144,1,144,train
MIT-slp48,MIT-slp48,MIT-BIH,145,2,145,train
MIT-slp48,MIT-slp48,MIT-BIH,146,2,146,train
MIT-slp48,MIT-slp48,MIT-BIH,147,1,147,train
MIT-slp48,MIT-slp48,MIT-BIH,148,1,148,train
MIT-slp48,MIT-slp48,MIT-BIH,149,2,149,train
MIT-slp48,MIT-slp48,MIT-BIH,150,2,150,train
MIT-slp48,MIT-slp48,MIT-BIH,151,2,151,train
MIT-slp48,MIT-slp48,MIT-BIH,152,1,152,train
MIT-slp48,MIT-slp48,MIT-BIH,153,2,153,train
MIT-slp48,MIT-slp48,MIT-BIH,154,2,154,train
MIT-slp48,MIT-slp48,MIT-BIH,155,1,155,train
MIT-slp48,MIT-slp48,MIT-BIH,156,2,156,train
MIT-slp48,MIT-slp48,MIT-BIH,157,1,157,train
MIT-slp48,MIT-slp48,MIT-BIH,158,1,158,train
MIT-slp48,MIT-slp48,MIT-BIH,159,2,159,train
MIT-slp48,MIT-slp48,MIT-BIH,160,1,160,train
MIT-slp48,MIT-slp48,MIT-BIH,161,1,161,train
MIT-slp48,MIT-slp48,MIT-BIH,162,2,162,train
MIT-slp48,MIT-slp48,MIT-BIH,163,2,163,train
MIT-slp48,MIT-slp48,MIT-BIH,164,1,164,train
MIT-slp48,MIT-slp48,MIT-BIH,165,2,165,train
MIT-slp48,MIT-slp48,MIT-BIH,166,2,166,train
MIT-slp48,MIT-slp48,MIT-BIH,167,1,167,train
MIT-slp48,MIT-slp48,MIT-BIH,168,2,168,train
MIT-slp48,MIT-slp48,MIT-BIH,169,1,169,train
MIT-slp48,MIT-slp48,MIT-BIH,170,1,170,train
MIT-slp48,MIT-slp48,MIT-BIH,171,2,171,train
MIT-slp48,MIT-slp48,MIT-BIH,172,1,172,train
MIT-slp48,MIT-slp48,MIT-BIH,173,1,173,train
MIT-slp48,MIT-slp48,MIT-BIH,174,2,174,train
MIT-slp48,MIT-slp48,MIT-BIH,175,1,175,train
MIT-slp48,MIT-slp48,MIT-BIH,176,2,176,train
MIT-slp48,MIT-slp48,MIT-BIH,177,1,177,train
MIT-slp48,MIT-slp48,MIT-BIH,178,2,178,train
MIT-slp48,MIT-slp48,MIT-BIH,179,1,179,train
MIT-slp48,MIT-slp48,MIT-BIH,180,1,180,train
MIT-slp48,MIT-slp48,MIT-BIH,181,1,181,train
MIT-slp48,MIT-slp48,MIT-BIH,182,2,182,train
MIT-slp48,MIT-slp48,MIT-BIH,183,1,183,train
MIT-slp48,MIT-slp48,MIT-BIH,184,2,184,train
MIT-slp48,MIT-slp48,MIT-BIH,185,2,185,train
MIT-slp48,MIT-slp48,MIT-BIH,186,2,186,train
MIT-slp48,MIT-slp48,MIT-BIH,187,1,187,train
MIT-slp48,MIT-slp48,MIT-BIH,188,2,188,train
MIT-slp48,MIT-slp48,MIT-BIH,189,1,189,train
MIT-slp48,MIT-slp48,MIT-BIH,190,2,190,train
MIT-slp48,MIT-slp48,MIT-BIH,191,2,191,train
MIT-slp48,MIT-slp48,MIT-BIH,192,1,192,train
MIT-slp48,MIT-slp48,MIT-BIH,193,1,193,train
MIT-slp48,MIT-slp48,MIT-BIH,194,2,194,train
MIT-slp48,MIT-slp48,MIT-BIH,195,2,195,train
MIT-slp48,MIT-slp48,MIT-BIH,196,1,196,train
MIT-slp48,MIT-slp48,MIT-BIH,197,1,197,train
MIT-slp48,MIT-slp48,MIT-BIH,198,2,198,train
MIT-slp48,MIT-slp48,MIT-BIH,199,1,199,train
MIT-slp48,MIT-slp48,MIT-BIH,200,2,200,train
MIT-slp48,MIT-slp48,MIT-BIH,201,1,201,train
MIT-slp48,MIT-slp48,MIT-BIH,202,1,202,train
MIT-slp48,MIT-slp48,MIT-BIH,203,1,203,train
MIT-slp48,MIT-slp48,MIT-BIH,204,2,204,train
MIT-slp48,MIT-slp48,MIT-BIH,205,2,205,train
MIT-slp48,MIT-slp48,MIT-BIH,206,2,206,train
MIT-slp48,MIT-slp48,MIT-BIH,207,2,207,train
MIT-slp48,MIT-slp48,MIT-BIH,208,1,208,train
MIT-slp48,MIT-slp48,MIT-BIH,209,2,209,train
MIT-slp48,MIT-slp48,MIT-BIH,210,2,210,train
MIT-slp48,MIT-slp48,MIT-BIH,211,2,211,train
MIT-slp48,MIT-slp48,MIT-BIH,212,1,212,train
MIT-slp48,MIT-slp48,MIT-BIH,213,1,213,train
MIT-slp48,MIT-slp48,MIT-BIH,214,2,214,train
MIT-slp48,MIT-slp48,MIT-BIH,215,1,215,train
MIT-slp48,MIT-slp48,MIT-BIH,216,1,216,train
MIT-slp48,MIT-slp48,MIT-BIH,217,2,217,train
MIT-slp48,MIT-slp48,MIT-BIH,218,1,218,train
MIT-slp48,MIT-slp48,MIT-BIH,219,0,219,train
MIT-slp48,MIT-slp48,MIT-BIH,220,0,220,train
MIT-slp48,MIT-slp48,MIT-BIH,221,0,221,train
MIT-slp48,MIT-slp48,MIT-BIH,222,0,222,train
MIT-slp48,MIT-slp48,MIT-BIH,223,0,223,train
MIT-slp48,MIT-slp48,MIT-BIH,224,0,224,train
MIT-slp48,MIT-slp48,MIT-BIH,225,0,225,train
MIT-slp48,MIT-slp48,MIT-BIH,226,0,226,train
MIT-slp48,MIT-slp48,MIT-BIH,227,0,227,train
MIT-slp48,MIT-slp48,MIT-BIH,228,0,228,train
MIT-slp48,MIT-slp48,MIT-BIH,229,0,229,train
MIT-slp48,MIT-slp48,MIT-BIH,230,0,230,train
MIT-slp48,MIT-slp48,MIT-BIH,231,0,231,train
MIT-slp48,MIT-slp48,MIT-BIH,232,0,232,train
MIT-slp48,MIT-slp48,MIT-BIH,233,0,233,train
MIT-slp48,MIT-slp48,MIT-BIH,234,0,234,train
MIT-slp48,MIT-slp48,MIT-BIH,235,0,235,train
MIT-slp48,MIT-slp48,MIT-BIH,236,0,236,train
MIT-slp48,MIT-slp48,MIT-BIH,237,0,237,train
MIT-slp48,MIT-slp48,MIT-BIH,238,0,238,train
MIT-slp48,MIT-slp48,MIT-BIH,239,0,239,train
MIT-slp48,MIT-slp48,MIT-BIH,240,0,240,train
MIT-slp48,MIT-slp48,MIT-BIH,241,0,241,train
MIT-slp48,MIT-slp48,MIT-BIH,242,0,242,train
MIT-slp48,MIT-slp48,MIT-BIH,243,0,243,train
MIT-slp48,MIT-slp48,MIT-BIH,244,0,244,train
MIT-slp48,MIT-slp48,MIT-BIH,245,0,245,train
MIT-slp48,MIT-slp48,MIT-BIH,246,0,246,train
MIT-slp48,MIT-slp48,MIT-BIH,247,0,247,train
MIT-slp48,MIT-slp48,MIT-BIH,248,0,248,train
MIT-slp48,MIT-slp48,MIT-BIH,249,0,249,train
MIT-slp48,MIT-slp48,MIT-BIH,250,0,250,train
MIT-slp48,MIT-slp48,MIT-BIH,251,0,251,train
MIT-slp48,MIT-slp48,MIT-BIH,252,0,252,train
MIT-slp48,MIT-slp48,MIT-BIH,253,0,253,train
MIT-slp48,MIT-slp48,MIT-BIH,254,0,254,train
MIT-slp48,MIT-slp48,MIT-BIH,255,0,255,train
MIT-slp48,MIT-slp48,MIT-BIH,256,0,256,train
MIT-slp48,MIT-slp48,MIT-BIH,257,0,257,train
MIT-slp48,MIT-slp48,MIT-BIH,258,0,258,train
MIT-slp48,MIT-slp48,MIT-BIH,259,0,259,train
MIT-slp48,MIT-slp48,MIT-BIH,260,0,260,train
MIT-slp48,MIT-slp48,MIT-BIH,261,0,261,train
MIT-slp48,MIT-slp48,MIT-BIH,262,0,262,train
MIT-slp48,MIT-slp48,MIT-BIH,263,0,263,train
MIT-slp48,MIT-slp48,MIT-BIH,264,0,264,train
MIT-slp48,MIT-slp48,MIT-BIH,265,0,265,train
MIT-slp48,MIT-slp48,MIT-BIH,266,0,266,train
MIT-slp48,MIT-slp48,MIT-BIH,267,0,267,train
MIT-slp48,MIT-slp48,MIT-BIH,268,0,268,train
MIT-slp48,MIT-slp48,MIT-BIH,269,0,269,train
MIT-slp48,MIT-slp48,MIT-BIH,270,0,270,train
MIT-slp48,MIT-slp48,MIT-BIH,271,0,271,train
MIT-slp48,MIT-slp48,MIT-BIH,272,0,272,train
MIT-slp48,MIT-slp48,MIT-BIH,273,0,273,train
MIT-slp48,MIT-slp48,MIT-BIH,274,0,274,train
MIT-slp48,MIT-slp48,MIT-BIH,275,0,275,train
MIT-slp48,MIT-slp48,MIT-BIH,276,0,276,train
MIT-slp48,MIT-slp48,MIT-BIH,277,0,277,train
MIT-slp48,MIT-slp48,MIT-BIH,278,0,278,train
MIT-slp48,MIT-slp48,MIT-BIH,279,0,279,train
MIT-slp48,MIT-slp48,MIT-BIH,280,0,280,train
MIT-slp48,MIT-slp48,MIT-BIH,281,0,281,train
MIT-slp48,MIT-slp48,MIT-BIH,282,0,282,train
MIT-slp48,MIT-slp48,MIT-BIH,283,0,283,train
MIT-slp48,MIT-slp48,MIT-BIH,284,0,284,train
MIT-slp48,MIT-slp48,MIT-BIH,285,0,285,train
MIT-slp48,MIT-slp48,MIT-BIH,286,0,286,train
MIT-slp48,MIT-slp48,MIT-BIH,287,0,287,train
MIT-slp48,MIT-slp48,MIT-BIH,288,0,288,train
MIT-slp48,MIT-slp48,MIT-BIH,289,0,289,train
MIT-slp48,MIT-slp48,MIT-BIH,290,0,290,train
MIT-slp48,MIT-slp48,MIT-BIH,291,0,291,train
MIT-slp48,MIT-slp48,MIT-BIH,292,0,292,train
MIT-slp48,MIT-slp48,MIT-BIH,293,0,293,train
MIT-slp48,MIT-slp48,MIT-BIH,294,0,294,train
MIT-slp48,MIT-slp48,MIT-BIH,295,0,295,train
MIT-slp48,MIT-slp48,MIT-BIH,296,0,296,train
MIT-slp48,MIT-slp48,MIT-BIH,297,0,297,train
MIT-slp48,MIT-slp48,MIT-BIH,298,0,298,train
MIT-slp48,MIT-slp48,MIT-BIH,299,0,299,train
MIT-slp48,MIT-slp48,MIT-BIH,300,0,300,train
MIT-slp48,MIT-slp48,MIT-BIH,301,0,301,train
MIT-slp48,MIT-slp48,MIT-BIH,302,0,302,train
MIT-slp48,MIT-slp48,MIT-BIH,303,0,303,train
MIT-slp48,MIT-slp48,MIT-BIH,304,0,304,train
MIT-slp48,MIT-slp48,MIT-BIH,305,0,305,train
MIT-slp48,MIT-slp48,MIT-BIH,306,0,306,train
MIT-slp48,MIT-slp48,MIT-BIH,307,0,307,train
MIT-slp48,MIT-slp48,MIT-BIH,308,0,308,train
MIT-slp48,MIT-slp48,MIT-BIH,309,0,309,train
MIT-slp48,MIT-slp48,MIT-BIH,310,0,310,train
MIT-slp48,MIT-slp48,MIT-BIH,311,0,311,train
MIT-slp48,MIT-slp48,MIT-BIH,312,0,312,train
MIT-slp48,MIT-slp48,MIT-BIH,313,0,313,train
MIT-slp48,MIT-slp48,MIT-BIH,314,0,314,train
MIT-slp48,MIT-slp48,MIT-BIH,315,0,315,train
MIT-slp48,MIT-slp48,MIT-BIH,316,0,316,train
MIT-slp48,MIT-slp48,MIT-BIH,317,0,317,train
MIT-slp48,MIT-slp48,MIT-BIH,318,0,318,train
MIT-slp48,MIT-slp48,MIT-BIH,319,0,319,train
MIT-slp48,MIT-slp48,MIT-BIH,320,0,320,train
MIT-slp48,MIT-slp48,MIT-BIH,321,0,321,train
MIT-slp48,MIT-slp48,MIT-BIH,322,0,322,train
MIT-slp48,MIT-slp48,MIT-BIH,323,0,323,train
MIT-slp48,MIT-slp48,MIT-BIH,324,0,324,train
MIT-slp48,MIT-slp48,MIT-BIH,325,0,325,train
MIT-slp48,MIT-slp48,MIT-BIH,326,1,326,train
MIT-slp48,MIT-slp48,MIT-BIH,327,0,327,train
MIT-slp48,MIT-slp48,MIT-BIH,328,0,328,train
MIT-slp48,MIT-slp48,MIT-BIH,329,0,329,train
MIT-slp48,MIT-slp48,MIT-BIH,330,0,330,train
MIT-slp48,MIT-slp48,MIT-BIH,331,0,331,train
MIT-slp48,MIT-slp48,MIT-BIH,332,0,332,train
MIT-slp48,MIT-slp48,MIT-BIH,333,0,333,train
MIT-slp48,MIT-slp48,MIT-BIH,334,0,334,train
MIT-slp48,MIT-slp48,MIT-BIH,335,0,335,train
MIT-slp48,MIT-slp48,MIT-BIH,336,0,336,train
MIT-slp48,MIT-slp48,MIT-BIH,337,0,337,train
MIT-slp48,MIT-slp48,MIT-BIH,338,0,338,train
MIT-slp48,MIT-slp48,MIT-BIH,339,0,339,train
MIT-slp48,MIT-slp48,MIT-BIH,340,0,340,train
MIT-slp48,MIT-slp48,MIT-BIH,341,1,341,train
MIT-slp48,MIT-slp48,MIT-BIH,342,1,342,train
MIT-slp48,MIT-slp48,MIT-BIH,343,1,343,train
MIT-slp48,MIT-slp48,MIT-BIH,344,0,344,train
MIT-slp48,MIT-slp48,MIT-BIH,345,1,345,train
MIT-slp48,MIT-slp48,MIT-BIH,346,1,346,train
MIT-slp48,MIT-slp48,MIT-BIH,347,1,347,train
MIT-slp48,MIT-slp48,MIT-BIH,348,1,348,train
MIT-slp48,MIT-slp48,MIT-BIH,349,1,349,train
MIT-slp48,MIT-slp48,MIT-BIH,350,2,350,train
MIT-slp48,MIT-slp48,MIT-BIH,351,1,351,train
MIT-slp48,MIT-slp48,MIT-BIH,352,2,352,train
MIT-slp48,MIT-slp48,MIT-BIH,353,2,353,train
MIT-slp48,MIT-slp48,MIT-BIH,354,1,354,train
MIT-slp48,MIT-slp48,MIT-BIH,355,1,355,train
MIT-slp48,MIT-slp48,MIT-BIH,356,2,356,train
MIT-slp48,MIT-slp48,MIT-BIH,357,2,357,train
MIT-slp48,MIT-slp48,MIT-BIH,358,1,358,train
MIT-slp48,MIT-slp48,MIT-BIH,359,1,359,train
MIT-slp48,MIT-slp48,MIT-BIH,360,1,360,train
MIT-slp48,MIT-slp48,MIT-BIH,361,2,361,train
MIT-slp48,MIT-slp48,MIT-BIH,362,2,362,train
MIT-slp48,MIT-slp48,MIT-BIH,363,1,363,train
MIT-slp48,MIT-slp48,MIT-BIH,364,1,364,train
MIT-slp48,MIT-slp48,MIT-BIH,365,1,365,train
MIT-slp48,MIT-slp48,MIT-BIH,366,1,366,train
MIT-slp48,MIT-slp48,MIT-BIH,367,1,367,train
MIT-slp48,MIT-slp48,MIT-BIH,368,2,368,train
MIT-slp48,MIT-slp48,MIT-BIH,369,1,369,train
MIT-slp48,MIT-slp48,MIT-BIH,370,2,370,train
MIT-slp48,MIT-slp48,MIT-BIH,371,2,371,train
MIT-slp48,MIT-slp48,MIT-BIH,372,2,372,train
MIT-slp48,MIT-slp48,MIT-BIH,373,2,373,train
MIT-slp48,MIT-slp48,MIT-BIH,374,1,374,train
MIT-slp48,MIT-slp48,MIT-BIH,375,2,375,train
MIT-slp48,MIT-slp48,MIT-BIH,376,2,376,train
MIT-slp48,MIT-slp48,MIT-BIH,377,2,377,train
MIT-slp48,MIT-slp48,MIT-BIH,378,2,378,train
MIT-slp48,MIT-slp48,MIT-BIH,379,2,379,train
MIT-slp48,MIT-slp48,MIT-BIH,380,2,380,train
MIT-slp48,MIT-slp48,MIT-BIH,381,0,381,train
MIT-slp48,MIT-slp48,MIT-BIH,382,1,382,train
MIT-slp48,MIT-slp48,MIT-BIH,383,2,383,train
MIT-slp48,MIT-slp48,MIT-BIH,384,2,384,train
MIT-slp48,MIT-slp48,MIT-BIH,385,2,385,train
MIT-slp48,MIT-slp48,MIT-BIH,386,2,386,train
MIT-slp48,MIT-slp48,MIT-BIH,387,2,387,train
MIT-slp48,MIT-slp48,MIT-BIH,388,2,388,train
MIT-slp48,MIT-slp48,MIT-BIH,389,2,389,train
MIT-slp48,MIT-slp48,MIT-BIH,390,2,390,train
MIT-slp48,MIT-slp48,MIT-BIH,391,2,391,train
MIT-slp48,MIT-slp48,MIT-BIH,392,2,392,train
MIT-slp48,MIT-slp48,MIT-BIH,393,2,393,train
MIT-slp48,MIT-slp48,MIT-BIH,394,2,394,train
MIT-slp48,MIT-slp48,MIT-BIH,395,2,395,train
MIT-slp48,MIT-slp48,MIT-BIH,396,2,396,train
MIT-slp48,MIT-slp48,MIT-BIH,397,2,397,train
MIT-slp48,MIT-slp48,MIT-BIH,398,2,398,train
MIT-slp48,MIT-slp48,MIT-BIH,399,2,399,train
MIT-slp48,MIT-slp48,MIT-BIH,400,2,400,train
MIT-slp48,MIT-slp48,MIT-BIH,401,2,401,train
MIT-slp48,MIT-slp48,MIT-BIH,402,2,402,train
MIT-slp48,MIT-slp48,MIT-BIH,403,2,403,train
MIT-slp48,MIT-slp48,MIT-BIH,404,2,404,train
MIT-slp48,MIT-slp48,MIT-BIH,405,2,405,train
MIT-slp48,MIT-slp48,MIT-BIH,406,2,406,train
MIT-slp48,MIT-slp48,MIT-BIH,407,2,407,train
MIT-slp48,MIT-slp48,MIT-BIH,408,2,408,train
MIT-slp48,MIT-slp48,MIT-BIH,409,2,409,train
MIT-slp48,MIT-slp48,MIT-BIH,410,2,410,train
MIT-slp48,MIT-slp48,MIT-BIH,411,2,411,train
MIT-slp48,MIT-slp48,MIT-BIH,412,2,412,train
MIT-slp48,MIT-slp48,MIT-BIH,413,2,413,train
MIT-slp48,MIT-slp48,MIT-BIH,414,2,414,train
MIT-slp48,MIT-slp48,MIT-BIH,415,2,415,train
MIT-slp48,MIT-slp48,MIT-BIH,416,2,416,train
MIT-slp48,MIT-slp48,MIT-BIH,417,2,417,train
MIT-slp48,MIT-slp48,MIT-BIH,418,2,418,train
MIT-slp48,MIT-slp48,MIT-BIH,419,2,419,train
MIT-slp48,MIT-slp48,MIT-BIH,420,3,420,train
MIT-slp48,MIT-slp48,MIT-BIH,421,2,421,train
MIT-slp48,MIT-slp48,MIT-BIH,422,3,422,train
MIT-slp48,MIT-slp48,MIT-BIH,423,2,423,train
MIT-slp48,MIT-slp48,MIT-BIH,424,2,424,train
MIT-slp48,MIT-slp48,MIT-BIH,425,2,425,train
MIT-slp48,MIT-slp48,MIT-BIH,426,2,426,train
MIT-slp48,MIT-slp48,MIT-BIH,427,2,427,train
MIT-slp48,MIT-slp48,MIT-BIH,428,4,428,train
MIT-slp48,MIT-slp48,MIT-BIH,429,4,429,train
MIT-slp48,MIT-slp48,MIT-BIH,430,4,430,train
MIT-slp48,MIT-slp48,MIT-BIH,431,1,431,train
MIT-slp48,MIT-slp48,MIT-BIH,432,4,432,train
MIT-slp48,MIT-slp48,MIT-BIH,433,4,433,train
MIT-slp48,MIT-slp48,MIT-BIH,434,4,434,train
MIT-slp48,MIT-slp48,MIT-BIH,435,4,435,train
MIT-slp48,MIT-slp48,MIT-BIH,436,4,436,train
MIT-slp48,MIT-slp48,MIT-BIH,437,4,437,train
MIT-slp48,MIT-slp48,MIT-BIH,438,4,438,train
MIT-slp48,MIT-slp48,MIT-BIH,439,4,439,train
MIT-slp48,MIT-slp48,MIT-BIH,440,4,440,train
MIT-slp48,MIT-slp48,MIT-BIH,441,4,441,train
MIT-slp48,MIT-slp48,MIT-BIH,442,4,442,train
MIT-slp48,MIT-slp48,MIT-BIH,443,4,443,train
MIT-slp48,MIT-slp48,MIT-BIH,444,4,444,train
MIT-slp48,MIT-slp48,MIT-BIH,445,4,445,train
MIT-slp48,MIT-slp48,MIT-BIH,446,4,446,train
MIT-slp48,MIT-slp48,MIT-BIH,447,4,447,train
MIT-slp48,MIT-slp48,MIT-BIH,448,4,448,train
MIT-slp48,MIT-slp48,MIT-BIH,449,4,449,train
MIT-slp48,MIT-slp48,MIT-BIH,450,4,450,train
MIT-slp48,MIT-slp48,MIT-BIH,451,4,451,train
MIT-slp48,MIT-slp48,MIT-BIH,452,4,452,train
MIT-slp48,MIT-slp48,MIT-BIH,453,4,453,train
MIT-slp48,MIT-slp48,MIT-BIH,454,4,454,train
MIT-slp48,MIT-slp48,MIT-BIH,455,4,455,train
MIT-slp48,MIT-slp48,MIT-BIH,456,4,456,train
MIT-slp48,MIT-slp48,MIT-BIH,457,4,457,train
MIT-slp48,MIT-slp48,MIT-BIH,458,4,458,train
MIT-slp48,MIT-slp48,MIT-BIH,459,4,459,train
MIT-slp48,MIT-slp48,MIT-BIH,460,1,460,train
MIT-slp48,MIT-slp48,MIT-BIH,461,1,461,train
MIT-slp48,MIT-slp48,MIT-BIH,462,0,462,train
MIT-slp48,MIT-slp48,MIT-BIH,463,1,463,train
MIT-slp48,MIT-slp48,MIT-BIH,464,0,464,train
MIT-slp48,MIT-slp48,MIT-BIH,465,0,465,train
MIT-slp48,MIT-slp48,MIT-BIH,466,1,466,train
MIT-slp48,MIT-slp48,MIT-BIH,467,1,467,train
MIT-slp48,MIT-slp48,MIT-BIH,468,1,468,train
MIT-slp48,MIT-slp48,MIT-BIH,469,0,469,train
MIT-slp48,MIT-slp48,MIT-BIH,470,1,470,train
MIT-slp48,MIT-slp48,MIT-BIH,471,1,471,train
MIT-slp48,MIT-slp48,MIT-BIH,472,2,472,train
MIT-slp48,MIT-slp48,MIT-BIH,473,2,473,train
MIT-slp48,MIT-slp48,MIT-BIH,474,2,474,train
MIT-slp48,MIT-slp48,MIT-BIH,475,2,475,train
MIT-slp48,MIT-slp48,MIT-BIH,476,2,476,train
MIT-slp48,MIT-slp48,MIT-BIH,477,2,477,train
MIT-slp48,MIT-slp48,MIT-BIH,478,2,478,train
MIT-slp48,MIT-slp48,MIT-BIH,479,2,479,train
MIT-slp48,MIT-slp48,MIT-BIH,480,2,480,train
MIT-slp48,MIT-slp48,MIT-BIH,481,2,481,train
MIT-slp48,MIT-slp48,MIT-BIH,482,0,482,train
MIT-slp48,MIT-slp48,MIT-BIH,483,0,483,train
MIT-slp48,MIT-slp48,MIT-BIH,484,1,484,train
MIT-slp48,MIT-slp48,MIT-BIH,485,1,485,train
MIT-slp48,MIT-slp48,MIT-BIH,486,1,486,train
MIT-slp48,MIT-slp48,MIT-BIH,487,1,487,train
MIT-slp48,MIT-slp48,MIT-BIH,488,1,488,train
MIT-slp48,MIT-slp48,MIT-BIH,489,1,489,train
MIT-slp48,MIT-slp48,MIT-BIH,490,2,490,train
MIT-slp48,MIT-slp48,MIT-BIH,491,2,491,train
MIT-slp48,MIT-slp48,MIT-BIH,492,2,492,train
MIT-slp48,MIT-slp48,MIT-BIH,493,2,493,train
MIT-slp48,MIT-slp48,MIT-BIH,494,2,494,train
MIT-slp48,MIT-slp48,MIT-BIH,495,2,495,train
MIT-slp48,MIT-slp48,MIT-BIH,496,2,496,train
MIT-slp48,MIT-slp48,MIT-BIH,497,2,497,train
MIT-slp48,MIT-slp48,MIT-BIH,498,2,498,train
MIT-slp48,MIT-slp48,MIT-BIH,499,2,499,train
MIT-slp48,MIT-slp48,MIT-BIH,500,2,500,train
MIT-slp48,MIT-slp48,MIT-BIH,501,2,501,train
MIT-slp48,MIT-slp48,MIT-BIH,502,2,502,train
MIT-slp48,MIT-slp48,MIT-BIH,503,2,503,train
MIT-slp48,MIT-slp48,MIT-BIH,504,2,504,train
MIT-slp48,MIT-slp48,MIT-BIH,505,2,505,train
MIT-slp48,MIT-slp48,MIT-BIH,506,2,506,train
MIT-slp48,MIT-slp48,MIT-BIH,507,2,507,train
MIT-slp48,MIT-slp48,MIT-BIH,508,2,508,train
MIT-slp48,MIT-slp48,MIT-BIH,509,2,509,train
MIT-slp48,MIT-slp48,MIT-BIH,510,2,510,train
MIT-slp48,MIT-slp48,MIT-BIH,511,2,511,train
MIT-slp48,MIT-slp48,MIT-BIH,512,2,512,train
MIT-slp48,MIT-slp48,MIT-BIH,513,2,513,train
MIT-slp48,MIT-slp48,MIT-BIH,514,2,514,train
MIT-slp48,MIT-slp48,MIT-BIH,515,2,515,train
MIT-slp48,MIT-slp48,MIT-BIH,516,2,516,train
MIT-slp48,MIT-slp48,MIT-BIH,517,2,517,train
MIT-slp48,MIT-slp48,MIT-BIH,518,2,518,train
MIT-slp48,MIT-slp48,MIT-BIH,519,2,519,train
MIT-slp48,MIT-slp48,MIT-BIH,520,2,520,train
MIT-slp48,MIT-slp48,MIT-BIH,521,2,521,train
MIT-slp48,MIT-slp48,MIT-BIH,522,2,522,train
MIT-slp48,MIT-slp48,MIT-BIH,523,1,523,train
MIT-slp48,MIT-slp48,MIT-BIH,524,1,524,train
MIT-slp48,MIT-slp48,MIT-BIH,525,1,525,train
MIT-slp48,MIT-slp48,MIT-BIH,526,1,526,train
MIT-slp48,MIT-slp48,MIT-BIH,527,2,527,train
MIT-slp48,MIT-slp48,MIT-BIH,528,1,528,train
MIT-slp48,MIT-slp48,MIT-BIH,529,1,529,train
MIT-slp48,MIT-slp48,MIT-BIH,530,1,530,train
MIT-slp48,MIT-slp48,MIT-BIH,531,2,531,train
MIT-slp48,MIT-slp48,MIT-BIH,532,1,532,train
MIT-slp48,MIT-slp48,MIT-BIH,533,1,533,train
MIT-slp48,MIT-slp48,MIT-BIH,534,2,534,train
MIT-slp48,MIT-slp48,MIT-BIH,535,1,535,train
MIT-slp48,MIT-slp48,MIT-BIH,536,1,536,train
MIT-slp48,MIT-slp48,MIT-BIH,537,1,537,train
MIT-slp48,MIT-slp48,MIT-BIH,538,1,538,train
MIT-slp48,MIT-slp48,MIT-BIH,539,2,539,train
MIT-slp48,MIT-slp48,MIT-BIH,540,2,540,train
MIT-slp48,MIT-slp48,MIT-BIH,541,1,541,train
MIT-slp48,MIT-slp48,MIT-BIH,542,2,542,train
MIT-slp48,MIT-slp48,MIT-BIH,543,1,543,train
MIT-slp48,MIT-slp48,MIT-BIH,544,1,544,train
MIT-slp48,MIT-slp48,MIT-BIH,545,1,545,train
MIT-slp48,MIT-slp48,MIT-BIH,546,1,546,train
MIT-slp48,MIT-slp48,MIT-BIH,547,2,547,train
MIT-slp48,MIT-slp48,MIT-BIH,548,1,548,train
MIT-slp48,MIT-slp48,MIT-BIH,549,0,549,train
MIT-slp48,MIT-slp48,MIT-BIH,550,0,550,train
MIT-slp48,MIT-slp48,MIT-BIH,551,1,551,train
MIT-slp48,MIT-slp48,MIT-BIH,552,1,552,train
MIT-slp48,MIT-slp48,MIT-BIH,553,0,553,train
MIT-slp48,MIT-slp48,MIT-BIH,554,1,554,train
MIT-slp48,MIT-slp48,MIT-BIH,555,1,555,train
MIT-slp48,MIT-slp48,MIT-BIH,556,0,556,train
MIT-slp48,MIT-slp48,MIT-BIH,557,0,557,train
MIT-slp48,MIT-slp48,MIT-BIH,558,1,558,train
MIT-slp48,MIT-slp48,MIT-BIH,559,0,559,train
MIT-slp48,MIT-slp48,MIT-BIH,560,1,560,train
MIT-slp48,MIT-slp48,MIT-BIH,561,1,561,train
MIT-slp48,MIT-slp48,MIT-BIH,562,1,562,train
MIT-slp48,MIT-slp48,MIT-BIH,563,1,563,train
MIT-slp48,MIT-slp48,MIT-BIH,564,2,564,train
MIT-slp48,MIT-slp48,MIT-BIH,565,1,565,train
MIT-slp48,MIT-slp48,MIT-BIH,566,1,566,train
MIT-slp48,MIT-slp48,MIT-BIH,567,1,567,train
MIT-slp48,MIT-slp48,MIT-BIH,568,1,568,train
MIT-slp48,MIT-slp48,MIT-BIH,569,2,569,train
MIT-slp48,MIT-slp48,MIT-BIH,570,1,570,train
MIT-slp48,MIT-slp48,MIT-BIH,571,1,571,train
MIT-slp48,MIT-slp48,MIT-BIH,572,2,572,train
MIT-slp48,MIT-slp48,MIT-BIH,573,1,573,train
MIT-slp48,MIT-slp48,MIT-BIH,574,0,574,train
MIT-slp48,MIT-slp48,MIT-BIH,575,1,575,train
MIT-slp48,MIT-slp48,MIT-BIH,576,2,576,train
MIT-slp48,MIT-slp48,MIT-BIH,577,1,577,train
MIT-slp48,MIT-slp48,MIT-BIH,578,0,578,train
MIT-slp48,MIT-slp48,MIT-BIH,579,1,579,train
MIT-slp48,MIT-slp48,MIT-BIH,580,0,580,train
MIT-slp48,MIT-slp48,MIT-BIH,581,2,581,train
MIT-slp48,MIT-slp48,MIT-BIH,582,1,582,train
MIT-slp48,MIT-slp48,MIT-BIH,583,0,583,train
MIT-slp48,MIT-slp48,MIT-BIH,584,0,584,train
MIT-slp48,MIT-slp48,MIT-BIH,585,0,585,train
MIT-slp48,MIT-slp48,MIT-BIH,586,0,586,train
MIT-slp48,MIT-slp48,MIT-BIH,587,0,587,train
MIT-slp48,MIT-slp48,MIT-BIH,588,0,588,train
MIT-slp48,MIT-slp48,MIT-BIH,589,0,589,train
MIT-slp48,MIT-slp48,MIT-BIH,590,0,590,train
MIT-slp48,MIT-slp48,MIT-BIH,591,0,591,train
MIT-slp48,MIT-slp48,MIT-BIH,592,0,592,train
MIT-slp48,MIT-slp48,MIT-BIH,593,0,593,train
MIT-slp48,MIT-slp48,MIT-BIH,594,0,594,train
MIT-slp48,MIT-slp48,MIT-BIH,595,0,595,train
MIT-slp48,MIT-slp48,MIT-BIH,596,0,596,train
MIT-slp48,MIT-slp48,MIT-BIH,597,0,597,train
MIT-slp48,MIT-slp48,MIT-BIH,598,0,598,train
MIT-slp48,MIT-slp48,MIT-BIH,599,0,599,train
MIT-slp48,MIT-slp48,MIT-BIH,600,0,600,train
MIT-slp48,MIT-slp48,MIT-BIH,601,0,601,train
MIT-slp48,MIT-slp48,MIT-BIH,602,0,602,train
MIT-slp48,MIT-slp48,MIT-BIH,603,0,603,train
MIT-slp48,MIT-slp48,MIT-BIH,604,0,604,train
MIT-slp48,MIT-slp48,MIT-BIH,605,0,605,train
MIT-slp48,MIT-slp48,MIT-BIH,606,0,606,train
MIT-slp48,MIT-slp48,MIT-BIH,607,0,607,train
MIT-slp48,MIT-slp48,MIT-BIH,608,0,608,train
MIT-slp48,MIT-slp48,MIT-BIH,609,0,609,train
MIT-slp48,MIT-slp48,MIT-BIH,610,0,610,train
MIT-slp48,MIT-slp48,MIT-BIH,611,0,611,train
MIT-slp48,MIT-slp48,MIT-BIH,612,0,612,train
MIT-slp48,MIT-slp48,MIT-BIH,613,0,613,train
MIT-slp48,MIT-slp48,MIT-BIH,614,0,614,train
MIT-slp48,MIT-slp48,MIT-BIH,615,0,615,train
MIT-slp48,MIT-slp48,MIT-BIH,616,0,616,train
MIT-slp48,MIT-slp48,MIT-BIH,617,0,617,train
MIT-slp48,MIT-slp48,MIT-BIH,618,0,618,train
MIT-slp48,MIT-slp48,MIT-BIH,619,0,619,train
MIT-slp48,MIT-slp48,MIT-BIH,620,0,620,train
MIT-slp48,MIT-slp48,MIT-BIH,621,0,621,train
MIT-slp48,MIT-slp48,MIT-BIH,622,0,622,train
MIT-slp48,MIT-slp48,MIT-BIH,623,0,623,train
MIT-slp48,MIT-slp48,MIT-BIH,624,0,624,train
MIT-slp48,MIT-slp48,MIT-BIH,625,0,625,train
MIT-slp48,MIT-slp48,MIT-BIH,626,0,626,train
MIT-slp48,MIT-slp48,MIT-BIH,627,0,627,train
MIT-slp48,MIT-slp48,MIT-BIH,628,0,628,train
MIT-slp48,MIT-slp48,MIT-BIH,629,1,629,train
MIT-slp48,MIT-slp48,MIT-BIH,630,1,630,train
MIT-slp48,MIT-slp48,MIT-BIH,631,0,631,train
MIT-slp48,MIT-slp48,MIT-BIH,632,0,632,train
MIT-slp48,MIT-slp48,MIT-BIH,633,1,633,train
MIT-slp48,MIT-slp48,MIT-BIH,634,0,634,train
MIT-slp48,MIT-slp48,MIT-BIH,635,0,635,train
MIT-slp48,MIT-slp48,MIT-BIH,636,0,636,train
MIT-slp48,MIT-slp48,MIT-BIH,637,0,637,train
MIT-slp48,MIT-slp48,MIT-BIH,638,1,638,train
MIT-slp48,MIT-slp48,MIT-BIH,639,0,639,train
MIT-slp48,MIT-slp48,MIT-BIH,640,0,640,train
MIT-slp48,MIT-slp48,MIT-BIH,641,1,641,train
MIT-slp48,MIT-slp48,MIT-BIH,642,1,642,train
MIT-slp48,MIT-slp48,MIT-BIH,643,0,643,train
MIT-slp48,MIT-slp48,MIT-BIH,644,1,644,train
MIT-slp48,MIT-slp48,MIT-BIH,645,2,645,train
MIT-slp48,MIT-slp48,MIT-BIH,646,2,646,train
MIT-slp48,MIT-slp48,MIT-BIH,647,1,647,train
MIT-slp48,MIT-slp48,MIT-BIH,648,2,648,train
MIT-slp48,MIT-slp48,MIT-BIH,649,1,649,train
MIT-slp48,MIT-slp48,MIT-BIH,650,0,650,train
MIT-slp48,MIT-slp48,MIT-BIH,651,1,651,train
MIT-slp48,MIT-slp48,MIT-BIH,652,1,652,train
MIT-slp48,MIT-slp48,MIT-BIH,653,1,653,train
MIT-slp48,MIT-slp48,MIT-BIH,654,2,654,train
MIT-slp48,MIT-slp48,MIT-BIH,655,1,655,train
MIT-slp48,MIT-slp48,MIT-BIH,656,1,656,train
MIT-slp48,MIT-slp48,MIT-BIH,657,1,657,train
MIT-slp48,MIT-slp48,MIT-BIH,658,2,658,train
MIT-slp48,MIT-slp48,MIT-BIH,659,2,659,train
MIT-slp48,MIT-slp48,MIT-BIH,660,1,660,train
MIT-slp48,MIT-slp48,MIT-BIH,661,2,661,train
MIT-slp48,MIT-slp48,MIT-BIH,662,0,662,train
MIT-slp48,MIT-slp48,MIT-BIH,663,1,663,train
MIT-slp48,MIT-slp48,MIT-BIH,664,2,664,train
MIT-slp48,MIT-slp48,MIT-BIH,665,1,665,train
MIT-slp48,MIT-slp48,MIT-BIH,666,2,666,train
MIT-slp48,MIT-slp48,MIT-BIH,667,1,667,train
MIT-slp48,MIT-slp48,MIT-BIH,668,2,668,train
MIT-slp48,MIT-slp48,MIT-BIH,669,2,669,train
MIT-slp48,MIT-slp48,MIT-BIH,670,2,670,train
MIT-slp48,MIT-slp48,MIT-BIH,671,1,671,train
MIT-slp48,MIT-slp48,MIT-BIH,672,2,672,train
MIT-slp48,MIT-slp48,MIT-BIH,673,2,673,train
MIT-slp48,MIT-slp48,MIT-BIH,674,1,674,train
MIT-slp48,MIT-slp48,MIT-BIH,675,2,675,train
MIT-slp48,MIT-slp48,MIT-BIH,676,1,676,train
MIT-slp48,MIT-slp48,MIT-BIH,677,1,677,train
MIT-slp48,MIT-slp48,MIT-BIH,678,2,678,train
MIT-slp48,MIT-slp48,MIT-BIH,679,1,679,train
MIT-slp48,MIT-slp48,MIT-BIH,680,1,680,train
MIT-slp48,MIT-slp48,MIT-BIH,681,1,681,train
MIT-slp48,MIT-slp48,MIT-BIH,682,1,682,train
MIT-slp48,MIT-slp48,MIT-BIH,683,1,683,train
MIT-slp48,MIT-slp48,MIT-BIH,684,1,684,train
MIT-slp48,MIT-slp48,MIT-BIH,685,2,685,train
MIT-slp48,MIT-slp48,MIT-BIH,686,1,686,train
MIT-slp48,MIT-slp48,MIT-BIH,687,1,687,train
MIT-slp48,MIT-slp48,MIT-BIH,688,2,688,train
MIT-slp48,MIT-slp48,MIT-BIH,689,1,689,train
MIT-slp48,MIT-slp48,MIT-BIH,690,1,690,train
MIT-slp48,MIT-slp48,MIT-BIH,691,1,691,train
MIT-slp48,MIT-slp48,MIT-BIH,692,2,692,train
MIT-slp48,MIT-slp48,MIT-BIH,693,1,693,train
MIT-slp48,MIT-slp48,MIT-BIH,694,1,694,train
MIT-slp48,MIT-slp48,MIT-BIH,695,2,695,train
MIT-slp48,MIT-slp48,MIT-BIH,696,2,696,train
MIT-slp48,MIT-slp48,MIT-BIH,697,2,697,train
MIT-slp48,MIT-slp48,MIT-BIH,698,1,698,train
MIT-slp48,MIT-slp48,MIT-BIH,699,1,699,train
MIT-slp48,MIT-slp48,MIT-BIH,700,2,700,train
MIT-slp48,MIT-slp48,MIT-BIH,701,1,701,train
MIT-slp48,MIT-slp48,MIT-BIH,702,2,702,train
MIT-slp48,MIT-slp48,MIT-BIH,703,2,703,train
MIT-slp48,MIT-slp48,MIT-BIH,704,2,704,train
MIT-slp48,MIT-slp48,MIT-BIH,705,2,705,train
MIT-slp48,MIT-slp48,MIT-BIH,706,1,706,train
MIT-slp48,MIT-slp48,MIT-BIH,707,2,707,train
MIT-slp48,MIT-slp48,MIT-BIH,708,2,708,train
MIT-slp48,MIT-slp48,MIT-BIH,709,2,709,train
MIT-slp48,MIT-slp48,MIT-BIH,710,1,710,train
MIT-slp48,MIT-slp48,MIT-BIH,711,2,711,train
MIT-slp48,MIT-slp48,MIT-BIH,712,1,712,train
MIT-slp48,MIT-slp48,MIT-BIH,713,1,713,train
MIT-slp48,MIT-slp48,MIT-BIH,714,2,714,train
MIT-slp48,MIT-slp48,MIT-BIH,715,1,715,train
MIT-slp48,MIT-slp48,MIT-BIH,716,1,716,train
MIT-slp48,MIT-slp48,MIT-BIH,717,1,717,train
MIT-slp48,MIT-slp48,MIT-BIH,718,1,718,train
MIT-slp48,MIT-slp48,MIT-BIH,719,2,719,train
MIT-slp48,MIT-slp48,MIT-BIH,721,1,720,train
MIT-slp48,MIT-slp48,MIT-BIH,722,1,721,train
MIT-slp48,MIT-slp48,MIT-BIH,723,1,722,train
MIT-slp48,MIT-slp48,MIT-BIH,724,1,723,train
MIT-slp48,MIT-slp48,MIT-BIH,725,1,724,train
MIT-slp48,MIT-slp48,MIT-BIH,726,2,725,train
MIT-slp48,MIT-slp48,MIT-BIH,727,2,726,train
MIT-slp48,MIT-slp48,MIT-BIH,728,1,727,train
MIT-slp48,MIT-slp48,MIT-BIH,729,2,728,train
MIT-slp48,MIT-slp48,MIT-BIH,730,2,729,train
MIT-slp48,MIT-slp48,MIT-BIH,731,1,730,train
MIT-slp48,MIT-slp48,MIT-BIH,732,2,731,train
MIT-slp48,MIT-slp48,MIT-BIH,733,2,732,train
MIT-slp48,MIT-slp48,MIT-BIH,734,1,733,train
MIT-slp48,MIT-slp48,MIT-BIH,735,2,734,train
MIT-slp48,MIT-slp48,MIT-BIH,736,1,735,train
MIT-slp48,MIT-slp48,MIT-BIH,737,1,736,train
MIT-slp48,MIT-slp48,MIT-BIH,738,1,737,train
MIT-slp48,MIT-slp48,MIT-BIH,739,1,738,train
MIT-slp48,MIT-slp48,MIT-BIH,740,2,739,train
MIT-slp48,MIT-slp48,MIT-BIH,741,1,740,train
MIT-slp48,MIT-slp48,MIT-BIH,742,1,741,train
MIT-slp48,MIT-slp48,MIT-BIH,743,2,742,train
MIT-slp48,MIT-slp48,MIT-BIH,744,2,743,train
MIT-slp48,MIT-slp48,MIT-BIH,745,1,744,train
MIT-slp48,MIT-slp48,MIT-BIH,746,1,745,train
MIT-slp48,MIT-slp48,MIT-BIH,747,2,746,train
MIT-slp48,MIT-slp48,MIT-BIH,748,2,747,train
MIT-slp48,MIT-slp48,MIT-BIH,749,1,748,train
MIT-slp48,MIT-slp48,MIT-BIH,750,1,749,train
MIT-slp48,MIT-slp48,MIT-BIH,751,1,750,train
MIT-slp48,MIT-slp48,MIT-BIH,752,1,751,train
MIT-slp48,MIT-slp48,MIT-BIH,753,2,752,train
MIT-slp48,MIT-slp48,MIT-BIH,754,1,753,train
MIT-slp48,MIT-slp48,MIT-BIH,755,1,754,train
MIT-slp48,MIT-slp48,MIT-BIH,756,2,755,train
MIT-slp48,MIT-slp48,MIT-BIH,757,2,756,train
MIT-slp48,MIT-slp48,MIT-BIH,758,1,757,train
MIT-slp48,MIT-slp48,MIT-BIH,759,2,758,train
MIT-slp59,MIT-slp59,MIT-BIH,22,0,0,train
MIT-slp59,MIT-slp59,MIT-BIH,23,0,1,train
MIT-slp59,MIT-slp59,MIT-BIH,24,0,2,train
MIT-slp59,MIT-slp59,MIT-BIH,25,0,3,train
MIT-slp59,MIT-slp59,MIT-BIH,26,0,4,train
MIT-slp59,MIT-slp59,MIT-BIH,27,0,5,train
MIT-slp59,MIT-slp59,MIT-BIH,28,0,6,train
MIT-slp59,MIT-slp59,MIT-BIH,29,0,7,train
MIT-slp59,MIT-slp59,MIT-BIH,30,0,8,train
MIT-slp59,MIT-slp59,MIT-BIH,31,0,9,train
MIT-slp59,MIT-slp59,MIT-BIH,32,0,10,train
MIT-slp59,MIT-slp59,MIT-BIH,33,0,11,train
MIT-slp59,MIT-slp59,MIT-BIH,34,0,12,train
MIT-slp59,MIT-slp59,MIT-BIH,35,0,13,train
MIT-slp59,MIT-slp59,MIT-BIH,36,0,14,train
MIT-slp59,MIT-slp59,MIT-BIH,37,0,15,train
MIT-slp59,MIT-slp59,MIT-BIH,38,0,16,train
MIT-slp59,MIT-slp59,MIT-BIH,39,0,17,train
MIT-slp59,MIT-slp59,MIT-BIH,40,0,18,train
MIT-slp59,MIT-slp59,MIT-BIH,41,0,19,train
MIT-slp59,MIT-slp59,MIT-BIH,42,0,20,train
MIT-slp59,MIT-slp59,MIT-BIH,43,0,21,train
MIT-slp59,MIT-slp59,MIT-BIH,44,0,22,train
MIT-slp59,MIT-slp59,MIT-BIH,45,0,23,train
MIT-slp59,MIT-slp59,MIT-BIH,46,0,24,train
MIT-slp59,MIT-slp59,MIT-BIH,47,0,25,train
MIT-slp59,MIT-slp59,MIT-BIH,48,0,26,train
MIT-slp59,MIT-slp59,MIT-BIH,49,0,27,train
MIT-slp59,MIT-slp59,MIT-BIH,50,0,28,train
MIT-slp59,MIT-slp59,MIT-BIH,51,0,29,train
MIT-slp59,MIT-slp59,MIT-BIH,52,0,30,train
MIT-slp59,MIT-slp59,MIT-BIH,53,0,31,train
MIT-slp59,MIT-slp59,MIT-BIH,54,0,32,train
MIT-slp59,MIT-slp59,MIT-BIH,55,0,33,train
MIT-slp59,MIT-slp59,MIT-BIH,56,0,34,train
MIT-slp59,MIT-slp59,MIT-BIH,57,0,35,train
MIT-slp59,MIT-slp59,MIT-BIH,58,1,36,train
MIT-slp59,MIT-slp59,MIT-BIH,59,0,37,train
MIT-slp59,MIT-slp59,MIT-BIH,60,1,38,train
MIT-slp59,MIT-slp59,MIT-BIH,61,1,39,train
MIT-slp59,MIT-slp59,MIT-BIH,62,1,40,train
MIT-slp59,MIT-slp59,MIT-BIH,63,0,41,train
MIT-slp59,MIT-slp59,MIT-BIH,64,1,42,train
MIT-slp59,MIT-slp59,MIT-BIH,65,1,43,train
MIT-slp59,MIT-slp59,MIT-BIH,66,0,44,train
MIT-slp59,MIT-slp59,MIT-BIH,67,1,45,train
MIT-slp59,MIT-slp59,MIT-BIH,68,0,46,train
MIT-slp59,MIT-slp59,MIT-BIH,69,0,47,train
MIT-slp59,MIT-slp59,MIT-BIH,70,1,48,train
MIT-slp59,MIT-slp59,MIT-BIH,71,1,49,train
MIT-slp59,MIT-slp59,MIT-BIH,72,1,50,train
MIT-slp59,MIT-slp59,MIT-BIH,73,1,51,train
MIT-slp59,MIT-slp59,MIT-BIH,74,1,52,train
MIT-slp59,MIT-slp59,MIT-BIH,75,1,53,train
MIT-slp59,MIT-slp59,MIT-BIH,76,2,54,train
MIT-slp59,MIT-slp59,MIT-BIH,77,1,55,train
MIT-slp59,MIT-slp59,MIT-BIH,78,1,56,train
MIT-slp59,MIT-slp59,MIT-BIH,79,1,57,train
MIT-slp59,MIT-slp59,MIT-BIH,80,1,58,train
MIT-slp59,MIT-slp59,MIT-BIH,81,1,59,train
MIT-slp59,MIT-slp59,MIT-BIH,82,1,60,train
MIT-slp59,MIT-slp59,MIT-BIH,83,2,61,train
MIT-slp59,MIT-slp59,MIT-BIH,84,2,62,train
MIT-slp59,MIT-slp59,MIT-BIH,85,1,63,train
MIT-slp59,MIT-slp59,MIT-BIH,86,1,64,train
MIT-slp59,MIT-slp59,MIT-BIH,87,1,65,train
MIT-slp59,MIT-slp59,MIT-BIH,88,1,66,train
MIT-slp59,MIT-slp59,MIT-BIH,89,1,67,train
MIT-slp59,MIT-slp59,MIT-BIH,90,1,68,train
MIT-slp59,MIT-slp59,MIT-BIH,91,1,69,train
MIT-slp59,MIT-slp59,MIT-BIH,92,1,70,train
MIT-slp59,MIT-slp59,MIT-BIH,93,1,71,train
MIT-slp59,MIT-slp59,MIT-BIH,94,1,72,train
MIT-slp59,MIT-slp59,MIT-BIH,95,1,73,train
MIT-slp59,MIT-slp59,MIT-BIH,96,1,74,train
MIT-slp59,MIT-slp59,MIT-BIH,97,1,75,train
MIT-slp59,MIT-slp59,MIT-BIH,98,0,76,train
MIT-slp59,MIT-slp59,MIT-BIH,99,1,77,train
MIT-slp59,MIT-slp59,MIT-BIH,100,1,78,train
MIT-slp59,MIT-slp59,MIT-BIH,101,1,79,train
MIT-slp59,MIT-slp59,MIT-BIH,102,1,80,train
MIT-slp59,MIT-slp59,MIT-BIH,103,1,81,train
MIT-slp59,MIT-slp59,MIT-BIH,104,1,82,train
MIT-slp59,MIT-slp59,MIT-BIH,105,1,83,train
MIT-slp59,MIT-slp59,MIT-BIH,106,0,84,train
MIT-slp59,MIT-slp59,MIT-BIH,107,0,85,train
MIT-slp59,MIT-slp59,MIT-BIH,108,1,86,train
MIT-slp59,MIT-slp59,MIT-BIH,109,1,87,train
MIT-slp59,MIT-slp59,MIT-BIH,110,1,88,train
MIT-slp59,MIT-slp59,MIT-BIH,111,1,89,train
MIT-slp59,MIT-slp59,MIT-BIH,112,1,90,train
MIT-slp59,MIT-slp59,MIT-BIH,113,1,91,train
MIT-slp59,MIT-slp59,MIT-BIH,114,1,92,train
MIT-slp59,MIT-slp59,MIT-BIH,115,1,93,train
MIT-slp59,MIT-slp59,MIT-BIH,116,1,94,train
MIT-slp59,MIT-slp59,MIT-BIH,117,1,95,train
MIT-slp59,MIT-slp59,MIT-BIH,118,0,96,train
MIT-slp59,MIT-slp59,MIT-BIH,119,0,97,train
MIT-slp59,MIT-slp59,MIT-BIH,120,0,98,train
MIT-slp59,MIT-slp59,MIT-BIH,121,0,99,train
MIT-slp59,MIT-slp59,MIT-BIH,122,0,100,train
MIT-slp59,MIT-slp59,MIT-BIH,123,0,101,train
MIT-slp59,MIT-slp59,MIT-BIH,124,0,102,train
MIT-slp59,MIT-slp59,MIT-BIH,125,0,103,train
MIT-slp59,MIT-slp59,MIT-BIH,126,0,104,train
MIT-slp59,MIT-slp59,MIT-BIH,127,0,105,train
MIT-slp59,MIT-slp59,MIT-BIH,128,0,106,train
MIT-slp59,MIT-slp59,MIT-BIH,129,0,107,train
MIT-slp59,MIT-slp59,MIT-BIH,130,0,108,train
MIT-slp59,MIT-slp59,MIT-BIH,131,0,109,train
MIT-slp59,MIT-slp59,MIT-BIH,132,0,110,train
MIT-slp59,MIT-slp59,MIT-BIH,133,0,111,train
MIT-slp59,MIT-slp59,MIT-BIH,134,0,112,train
MIT-slp59,MIT-slp59,MIT-BIH,135,0,113,train
MIT-slp59,MIT-slp59,MIT-BIH,136,0,114,train
MIT-slp59,MIT-slp59,MIT-BIH,137,0,115,train
MIT-slp59,MIT-slp59,MIT-BIH,138,0,116,train
MIT-slp59,MIT-slp59,MIT-BIH,139,0,117,train
MIT-slp59,MIT-slp59,MIT-BIH,140,0,118,train
MIT-slp59,MIT-slp59,MIT-BIH,141,0,119,train
MIT-slp59,MIT-slp59,MIT-BIH,142,0,120,train
MIT-slp59,MIT-slp59,MIT-BIH,143,0,121,train
MIT-slp59,MIT-slp59,MIT-BIH,144,0,122,train
MIT-slp59,MIT-slp59,MIT-BIH,145,0,123,train
MIT-slp59,MIT-slp59,MIT-BIH,146,0,124,train
MIT-slp59,MIT-slp59,MIT-BIH,147,1,125,train
MIT-slp59,MIT-slp59,MIT-BIH,148,0,126,train
MIT-slp59,MIT-slp59,MIT-BIH,149,0,127,train
MIT-slp59,MIT-slp59,MIT-BIH,150,0,128,train
MIT-slp59,MIT-slp59,MIT-BIH,151,1,129,train
MIT-slp59,MIT-slp59,MIT-BIH,152,0,130,train
MIT-slp59,MIT-slp59,MIT-BIH,153,1,131,train
MIT-slp59,MIT-slp59,MIT-BIH,154,1,132,train
MIT-slp59,MIT-slp59,MIT-BIH,155,0,133,train
MIT-slp59,MIT-slp59,MIT-BIH,156,0,134,train
MIT-slp59,MIT-slp59,MIT-BIH,157,1,135,train
MIT-slp59,MIT-slp59,MIT-BIH,158,1,136,train
MIT-slp59,MIT-slp59,MIT-BIH,159,1,137,train
MIT-slp59,MIT-slp59,MIT-BIH,160,4,138,train
MIT-slp59,MIT-slp59,MIT-BIH,161,1,139,train
MIT-slp59,MIT-slp59,MIT-BIH,162,1,140,train
MIT-slp59,MIT-slp59,MIT-BIH,163,1,141,train
MIT-slp59,MIT-slp59,MIT-BIH,164,1,142,train
MIT-slp59,MIT-slp59,MIT-BIH,165,1,143,train
MIT-slp59,MIT-slp59,MIT-BIH,166,4,144,train
MIT-slp59,MIT-slp59,MIT-BIH,167,4,145,train
MIT-slp59,MIT-slp59,MIT-BIH,168,1,146,train
MIT-slp59,MIT-slp59,MIT-BIH,169,2,147,train
MIT-slp59,MIT-slp59,MIT-BIH,170,1,148,train
MIT-slp59,MIT-slp59,MIT-BIH,171,1,149,train
MIT-slp59,MIT-slp59,MIT-BIH,172,1,150,train
MIT-slp59,MIT-slp59,MIT-BIH,173,1,151,train
MIT-slp59,MIT-slp59,MIT-BIH,174,2,152,train
MIT-slp59,MIT-slp59,MIT-BIH,175,0,153,train
MIT-slp59,MIT-slp59,MIT-BIH,176,0,154,train
MIT-slp59,MIT-slp59,MIT-BIH,177,1,155,train
MIT-slp59,MIT-slp59,MIT-BIH,178,1,156,train
MIT-slp59,MIT-slp59,MIT-BIH,179,0,157,train
MIT-slp59,MIT-slp59,MIT-BIH,180,4,158,train
MIT-slp59,MIT-slp59,MIT-BIH,181,4,159,train
MIT-slp59,MIT-slp59,MIT-BIH,182,1,160,train
MIT-slp59,MIT-slp59,MIT-BIH,183,4,161,train
MIT-slp59,MIT-slp59,MIT-BIH,184,4,162,train
MIT-slp59,MIT-slp59,MIT-BIH,185,1,163,train
MIT-slp59,MIT-slp59,MIT-BIH,186,2,164,train
MIT-slp59,MIT-slp59,MIT-BIH,187,2,165,train
MIT-slp59,MIT-slp59,MIT-BIH,188,2,166,train
MIT-slp59,MIT-slp59,MIT-BIH,189,2,167,train
MIT-slp59,MIT-slp59,MIT-BIH,190,2,168,train
MIT-slp59,MIT-slp59,MIT-BIH,191,1,169,train
MIT-slp59,MIT-slp59,MIT-BIH,192,2,170,train
MIT-slp59,MIT-slp59,MIT-BIH,193,2,171,train
MIT-slp59,MIT-slp59,MIT-BIH,194,1,172,train
MIT-slp59,MIT-slp59,MIT-BIH,195,1,173,train
MIT-slp59,MIT-slp59,MIT-BIH,196,1,174,train
MIT-slp59,MIT-slp59,MIT-BIH,197,2,175,train
MIT-slp59,MIT-slp59,MIT-BIH,198,2,176,train
MIT-slp59,MIT-slp59,MIT-BIH,199,2,177,train
MIT-slp59,MIT-slp59,MIT-BIH,200,2,178,train
MIT-slp59,MIT-slp59,MIT-BIH,201,2,179,train
MIT-slp59,MIT-slp59,MIT-BIH,202,1,180,train
MIT-slp59,MIT-slp59,MIT-BIH,203,2,181,train
MIT-slp59,MIT-slp59,MIT-BIH,204,2,182,train
MIT-slp59,MIT-slp59,MIT-BIH,205,2,183,train
MIT-slp59,MIT-slp59,MIT-BIH,206,2,184,train
MIT-slp59,MIT-slp59,MIT-BIH,207,2,185,train
MIT-slp59,MIT-slp59,MIT-BIH,208,2,186,train
MIT-slp59,MIT-slp59,MIT-BIH,209,2,187,train
MIT-slp59,MIT-slp59,MIT-BIH,210,2,188,train
MIT-slp59,MIT-slp59,MIT-BIH,211,2,189,train
MIT-slp59,MIT-slp59,MIT-BIH,212,2,190,train
MIT-slp59,MIT-slp59,MIT-BIH,213,2,191,train
MIT-slp59,MIT-slp59,MIT-BIH,214,2,192,train
MIT-slp59,MIT-slp59,MIT-BIH,215,2,193,train
MIT-slp59,MIT-slp59,MIT-BIH,216,3,194,train
MIT-slp59,MIT-slp59,MIT-BIH,217,3,195,train
MIT-slp59,MIT-slp59,MIT-BIH,218,3,196,train
MIT-slp59,MIT-slp59,MIT-BIH,219,3,197,train
MIT-slp59,MIT-slp59,MIT-BIH,220,3,198,train
MIT-slp59,MIT-slp59,MIT-BIH,221,3,199,train
MIT-slp59,MIT-slp59,MIT-BIH,222,3,200,train
MIT-slp59,MIT-slp59,MIT-BIH,223,3,201,train
MIT-slp59,MIT-slp59,MIT-BIH,224,3,202,train
MIT-slp59,MIT-slp59,MIT-BIH,225,3,203,train
MIT-slp59,MIT-slp59,MIT-BIH,226,3,204,train
MIT-slp59,MIT-slp59,MIT-BIH,227,3,205,train
MIT-slp59,MIT-slp59,MIT-BIH,228,3,206,train
MIT-slp59,MIT-slp59,MIT-BIH,229,3,207,train
MIT-slp59,MIT-slp59,MIT-BIH,230,3,208,train
MIT-slp59,MIT-slp59,MIT-BIH,231,3,209,train
MIT-slp59,MIT-slp59,MIT-BIH,232,3,210,train
MIT-slp59,MIT-slp59,MIT-BIH,233,3,211,train
MIT-slp59,MIT-slp59,MIT-BIH,234,3,212,train
MIT-slp59,MIT-slp59,MIT-BIH,235,3,213,train
MIT-slp59,MIT-slp59,MIT-BIH,236,3,214,train
MIT-slp59,MIT-slp59,MIT-BIH,237,3,215,train
MIT-slp59,MIT-slp59,MIT-BIH,238,3,216,train
MIT-slp59,MIT-slp59,MIT-BIH,239,3,217,train
MIT-slp59,MIT-slp59,MIT-BIH,240,3,218,train
MIT-slp59,MIT-slp59,MIT-BIH,241,3,219,train
MIT-slp59,MIT-slp59,MIT-BIH,242,1,220,train
MIT-slp59,MIT-slp59,MIT-BIH,243,0,221,train
MIT-slp59,MIT-slp59,MIT-BIH,244,0,222,train
MIT-slp59,MIT-slp59,MIT-BIH,245,0,223,train
MIT-slp59,MIT-slp59,MIT-BIH,246,0,224,train
MIT-slp59,MIT-slp59,MIT-BIH,247,0,225,train
MIT-slp59,MIT-slp59,MIT-BIH,248,0,226,train
MIT-slp59,MIT-slp59,MIT-BIH,249,0,227,train
MIT-slp59,MIT-slp59,MIT-BIH,250,0,228,train
MIT-slp59,MIT-slp59,MIT-BIH,251,0,229,train
MIT-slp59,MIT-slp59,MIT-BIH,252,0,230,train
MIT-slp59,MIT-slp59,MIT-BIH,253,0,231,train
MIT-slp59,MIT-slp59,MIT-BIH,254,0,232,train
MIT-slp59,MIT-slp59,MIT-BIH,255,0,233,train
MIT-slp59,MIT-slp59,MIT-BIH,256,0,234,train
MIT-slp59,MIT-slp59,MIT-BIH,257,0,235,train
MIT-slp59,MIT-slp59,MIT-BIH,258,0,236,train
MIT-slp59,MIT-slp59,MIT-BIH,259,0,237,train
MIT-slp59,MIT-slp59,MIT-BIH,260,0,238,train
MIT-slp59,MIT-slp59,MIT-BIH,261,0,239,train
MIT-slp59,MIT-slp59,MIT-BIH,262,1,240,train
MIT-slp59,MIT-slp59,MIT-BIH,263,1,241,train
MIT-slp59,MIT-slp59,MIT-BIH,264,1,242,train
MIT-slp59,MIT-slp59,MIT-BIH,265,0,243,train
MIT-slp59,MIT-slp59,MIT-BIH,266,0,244,train
MIT-slp59,MIT-slp59,MIT-BIH,267,0,245,train
MIT-slp59,MIT-slp59,MIT-BIH,268,0,246,train
MIT-slp59,MIT-slp59,MIT-BIH,269,0,247,train
MIT-slp59,MIT-slp59,MIT-BIH,270,0,248,train
MIT-slp59,MIT-slp59,MIT-BIH,271,0,249,train
MIT-slp59,MIT-slp59,MIT-BIH,272,0,250,train
MIT-slp59,MIT-slp59,MIT-BIH,273,0,251,train
MIT-slp59,MIT-slp59,MIT-BIH,274,0,252,train
MIT-slp59,MIT-slp59,MIT-BIH,275,0,253,train
MIT-slp59,MIT-slp59,MIT-BIH,276,0,254,train
MIT-slp59,MIT-slp59,MIT-BIH,277,0,255,train
MIT-slp59,MIT-slp59,MIT-BIH,278,0,256,train
MIT-slp59,MIT-slp59,MIT-BIH,279,0,257,train
MIT-slp59,MIT-slp59,MIT-BIH,280,0,258,train
MIT-slp59,MIT-slp59,MIT-BIH,281,1,259,train
MIT-slp59,MIT-slp59,MIT-BIH,282,0,260,train
MIT-slp59,MIT-slp59,MIT-BIH,283,0,261,train
MIT-slp59,MIT-slp59,MIT-BIH,284,0,262,train
MIT-slp59,MIT-slp59,MIT-BIH,285,1,263,train
MIT-slp59,MIT-slp59,MIT-BIH,286,1,264,train
MIT-slp59,MIT-slp59,MIT-BIH,287,1,265,train
MIT-slp59,MIT-slp59,MIT-BIH,288,0,266,train
MIT-slp59,MIT-slp59,MIT-BIH,289,1,267,train
MIT-slp59,MIT-slp59,MIT-BIH,290,1,268,train
MIT-slp59,MIT-slp59,MIT-BIH,291,1,269,train
MIT-slp59,MIT-slp59,MIT-BIH,292,2,270,train
MIT-slp59,MIT-slp59,MIT-BIH,293,2,271,train
MIT-slp59,MIT-slp59,MIT-BIH,294,2,272,train
MIT-slp59,MIT-slp59,MIT-BIH,295,2,273,train
MIT-slp59,MIT-slp59,MIT-BIH,296,2,274,train
MIT-slp59,MIT-slp59,MIT-BIH,297,2,275,train
MIT-slp59,MIT-slp59,MIT-BIH,298,2,276,train
MIT-slp59,MIT-slp59,MIT-BIH,299,2,277,train
MIT-slp59,MIT-slp59,MIT-BIH,300,2,278,train
MIT-slp59,MIT-slp59,MIT-BIH,301,2,279,train
MIT-slp59,MIT-slp59,MIT-BIH,302,2,280,train
MIT-slp59,MIT-slp59,MIT-BIH,303,2,281,train
MIT-slp59,MIT-slp59,MIT-BIH,304,2,282,train
MIT-slp59,MIT-slp59,MIT-BIH,305,2,283,train
MIT-slp59,MIT-slp59,MIT-BIH,306,2,284,train
MIT-slp59,MIT-slp59,MIT-BIH,307,2,285,train
MIT-slp59,MIT-slp59,MIT-BIH,308,2,286,train
MIT-slp59,MIT-slp59,MIT-BIH,309,4,287,train
MIT-slp59,MIT-slp59,MIT-BIH,310,4,288,train
MIT-slp59,MIT-slp59,MIT-BIH,311,4,289,train
MIT-slp59,MIT-slp59,MIT-BIH,312,4,290,train
MIT-slp59,MIT-slp59,MIT-BIH,313,4,291,train
MIT-slp59,MIT-slp59,MIT-BIH,314,4,292,train
MIT-slp59,MIT-slp59,MIT-BIH,315,4,293,train
MIT-slp59,MIT-slp59,MIT-BIH,316,4,294,train
MIT-slp59,MIT-slp59,MIT-BIH,317,4,295,train
MIT-slp59,MIT-slp59,MIT-BIH,318,4,296,train
MIT-slp59,MIT-slp59,MIT-BIH,319,4,297,train
MIT-slp59,MIT-slp59,MIT-BIH,320,4,298,train
MIT-slp59,MIT-slp59,MIT-BIH,321,4,299,train
MIT-slp59,MIT-slp59,MIT-BIH,322,4,300,train
MIT-slp59,MIT-slp59,MIT-BIH,323,4,301,train
MIT-slp59,MIT-slp59,MIT-BIH,324,4,302,train
MIT-slp59,MIT-slp59,MIT-BIH,325,4,303,train
MIT-slp59,MIT-slp59,MIT-BIH,326,4,304,train
MIT-slp59,MIT-slp59,MIT-BIH,327,4,305,train
MIT-slp59,MIT-slp59,MIT-BIH,328,4,306,train
MIT-slp59,MIT-slp59,MIT-BIH,329,4,307,train
MIT-slp59,MIT-slp59,MIT-BIH,330,4,308,train
MIT-slp59,MIT-slp59,MIT-BIH,331,4,309,train
MIT-slp59,MIT-slp59,MIT-BIH,332,4,310,train
MIT-slp59,MIT-slp59,MIT-BIH,333,4,311,train
MIT-slp59,MIT-slp59,MIT-BIH,334,4,312,train
MIT-slp59,MIT-slp59,MIT-BIH,335,4,313,train
MIT-slp59,MIT-slp59,MIT-BIH,336,4,314,train
MIT-slp59,MIT-slp59,MIT-BIH,337,0,315,train
MIT-slp59,MIT-slp59,MIT-BIH,338,0,316,train
MIT-slp59,MIT-slp59,MIT-BIH,339,0,317,train
MIT-slp59,MIT-slp59,MIT-BIH,340,0,318,train
MIT-slp59,MIT-slp59,MIT-BIH,341,0,319,train
MIT-slp59,MIT-slp59,MIT-BIH,342,1,320,train
MIT-slp59,MIT-slp59,MIT-BIH,343,0,321,train
MIT-slp59,MIT-slp59,MIT-BIH,344,0,322,train
MIT-slp59,MIT-slp59,MIT-BIH,345,0,323,train
MIT-slp59,MIT-slp59,MIT-BIH,346,0,324,train
MIT-slp59,MIT-slp59,MIT-BIH,347,0,325,train
MIT-slp59,MIT-slp59,MIT-BIH,348,0,326,train
MIT-slp59,MIT-slp59,MIT-BIH,349,0,327,train
MIT-slp59,MIT-slp59,MIT-BIH,350,1,328,train
MIT-slp59,MIT-slp59,MIT-BIH,351,1,329,train
MIT-slp59,MIT-slp59,MIT-BIH,352,0,330,train
MIT-slp59,MIT-slp59,MIT-BIH,353,0,331,train
MIT-slp59,MIT-slp59,MIT-BIH,354,0,332,train
MIT-slp59,MIT-slp59,MIT-BIH,355,1,333,train
MIT-slp59,MIT-slp59,MIT-BIH,356,0,334,train
MIT-slp59,MIT-slp59,MIT-BIH,357,0,335,train
MIT-slp59,MIT-slp59,MIT-BIH,358,1,336,train
MIT-slp59,MIT-slp59,MIT-BIH,359,1,337,train
MIT-slp59,MIT-slp59,MIT-BIH,360,1,338,train
MIT-slp59,MIT-slp59,MIT-BIH,361,1,339,train
MIT-slp59,MIT-slp59,MIT-BIH,362,2,340,train
MIT-slp59,MIT-slp59,MIT-BIH,363,2,341,train
MIT-slp59,MIT-slp59,MIT-BIH,364,2,342,train
MIT-slp59,MIT-slp59,MIT-BIH,365,2,343,train
MIT-slp59,MIT-slp59,MIT-BIH,366,2,344,train
MIT-slp59,MIT-slp59,MIT-BIH,367,2,345,train
MIT-slp59,MIT-slp59,MIT-BIH,368,2,346,train
MIT-slp59,MIT-slp59,MIT-BIH,369,2,347,train
MIT-slp59,MIT-slp59,MIT-BIH,370,2,348,train
MIT-slp59,MIT-slp59,MIT-BIH,371,2,349,train
MIT-slp59,MIT-slp59,MIT-BIH,372,2,350,train
MIT-slp59,MIT-slp59,MIT-BIH,373,2,351,train
MIT-slp59,MIT-slp59,MIT-BIH,374,2,352,train
MIT-slp59,MIT-slp59,MIT-BIH,375,2,353,train
MIT-slp59,MIT-slp59,MIT-BIH,376,2,354,train
MIT-slp59,MIT-slp59,MIT-BIH,377,2,355,train
MIT-slp59,MIT-slp59,MIT-BIH,378,2,356,train
MIT-slp59,MIT-slp59,MIT-BIH,379,2,357,train
MIT-slp59,MIT-slp59,MIT-BIH,380,2,358,train
MIT-slp59,MIT-slp59,MIT-BIH,381,2,359,train
MIT-slp59,MIT-slp59,MIT-BIH,382,3,360,train
MIT-slp59,MIT-slp59,MIT-BIH,383,3,361,train
MIT-slp59,MIT-slp59,MIT-BIH,384,3,362,train
MIT-slp59,MIT-slp59,MIT-BIH,385,3,363,train
MIT-slp59,MIT-slp59,MIT-BIH,386,3,364,train
MIT-slp59,MIT-slp59,MIT-BIH,387,3,365,train
MIT-slp59,MIT-slp59,MIT-BIH,388,3,366,train
MIT-slp59,MIT-slp59,MIT-BIH,389,3,367,train
MIT-slp59,MIT-slp59,MIT-BIH,390,3,368,train
MIT-slp59,MIT-slp59,MIT-BIH,391,3,369,train
MIT-slp59,MIT-slp59,MIT-BIH,392,3,370,train
MIT-slp59,MIT-slp59,MIT-BIH,393,3,371,train
MIT-slp59,MIT-slp59,MIT-BIH,394,3,372,train
MIT-slp59,MIT-slp59,MIT-BIH,395,3,373,train
MIT-slp59,MIT-slp59,MIT-BIH,396,3,374,train
MIT-slp59,MIT-slp59,MIT-BIH,397,3,375,train
MIT-slp59,MIT-slp59,MIT-BIH,398,3,376,train
MIT-slp59,MIT-slp59,MIT-BIH,399,3,377,train
MIT-slp59,MIT-slp59,MIT-BIH,400,3,378,train
MIT-slp59,MIT-slp59,MIT-BIH,401,3,379,train
MIT-slp59,MIT-slp59,MIT-BIH,402,3,380,train
MIT-slp59,MIT-slp59,MIT-BIH,403,3,381,train
MIT-slp59,MIT-slp59,MIT-BIH,404,3,382,train
MIT-slp59,MIT-slp59,MIT-BIH,405,3,383,train
MIT-slp59,MIT-slp59,MIT-BIH,406,3,384,train
MIT-slp59,MIT-slp59,MIT-BIH,407,3,385,train
MIT-slp59,MIT-slp59,MIT-BIH,408,3,386,train
MIT-slp59,MIT-slp59,MIT-BIH,409,3,387,train
MIT-slp59,MIT-slp59,MIT-BIH,410,3,388,train
MIT-slp59,MIT-slp59,MIT-BIH,411,3,389,train
MIT-slp59,MIT-slp59,MIT-BIH,412,3,390,train
MIT-slp59,MIT-slp59,MIT-BIH,413,3,391,train
MIT-slp59,MIT-slp59,MIT-BIH,414,3,392,train
MIT-slp59,MIT-slp59,MIT-BIH,415,3,393,train
MIT-slp59,MIT-slp59,MIT-BIH,416,3,394,train
MIT-slp59,MIT-slp59,MIT-BIH,417,3,395,train
MIT-slp59,MIT-slp59,MIT-BIH,418,3,396,train
MIT-slp59,MIT-slp59,MIT-BIH,419,3,397,train
MIT-slp59,MIT-slp59,MIT-BIH,420,3,398,train
MIT-slp59,MIT-slp59,MIT-BIH,421,3,399,train
MIT-slp59,MIT-slp59,MIT-BIH,422,3,400,train
MIT-slp59,MIT-slp59,MIT-BIH,423,2,401,train
MIT-slp59,MIT-slp59,MIT-BIH,424,1,402,train
MIT-slp59,MIT-slp59,MIT-BIH,425,1,403,train
MIT-slp59,MIT-slp59,MIT-BIH,426,2,404,train
MIT-slp59,MIT-slp59,MIT-BIH,427,2,405,train
MIT-slp59,MIT-slp59,MIT-BIH,428,2,406,train
MIT-slp59,MIT-slp59,MIT-BIH,429,2,407,train
MIT-slp59,MIT-slp59,MIT-BIH,430,2,408,train
MIT-slp59,MIT-slp59,MIT-BIH,431,2,409,train
MIT-slp59,MIT-slp59,MIT-BIH,432,2,410,train
MIT-slp59,MIT-slp59,MIT-BIH,433,2,411,train
MIT-slp59,MIT-slp59,MIT-BIH,434,2,412,train
MIT-slp59,MIT-slp59,MIT-BIH,435,2,413,train
MIT-slp59,MIT-slp59,MIT-BIH,436,2,414,train
MIT-slp59,MIT-slp59,MIT-BIH,437,2,415,train
MIT-slp59,MIT-slp59,MIT-BIH,438,3,416,train
MIT-slp59,MIT-slp59,MIT-BIH,439,2,417,train
MIT-slp59,MIT-slp59,MIT-BIH,440,3,418,train
MIT-slp59,MIT-slp59,MIT-BIH,441,3,419,train
MIT-slp59,MIT-slp59,MIT-BIH,442,3,420,train
MIT-slp59,MIT-slp59,MIT-BIH,443,3,421,train
MIT-slp59,MIT-slp59,MIT-BIH,444,3,422,train
MIT-slp59,MIT-slp59,MIT-BIH,445,3,423,train
MIT-slp59,MIT-slp59,MIT-BIH,446,3,424,train
MIT-slp59,MIT-slp59,MIT-BIH,447,3,425,train
MIT-slp59,MIT-slp59,MIT-BIH,448,3,426,train
MIT-slp59,MIT-slp59,MIT-BIH,449,3,427,train
MIT-slp59,MIT-slp59,MIT-BIH,450,3,428,train
MIT-slp59,MIT-slp59,MIT-BIH,451,3,429,train
MIT-slp59,MIT-slp59,MIT-BIH,452,2,430,train
MIT-slp59,MIT-slp59,MIT-BIH,453,0,431,train
MIT-slp59,MIT-slp59,MIT-BIH,454,1,432,train
MIT-slp59,MIT-slp59,MIT-BIH,455,1,433,train
MIT-slp59,MIT-slp59,MIT-BIH,456,1,434,train
MIT-slp59,MIT-slp59,MIT-BIH,457,1,435,train
MIT-slp59,MIT-slp59,MIT-BIH,458,1,436,train
MIT-slp59,MIT-slp59,MIT-BIH,459,1,437,train
MIT-slp59,MIT-slp59,MIT-BIH,460,1,438,train
MIT-slp59,MIT-slp59,MIT-BIH,461,1,439,train
MIT-slp59,MIT-slp59,MIT-BIH,462,1,440,train
MIT-slp59,MIT-slp59,MIT-BIH,463,2,441,train
MIT-slp59,MIT-slp59,MIT-BIH,464,2,442,train
MIT-slp59,MIT-slp59,MIT-BIH,465,0,443,train
MIT-slp59,MIT-slp59,MIT-BIH,466,2,444,train
MIT-slp59,MIT-slp59,MIT-BIH,467,2,445,train
MIT-slp59,MIT-slp59,MIT-BIH,468,2,446,train
MIT-slp59,MIT-slp59,MIT-BIH,469,2,447,train
MIT-slp59,MIT-slp59,MIT-BIH,470,2,448,train
MIT-slp59,MIT-slp59,MIT-BIH,471,2,449,train
MIT-slp59,MIT-slp59,MIT-BIH,472,2,450,train
MIT-slp59,MIT-slp59,MIT-BIH,473,2,451,train
MIT-slp59,MIT-slp59,MIT-BIH,474,2,452,train
MIT-slp59,MIT-slp59,MIT-BIH,475,2,453,train
MIT-slp59,MIT-slp59,MIT-BIH,476,2,454,train
MIT-slp59,MIT-slp59,MIT-BIH,477,2,455,train
MIT-slp59,MIT-slp59,MIT-BIH,478,2,456,train
MIT-slp59,MIT-slp59,MIT-BIH,479,2,457,train
MIT-slp60,MIT-slp60,MIT-BIH,0,0,0,test
MIT-slp60,MIT-slp60,MIT-BIH,1,0,1,test
MIT-slp60,MIT-slp60,MIT-BIH,2,0,2,test
MIT-slp60,MIT-slp60,MIT-BIH,3,0,3,test
MIT-slp60,MIT-slp60,MIT-BIH,4,1,4,test
MIT-slp60,MIT-slp60,MIT-BIH,5,0,5,test
MIT-slp60,MIT-slp60,MIT-BIH,6,0,6,test
MIT-slp60,MIT-slp60,MIT-BIH,7,1,7,test
MIT-slp60,MIT-slp60,MIT-BIH,8,1,8,test
MIT-slp60,MIT-slp60,MIT-BIH,9,1,9,test
MIT-slp60,MIT-slp60,MIT-BIH,10,1,10,test
MIT-slp60,MIT-slp60,MIT-BIH,11,1,11,test
MIT-slp60,MIT-slp60,MIT-BIH,12,1,12,test
MIT-slp60,MIT-slp60,MIT-BIH,13,1,13,test
MIT-slp60,MIT-slp60,MIT-BIH,14,1,14,test
MIT-slp60,MIT-slp60,MIT-BIH,15,1,15,test
MIT-slp60,MIT-slp60,MIT-BIH,16,1,16,test
MIT-slp60,MIT-slp60,MIT-BIH,17,1,17,test
MIT-slp60,MIT-slp60,MIT-BIH,18,1,18,test
MIT-slp60,MIT-slp60,MIT-BIH,19,0,19,test
MIT-slp60,MIT-slp60,MIT-BIH,20,1,20,test
MIT-slp60,MIT-slp60,MIT-BIH,21,1,21,test
MIT-slp60,MIT-slp60,MIT-BIH,22,0,22,test
MIT-slp60,MIT-slp60,MIT-BIH,23,0,23,test
MIT-slp60,MIT-slp60,MIT-BIH,24,1,24,test
MIT-slp60,MIT-slp60,MIT-BIH,25,1,25,test
MIT-slp60,MIT-slp60,MIT-BIH,26,1,26,test
MIT-slp60,MIT-slp60,MIT-BIH,27,1,27,test
MIT-slp60,MIT-slp60,MIT-BIH,28,1,28,test
MIT-slp60,MIT-slp60,MIT-BIH,29,1,29,test
MIT-slp60,MIT-slp60,MIT-BIH,30,1,30,test
MIT-slp60,MIT-slp60,MIT-BIH,31,2,31,test
MIT-slp60,MIT-slp60,MIT-BIH,32,1,32,test
MIT-slp60,MIT-slp60,MIT-BIH,33,1,33,test
MIT-slp60,MIT-slp60,MIT-BIH,34,1,34,test
MIT-slp60,MIT-slp60,MIT-BIH,35,1,35,test
MIT-slp60,MIT-slp60,MIT-BIH,36,1,36,test
MIT-slp60,MIT-slp60,MIT-BIH,37,1,37,test
MIT-slp60,MIT-slp60,MIT-BIH,38,1,38,test
MIT-slp60,MIT-slp60,MIT-BIH,39,1,39,test
MIT-slp60,MIT-slp60,MIT-BIH,40,1,40,test
MIT-slp60,MIT-slp60,MIT-BIH,41,1,41,test
MIT-slp60,MIT-slp60,MIT-BIH,42,1,42,test
MIT-slp60,MIT-slp60,MIT-BIH,43,1,43,test
MIT-slp60,MIT-slp60,MIT-BIH,44,1,44,test
MIT-slp60,MIT-slp60,MIT-BIH,45,1,45,test
MIT-slp60,MIT-slp60,MIT-BIH,46,1,46,test
MIT-slp60,MIT-slp60,MIT-BIH,47,1,47,test
MIT-slp60,MIT-slp60,MIT-BIH,48,1,48,test
MIT-slp60,MIT-slp60,MIT-BIH,49,1,49,test
MIT-slp60,MIT-slp60,MIT-BIH,50,1,50,test
MIT-slp60,MIT-slp60,MIT-BIH,51,1,51,test
MIT-slp60,MIT-slp60,MIT-BIH,52,1,52,test
MIT-slp60,MIT-slp60,MIT-BIH,53,1,53,test
MIT-slp60,MIT-slp60,MIT-BIH,54,1,54,test
MIT-slp60,MIT-slp60,MIT-BIH,55,1,55,test
MIT-slp60,MIT-slp60,MIT-BIH,56,1,56,test
MIT-slp60,MIT-slp60,MIT-BIH,57,1,57,test
MIT-slp60,MIT-slp60,MIT-BIH,58,1,58,test
MIT-slp60,MIT-slp60,MIT-BIH,59,1,59,test
MIT-slp60,MIT-slp60,MIT-BIH,60,1,60,test
MIT-slp60,MIT-slp60,MIT-BIH,61,1,61,test
MIT-slp60,MIT-slp60,MIT-BIH,62,1,62,test
MIT-slp60,MIT-slp60,MIT-BIH,63,1,63,test
MIT-slp60,MIT-slp60,MIT-BIH,64,1,64,test
MIT-slp60,MIT-slp60,MIT-BIH,65,1,65,test
MIT-slp60,MIT-slp60,MIT-BIH,66,1,66,test
MIT-slp60,MIT-slp60,MIT-BIH,67,1,67,test
MIT-slp60,MIT-slp60,MIT-BIH,68,1,68,test
MIT-slp60,MIT-slp60,MIT-BIH,69,1,69,test
MIT-slp60,MIT-slp60,MIT-BIH,70,1,70,test
MIT-slp60,MIT-slp60,MIT-BIH,71,1,71,test
MIT-slp60,MIT-slp60,MIT-BIH,72,1,72,test
MIT-slp60,MIT-slp60,MIT-BIH,73,0,73,test
MIT-slp60,MIT-slp60,MIT-BIH,74,0,74,test
MIT-slp60,MIT-slp60,MIT-BIH,75,0,75,test
MIT-slp60,MIT-slp60,MIT-BIH,76,1,76,test
MIT-slp60,MIT-slp60,MIT-BIH,77,1,77,test
MIT-slp60,MIT-slp60,MIT-BIH,78,1,78,test
MIT-slp60,MIT-slp60,MIT-BIH,79,2,79,test
MIT-slp60,MIT-slp60,MIT-BIH,80,2,80,test
MIT-slp60,MIT-slp60,MIT-BIH,81,2,81,test
MIT-slp60,MIT-slp60,MIT-BIH,82,2,82,test
MIT-slp60,MIT-slp60,MIT-BIH,83,2,83,test
MIT-slp60,MIT-slp60,MIT-BIH,84,2,84,test
MIT-slp60,MIT-slp60,MIT-BIH,85,2,85,test
MIT-slp60,MIT-slp60,MIT-BIH,86,1,86,test
MIT-slp60,MIT-slp60,MIT-BIH,87,1,87,test
MIT-slp60,MIT-slp60,MIT-BIH,88,1,88,test
MIT-slp60,MIT-slp60,MIT-BIH,89,2,89,test
MIT-slp60,MIT-slp60,MIT-BIH,90,0,90,test
MIT-slp60,MIT-slp60,MIT-BIH,91,1,91,test
MIT-slp60,MIT-slp60,MIT-BIH,92,1,92,test
MIT-slp60,MIT-slp60,MIT-BIH,93,0,93,test
MIT-slp60,MIT-slp60,MIT-BIH,94,0,94,test
MIT-slp60,MIT-slp60,MIT-BIH,95,2,95,test
MIT-slp60,MIT-slp60,MIT-BIH,96,1,96,test
MIT-slp60,MIT-slp60,MIT-BIH,97,1,97,test
MIT-slp60,MIT-slp60,MIT-BIH,98,2,98,test
MIT-slp60,MIT-slp60,MIT-BIH,99,2,99,test
MIT-slp60,MIT-slp60,MIT-BIH,100,2,100,test
MIT-slp60,MIT-slp60,MIT-BIH,101,1,101,test
MIT-slp60,MIT-slp60,MIT-BIH,102,2,102,test
MIT-slp60,MIT-slp60,MIT-BIH,103,1,103,test
MIT-slp60,MIT-slp60,MIT-BIH,104,2,104,test
MIT-slp60,MIT-slp60,MIT-BIH,105,0,105,test
MIT-slp60,MIT-slp60,MIT-BIH,106,1,106,test
MIT-slp60,MIT-slp60,MIT-BIH,107,0,107,test
MIT-slp60,MIT-slp60,MIT-BIH,108,1,108,test
MIT-slp60,MIT-slp60,MIT-BIH,109,1,109,test
MIT-slp60,MIT-slp60,MIT-BIH,110,1,110,test
MIT-slp60,MIT-slp60,MIT-BIH,111,2,111,test
MIT-slp60,MIT-slp60,MIT-BIH,112,2,112,test
MIT-slp60,MIT-slp60,MIT-BIH,113,0,113,test
MIT-slp60,MIT-slp60,MIT-BIH,114,0,114,test
MIT-slp60,MIT-slp60,MIT-BIH,115,0,115,test
MIT-slp60,MIT-slp60,MIT-BIH,116,0,116,test
MIT-slp60,MIT-slp60,MIT-BIH,117,0,117,test
MIT-slp60,MIT-slp60,MIT-BIH,118,0,118,test
MIT-slp60,MIT-slp60,MIT-BIH,119,0,119,test
MIT-slp60,MIT-slp60,MIT-BIH,120,0,120,test
MIT-slp60,MIT-slp60,MIT-BIH,121,0,121,test
MIT-slp60,MIT-slp60,MIT-BIH,122,0,122,test
MIT-slp60,MIT-slp60,MIT-BIH,123,0,123,test
MIT-slp60,MIT-slp60,MIT-BIH,124,0,124,test
MIT-slp60,MIT-slp60,MIT-BIH,125,0,125,test
MIT-slp60,MIT-slp60,MIT-BIH,126,0,126,test
MIT-slp60,MIT-slp60,MIT-BIH,127,0,127,test
MIT-slp60,MIT-slp60,MIT-BIH,128,0,128,test
MIT-slp60,MIT-slp60,MIT-BIH,129,0,129,test
MIT-slp60,MIT-slp60,MIT-BIH,130,0,130,test
MIT-slp60,MIT-slp60,MIT-BIH,131,0,131,test
MIT-slp60,MIT-slp60,MIT-BIH,132,0,132,test
MIT-slp60,MIT-slp60,MIT-BIH,133,0,133,test
MIT-slp60,MIT-slp60,MIT-BIH,134,0,134,test
MIT-slp60,MIT-slp60,MIT-BIH,135,0,135,test
MIT-slp60,MIT-slp60,MIT-BIH,136,0,136,test
MIT-slp60,MIT-slp60,MIT-BIH,137,0,137,test
MIT-slp60,MIT-slp60,MIT-BIH,138,0,138,test
MIT-slp60,MIT-slp60,MIT-BIH,139,0,139,test
MIT-slp60,MIT-slp60,MIT-BIH,140,0,140,test
MIT-slp60,MIT-slp60,MIT-BIH,141,0,141,test
MIT-slp60,MIT-slp60,MIT-BIH,142,0,142,test
MIT-slp60,MIT-slp60,MIT-BIH,143,0,143,test
MIT-slp60,MIT-slp60,MIT-BIH,144,0,144,test
MIT-slp60,MIT-slp60,MIT-BIH,145,0,145,test
MIT-slp60,MIT-slp60,MIT-BIH,146,0,146,test
MIT-slp60,MIT-slp60,MIT-BIH,147,0,147,test
MIT-slp60,MIT-slp60,MIT-BIH,148,0,148,test
MIT-slp60,MIT-slp60,MIT-BIH,149,0,149,test
MIT-slp60,MIT-slp60,MIT-BIH,150,0,150,test
MIT-slp60,MIT-slp60,MIT-BIH,151,0,151,test
MIT-slp60,MIT-slp60,MIT-BIH,152,0,152,test
MIT-slp60,MIT-slp60,MIT-BIH,153,0,153,test
MIT-slp60,MIT-slp60,MIT-BIH,154,0,154,test
MIT-slp60,MIT-slp60,MIT-BIH,155,0,155,test
MIT-slp60,MIT-slp60,MIT-BIH,156,0,156,test
MIT-slp60,MIT-slp60,MIT-BIH,157,0,157,test
MIT-slp60,MIT-slp60,MIT-BIH,158,0,158,test
MIT-slp60,MIT-slp60,MIT-BIH,159,0,159,test
MIT-slp60,MIT-slp60,MIT-BIH,160,1,160,test
MIT-slp60,MIT-slp60,MIT-BIH,161,0,161,test
MIT-slp60,MIT-slp60,MIT-BIH,162,0,162,test
MIT-slp60,MIT-slp60,MIT-BIH,163,0,163,test
MIT-slp60,MIT-slp60,MIT-BIH,164,1,164,test
MIT-slp60,MIT-slp60,MIT-BIH,165,1,165,test
MIT-slp60,MIT-slp60,MIT-BIH,166,0,166,test
MIT-slp60,MIT-slp60,MIT-BIH,167,0,167,test
MIT-slp60,MIT-slp60,MIT-BIH,168,0,168,test
MIT-slp60,MIT-slp60,MIT-BIH,169,0,169,test
MIT-slp60,MIT-slp60,MIT-BIH,170,0,170,test
MIT-slp60,MIT-slp60,MIT-BIH,171,0,171,test
MIT-slp60,MIT-slp60,MIT-BIH,172,1,172,test
MIT-slp60,MIT-slp60,MIT-BIH,173,1,173,test
MIT-slp60,MIT-slp60,MIT-BIH,174,0,174,test
MIT-slp60,MIT-slp60,MIT-BIH,175,0,175,test
MIT-slp60,MIT-slp60,MIT-BIH,176,0,176,test
MIT-slp60,MIT-slp60,MIT-BIH,177,0,177,test
MIT-slp60,MIT-slp60,MIT-BIH,178,0,178,test
MIT-slp60,MIT-slp60,MIT-BIH,179,1,179,test
MIT-slp60,MIT-slp60,MIT-BIH,180,1,180,test
MIT-slp60,MIT-slp60,MIT-BIH,181,0,181,test
MIT-slp60,MIT-slp60,MIT-BIH,182,1,182,test
MIT-slp60,MIT-slp60,MIT-BIH,183,0,183,test
MIT-slp60,MIT-slp60,MIT-BIH,184,1,184,test
MIT-slp60,MIT-slp60,MIT-BIH,185,1,185,test
MIT-slp60,MIT-slp60,MIT-BIH,186,1,186,test
MIT-slp60,MIT-slp60,MIT-BIH,187,1,187,test
MIT-slp60,MIT-slp60,MIT-BIH,188,0,188,test
MIT-slp60,MIT-slp60,MIT-BIH,189,0,189,test
MIT-slp60,MIT-slp60,MIT-BIH,190,0,190,test
MIT-slp60,MIT-slp60,MIT-BIH,191,0,191,test
MIT-slp60,MIT-slp60,MIT-BIH,192,0,192,test
MIT-slp60,MIT-slp60,MIT-BIH,193,0,193,test
MIT-slp60,MIT-slp60,MIT-BIH,194,0,194,test
MIT-slp60,MIT-slp60,MIT-BIH,195,0,195,test
MIT-slp60,MIT-slp60,MIT-BIH,196,0,196,test
MIT-slp60,MIT-slp60,MIT-BIH,197,0,197,test
MIT-slp60,MIT-slp60,MIT-BIH,198,0,198,test
MIT-slp60,MIT-slp60,MIT-BIH,199,0,199,test
MIT-slp60,MIT-slp60,MIT-BIH,200,1,200,test
MIT-slp60,MIT-slp60,MIT-BIH,201,1,201,test
MIT-slp60,MIT-slp60,MIT-BIH,202,0,202,test
MIT-slp60,MIT-slp60,MIT-BIH,203,1,203,test
MIT-slp60,MIT-slp60,MIT-BIH,204,1,204,test
MIT-slp60,MIT-slp60,MIT-BIH,205,1,205,test
MIT-slp60,MIT-slp60,MIT-BIH,206,2,206,test
MIT-slp60,MIT-slp60,MIT-BIH,207,1,207,test
MIT-slp60,MIT-slp60,MIT-BIH,208,1,208,test
MIT-slp60,MIT-slp60,MIT-BIH,209,1,209,test
MIT-slp60,MIT-slp60,MIT-BIH,210,2,210,test
MIT-slp60,MIT-slp60,MIT-BIH,211,2,211,test
MIT-slp60,MIT-slp60,MIT-BIH,212,2,212,test
MIT-slp60,MIT-slp60,MIT-BIH,213,2,213,test
MIT-slp60,MIT-slp60,MIT-BIH,214,2,214,test
MIT-slp60,MIT-slp60,MIT-BIH,215,2,215,test
MIT-slp60,MIT-slp60,MIT-BIH,216,2,216,test
MIT-slp60,MIT-slp60,MIT-BIH,217,2,217,test
MIT-slp60,MIT-slp60,MIT-BIH,218,2,218,test
MIT-slp60,MIT-slp60,MIT-BIH,219,2,219,test
MIT-slp60,MIT-slp60,MIT-BIH,220,2,220,test
MIT-slp60,MIT-slp60,MIT-BIH,221,2,221,test
MIT-slp60,MIT-slp60,MIT-BIH,222,2,222,test
MIT-slp60,MIT-slp60,MIT-BIH,223,4,223,test
MIT-slp60,MIT-slp60,MIT-BIH,224,4,224,test
MIT-slp60,MIT-slp60,MIT-BIH,225,4,225,test
MIT-slp60,MIT-slp60,MIT-BIH,226,4,226,test
MIT-slp60,MIT-slp60,MIT-BIH,227,4,227,test
MIT-slp60,MIT-slp60,MIT-BIH,228,4,228,test
MIT-slp60,MIT-slp60,MIT-BIH,229,4,229,test
MIT-slp60,MIT-slp60,MIT-BIH,230,4,230,test
MIT-slp60,MIT-slp60,MIT-BIH,231,4,231,test
MIT-slp60,MIT-slp60,MIT-BIH,232,4,232,test
MIT-slp60,MIT-slp60,MIT-BIH,233,4,233,test
MIT-slp60,MIT-slp60,MIT-BIH,234,4,234,test
MIT-slp60,MIT-slp60,MIT-BIH,235,4,235,test
MIT-slp60,MIT-slp60,MIT-BIH,236,4,236,test
MIT-slp60,MIT-slp60,MIT-BIH,237,4,237,test
MIT-slp60,MIT-slp60,MIT-BIH,238,4,238,test
MIT-slp60,MIT-slp60,MIT-BIH,239,4,239,test
MIT-slp60,MIT-slp60,MIT-BIH,240,4,240,test
MIT-slp60,MIT-slp60,MIT-BIH,241,4,241,test
MIT-slp60,MIT-slp60,MIT-BIH,242,4,242,test
MIT-slp60,MIT-slp60,MIT-BIH,243,4,243,test
MIT-slp60,MIT-slp60,MIT-BIH,244,4,244,test
MIT-slp60,MIT-slp60,MIT-BIH,245,4,245,test
MIT-slp60,MIT-slp60,MIT-BIH,246,4,246,test
MIT-slp60,MIT-slp60,MIT-BIH,247,4,247,test
MIT-slp60,MIT-slp60,MIT-BIH,248,4,248,test
MIT-slp60,MIT-slp60,MIT-BIH,249,4,249,test
MIT-slp60,MIT-slp60,MIT-BIH,250,4,250,test
MIT-slp60,MIT-slp60,MIT-BIH,251,0,251,test
MIT-slp60,MIT-slp60,MIT-BIH,252,0,252,test
MIT-slp60,MIT-slp60,MIT-BIH,253,0,253,test
MIT-slp60,MIT-slp60,MIT-BIH,254,0,254,test
MIT-slp60,MIT-slp60,MIT-BIH,255,0,255,test
MIT-slp60,MIT-slp60,MIT-BIH,256,0,256,test
MIT-slp60,MIT-slp60,MIT-BIH,257,0,257,test
MIT-slp60,MIT-slp60,MIT-BIH,258,0,258,test
MIT-slp60,MIT-slp60,MIT-BIH,259,0,259,test
MIT-slp60,MIT-slp60,MIT-BIH,260,0,260,test
MIT-slp60,MIT-slp60,MIT-BIH,261,0,261,test
MIT-slp60,MIT-slp60,MIT-BIH,262,0,262,test
MIT-slp60,MIT-slp60,MIT-BIH,263,0,263,test
MIT-slp60,MIT-slp60,MIT-BIH,264,0,264,test
MIT-slp60,MIT-slp60,MIT-BIH,265,0,265,test
MIT-slp60,MIT-slp60,MIT-BIH,266,0,266,test
MIT-slp60,MIT-slp60,MIT-BIH,267,0,267,test
MIT-slp60,MIT-slp60,MIT-BIH,268,0,268,test
MIT-slp60,MIT-slp60,MIT-BIH,269,0,269,test
MIT-slp60,MIT-slp60,MIT-BIH,270,0,270,test
MIT-slp60,MIT-slp60,MIT-BIH,271,0,271,test
MIT-slp60,MIT-slp60,MIT-BIH,272,0,272,test
MIT-slp60,MIT-slp60,MIT-BIH,273,0,273,test
MIT-slp60,MIT-slp60,MIT-BIH,274,0,274,test
MIT-slp60,MIT-slp60,MIT-BIH,275,0,275,test
MIT-slp60,MIT-slp60,MIT-BIH,276,0,276,test
MIT-slp60,MIT-slp60,MIT-BIH,277,0,277,test
MIT-slp60,MIT-slp60,MIT-BIH,278,0,278,test
MIT-slp60,MIT-slp60,MIT-BIH,279,0,279,test
MIT-slp60,MIT-slp60,MIT-BIH,280,0,280,test
MIT-slp60,MIT-slp60,MIT-BIH,281,0,281,test
MIT-slp60,MIT-slp60,MIT-BIH,282,0,282,test
MIT-slp60,MIT-slp60,MIT-BIH,283,0,283,test
MIT-slp60,MIT-slp60,MIT-BIH,284,0,284,test
MIT-slp60,MIT-slp60,MIT-BIH,285,0,285,test
MIT-slp60,MIT-slp60,MIT-BIH,286,0,286,test
MIT-slp60,MIT-slp60,MIT-BIH,287,0,287,test
MIT-slp60,MIT-slp60,MIT-BIH,288,0,288,test
MIT-slp60,MIT-slp60,MIT-BIH,289,0,289,test
MIT-slp60,MIT-slp60,MIT-BIH,290,0,290,test
MIT-slp60,MIT-slp60,MIT-BIH,291,0,291,test
MIT-slp60,MIT-slp60,MIT-BIH,292,0,292,test
MIT-slp60,MIT-slp60,MIT-BIH,293,0,293,test
MIT-slp60,MIT-slp60,MIT-BIH,294,0,294,test
MIT-slp60,MIT-slp60,MIT-BIH,295,0,295,test
MIT-slp60,MIT-slp60,MIT-BIH,296,0,296,test
MIT-slp60,MIT-slp60,MIT-BIH,297,0,297,test
MIT-slp60,MIT-slp60,MIT-BIH,298,0,298,test
MIT-slp60,MIT-slp60,MIT-BIH,299,0,299,test
MIT-slp60,MIT-slp60,MIT-BIH,300,0,300,test
MIT-slp60,MIT-slp60,MIT-BIH,301,0,301,test
MIT-slp60,MIT-slp60,MIT-BIH,302,0,302,test
MIT-slp60,MIT-slp60,MIT-BIH,303,0,303,test
MIT-slp60,MIT-slp60,MIT-BIH,304,0,304,test
MIT-slp60,MIT-slp60,MIT-BIH,305,0,305,test
MIT-slp60,MIT-slp60,MIT-BIH,306,0,306,test
MIT-slp60,MIT-slp60,MIT-BIH,307,0,307,test
MIT-slp60,MIT-slp60,MIT-BIH,308,0,308,test
MIT-slp60,MIT-slp60,MIT-BIH,309,0,309,test
MIT-slp60,MIT-slp60,MIT-BIH,310,0,310,test
MIT-slp60,MIT-slp60,MIT-BIH,311,0,311,test
MIT-slp60,MIT-slp60,MIT-BIH,312,0,312,test
MIT-slp60,MIT-slp60,MIT-BIH,313,0,313,test
MIT-slp60,MIT-slp60,MIT-BIH,314,0,314,test
MIT-slp60,MIT-slp60,MIT-BIH,315,0,315,test
MIT-slp60,MIT-slp60,MIT-BIH,316,0,316,test
MIT-slp60,MIT-slp60,MIT-BIH,317,0,317,test
MIT-slp60,MIT-slp60,MIT-BIH,318,0,318,test
MIT-slp60,MIT-slp60,MIT-BIH,319,0,319,test
MIT-slp60,MIT-slp60,MIT-BIH,320,0,320,test
MIT-slp60,MIT-slp60,MIT-BIH,321,0,321,test
MIT-slp60,MIT-slp60,MIT-BIH,322,0,322,test
MIT-slp60,MIT-slp60,MIT-BIH,323,0,323,test
MIT-slp60,MIT-slp60,MIT-BIH,324,0,324,test
MIT-slp60,MIT-slp60,MIT-BIH,325,0,325,test
MIT-slp60,MIT-slp60,MIT-BIH,326,0,326,test
MIT-slp60,MIT-slp60,MIT-BIH,327,0,327,test
MIT-slp60,MIT-slp60,MIT-BIH,328,1,328,test
MIT-slp60,MIT-slp60,MIT-BIH,329,1,329,test
MIT-slp60,MIT-slp60,MIT-BIH,330,1,330,test
MIT-slp60,MIT-slp60,MIT-BIH,331,1,331,test
MIT-slp60,MIT-slp60,MIT-BIH,332,1,332,test
MIT-slp60,MIT-slp60,MIT-BIH,333,1,333,test
MIT-slp60,MIT-slp60,MIT-BIH,334,1,334,test
MIT-slp60,MIT-slp60,MIT-BIH,335,1,335,test
MIT-slp60,MIT-slp60,MIT-BIH,336,0,336,test
MIT-slp60,MIT-slp60,MIT-BIH,337,0,337,test
MIT-slp60,MIT-slp60,MIT-BIH,338,1,338,test
MIT-slp60,MIT-slp60,MIT-BIH,339,1,339,test
MIT-slp60,MIT-slp60,MIT-BIH,340,1,340,test
MIT-slp60,MIT-slp60,MIT-BIH,341,1,341,test
MIT-slp60,MIT-slp60,MIT-BIH,342,0,342,test
MIT-slp60,MIT-slp60,MIT-BIH,343,0,343,test
MIT-slp60,MIT-slp60,MIT-BIH,344,0,344,test
MIT-slp60,MIT-slp60,MIT-BIH,345,0,345,test
MIT-slp60,MIT-slp60,MIT-BIH,346,0,346,test
MIT-slp60,MIT-slp60,MIT-BIH,347,0,347,test
MIT-slp60,MIT-slp60,MIT-BIH,348,0,348,test
MIT-slp60,MIT-slp60,MIT-BIH,349,0,349,test
MIT-slp60,MIT-slp60,MIT-BIH,350,0,350,test
MIT-slp60,MIT-slp60,MIT-BIH,351,0,351,test
MIT-slp60,MIT-slp60,MIT-BIH,352,0,352,test
MIT-slp60,MIT-slp60,MIT-BIH,353,0,353,test
MIT-slp60,MIT-slp60,MIT-BIH,354,0,354,test
MIT-slp60,MIT-slp60,MIT-BIH,355,0,355,test
MIT-slp60,MIT-slp60,MIT-BIH,356,0,356,test
MIT-slp60,MIT-slp60,MIT-BIH,357,1,357,test
MIT-slp60,MIT-slp60,MIT-BIH,358,1,358,test
MIT-slp60,MIT-slp60,MIT-BIH,359,0,359,test
MIT-slp60,MIT-slp60,MIT-BIH,360,1,360,test
MIT-slp60,MIT-slp60,MIT-BIH,361,1,361,test
MIT-slp60,MIT-slp60,MIT-BIH,362,0,362,test
MIT-slp60,MIT-slp60,MIT-BIH,363,1,363,test
MIT-slp60,MIT-slp60,MIT-BIH,364,0,364,test
MIT-slp60,MIT-slp60,MIT-BIH,365,0,365,test
MIT-slp60,MIT-slp60,MIT-BIH,366,0,366,test
MIT-slp60,MIT-slp60,MIT-BIH,367,0,367,test
MIT-slp60,MIT-slp60,MIT-BIH,368,0,368,test
MIT-slp60,MIT-slp60,MIT-BIH,369,0,369,test
MIT-slp60,MIT-slp60,MIT-BIH,370,0,370,test
MIT-slp60,MIT-slp60,MIT-BIH,371,0,371,test
MIT-slp60,MIT-slp60,MIT-BIH,372,0,372,test
MIT-slp60,MIT-slp60,MIT-BIH,373,0,373,test
MIT-slp60,MIT-slp60,MIT-BIH,374,1,374,test
MIT-slp60,MIT-slp60,MIT-BIH,375,1,375,test
MIT-slp60,MIT-slp60,MIT-BIH,376,1,376,test
MIT-slp60,MIT-slp60,MIT-BIH,377,0,377,test
MIT-slp60,MIT-slp60,MIT-BIH,378,0,378,test
MIT-slp60,MIT-slp60,MIT-BIH,379,0,379,test
MIT-slp60,MIT-slp60,MIT-BIH,380,0,380,test
MIT-slp60,MIT-slp60,MIT-BIH,381,0,381,test
MIT-slp60,MIT-slp60,MIT-BIH,382,0,382,test
MIT-slp60,MIT-slp60,MIT-BIH,383,0,383,test
MIT-slp60,MIT-slp60,MIT-BIH,384,1,384,test
MIT-slp60,MIT-slp60,MIT-BIH,385,1,385,test
MIT-slp60,MIT-slp60,MIT-BIH,386,0,386,test
MIT-slp60,MIT-slp60,MIT-BIH,387,1,387,test
MIT-slp60,MIT-slp60,MIT-BIH,388,1,388,test
MIT-slp60,MIT-slp60,MIT-BIH,389,1,389,test
MIT-slp60,MIT-slp60,MIT-BIH,390,1,390,test
MIT-slp60,MIT-slp60,MIT-BIH,391,1,391,test
MIT-slp60,MIT-slp60,MIT-BIH,392,1,392,test
MIT-slp60,MIT-slp60,MIT-BIH,393,1,393,test
MIT-slp60,MIT-slp60,MIT-BIH,394,1,394,test
MIT-slp60,MIT-slp60,MIT-BIH,395,1,395,test
MIT-slp60,MIT-slp60,MIT-BIH,396,1,396,test
MIT-slp60,MIT-slp60,MIT-BIH,397,1,397,test
MIT-slp60,MIT-slp60,MIT-BIH,398,2,398,test
MIT-slp60,MIT-slp60,MIT-BIH,399,0,399,test
MIT-slp60,MIT-slp60,MIT-BIH,400,0,400,test
MIT-slp60,MIT-slp60,MIT-BIH,401,0,401,test
MIT-slp60,MIT-slp60,MIT-BIH,402,0,402,test
MIT-slp60,MIT-slp60,MIT-BIH,403,0,403,test
MIT-slp60,MIT-slp60,MIT-BIH,404,1,404,test
MIT-slp60,MIT-slp60,MIT-BIH,405,0,405,test
MIT-slp60,MIT-slp60,MIT-BIH,406,1,406,test
MIT-slp60,MIT-slp60,MIT-BIH,407,1,407,test
MIT-slp60,MIT-slp60,MIT-BIH,408,1,408,test
MIT-slp60,MIT-slp60,MIT-BIH,409,1,409,test
MIT-slp60,MIT-slp60,MIT-BIH,410,1,410,test
MIT-slp60,MIT-slp60,MIT-BIH,411,1,411,test
MIT-slp60,MIT-slp60,MIT-BIH,412,1,412,test
MIT-slp60,MIT-slp60,MIT-BIH,413,1,413,test
MIT-slp60,MIT-slp60,MIT-BIH,414,1,414,test
MIT-slp60,MIT-slp60,MIT-BIH,415,1,415,test
MIT-slp60,MIT-slp60,MIT-BIH,416,1,416,test
MIT-slp60,MIT-slp60,MIT-BIH,417,1,417,test
MIT-slp60,MIT-slp60,MIT-BIH,418,1,418,test
MIT-slp60,MIT-slp60,MIT-BIH,419,1,419,test
MIT-slp60,MIT-slp60,MIT-BIH,420,1,420,test
MIT-slp60,MIT-slp60,MIT-BIH,421,1,421,test
MIT-slp60,MIT-slp60,MIT-BIH,422,1,422,test
MIT-slp60,MIT-slp60,MIT-BIH,423,1,423,test
MIT-slp60,MIT-slp60,MIT-BIH,424,1,424,test
MIT-slp60,MIT-slp60,MIT-BIH,425,1,425,test
MIT-slp60,MIT-slp60,MIT-BIH,426,1,426,test
MIT-slp60,MIT-slp60,MIT-BIH,427,1,427,test
MIT-slp60,MIT-slp60,MIT-BIH,428,1,428,test
MIT-slp60,MIT-slp60,MIT-BIH,429,1,429,test
MIT-slp60,MIT-slp60,MIT-BIH,430,1,430,test
MIT-slp60,MIT-slp60,MIT-BIH,431,1,431,test
MIT-slp60,MIT-slp60,MIT-BIH,432,1,432,test
MIT-slp60,MIT-slp60,MIT-BIH,433,1,433,test
MIT-slp60,MIT-slp60,MIT-BIH,434,1,434,test
MIT-slp60,MIT-slp60,MIT-BIH,435,1,435,test
MIT-slp60,MIT-slp60,MIT-BIH,436,0,436,test
MIT-slp60,MIT-slp60,MIT-BIH,437,0,437,test
MIT-slp60,MIT-slp60,MIT-BIH,438,1,438,test
MIT-slp60,MIT-slp60,MIT-BIH,439,0,439,test
MIT-slp60,MIT-slp60,MIT-BIH,440,1,440,test
MIT-slp60,MIT-slp60,MIT-BIH,441,1,441,test
MIT-slp60,MIT-slp60,MIT-BIH,442,0,442,test
MIT-slp60,MIT-slp60,MIT-BIH,443,1,443,test
MIT-slp60,MIT-slp60,MIT-BIH,444,1,444,test
MIT-slp60,MIT-slp60,MIT-BIH,445,1,445,test
MIT-slp60,MIT-slp60,MIT-BIH,446,1,446,test
MIT-slp60,MIT-slp60,MIT-BIH,447,1,447,test
MIT-slp60,MIT-slp60,MIT-BIH,448,1,448,test
MIT-slp60,MIT-slp60,MIT-BIH,449,0,449,test
MIT-slp60,MIT-slp60,MIT-BIH,450,0,450,test
MIT-slp60,MIT-slp60,MIT-BIH,451,0,451,test
MIT-slp60,MIT-slp60,MIT-BIH,452,0,452,test
MIT-slp60,MIT-slp60,MIT-BIH,453,0,453,test
MIT-slp60,MIT-slp60,MIT-BIH,454,0,454,test
MIT-slp60,MIT-slp60,MIT-BIH,455,0,455,test
MIT-slp60,MIT-slp60,MIT-BIH,456,0,456,test
MIT-slp60,MIT-slp60,MIT-BIH,457,0,457,test
MIT-slp60,MIT-slp60,MIT-BIH,458,0,458,test
MIT-slp60,MIT-slp60,MIT-BIH,459,0,459,test
MIT-slp60,MIT-slp60,MIT-BIH,460,0,460,test
MIT-slp60,MIT-slp60,MIT-BIH,461,0,461,test
MIT-slp60,MIT-slp60,MIT-BIH,462,0,462,test
MIT-slp60,MIT-slp60,MIT-BIH,463,0,463,test
MIT-slp60,MIT-slp60,MIT-BIH,464,0,464,test
MIT-slp60,MIT-slp60,MIT-BIH,465,0,465,test
MIT-slp60,MIT-slp60,MIT-BIH,466,0,466,test
MIT-slp60,MIT-slp60,MIT-BIH,467,0,467,test
MIT-slp60,MIT-slp60,MIT-BIH,468,0,468,test
MIT-slp60,MIT-slp60,MIT-BIH,469,0,469,test
MIT-slp60,MIT-slp60,MIT-BIH,470,0,470,test
MIT-slp60,MIT-slp60,MIT-BIH,471,0,471,test
MIT-slp60,MIT-slp60,MIT-BIH,472,0,472,test
MIT-slp60,MIT-slp60,MIT-BIH,473,0,473,test
MIT-slp60,MIT-slp60,MIT-BIH,474,0,474,test
MIT-slp60,MIT-slp60,MIT-BIH,475,0,475,test
MIT-slp60,MIT-slp60,MIT-BIH,476,0,476,test
MIT-slp60,MIT-slp60,MIT-BIH,477,0,477,test
MIT-slp60,MIT-slp60,MIT-BIH,478,0,478,test
MIT-slp60,MIT-slp60,MIT-BIH,479,0,479,test
MIT-slp60,MIT-slp60,MIT-BIH,480,0,480,test
MIT-slp60,MIT-slp60,MIT-BIH,481,0,481,test
MIT-slp60,MIT-slp60,MIT-BIH,482,0,482,test
MIT-slp60,MIT-slp60,MIT-BIH,483,0,483,test
MIT-slp60,MIT-slp60,MIT-BIH,484,0,484,test
MIT-slp60,MIT-slp60,MIT-BIH,485,0,485,test
MIT-slp60,MIT-slp60,MIT-BIH,486,0,486,test
MIT-slp60,MIT-slp60,MIT-BIH,487,0,487,test
MIT-slp60,MIT-slp60,MIT-BIH,488,0,488,test
MIT-slp60,MIT-slp60,MIT-BIH,489,0,489,test
MIT-slp60,MIT-slp60,MIT-BIH,490,0,490,test
MIT-slp60,MIT-slp60,MIT-BIH,491,0,491,test
MIT-slp60,MIT-slp60,MIT-BIH,492,0,492,test
MIT-slp60,MIT-slp60,MIT-BIH,493,0,493,test
MIT-slp60,MIT-slp60,MIT-BIH,494,0,494,test
MIT-slp60,MIT-slp60,MIT-BIH,495,0,495,test
MIT-slp60,MIT-slp60,MIT-BIH,496,0,496,test
MIT-slp60,MIT-slp60,MIT-BIH,497,0,497,test
MIT-slp60,MIT-slp60,MIT-BIH,498,0,498,test
MIT-slp60,MIT-slp60,MIT-BIH,499,0,499,test
MIT-slp60,MIT-slp60,MIT-BIH,500,0,500,test
MIT-slp60,MIT-slp60,MIT-BIH,501,0,501,test
MIT-slp60,MIT-slp60,MIT-BIH,502,0,502,test
MIT-slp60,MIT-slp60,MIT-BIH,503,0,503,test
MIT-slp60,MIT-slp60,MIT-BIH,504,0,504,test
MIT-slp60,MIT-slp60,MIT-BIH,505,0,505,test
MIT-slp60,MIT-slp60,MIT-BIH,506,1,506,test
MIT-slp60,MIT-slp60,MIT-BIH,507,1,507,test
MIT-slp60,MIT-slp60,MIT-BIH,508,0,508,test
MIT-slp60,MIT-slp60,MIT-BIH,509,0,509,test
MIT-slp60,MIT-slp60,MIT-BIH,510,0,510,test
MIT-slp60,MIT-slp60,MIT-BIH,511,0,511,test
MIT-slp60,MIT-slp60,MIT-BIH,512,0,512,test
MIT-slp60,MIT-slp60,MIT-BIH,513,0,513,test
MIT-slp60,MIT-slp60,MIT-BIH,514,1,514,test
MIT-slp60,MIT-slp60,MIT-BIH,515,1,515,test
MIT-slp60,MIT-slp60,MIT-BIH,516,1,516,test
MIT-slp60,MIT-slp60,MIT-BIH,517,1,517,test
MIT-slp60,MIT-slp60,MIT-BIH,518,1,518,test
MIT-slp60,MIT-slp60,MIT-BIH,519,1,519,test
MIT-slp60,MIT-slp60,MIT-BIH,520,1,520,test
MIT-slp60,MIT-slp60,MIT-BIH,521,1,521,test
MIT-slp60,MIT-slp60,MIT-BIH,522,1,522,test
MIT-slp60,MIT-slp60,MIT-BIH,523,1,523,test
MIT-slp60,MIT-slp60,MIT-BIH,524,1,524,test
MIT-slp60,MIT-slp60,MIT-BIH,525,1,525,test
MIT-slp60,MIT-slp60,MIT-BIH,526,1,526,test
MIT-slp60,MIT-slp60,MIT-BIH,527,1,527,test
MIT-slp60,MIT-slp60,MIT-BIH,528,1,528,test
MIT-slp60,MIT-slp60,MIT-BIH,529,1,529,test
MIT-slp60,MIT-slp60,MIT-BIH,530,1,530,test
MIT-slp60,MIT-slp60,MIT-BIH,531,1,531,test
MIT-slp60,MIT-slp60,MIT-BIH,532,1,532,test
MIT-slp60,MIT-slp60,MIT-BIH,533,0,533,test
MIT-slp60,MIT-slp60,MIT-BIH,534,0,534,test
MIT-slp60,MIT-slp60,MIT-BIH,535,0,535,test
MIT-slp60,MIT-slp60,MIT-BIH,536,0,536,test
MIT-slp60,MIT-slp60,MIT-BIH,537,1,537,test
MIT-slp60,MIT-slp60,MIT-BIH,538,0,538,test
MIT-slp60,MIT-slp60,MIT-BIH,539,1,539,test
MIT-slp60,MIT-slp60,MIT-BIH,540,1,540,test
MIT-slp60,MIT-slp60,MIT-BIH,541,1,541,test
MIT-slp60,MIT-slp60,MIT-BIH,542,1,542,test
MIT-slp60,MIT-slp60,MIT-BIH,543,1,543,test
MIT-slp60,MIT-slp60,MIT-BIH,544,1,544,test
MIT-slp60,MIT-slp60,MIT-BIH,545,1,545,test
MIT-slp60,MIT-slp60,MIT-BIH,546,1,546,test
MIT-slp60,MIT-slp60,MIT-BIH,547,1,547,test
MIT-slp60,MIT-slp60,MIT-BIH,548,1,548,test
MIT-slp60,MIT-slp60,MIT-BIH,549,1,549,test
MIT-slp60,MIT-slp60,MIT-BIH,550,1,550,test
MIT-slp60,MIT-slp60,MIT-BIH,551,1,551,test
MIT-slp60,MIT-slp60,MIT-BIH,552,1,552,test
MIT-slp60,MIT-slp60,MIT-BIH,553,1,553,test
MIT-slp60,MIT-slp60,MIT-BIH,554,1,554,test
MIT-slp60,MIT-slp60,MIT-BIH,555,1,555,test
MIT-slp60,MIT-slp60,MIT-BIH,556,1,556,test
MIT-slp60,MIT-slp60,MIT-BIH,557,1,557,test
MIT-slp60,MIT-slp60,MIT-BIH,558,1,558,test
MIT-slp60,MIT-slp60,MIT-BIH,559,1,559,test
MIT-slp60,MIT-slp60,MIT-BIH,560,1,560,test
MIT-slp60,MIT-slp60,MIT-BIH,561,1,561,test
MIT-slp60,MIT-slp60,MIT-BIH,562,1,562,test
MIT-slp60,MIT-slp60,MIT-BIH,563,1,563,test
MIT-slp60,MIT-slp60,MIT-BIH,564,1,564,test
MIT-slp60,MIT-slp60,MIT-BIH,565,1,565,test
MIT-slp60,MIT-slp60,MIT-BIH,566,1,566,test
MIT-slp60,MIT-slp60,MIT-BIH,567,1,567,test
MIT-slp60,MIT-slp60,MIT-BIH,568,1,568,test
MIT-slp60,MIT-slp60,MIT-BIH,569,1,569,test
MIT-slp60,MIT-slp60,MIT-BIH,570,2,570,test
MIT-slp60,MIT-slp60,MIT-BIH,571,1,571,test
MIT-slp60,MIT-slp60,MIT-BIH,572,2,572,test
MIT-slp60,MIT-slp60,MIT-BIH,573,1,573,test
MIT-slp60,MIT-slp60,MIT-BIH,574,1,574,test
MIT-slp60,MIT-slp60,MIT-BIH,575,1,575,test
MIT-slp60,MIT-slp60,MIT-BIH,576,1,576,test
MIT-slp60,MIT-slp60,MIT-BIH,577,2,577,test
MIT-slp60,MIT-slp60,MIT-BIH,578,1,578,test
MIT-slp60,MIT-slp60,MIT-BIH,579,1,579,test
MIT-slp60,MIT-slp60,MIT-BIH,580,2,580,test
MIT-slp60,MIT-slp60,MIT-BIH,581,1,581,test
MIT-slp60,MIT-slp60,MIT-BIH,582,2,582,test
MIT-slp60,MIT-slp60,MIT-BIH,583,1,583,test
MIT-slp60,MIT-slp60,MIT-BIH,584,1,584,test
MIT-slp60,MIT-slp60,MIT-BIH,585,1,585,test
MIT-slp60,MIT-slp60,MIT-BIH,586,1,586,test
MIT-slp60,MIT-slp60,MIT-BIH,587,2,587,test
MIT-slp60,MIT-slp60,MIT-BIH,588,1,588,test
MIT-slp60,MIT-slp60,MIT-BIH,589,1,589,test
MIT-slp60,MIT-slp60,MIT-BIH,590,1,590,test
MIT-slp60,MIT-slp60,MIT-BIH,591,2,591,test
MIT-slp60,MIT-slp60,MIT-BIH,592,1,592,test
MIT-slp60,MIT-slp60,MIT-BIH,593,1,593,test
MIT-slp60,MIT-slp60,MIT-BIH,594,1,594,test
MIT-slp60,MIT-slp60,MIT-BIH,595,1,595,test
MIT-slp60,MIT-slp60,MIT-BIH,596,1,596,test
MIT-slp60,MIT-slp60,MIT-BIH,597,1,597,test
MIT-slp60,MIT-slp60,MIT-BIH,598,1,598,test
MIT-slp60,MIT-slp60,MIT-BIH,599,1,599,test
MIT-slp60,MIT-slp60,MIT-BIH,600,2,600,test
MIT-slp60,MIT-slp60,MIT-BIH,601,1,601,test
MIT-slp60,MIT-slp60,MIT-BIH,602,1,602,test
MIT-slp60,MIT-slp60,MIT-BIH,603,1,603,test
MIT-slp60,MIT-slp60,MIT-BIH,604,1,604,test
MIT-slp60,MIT-slp60,MIT-BIH,605,1,605,test
MIT-slp60,MIT-slp60,MIT-BIH,606,1,606,test
MIT-slp60,MIT-slp60,MIT-BIH,607,1,607,test
MIT-slp60,MIT-slp60,MIT-BIH,608,1,608,test
MIT-slp60,MIT-slp60,MIT-BIH,609,1,609,test
MIT-slp60,MIT-slp60,MIT-BIH,610,1,610,test
MIT-slp60,MIT-slp60,MIT-BIH,611,1,611,test
MIT-slp60,MIT-slp60,MIT-BIH,612,1,612,test
MIT-slp60,MIT-slp60,MIT-BIH,613,1,613,test
MIT-slp60,MIT-slp60,MIT-BIH,614,1,614,test
MIT-slp60,MIT-slp60,MIT-BIH,615,1,615,test
MIT-slp60,MIT-slp60,MIT-BIH,616,1,616,test
MIT-slp60,MIT-slp60,MIT-BIH,617,1,617,test
MIT-slp60,MIT-slp60,MIT-BIH,618,1,618,test
MIT-slp60,MIT-slp60,MIT-BIH,619,1,619,test
MIT-slp60,MIT-slp60,MIT-BIH,620,1,620,test
MIT-slp60,MIT-slp60,MIT-BIH,621,1,621,test
MIT-slp60,MIT-slp60,MIT-BIH,622,1,622,test
MIT-slp60,MIT-slp60,MIT-BIH,623,1,623,test
MIT-slp60,MIT-slp60,MIT-BIH,624,1,624,test
MIT-slp60,MIT-slp60,MIT-BIH,625,1,625,test
MIT-slp60,MIT-slp60,MIT-BIH,626,4,626,test
MIT-slp60,MIT-slp60,MIT-BIH,627,1,627,test
MIT-slp60,MIT-slp60,MIT-BIH,628,1,628,test
MIT-slp60,MIT-slp60,MIT-BIH,629,1,629,test
MIT-slp60,MIT-slp60,MIT-BIH,630,1,630,test
MIT-slp60,MIT-slp60,MIT-BIH,631,1,631,test
MIT-slp60,MIT-slp60,MIT-BIH,632,1,632,test
MIT-slp60,MIT-slp60,MIT-BIH,633,1,633,test
MIT-slp60,MIT-slp60,MIT-BIH,634,1,634,test
MIT-slp60,MIT-slp60,MIT-BIH,635,1,635,test
MIT-slp60,MIT-slp60,MIT-BIH,636,1,636,test
MIT-slp60,MIT-slp60,MIT-BIH,637,1,637,test
MIT-slp60,MIT-slp60,MIT-BIH,638,1,638,test
MIT-slp60,MIT-slp60,MIT-BIH,639,1,639,test
MIT-slp60,MIT-slp60,MIT-BIH,640,1,640,test
MIT-slp60,MIT-slp60,MIT-BIH,641,1,641,test
MIT-slp60,MIT-slp60,MIT-BIH,642,1,642,test
MIT-slp60,MIT-slp60,MIT-BIH,643,1,643,test
MIT-slp60,MIT-slp60,MIT-BIH,644,1,644,test
MIT-slp60,MIT-slp60,MIT-BIH,645,1,645,test
MIT-slp60,MIT-slp60,MIT-BIH,646,1,646,test
MIT-slp60,MIT-slp60,MIT-BIH,647,1,647,test
MIT-slp60,MIT-slp60,MIT-BIH,648,1,648,test
MIT-slp60,MIT-slp60,MIT-BIH,649,1,649,test
MIT-slp60,MIT-slp60,MIT-BIH,650,1,650,test
MIT-slp60,MIT-slp60,MIT-BIH,651,1,651,test
MIT-slp60,MIT-slp60,MIT-BIH,652,1,652,test
MIT-slp60,MIT-slp60,MIT-BIH,653,1,653,test
MIT-slp60,MIT-slp60,MIT-BIH,654,1,654,test
MIT-slp60,MIT-slp60,MIT-BIH,655,1,655,test
MIT-slp60,MIT-slp60,MIT-BIH,656,1,656,test
MIT-slp60,MIT-slp60,MIT-BIH,657,1,657,test
MIT-slp60,MIT-slp60,MIT-BIH,658,1,658,test
MIT-slp60,MIT-slp60,MIT-BIH,659,4,659,test
MIT-slp60,MIT-slp60,MIT-BIH,660,4,660,test
MIT-slp60,MIT-slp60,MIT-BIH,661,1,661,test
MIT-slp60,MIT-slp60,MIT-BIH,662,1,662,test
MIT-slp60,MIT-slp60,MIT-BIH,663,1,663,test
MIT-slp60,MIT-slp60,MIT-BIH,664,1,664,test
MIT-slp60,MIT-slp60,MIT-BIH,665,1,665,test
MIT-slp60,MIT-slp60,MIT-BIH,666,1,666,test
MIT-slp60,MIT-slp60,MIT-BIH,667,1,667,test
MIT-slp60,MIT-slp60,MIT-BIH,668,2,668,test
MIT-slp60,MIT-slp60,MIT-BIH,669,2,669,test
MIT-slp60,MIT-slp60,MIT-BIH,670,1,670,test
MIT-slp60,MIT-slp60,MIT-BIH,671,2,671,test
MIT-slp60,MIT-slp60,MIT-BIH,672,2,672,test
MIT-slp60,MIT-slp60,MIT-BIH,673,2,673,test
MIT-slp60,MIT-slp60,MIT-BIH,674,2,674,test
MIT-slp60,MIT-slp60,MIT-BIH,675,1,675,test
MIT-slp60,MIT-slp60,MIT-BIH,676,2,676,test
MIT-slp60,MIT-slp60,MIT-BIH,677,1,677,test
MIT-slp60,MIT-slp60,MIT-BIH,678,2,678,test
MIT-slp60,MIT-slp60,MIT-BIH,679,1,679,test
MIT-slp60,MIT-slp60,MIT-BIH,680,1,680,test
MIT-slp60,MIT-slp60,MIT-BIH,681,1,681,test
MIT-slp60,MIT-slp60,MIT-BIH,682,1,682,test
MIT-slp60,MIT-slp60,MIT-BIH,683,1,683,test
MIT-slp60,MIT-slp60,MIT-BIH,684,1,684,test
MIT-slp60,MIT-slp60,MIT-BIH,685,1,685,test
MIT-slp60,MIT-slp60,MIT-BIH,686,1,686,test
MIT-slp60,MIT-slp60,MIT-BIH,687,1,687,test
MIT-slp60,MIT-slp60,MIT-BIH,688,1,688,test
MIT-slp60,MIT-slp60,MIT-BIH,689,1,689,test
MIT-slp60,MIT-slp60,MIT-BIH,690,1,690,test
MIT-slp60,MIT-slp60,MIT-BIH,691,1,691,test
MIT-slp60,MIT-slp60,MIT-BIH,692,1,692,test
MIT-slp60,MIT-slp60,MIT-BIH,693,1,693,test
MIT-slp60,MIT-slp60,MIT-BIH,694,1,694,test
MIT-slp60,MIT-slp60,MIT-BIH,695,1,695,test
MIT-slp60,MIT-slp60,MIT-BIH,696,1,696,test
MIT-slp60,MIT-slp60,MIT-BIH,697,1,697,test
MIT-slp60,MIT-slp60,MIT-BIH,698,1,698,test
MIT-slp60,MIT-slp60,MIT-BIH,699,2,699,test
MIT-slp60,MIT-slp60,MIT-BIH,700,1,700,test
MIT-slp60,MIT-slp60,MIT-BIH,701,1,701,test
MIT-slp60,MIT-slp60,MIT-BIH,702,1,702,test
MIT-slp60,MIT-slp60,MIT-BIH,703,1,703,test
MIT-slp60,MIT-slp60,MIT-BIH,704,1,704,test
MIT-slp60,MIT-slp60,MIT-BIH,705,0,705,test
MIT-slp60,MIT-slp60,MIT-BIH,706,1,706,test
MIT-slp60,MIT-slp60,MIT-BIH,707,1,707,test
MIT-slp60,MIT-slp60,MIT-BIH,708,1,708,test
MIT-slp60,MIT-slp60,MIT-BIH,709,1,709,test
MIT-slp61,MIT-slp61,MIT-BIH,20,0,0,train
MIT-slp61,MIT-slp61,MIT-BIH,21,0,1,train
MIT-slp61,MIT-slp61,MIT-BIH,22,0,2,train
MIT-slp61,MIT-slp61,MIT-BIH,23,0,3,train
MIT-slp61,MIT-slp61,MIT-BIH,24,0,4,train
MIT-slp61,MIT-slp61,MIT-BIH,25,0,5,train
MIT-slp61,MIT-slp61,MIT-BIH,26,0,6,train
MIT-slp61,MIT-slp61,MIT-BIH,27,0,7,train
MIT-slp61,MIT-slp61,MIT-BIH,28,0,8,train
MIT-slp61,MIT-slp61,MIT-BIH,29,0,9,train
MIT-slp61,MIT-slp61,MIT-BIH,30,0,10,train
MIT-slp61,MIT-slp61,MIT-BIH,31,0,11,train
MIT-slp61,MIT-slp61,MIT-BIH,32,1,12,train
MIT-slp61,MIT-slp61,MIT-BIH,33,1,13,train
MIT-slp61,MIT-slp61,MIT-BIH,34,1,14,train
MIT-slp61,MIT-slp61,MIT-BIH,35,2,15,train
MIT-slp61,MIT-slp61,MIT-BIH,36,1,16,train
MIT-slp61,MIT-slp61,MIT-BIH,37,0,17,train
MIT-slp61,MIT-slp61,MIT-BIH,38,0,18,train
MIT-slp61,MIT-slp61,MIT-BIH,39,2,19,train
MIT-slp61,MIT-slp61,MIT-BIH,40,2,20,train
MIT-slp61,MIT-slp61,MIT-BIH,41,2,21,train
MIT-slp61,MIT-slp61,MIT-BIH,42,2,22,train
MIT-slp61,MIT-slp61,MIT-BIH,43,2,23,train
MIT-slp61,MIT-slp61,MIT-BIH,44,2,24,train
MIT-slp61,MIT-slp61,MIT-BIH,45,2,25,train
MIT-slp61,MIT-slp61,MIT-BIH,46,2,26,train
MIT-slp61,MIT-slp61,MIT-BIH,47,2,27,train
MIT-slp61,MIT-slp61,MIT-BIH,48,2,28,train
MIT-slp61,MIT-slp61,MIT-BIH,49,2,29,train
MIT-slp61,MIT-slp61,MIT-BIH,50,2,30,train
MIT-slp61,MIT-slp61,MIT-BIH,51,2,31,train
MIT-slp61,MIT-slp61,MIT-BIH,52,2,32,train
MIT-slp61,MIT-slp61,MIT-BIH,53,2,33,train
MIT-slp61,MIT-slp61,MIT-BIH,54,2,34,train
MIT-slp61,MIT-slp61,MIT-BIH,55,2,35,train
MIT-slp61,MIT-slp61,MIT-BIH,56,2,36,train
MIT-slp61,MIT-slp61,MIT-BIH,57,2,37,train
MIT-slp61,MIT-slp61,MIT-BIH,58,2,38,train
MIT-slp61,MIT-slp61,MIT-BIH,59,2,39,train
MIT-slp61,MIT-slp61,MIT-BIH,60,2,40,train
MIT-slp61,MIT-slp61,MIT-BIH,61,2,41,train
MIT-slp61,MIT-slp61,MIT-BIH,62,2,42,train
MIT-slp61,MIT-slp61,MIT-BIH,63,2,43,train
MIT-slp61,MIT-slp61,MIT-BIH,64,2,44,train
MIT-slp61,MIT-slp61,MIT-BIH,65,2,45,train
MIT-slp61,MIT-slp61,MIT-BIH,66,2,46,train
MIT-slp61,MIT-slp61,MIT-BIH,67,2,47,train
MIT-slp61,MIT-slp61,MIT-BIH,68,2,48,train
MIT-slp61,MIT-slp61,MIT-BIH,69,2,49,train
MIT-slp61,MIT-slp61,MIT-BIH,70,2,50,train
MIT-slp61,MIT-slp61,MIT-BIH,71,2,51,train
MIT-slp61,MIT-slp61,MIT-BIH,72,2,52,train
MIT-slp61,MIT-slp61,MIT-BIH,73,2,53,train
MIT-slp61,MIT-slp61,MIT-BIH,74,2,54,train
MIT-slp61,MIT-slp61,MIT-BIH,75,2,55,train
MIT-slp61,MIT-slp61,MIT-BIH,76,2,56,train
MIT-slp61,MIT-slp61,MIT-BIH,77,2,57,train
MIT-slp61,MIT-slp61,MIT-BIH,78,2,58,train
MIT-slp61,MIT-slp61,MIT-BIH,79,2,59,train
MIT-slp61,MIT-slp61,MIT-BIH,80,2,60,train
MIT-slp61,MIT-slp61,MIT-BIH,81,2,61,train
MIT-slp61,MIT-slp61,MIT-BIH,82,2,62,train
MIT-slp61,MIT-slp61,MIT-BIH,83,2,63,train
MIT-slp61,MIT-slp61,MIT-BIH,84,2,64,train
MIT-slp61,MIT-slp61,MIT-BIH,85,2,65,train
MIT-slp61,MIT-slp61,MIT-BIH,86,2,66,train
MIT-slp61,MIT-slp61,MIT-BIH,87,2,67,train
MIT-slp61,MIT-slp61,MIT-BIH,88,2,68,train
MIT-slp61,MIT-slp61,MIT-BIH,89,2,69,train
MIT-slp61,MIT-slp61,MIT-BIH,90,2,70,train
MIT-slp61,MIT-slp61,MIT-BIH,91,2,71,train
MIT-slp61,MIT-slp61,MIT-BIH,92,2,72,train
MIT-slp61,MIT-slp61,MIT-BIH,93,2,73,train
MIT-slp61,MIT-slp61,MIT-BIH,94,2,74,train
MIT-slp61,MIT-slp61,MIT-BIH,95,2,75,train
MIT-slp61,MIT-slp61,MIT-BIH,96,2,76,train
MIT-slp61,MIT-slp61,MIT-BIH,97,2,77,train
MIT-slp61,MIT-slp61,MIT-BIH,98,0,78,train
MIT-slp61,MIT-slp61,MIT-BIH,99,0,79,train
MIT-slp61,MIT-slp61,MIT-BIH,100,1,80,train
MIT-slp61,MIT-slp61,MIT-BIH,101,1,81,train
MIT-slp61,MIT-slp61,MIT-BIH,102,0,82,train
MIT-slp61,MIT-slp61,MIT-BIH,103,1,83,train
MIT-slp61,MIT-slp61,MIT-BIH,104,1,84,train
MIT-slp61,MIT-slp61,MIT-BIH,105,2,85,train
MIT-slp61,MIT-slp61,MIT-BIH,106,2,86,train
MIT-slp61,MIT-slp61,MIT-BIH,107,1,87,train
MIT-slp61,MIT-slp61,MIT-BIH,108,2,88,train
MIT-slp61,MIT-slp61,MIT-BIH,109,2,89,train
MIT-slp61,MIT-slp61,MIT-BIH,110,2,90,train
MIT-slp61,MIT-slp61,MIT-BIH,111,2,91,train
MIT-slp61,MIT-slp61,MIT-BIH,112,2,92,train
MIT-slp61,MIT-slp61,MIT-BIH,113,2,93,train
MIT-slp61,MIT-slp61,MIT-BIH,114,2,94,train
MIT-slp61,MIT-slp61,MIT-BIH,115,2,95,train
MIT-slp61,MIT-slp61,MIT-BIH,116,2,96,train
MIT-slp61,MIT-slp61,MIT-BIH,117,2,97,train
MIT-slp61,MIT-slp61,MIT-BIH,118,2,98,train
MIT-slp61,MIT-slp61,MIT-BIH,119,2,99,train
MIT-slp61,MIT-slp61,MIT-BIH,120,2,100,train
MIT-slp61,MIT-slp61,MIT-BIH,121,2,101,train
MIT-slp61,MIT-slp61,MIT-BIH,122,2,102,train
MIT-slp61,MIT-slp61,MIT-BIH,123,2,103,train
MIT-slp61,MIT-slp61,MIT-BIH,124,2,104,train
MIT-slp61,MIT-slp61,MIT-BIH,125,2,105,train
MIT-slp61,MIT-slp61,MIT-BIH,126,2,106,train
MIT-slp61,MIT-slp61,MIT-BIH,127,2,107,train
MIT-slp61,MIT-slp61,MIT-BIH,128,2,108,train
MIT-slp61,MIT-slp61,MIT-BIH,129,2,109,train
MIT-slp61,MIT-slp61,MIT-BIH,130,2,110,train
MIT-slp61,MIT-slp61,MIT-BIH,131,2,111,train
MIT-slp61,MIT-slp61,MIT-BIH,132,2,112,train
MIT-slp61,MIT-slp61,MIT-BIH,133,2,113,train
MIT-slp61,MIT-slp61,MIT-BIH,134,2,114,train
MIT-slp61,MIT-slp61,MIT-BIH,135,2,115,train
MIT-slp61,MIT-slp61,MIT-BIH,136,2,116,train
MIT-slp61,MIT-slp61,MIT-BIH,137,2,117,train
MIT-slp61,MIT-slp61,MIT-BIH,138,2,118,train
MIT-slp61,MIT-slp61,MIT-BIH,139,2,119,train
MIT-slp61,MIT-slp61,MIT-BIH,140,2,120,train
MIT-slp61,MIT-slp61,MIT-BIH,141,2,121,train
MIT-slp61,MIT-slp61,MIT-BIH,142,2,122,train
MIT-slp61,MIT-slp61,MIT-BIH,143,2,123,train
MIT-slp61,MIT-slp61,MIT-BIH,144,2,124,train
MIT-slp61,MIT-slp61,MIT-BIH,145,2,125,train
MIT-slp61,MIT-slp61,MIT-BIH,146,2,126,train
MIT-slp61,MIT-slp61,MIT-BIH,147,2,127,train
MIT-slp61,MIT-slp61,MIT-BIH,148,2,128,train
MIT-slp61,MIT-slp61,MIT-BIH,149,3,129,train
MIT-slp61,MIT-slp61,MIT-BIH,150,2,130,train
MIT-slp61,MIT-slp61,MIT-BIH,151,2,131,train
MIT-slp61,MIT-slp61,MIT-BIH,152,2,132,train
MIT-slp61,MIT-slp61,MIT-BIH,153,3,133,train
MIT-slp61,MIT-slp61,MIT-BIH,154,2,134,train
MIT-slp61,MIT-slp61,MIT-BIH,155,3,135,train
MIT-slp61,MIT-slp61,MIT-BIH,156,2,136,train
MIT-slp61,MIT-slp61,MIT-BIH,157,2,137,train
MIT-slp61,MIT-slp61,MIT-BIH,158,2,138,train
MIT-slp61,MIT-slp61,MIT-BIH,159,2,139,train
MIT-slp61,MIT-slp61,MIT-BIH,160,0,140,train
MIT-slp61,MIT-slp61,MIT-BIH,161,0,141,train
MIT-slp61,MIT-slp61,MIT-BIH,162,0,142,train
MIT-slp61,MIT-slp61,MIT-BIH,163,0,143,train
MIT-slp61,MIT-slp61,MIT-BIH,164,0,144,train
MIT-slp61,MIT-slp61,MIT-BIH,165,0,145,train
MIT-slp61,MIT-slp61,MIT-BIH,166,0,146,train
MIT-slp61,MIT-slp61,MIT-BIH,167,0,147,train
MIT-slp61,MIT-slp61,MIT-BIH,168,0,148,train
MIT-slp61,MIT-slp61,MIT-BIH,169,0,149,train
MIT-slp61,MIT-slp61,MIT-BIH,170,0,150,train
MIT-slp61,MIT-slp61,MIT-BIH,171,0,151,train
MIT-slp61,MIT-slp61,MIT-BIH,172,0,152,train
MIT-slp61,MIT-slp61,MIT-BIH,173,0,153,train
MIT-slp61,MIT-slp61,MIT-BIH,174,0,154,train
MIT-slp61,MIT-slp61,MIT-BIH,175,0,155,train
MIT-slp61,MIT-slp61,MIT-BIH,176,0,156,train
MIT-slp61,MIT-slp61,MIT-BIH,177,0,157,train
MIT-slp61,MIT-slp61,MIT-BIH,178,0,158,train
MIT-slp61,MIT-slp61,MIT-BIH,179,0,159,train
MIT-slp61,MIT-slp61,MIT-BIH,180,0,160,train
MIT-slp61,MIT-slp61,MIT-BIH,181,0,161,train
MIT-slp61,MIT-slp61,MIT-BIH,182,0,162,train
MIT-slp61,MIT-slp61,MIT-BIH,183,0,163,train
MIT-slp61,MIT-slp61,MIT-BIH,184,0,164,train
MIT-slp61,MIT-slp61,MIT-BIH,185,0,165,train
MIT-slp61,MIT-slp61,MIT-BIH,186,0,166,train
MIT-slp61,MIT-slp61,MIT-BIH,187,0,167,train
MIT-slp61,MIT-slp61,MIT-BIH,188,0,168,train
MIT-slp61,MIT-slp61,MIT-BIH,189,0,169,train
MIT-slp61,MIT-slp61,MIT-BIH,190,0,170,train
MIT-slp61,MIT-slp61,MIT-BIH,191,0,171,train
MIT-slp61,MIT-slp61,MIT-BIH,192,0,172,train
MIT-slp61,MIT-slp61,MIT-BIH,193,0,173,train
MIT-slp61,MIT-slp61,MIT-BIH,194,0,174,train
MIT-slp61,MIT-slp61,MIT-BIH,195,1,175,train
MIT-slp61,MIT-slp61,MIT-BIH,196,0,176,train
MIT-slp61,MIT-slp61,MIT-BIH,197,0,177,train
MIT-slp61,MIT-slp61,MIT-BIH,198,0,178,train
MIT-slp61,MIT-slp61,MIT-BIH,199,1,179,train
MIT-slp61,MIT-slp61,MIT-BIH,200,0,180,train
MIT-slp61,MIT-slp61,MIT-BIH,201,1,181,train
MIT-slp61,MIT-slp61,MIT-BIH,202,0,182,train
MIT-slp61,MIT-slp61,MIT-BIH,203,1,183,train
MIT-slp61,MIT-slp61,MIT-BIH,204,1,184,train
MIT-slp61,MIT-slp61,MIT-BIH,205,0,185,train
MIT-slp61,MIT-slp61,MIT-BIH,206,0,186,train
MIT-slp61,MIT-slp61,MIT-BIH,207,0,187,train
MIT-slp61,MIT-slp61,MIT-BIH,208,1,188,train
MIT-slp61,MIT-slp61,MIT-BIH,209,0,189,train
MIT-slp61,MIT-slp61,MIT-BIH,210,1,190,train
MIT-slp61,MIT-slp61,MIT-BIH,211,2,191,train
MIT-slp61,MIT-slp61,MIT-BIH,212,2,192,train
MIT-slp61,MIT-slp61,MIT-BIH,213,2,193,train
MIT-slp61,MIT-slp61,MIT-BIH,214,2,194,train
MIT-slp61,MIT-slp61,MIT-BIH,215,2,195,train
MIT-slp61,MIT-slp61,MIT-BIH,216,2,196,train
MIT-slp61,MIT-slp61,MIT-BIH,217,2,197,train
MIT-slp61,MIT-slp61,MIT-BIH,218,2,198,train
MIT-slp61,MIT-slp61,MIT-BIH,219,2,199,train
MIT-slp61,MIT-slp61,MIT-BIH,220,2,200,train
MIT-slp61,MIT-slp61,MIT-BIH,221,2,201,train
MIT-slp61,MIT-slp61,MIT-BIH,222,2,202,train
MIT-slp61,MIT-slp61,MIT-BIH,223,2,203,train
MIT-slp61,MIT-slp61,MIT-BIH,224,2,204,train
MIT-slp61,MIT-slp61,MIT-BIH,225,2,205,train
MIT-slp61,MIT-slp61,MIT-BIH,226,2,206,train
MIT-slp61,MIT-slp61,MIT-BIH,227,2,207,train
MIT-slp61,MIT-slp61,MIT-BIH,228,2,208,train
MIT-slp61,MIT-slp61,MIT-BIH,229,3,209,train
MIT-slp61,MIT-slp61,MIT-BIH,230,2,210,train
MIT-slp61,MIT-slp61,MIT-BIH,231,2,211,train
MIT-slp61,MIT-slp61,MIT-BIH,232,2,212,train
MIT-slp61,MIT-slp61,MIT-BIH,233,3,213,train
MIT-slp61,MIT-slp61,MIT-BIH,234,2,214,train
MIT-slp61,MIT-slp61,MIT-BIH,235,3,215,train
MIT-slp61,MIT-slp61,MIT-BIH,236,3,216,train
MIT-slp61,MIT-slp61,MIT-BIH,237,3,217,train
MIT-slp61,MIT-slp61,MIT-BIH,238,3,218,train
MIT-slp61,MIT-slp61,MIT-BIH,239,3,219,train
MIT-slp61,MIT-slp61,MIT-BIH,240,2,220,train
MIT-slp61,MIT-slp61,MIT-BIH,241,3,221,train
MIT-slp61,MIT-slp61,MIT-BIH,242,3,222,train
MIT-slp61,MIT-slp61,MIT-BIH,243,3,223,train
MIT-slp61,MIT-slp61,MIT-BIH,244,3,224,train
MIT-slp61,MIT-slp61,MIT-BIH,245,3,225,train
MIT-slp61,MIT-slp61,MIT-BIH,246,3,226,train
MIT-slp61,MIT-slp61,MIT-BIH,247,3,227,train
MIT-slp61,MIT-slp61,MIT-BIH,248,3,228,train
MIT-slp61,MIT-slp61,MIT-BIH,249,3,229,train
MIT-slp61,MIT-slp61,MIT-BIH,250,3,230,train
MIT-slp61,MIT-slp61,MIT-BIH,251,3,231,train
MIT-slp61,MIT-slp61,MIT-BIH,252,3,232,train
MIT-slp61,MIT-slp61,MIT-BIH,253,3,233,train
MIT-slp61,MIT-slp61,MIT-BIH,254,3,234,train
MIT-slp61,MIT-slp61,MIT-BIH,255,3,235,train
MIT-slp61,MIT-slp61,MIT-BIH,256,3,236,train
MIT-slp61,MIT-slp61,MIT-BIH,257,3,237,train
MIT-slp61,MIT-slp61,MIT-BIH,258,3,238,train
MIT-slp61,MIT-slp61,MIT-BIH,259,3,239,train
MIT-slp61,MIT-slp61,MIT-BIH,260,3,240,train
MIT-slp61,MIT-slp61,MIT-BIH,261,3,241,train
MIT-slp61,MIT-slp61,MIT-BIH,262,3,242,train
MIT-slp61,MIT-slp61,MIT-BIH,263,3,243,train
MIT-slp61,MIT-slp61,MIT-BIH,264,3,244,train
MIT-slp61,MIT-slp61,MIT-BIH,265,3,245,train
MIT-slp61,MIT-slp61,MIT-BIH,266,2,246,train
MIT-slp61,MIT-slp61,MIT-BIH,267,2,247,train
MIT-slp61,MIT-slp61,MIT-BIH,268,3,248,train
MIT-slp61,MIT-slp61,MIT-BIH,269,2,249,train
MIT-slp61,MIT-slp61,MIT-BIH,270,2,250,train
MIT-slp61,MIT-slp61,MIT-BIH,271,3,251,train
MIT-slp61,MIT-slp61,MIT-BIH,272,3,252,train
MIT-slp61,MIT-slp61,MIT-BIH,273,3,253,train
MIT-slp61,MIT-slp61,MIT-BIH,274,3,254,train
MIT-slp61,MIT-slp61,MIT-BIH,275,3,255,train
MIT-slp61,MIT-slp61,MIT-BIH,276,3,256,train
MIT-slp61,MIT-slp61,MIT-BIH,277,3,257,train
MIT-slp61,MIT-slp61,MIT-BIH,278,3,258,train
MIT-slp61,MIT-slp61,MIT-BIH,279,2,259,train
MIT-slp61,MIT-slp61,MIT-BIH,280,2,260,train
MIT-slp61,MIT-slp61,MIT-BIH,281,2,261,train
MIT-slp61,MIT-slp61,MIT-BIH,282,2,262,train
MIT-slp61,MIT-slp61,MIT-BIH,283,2,263,train
MIT-slp61,MIT-slp61,MIT-BIH,284,2,264,train
MIT-slp61,MIT-slp61,MIT-BIH,285,2,265,train
MIT-slp61,MIT-slp61,MIT-BIH,286,2,266,train
MIT-slp61,MIT-slp61,MIT-BIH,287,2,267,train
MIT-slp61,MIT-slp61,MIT-BIH,288,2,268,train
MIT-slp61,MIT-slp61,MIT-BIH,289,0,269,train
MIT-slp61,MIT-slp61,MIT-BIH,290,0,270,train
MIT-slp61,MIT-slp61,MIT-BIH,291,0,271,train
MIT-slp61,MIT-slp61,MIT-BIH,292,0,272,train
MIT-slp61,MIT-slp61,MIT-BIH,293,0,273,train
MIT-slp61,MIT-slp61,MIT-BIH,294,0,274,train
MIT-slp61,MIT-slp61,MIT-BIH,295,0,275,train
MIT-slp61,MIT-slp61,MIT-BIH,296,0,276,train
MIT-slp61,MIT-slp61,MIT-BIH,297,0,277,train
MIT-slp61,MIT-slp61,MIT-BIH,298,0,278,train
MIT-slp61,MIT-slp61,MIT-BIH,299,0,279,train
MIT-slp61,MIT-slp61,MIT-BIH,300,0,280,train
MIT-slp61,MIT-slp61,MIT-BIH,301,0,281,train
MIT-slp61,MIT-slp61,MIT-BIH,302,0,282,train
MIT-slp61,MIT-slp61,MIT-BIH,303,0,283,train
MIT-slp61,MIT-slp61,MIT-BIH,304,0,284,train
MIT-slp61,MIT-slp61,MIT-BIH,305,0,285,train
MIT-slp61,MIT-slp61,MIT-BIH,306,0,286,train
MIT-slp61,MIT-slp61,MIT-BIH,307,0,287,train
MIT-slp61,MIT-slp61,MIT-BIH,308,0,288,train
MIT-slp61,MIT-slp61,MIT-BIH,309,0,289,train
MIT-slp61,MIT-slp61,MIT-BIH,310,0,290,train
MIT-slp61,MIT-slp61,MIT-BIH,311,0,291,train
MIT-slp61,MIT-slp61,MIT-BIH,312,0,292,train
MIT-slp61,MIT-slp61,MIT-BIH,313,0,293,train
MIT-slp61,MIT-slp61,MIT-BIH,314,1,294,train
MIT-slp61,MIT-slp61,MIT-BIH,315,1,295,train
MIT-slp61,MIT-slp61,MIT-BIH,316,1,296,train
MIT-slp61,MIT-slp61,MIT-BIH,317,1,297,train
MIT-slp61,MIT-slp61,MIT-BIH,318,1,298,train
MIT-slp61,MIT-slp61,MIT-BIH,319,1,299,train
MIT-slp61,MIT-slp61,MIT-BIH,320,0,300,train
MIT-slp61,MIT-slp61,MIT-BIH,321,0,301,train
MIT-slp61,MIT-slp61,MIT-BIH,322,1,302,train
MIT-slp61,MIT-slp61,MIT-BIH,323,2,303,train
MIT-slp61,MIT-slp61,MIT-BIH,324,2,304,train
MIT-slp61,MIT-slp61,MIT-BIH,325,2,305,train
MIT-slp61,MIT-slp61,MIT-BIH,326,2,306,train
MIT-slp61,MIT-slp61,MIT-BIH,327,2,307,train
MIT-slp61,MIT-slp61,MIT-BIH,328,2,308,train
MIT-slp61,MIT-slp61,MIT-BIH,329,2,309,train
MIT-slp61,MIT-slp61,MIT-BIH,330,2,310,train
MIT-slp61,MIT-slp61,MIT-BIH,331,2,311,train
MIT-slp61,MIT-slp61,MIT-BIH,332,2,312,train
MIT-slp61,MIT-slp61,MIT-BIH,333,2,313,train
MIT-slp61,MIT-slp61,MIT-BIH,334,2,314,train
MIT-slp61,MIT-slp61,MIT-BIH,335,2,315,train
MIT-slp61,MIT-slp61,MIT-BIH,336,2,316,train
MIT-slp61,MIT-slp61,MIT-BIH,337,2,317,train
MIT-slp61,MIT-slp61,MIT-BIH,338,2,318,train
MIT-slp61,MIT-slp61,MIT-BIH,339,2,319,train
MIT-slp61,MIT-slp61,MIT-BIH,340,2,320,train
MIT-slp61,MIT-slp61,MIT-BIH,341,4,321,train
MIT-slp61,MIT-slp61,MIT-BIH,342,4,322,train
MIT-slp61,MIT-slp61,MIT-BIH,343,4,323,train
MIT-slp61,MIT-slp61,MIT-BIH,344,4,324,train
MIT-slp61,MIT-slp61,MIT-BIH,345,4,325,train
MIT-slp61,MIT-slp61,MIT-BIH,346,4,326,train
MIT-slp61,MIT-slp61,MIT-BIH,347,4,327,train
MIT-slp61,MIT-slp61,MIT-BIH,348,4,328,train
MIT-slp61,MIT-slp61,MIT-BIH,349,4,329,train
MIT-slp61,MIT-slp61,MIT-BIH,350,4,330,train
MIT-slp61,MIT-slp61,MIT-BIH,351,4,331,train
MIT-slp61,MIT-slp61,MIT-BIH,352,4,332,train
MIT-slp61,MIT-slp61,MIT-BIH,353,4,333,train
MIT-slp61,MIT-slp61,MIT-BIH,354,4,334,train
MIT-slp61,MIT-slp61,MIT-BIH,355,4,335,train
MIT-slp61,MIT-slp61,MIT-BIH,356,4,336,train
MIT-slp61,MIT-slp61,MIT-BIH,357,4,337,train
MIT-slp61,MIT-slp61,MIT-BIH,358,4,338,train
MIT-slp61,MIT-slp61,MIT-BIH,359,4,339,train
MIT-slp61,MIT-slp61,MIT-BIH,360,4,340,train
MIT-slp61,MIT-slp61,MIT-BIH,361,4,341,train
MIT-slp61,MIT-slp61,MIT-BIH,362,4,342,train
MIT-slp61,MIT-slp61,MIT-BIH,363,4,343,train
MIT-slp61,MIT-slp61,MIT-BIH,364,4,344,train
MIT-slp61,MIT-slp61,MIT-BIH,365,4,345,train
MIT-slp61,MIT-slp61,MIT-BIH,366,4,346,train
MIT-slp61,MIT-slp61,MIT-BIH,367,4,347,train
MIT-slp61,MIT-slp61,MIT-BIH,368,4,348,train
MIT-slp61,MIT-slp61,MIT-BIH,369,4,349,train
MIT-slp61,MIT-slp61,MIT-BIH,370,4,350,train
MIT-slp61,MIT-slp61,MIT-BIH,371,4,351,train
MIT-slp61,MIT-slp61,MIT-BIH,372,4,352,train
MIT-slp61,MIT-slp61,MIT-BIH,373,4,353,train
MIT-slp61,MIT-slp61,MIT-BIH,374,4,354,train
MIT-slp61,MIT-slp61,MIT-BIH,375,4,355,train
MIT-slp61,MIT-slp61,MIT-BIH,376,4,356,train
MIT-slp61,MIT-slp61,MIT-BIH,377,4,357,train
MIT-slp61,MIT-slp61,MIT-BIH,378,4,358,train
MIT-slp61,MIT-slp61,MIT-BIH,379,4,359,train
MIT-slp61,MIT-slp61,MIT-BIH,380,4,360,train
MIT-slp61,MIT-slp61,MIT-BIH,381,4,361,train
MIT-slp61,MIT-slp61,MIT-BIH,382,1,362,train
MIT-slp61,MIT-slp61,MIT-BIH,383,1,363,train
MIT-slp61,MIT-slp61,MIT-BIH,384,2,364,train
MIT-slp61,MIT-slp61,MIT-BIH,385,2,365,train
MIT-slp61,MIT-slp61,MIT-BIH,386,2,366,train
MIT-slp61,MIT-slp61,MIT-BIH,387,2,367,train
MIT-slp61,MIT-slp61,MIT-BIH,388,1,368,train
MIT-slp61,MIT-slp61,MIT-BIH,389,1,369,train
MIT-slp61,MIT-slp61,MIT-BIH,390,0,370,train
MIT-slp61,MIT-slp61,MIT-BIH,391,1,371,train
MIT-slp61,MIT-slp61,MIT-BIH,392,0,372,train
MIT-slp61,MIT-slp61,MIT-BIH,393,1,373,train
MIT-slp61,MIT-slp61,MIT-BIH,394,1,374,train
MIT-slp61,MIT-slp61,MIT-BIH,395,2,375,train
MIT-slp61,MIT-slp61,MIT-BIH,396,2,376,train
MIT-slp61,MIT-slp61,MIT-BIH,397,2,377,train
MIT-slp61,MIT-slp61,MIT-BIH,398,2,378,train
MIT-slp61,MIT-slp61,MIT-BIH,399,2,379,train
MIT-slp61,MIT-slp61,MIT-BIH,400,2,380,train
MIT-slp61,MIT-slp61,MIT-BIH,401,2,381,train
MIT-slp61,MIT-slp61,MIT-BIH,402,2,382,train
MIT-slp61,MIT-slp61,MIT-BIH,403,2,383,train
MIT-slp61,MIT-slp61,MIT-BIH,404,2,384,train
MIT-slp61,MIT-slp61,MIT-BIH,405,2,385,train
MIT-slp61,MIT-slp61,MIT-BIH,406,2,386,train
MIT-slp61,MIT-slp61,MIT-BIH,407,2,387,train
MIT-slp61,MIT-slp61,MIT-BIH,408,2,388,train
MIT-slp61,MIT-slp61,MIT-BIH,409,2,389,train
MIT-slp61,MIT-slp61,MIT-BIH,410,3,390,train
MIT-slp61,MIT-slp61,MIT-BIH,411,2,391,train
MIT-slp61,MIT-slp61,MIT-BIH,412,2,392,train
MIT-slp61,MIT-slp61,MIT-BIH,413,2,393,train
MIT-slp61,MIT-slp61,MIT-BIH,414,2,394,train
MIT-slp61,MIT-slp61,MIT-BIH,415,2,395,train
MIT-slp61,MIT-slp61,MIT-BIH,416,2,396,train
MIT-slp61,MIT-slp61,MIT-BIH,417,2,397,train
MIT-slp61,MIT-slp61,MIT-BIH,418,2,398,train
MIT-slp61,MIT-slp61,MIT-BIH,419,3,399,train
MIT-slp61,MIT-slp61,MIT-BIH,420,2,400,train
MIT-slp61,MIT-slp61,MIT-BIH,421,3,401,train
MIT-slp61,MIT-slp61,MIT-BIH,422,2,402,train
MIT-slp61,MIT-slp61,MIT-BIH,423,3,403,train
MIT-slp61,MIT-slp61,MIT-BIH,424,3,404,train
MIT-slp61,MIT-slp61,MIT-BIH,425,3,405,train
MIT-slp61,MIT-slp61,MIT-BIH,426,2,406,train
MIT-slp61,MIT-slp61,MIT-BIH,427,3,407,train
MIT-slp61,MIT-slp61,MIT-BIH,428,2,408,train
MIT-slp61,MIT-slp61,MIT-BIH,429,3,409,train
MIT-slp61,MIT-slp61,MIT-BIH,430,3,410,train
MIT-slp61,MIT-slp61,MIT-BIH,431,3,411,train
MIT-slp61,MIT-slp61,MIT-BIH,432,3,412,train
MIT-slp61,MIT-slp61,MIT-BIH,433,3,413,train
MIT-slp61,MIT-slp61,MIT-BIH,434,2,414,train
MIT-slp61,MIT-slp61,MIT-BIH,435,3,415,train
MIT-slp61,MIT-slp61,MIT-BIH,436,3,416,train
MIT-slp61,MIT-slp61,MIT-BIH,437,3,417,train
MIT-slp61,MIT-slp61,MIT-BIH,438,3,418,train
MIT-slp61,MIT-slp61,MIT-BIH,439,3,419,train
MIT-slp61,MIT-slp61,MIT-BIH,440,3,420,train
MIT-slp61,MIT-slp61,MIT-BIH,441,3,421,train
MIT-slp61,MIT-slp61,MIT-BIH,442,2,422,train
MIT-slp61,MIT-slp61,MIT-BIH,443,2,423,train
MIT-slp61,MIT-slp61,MIT-BIH,444,3,424,train
MIT-slp61,MIT-slp61,MIT-BIH,445,3,425,train
MIT-slp61,MIT-slp61,MIT-BIH,446,3,426,train
MIT-slp61,MIT-slp61,MIT-BIH,447,3,427,train
MIT-slp61,MIT-slp61,MIT-BIH,448,3,428,train
MIT-slp61,MIT-slp61,MIT-BIH,449,3,429,train
MIT-slp61,MIT-slp61,MIT-BIH,450,3,430,train
MIT-slp61,MIT-slp61,MIT-BIH,451,3,431,train
MIT-slp61,MIT-slp61,MIT-BIH,452,3,432,train
MIT-slp61,MIT-slp61,MIT-BIH,453,3,433,train
MIT-slp61,MIT-slp61,MIT-BIH,454,3,434,train
MIT-slp61,MIT-slp61,MIT-BIH,455,2,435,train
MIT-slp61,MIT-slp61,MIT-BIH,456,2,436,train
MIT-slp61,MIT-slp61,MIT-BIH,457,2,437,train
MIT-slp61,MIT-slp61,MIT-BIH,458,3,438,train
MIT-slp61,MIT-slp61,MIT-BIH,459,3,439,train
MIT-slp61,MIT-slp61,MIT-BIH,460,2,440,train
MIT-slp61,MIT-slp61,MIT-BIH,461,3,441,train
MIT-slp61,MIT-slp61,MIT-BIH,462,2,442,train
MIT-slp61,MIT-slp61,MIT-BIH,463,3,443,train
MIT-slp61,MIT-slp61,MIT-BIH,464,3,444,train
MIT-slp61,MIT-slp61,MIT-BIH,465,3,445,train
MIT-slp61,MIT-slp61,MIT-BIH,466,3,446,train
MIT-slp61,MIT-slp61,MIT-BIH,467,3,447,train
MIT-slp61,MIT-slp61,MIT-BIH,468,2,448,train
MIT-slp61,MIT-slp61,MIT-BIH,469,3,449,train
MIT-slp61,MIT-slp61,MIT-BIH,470,3,450,train
MIT-slp61,MIT-slp61,MIT-BIH,471,3,451,train
MIT-slp61,MIT-slp61,MIT-BIH,472,3,452,train
MIT-slp61,MIT-slp61,MIT-BIH,473,3,453,train
MIT-slp61,MIT-slp61,MIT-BIH,474,3,454,train
MIT-slp61,MIT-slp61,MIT-BIH,475,3,455,train
MIT-slp61,MIT-slp61,MIT-BIH,476,3,456,train
MIT-slp61,MIT-slp61,MIT-BIH,477,3,457,train
MIT-slp61,MIT-slp61,MIT-BIH,478,3,458,train
MIT-slp61,MIT-slp61,MIT-BIH,479,3,459,train
MIT-slp61,MIT-slp61,MIT-BIH,480,3,460,train
MIT-slp61,MIT-slp61,MIT-BIH,481,3,461,train
MIT-slp61,MIT-slp61,MIT-BIH,482,3,462,train
MIT-slp61,MIT-slp61,MIT-BIH,483,3,463,train
MIT-slp61,MIT-slp61,MIT-BIH,484,3,464,train
MIT-slp61,MIT-slp61,MIT-BIH,485,2,465,train
MIT-slp61,MIT-slp61,MIT-BIH,486,2,466,train
MIT-slp61,MIT-slp61,MIT-BIH,487,2,467,train
MIT-slp61,MIT-slp61,MIT-BIH,488,2,468,train
MIT-slp61,MIT-slp61,MIT-BIH,489,2,469,train
MIT-slp61,MIT-slp61,MIT-BIH,490,2,470,train
MIT-slp61,MIT-slp61,MIT-BIH,491,2,471,train
MIT-slp61,MIT-slp61,MIT-BIH,492,2,472,train
MIT-slp61,MIT-slp61,MIT-BIH,493,2,473,train
MIT-slp61,MIT-slp61,MIT-BIH,494,2,474,train
MIT-slp61,MIT-slp61,MIT-BIH,495,2,475,train
MIT-slp61,MIT-slp61,MIT-BIH,496,2,476,train
MIT-slp61,MIT-slp61,MIT-BIH,497,2,477,train
MIT-slp61,MIT-slp61,MIT-BIH,498,2,478,train
MIT-slp61,MIT-slp61,MIT-BIH,499,2,479,train
MIT-slp61,MIT-slp61,MIT-BIH,500,2,480,train
MIT-slp61,MIT-slp61,MIT-BIH,501,2,481,train
MIT-slp61,MIT-slp61,MIT-BIH,502,2,482,train
MIT-slp61,MIT-slp61,MIT-BIH,503,2,483,train
MIT-slp61,MIT-slp61,MIT-BIH,504,2,484,train
MIT-slp61,MIT-slp61,MIT-BIH,505,2,485,train
MIT-slp61,MIT-slp61,MIT-BIH,506,2,486,train
MIT-slp61,MIT-slp61,MIT-BIH,507,2,487,train
MIT-slp61,MIT-slp61,MIT-BIH,508,3,488,train
MIT-slp61,MIT-slp61,MIT-BIH,509,2,489,train
MIT-slp61,MIT-slp61,MIT-BIH,510,2,490,train
MIT-slp61,MIT-slp61,MIT-BIH,511,2,491,train
MIT-slp61,MIT-slp61,MIT-BIH,512,2,492,train
MIT-slp61,MIT-slp61,MIT-BIH,513,2,493,train
MIT-slp61,MIT-slp61,MIT-BIH,514,2,494,train
MIT-slp61,MIT-slp61,MIT-BIH,515,2,495,train
MIT-slp61,MIT-slp61,MIT-BIH,516,3,496,train
MIT-slp61,MIT-slp61,MIT-BIH,517,3,497,train
MIT-slp61,MIT-slp61,MIT-BIH,518,2,498,train
MIT-slp61,MIT-slp61,MIT-BIH,519,2,499,train
MIT-slp61,MIT-slp61,MIT-BIH,520,2,500,train
MIT-slp61,MIT-slp61,MIT-BIH,521,2,501,train
MIT-slp61,MIT-slp61,MIT-BIH,522,3,502,train
MIT-slp61,MIT-slp61,MIT-BIH,523,2,503,train
MIT-slp61,MIT-slp61,MIT-BIH,524,2,504,train
MIT-slp61,MIT-slp61,MIT-BIH,525,2,505,train
MIT-slp61,MIT-slp61,MIT-BIH,526,2,506,train
MIT-slp61,MIT-slp61,MIT-BIH,527,2,507,train
MIT-slp61,MIT-slp61,MIT-BIH,528,2,508,train
MIT-slp61,MIT-slp61,MIT-BIH,529,2,509,train
MIT-slp61,MIT-slp61,MIT-BIH,530,2,510,train
MIT-slp61,MIT-slp61,MIT-BIH,531,2,511,train
MIT-slp61,MIT-slp61,MIT-BIH,532,1,512,train
MIT-slp61,MIT-slp61,MIT-BIH,533,2,513,train
MIT-slp61,MIT-slp61,MIT-BIH,534,2,514,train
MIT-slp61,MIT-slp61,MIT-BIH,535,2,515,train
MIT-slp61,MIT-slp61,MIT-BIH,536,1,516,train
MIT-slp61,MIT-slp61,MIT-BIH,537,0,517,train
MIT-slp61,MIT-slp61,MIT-BIH,538,1,518,train
MIT-slp61,MIT-slp61,MIT-BIH,539,2,519,train
MIT-slp61,MIT-slp61,MIT-BIH,540,2,520,train
MIT-slp61,MIT-slp61,MIT-BIH,541,2,521,train
MIT-slp61,MIT-slp61,MIT-BIH,542,2,522,train
MIT-slp61,MIT-slp61,MIT-BIH,543,2,523,train
MIT-slp61,MIT-slp61,MIT-BIH,544,2,524,train
MIT-slp61,MIT-slp61,MIT-BIH,545,2,525,train
MIT-slp61,MIT-slp61,MIT-BIH,546,2,526,train
MIT-slp61,MIT-slp61,MIT-BIH,547,2,527,train
MIT-slp61,MIT-slp61,MIT-BIH,548,2,528,train
MIT-slp61,MIT-slp61,MIT-BIH,549,2,529,train
MIT-slp61,MIT-slp61,MIT-BIH,550,2,530,train
MIT-slp61,MIT-slp61,MIT-BIH,551,2,531,train
MIT-slp61,MIT-slp61,MIT-BIH,552,3,532,train
MIT-slp61,MIT-slp61,MIT-BIH,553,2,533,train
MIT-slp61,MIT-slp61,MIT-BIH,554,2,534,train
MIT-slp61,MIT-slp61,MIT-BIH,555,2,535,train
MIT-slp61,MIT-slp61,MIT-BIH,556,2,536,train
MIT-slp61,MIT-slp61,MIT-BIH,557,2,537,train
MIT-slp61,MIT-slp61,MIT-BIH,558,2,538,train
MIT-slp61,MIT-slp61,MIT-BIH,559,2,539,train
MIT-slp61,MIT-slp61,MIT-BIH,560,2,540,train
MIT-slp61,MIT-slp61,MIT-BIH,561,2,541,train
MIT-slp61,MIT-slp61,MIT-BIH,562,2,542,train
MIT-slp61,MIT-slp61,MIT-BIH,563,2,543,train
MIT-slp61,MIT-slp61,MIT-BIH,564,2,544,train
MIT-slp61,MIT-slp61,MIT-BIH,565,2,545,train
MIT-slp61,MIT-slp61,MIT-BIH,566,2,546,train
MIT-slp61,MIT-slp61,MIT-BIH,567,2,547,train
MIT-slp61,MIT-slp61,MIT-BIH,568,2,548,train
MIT-slp61,MIT-slp61,MIT-BIH,569,2,549,train
MIT-slp61,MIT-slp61,MIT-BIH,570,2,550,train
MIT-slp61,MIT-slp61,MIT-BIH,571,0,551,train
MIT-slp61,MIT-slp61,MIT-BIH,572,1,552,train
MIT-slp61,MIT-slp61,MIT-BIH,573,0,553,train
MIT-slp61,MIT-slp61,MIT-BIH,574,0,554,train
MIT-slp61,MIT-slp61,MIT-BIH,575,1,555,train
MIT-slp61,MIT-slp61,MIT-BIH,576,1,556,train
MIT-slp61,MIT-slp61,MIT-BIH,577,1,557,train
MIT-slp61,MIT-slp61,MIT-BIH,578,0,558,train
MIT-slp61,MIT-slp61,MIT-BIH,579,0,559,train
MIT-slp61,MIT-slp61,MIT-BIH,580,0,560,train
MIT-slp61,MIT-slp61,MIT-BIH,581,0,561,train
MIT-slp61,MIT-slp61,MIT-BIH,582,0,562,train
MIT-slp61,MIT-slp61,MIT-BIH,583,0,563,train
MIT-slp61,MIT-slp61,MIT-BIH,584,1,564,train
MIT-slp61,MIT-slp61,MIT-BIH,585,1,565,train
MIT-slp61,MIT-slp61,MIT-BIH,586,1,566,train
MIT-slp61,MIT-slp61,MIT-BIH,587,1,567,train
MIT-slp61,MIT-slp61,MIT-BIH,588,0,568,train
MIT-slp61,MIT-slp61,MIT-BIH,589,1,569,train
MIT-slp61,MIT-slp61,MIT-BIH,590,1,570,train
MIT-slp61,MIT-slp61,MIT-BIH,591,1,571,train
MIT-slp61,MIT-slp61,MIT-BIH,592,1,572,train
MIT-slp61,MIT-slp61,MIT-BIH,593,0,573,train
MIT-slp61,MIT-slp61,MIT-BIH,594,1,574,train
MIT-slp61,MIT-slp61,MIT-BIH,595,2,575,train
MIT-slp61,MIT-slp61,MIT-BIH,596,1,576,train
MIT-slp61,MIT-slp61,MIT-BIH,597,2,577,train
MIT-slp61,MIT-slp61,MIT-BIH,598,1,578,train
MIT-slp61,MIT-slp61,MIT-BIH,599,2,579,train
MIT-slp61,MIT-slp61,MIT-BIH,600,2,580,train
MIT-slp61,MIT-slp61,MIT-BIH,601,0,581,train
MIT-slp61,MIT-slp61,MIT-BIH,602,1,582,train
MIT-slp61,MIT-slp61,MIT-BIH,603,1,583,train
MIT-slp61,MIT-slp61,MIT-BIH,604,2,584,train
MIT-slp61,MIT-slp61,MIT-BIH,605,1,585,train
MIT-slp61,MIT-slp61,MIT-BIH,606,1,586,train
MIT-slp61,MIT-slp61,MIT-BIH,607,2,587,train
MIT-slp61,MIT-slp61,MIT-BIH,608,1,588,train
MIT-slp61,MIT-slp61,MIT-BIH,609,2,589,train
MIT-slp61,MIT-slp61,MIT-BIH,610,2,590,train
MIT-slp61,MIT-slp61,MIT-BIH,611,2,591,train
MIT-slp61,MIT-slp61,MIT-BIH,612,1,592,train
MIT-slp61,MIT-slp61,MIT-BIH,613,2,593,train
MIT-slp61,MIT-slp61,MIT-BIH,614,1,594,train
MIT-slp61,MIT-slp61,MIT-BIH,615,2,595,train
MIT-slp61,MIT-slp61,MIT-BIH,616,2,596,train
MIT-slp61,MIT-slp61,MIT-BIH,617,2,597,train
MIT-slp61,MIT-slp61,MIT-BIH,618,2,598,train
MIT-slp61,MIT-slp61,MIT-BIH,619,2,599,train
MIT-slp61,MIT-slp61,MIT-BIH,620,2,600,train
MIT-slp61,MIT-slp61,MIT-BIH,621,2,601,train
MIT-slp61,MIT-slp61,MIT-BIH,622,1,602,train
MIT-slp61,MIT-slp61,MIT-BIH,623,1,603,train
MIT-slp61,MIT-slp61,MIT-BIH,624,1,604,train
MIT-slp61,MIT-slp61,MIT-BIH,625,1,605,train
MIT-slp61,MIT-slp61,MIT-BIH,626,1,606,train
MIT-slp61,MIT-slp61,MIT-BIH,627,1,607,train
MIT-slp61,MIT-slp61,MIT-BIH,628,1,608,train
MIT-slp61,MIT-slp61,MIT-BIH,629,1,609,train
MIT-slp61,MIT-slp61,MIT-BIH,630,1,610,train
MIT-slp61,MIT-slp61,MIT-BIH,631,0,611,train
MIT-slp61,MIT-slp61,MIT-BIH,632,1,612,train
MIT-slp61,MIT-slp61,MIT-BIH,633,1,613,train
MIT-slp61,MIT-slp61,MIT-BIH,634,2,614,train
MIT-slp61,MIT-slp61,MIT-BIH,635,1,615,train
MIT-slp61,MIT-slp61,MIT-BIH,636,2,616,train
MIT-slp61,MIT-slp61,MIT-BIH,637,2,617,train
MIT-slp61,MIT-slp61,MIT-BIH,638,1,618,train
MIT-slp61,MIT-slp61,MIT-BIH,639,2,619,train
MIT-slp61,MIT-slp61,MIT-BIH,640,1,620,train
MIT-slp61,MIT-slp61,MIT-BIH,641,2,621,train
MIT-slp61,MIT-slp61,MIT-BIH,642,2,622,train
MIT-slp61,MIT-slp61,MIT-BIH,643,2,623,train
MIT-slp61,MIT-slp61,MIT-BIH,644,2,624,train
MIT-slp61,MIT-slp61,MIT-BIH,645,1,625,train
MIT-slp61,MIT-slp61,MIT-BIH,646,1,626,train
MIT-slp61,MIT-slp61,MIT-BIH,647,0,627,train
MIT-slp61,MIT-slp61,MIT-BIH,648,0,628,train
MIT-slp61,MIT-slp61,MIT-BIH,649,0,629,train
MIT-slp61,MIT-slp61,MIT-BIH,650,0,630,train
MIT-slp61,MIT-slp61,MIT-BIH,651,0,631,train
MIT-slp61,MIT-slp61,MIT-BIH,652,0,632,train
MIT-slp61,MIT-slp61,MIT-BIH,653,0,633,train
MIT-slp61,MIT-slp61,MIT-BIH,654,0,634,train
MIT-slp61,MIT-slp61,MIT-BIH,655,0,635,train
MIT-slp61,MIT-slp61,MIT-BIH,656,0,636,train
MIT-slp61,MIT-slp61,MIT-BIH,657,0,637,train
MIT-slp61,MIT-slp61,MIT-BIH,658,1,638,train
MIT-slp61,MIT-slp61,MIT-BIH,659,1,639,train
MIT-slp61,MIT-slp61,MIT-BIH,660,1,640,train
MIT-slp61,MIT-slp61,MIT-BIH,661,1,641,train
MIT-slp61,MIT-slp61,MIT-BIH,662,1,642,train
MIT-slp61,MIT-slp61,MIT-BIH,663,1,643,train
MIT-slp61,MIT-slp61,MIT-BIH,664,1,644,train
MIT-slp61,MIT-slp61,MIT-BIH,665,1,645,train
MIT-slp61,MIT-slp61,MIT-BIH,666,1,646,train
MIT-slp61,MIT-slp61,MIT-BIH,667,2,647,train
MIT-slp61,MIT-slp61,MIT-BIH,668,2,648,train
MIT-slp61,MIT-slp61,MIT-BIH,669,2,649,train
MIT-slp61,MIT-slp61,MIT-BIH,670,1,650,train
MIT-slp61,MIT-slp61,MIT-BIH,671,2,651,train
MIT-slp61,MIT-slp61,MIT-BIH,672,2,652,train
MIT-slp61,MIT-slp61,MIT-BIH,673,1,653,train
MIT-slp61,MIT-slp61,MIT-BIH,674,0,654,train
MIT-slp61,MIT-slp61,MIT-BIH,675,0,655,train
MIT-slp61,MIT-slp61,MIT-BIH,676,0,656,train
MIT-slp61,MIT-slp61,MIT-BIH,677,0,657,train
MIT-slp61,MIT-slp61,MIT-BIH,678,0,658,train
MIT-slp61,MIT-slp61,MIT-BIH,679,0,659,train
MIT-slp61,MIT-slp61,MIT-BIH,680,0,660,train
MIT-slp61,MIT-slp61,MIT-BIH,681,0,661,train
MIT-slp61,MIT-slp61,MIT-BIH,682,0,662,train
MIT-slp61,MIT-slp61,MIT-BIH,683,1,663,train
MIT-slp61,MIT-slp61,MIT-BIH,684,1,664,train
MIT-slp61,MIT-slp61,MIT-BIH,685,1,665,train
MIT-slp61,MIT-slp61,MIT-BIH,686,1,666,train
MIT-slp61,MIT-slp61,MIT-BIH,687,1,667,train
MIT-slp61,MIT-slp61,MIT-BIH,688,2,668,train
MIT-slp61,MIT-slp61,MIT-BIH,689,1,669,train
MIT-slp61,MIT-slp61,MIT-BIH,690,2,670,train
MIT-slp61,MIT-slp61,MIT-BIH,691,2,671,train
MIT-slp61,MIT-slp61,MIT-BIH,692,2,672,train
MIT-slp61,MIT-slp61,MIT-BIH,693,2,673,train
MIT-slp61,MIT-slp61,MIT-BIH,694,2,674,train
MIT-slp61,MIT-slp61,MIT-BIH,695,2,675,train
MIT-slp61,MIT-slp61,MIT-BIH,696,2,676,train
MIT-slp61,MIT-slp61,MIT-BIH,697,2,677,train
MIT-slp61,MIT-slp61,MIT-BIH,698,2,678,train
MIT-slp61,MIT-slp61,MIT-BIH,699,2,679,train
MIT-slp61,MIT-slp61,MIT-BIH,700,2,680,train
MIT-slp61,MIT-slp61,MIT-BIH,701,2,681,train
MIT-slp61,MIT-slp61,MIT-BIH,702,4,682,train
MIT-slp61,MIT-slp61,MIT-BIH,703,4,683,train
MIT-slp61,MIT-slp61,MIT-BIH,704,4,684,train
MIT-slp61,MIT-slp61,MIT-BIH,705,4,685,train
MIT-slp61,MIT-slp61,MIT-BIH,706,4,686,train
MIT-slp61,MIT-slp61,MIT-BIH,707,4,687,train
MIT-slp61,MIT-slp61,MIT-BIH,708,4,688,train
MIT-slp61,MIT-slp61,MIT-BIH,709,4,689,train
MIT-slp61,MIT-slp61,MIT-BIH,710,4,690,train
MIT-slp61,MIT-slp61,MIT-BIH,711,4,691,train
MIT-slp61,MIT-slp61,MIT-BIH,712,4,692,train
MIT-slp61,MIT-slp61,MIT-BIH,713,4,693,train
MIT-slp61,MIT-slp61,MIT-BIH,714,4,694,train
MIT-slp61,MIT-slp61,MIT-BIH,715,4,695,train
MIT-slp61,MIT-slp61,MIT-BIH,716,4,696,train
MIT-slp61,MIT-slp61,MIT-BIH,717,4,697,train
MIT-slp61,MIT-slp61,MIT-BIH,718,4,698,train
MIT-slp61,MIT-slp61,MIT-BIH,719,4,699,train
MIT-slp61,MIT-slp61,MIT-BIH,720,4,700,train
MIT-slp61,MIT-slp61,MIT-BIH,721,4,701,train
MIT-slp61,MIT-slp61,MIT-BIH,722,4,702,train
MIT-slp61,MIT-slp61,MIT-BIH,723,4,703,train
MIT-slp61,MIT-slp61,MIT-BIH,724,4,704,train
MIT-slp61,MIT-slp61,MIT-BIH,725,4,705,train
MIT-slp61,MIT-slp61,MIT-BIH,726,4,706,train
MIT-slp61,MIT-slp61,MIT-BIH,727,4,707,train
MIT-slp61,MIT-slp61,MIT-BIH,728,4,708,train
MIT-slp61,MIT-slp61,MIT-BIH,729,4,709,train
MIT-slp61,MIT-slp61,MIT-BIH,730,4,710,train
MIT-slp61,MIT-slp61,MIT-BIH,731,4,711,train
MIT-slp61,MIT-slp61,MIT-BIH,732,4,712,train
MIT-slp61,MIT-slp61,MIT-BIH,733,4,713,train
MIT-slp61,MIT-slp61,MIT-BIH,734,4,714,train
MIT-slp61,MIT-slp61,MIT-BIH,735,4,715,train
MIT-slp61,MIT-slp61,MIT-BIH,736,4,716,train
MIT-slp61,MIT-slp61,MIT-BIH,737,4,717,train
MIT-slp61,MIT-slp61,MIT-BIH,738,4,718,train
MIT-slp61,MIT-slp61,MIT-BIH,739,4,719,train
MIT-slp66,MIT-slp66,MIT-BIH,0,0,0,train
MIT-slp66,MIT-slp66,MIT-BIH,1,0,1,train
MIT-slp66,MIT-slp66,MIT-BIH,2,1,2,train
MIT-slp66,MIT-slp66,MIT-BIH,3,0,3,train
MIT-slp66,MIT-slp66,MIT-BIH,4,1,4,train
MIT-slp66,MIT-slp66,MIT-BIH,5,1,5,train
MIT-slp66,MIT-slp66,MIT-BIH,6,0,6,train
MIT-slp66,MIT-slp66,MIT-BIH,7,0,7,train
MIT-slp66,MIT-slp66,MIT-BIH,8,0,8,train
MIT-slp66,MIT-slp66,MIT-BIH,9,0,9,train
MIT-slp66,MIT-slp66,MIT-BIH,10,0,10,train
MIT-slp66,MIT-slp66,MIT-BIH,11,0,11,train
MIT-slp66,MIT-slp66,MIT-BIH,12,0,12,train
MIT-slp66,MIT-slp66,MIT-BIH,13,0,13,train
MIT-slp66,MIT-slp66,MIT-BIH,14,0,14,train
MIT-slp66,MIT-slp66,MIT-BIH,15,0,15,train
MIT-slp66,MIT-slp66,MIT-BIH,16,0,16,train
MIT-slp66,MIT-slp66,MIT-BIH,17,0,17,train
MIT-slp66,MIT-slp66,MIT-BIH,18,1,18,train
MIT-slp66,MIT-slp66,MIT-BIH,19,0,19,train
MIT-slp66,MIT-slp66,MIT-BIH,20,1,20,train
MIT-slp66,MIT-slp66,MIT-BIH,21,1,21,train
MIT-slp66,MIT-slp66,MIT-BIH,22,1,22,train
MIT-slp66,MIT-slp66,MIT-BIH,23,1,23,train
MIT-slp66,MIT-slp66,MIT-BIH,24,1,24,train
MIT-slp66,MIT-slp66,MIT-BIH,25,1,25,train
MIT-slp66,MIT-slp66,MIT-BIH,26,1,26,train
MIT-slp66,MIT-slp66,MIT-BIH,27,1,27,train
MIT-slp66,MIT-slp66,MIT-BIH,28,1,28,train
MIT-slp66,MIT-slp66,MIT-BIH,29,0,29,train
MIT-slp66,MIT-slp66,MIT-BIH,30,1,30,train
MIT-slp66,MIT-slp66,MIT-BIH,31,1,31,train
MIT-slp66,MIT-slp66,MIT-BIH,32,1,32,train
MIT-slp66,MIT-slp66,MIT-BIH,33,1,33,train
MIT-slp66,MIT-slp66,MIT-BIH,34,1,34,train
MIT-slp66,MIT-slp66,MIT-BIH,35,1,35,train
MIT-slp66,MIT-slp66,MIT-BIH,36,1,36,train
MIT-slp66,MIT-slp66,MIT-BIH,37,1,37,train
MIT-slp66,MIT-slp66,MIT-BIH,38,1,38,train
MIT-slp66,MIT-slp66,MIT-BIH,39,2,39,train
MIT-slp66,MIT-slp66,MIT-BIH,40,2,40,train
MIT-slp66,MIT-slp66,MIT-BIH,41,2,41,train
MIT-slp66,MIT-slp66,MIT-BIH,42,2,42,train
MIT-slp66,MIT-slp66,MIT-BIH,43,2,43,train
MIT-slp66,MIT-slp66,MIT-BIH,44,2,44,train
MIT-slp66,MIT-slp66,MIT-BIH,45,2,45,train
MIT-slp66,MIT-slp66,MIT-BIH,46,2,46,train
MIT-slp66,MIT-slp66,MIT-BIH,47,2,47,train
MIT-slp66,MIT-slp66,MIT-BIH,48,2,48,train
MIT-slp66,MIT-slp66,MIT-BIH,49,2,49,train
MIT-slp66,MIT-slp66,MIT-BIH,50,2,50,train
MIT-slp66,MIT-slp66,MIT-BIH,51,2,51,train
MIT-slp66,MIT-slp66,MIT-BIH,52,0,52,train
MIT-slp66,MIT-slp66,MIT-BIH,53,1,53,train
MIT-slp66,MIT-slp66,MIT-BIH,54,1,54,train
MIT-slp66,MIT-slp66,MIT-BIH,55,2,55,train
MIT-slp66,MIT-slp66,MIT-BIH,56,0,56,train
MIT-slp66,MIT-slp66,MIT-BIH,57,1,57,train
MIT-slp66,MIT-slp66,MIT-BIH,58,1,58,train
MIT-slp66,MIT-slp66,MIT-BIH,59,1,59,train
MIT-slp66,MIT-slp66,MIT-BIH,60,0,60,train
MIT-slp66,MIT-slp66,MIT-BIH,61,1,61,train
MIT-slp66,MIT-slp66,MIT-BIH,62,2,62,train
MIT-slp66,MIT-slp66,MIT-BIH,63,1,63,train
MIT-slp66,MIT-slp66,MIT-BIH,64,1,64,train
MIT-slp66,MIT-slp66,MIT-BIH,65,1,65,train
MIT-slp66,MIT-slp66,MIT-BIH,66,1,66,train
MIT-slp66,MIT-slp66,MIT-BIH,67,1,67,train
MIT-slp66,MIT-slp66,MIT-BIH,68,1,68,train
MIT-slp66,MIT-slp66,MIT-BIH,69,1,69,train
MIT-slp66,MIT-slp66,MIT-BIH,70,1,70,train
MIT-slp66,MIT-slp66,MIT-BIH,71,2,71,train
MIT-slp66,MIT-slp66,MIT-BIH,72,2,72,train
MIT-slp66,MIT-slp66,MIT-BIH,73,2,73,train
MIT-slp66,MIT-slp66,MIT-BIH,74,2,74,train
MIT-slp66,MIT-slp66,MIT-BIH,75,2,75,train
MIT-slp66,MIT-slp66,MIT-BIH,76,2,76,train
MIT-slp66,MIT-slp66,MIT-BIH,77,2,77,train
MIT-slp66,MIT-slp66,MIT-BIH,78,2,78,train
MIT-slp66,MIT-slp66,MIT-BIH,79,0,79,train
MIT-slp66,MIT-slp66,MIT-BIH,80,0,80,train
MIT-slp66,MIT-slp66,MIT-BIH,81,0,81,train
MIT-slp66,MIT-slp66,MIT-BIH,82,1,82,train
MIT-slp66,MIT-slp66,MIT-BIH,83,1,83,train
MIT-slp66,MIT-slp66,MIT-BIH,84,0,84,train
MIT-slp66,MIT-slp66,MIT-BIH,85,1,85,train
MIT-slp66,MIT-slp66,MIT-BIH,86,0,86,train
MIT-slp66,MIT-slp66,MIT-BIH,87,1,87,train
MIT-slp66,MIT-slp66,MIT-BIH,88,1,88,train
MIT-slp66,MIT-slp66,MIT-BIH,89,1,89,train
MIT-slp66,MIT-slp66,MIT-BIH,90,2,90,train
MIT-slp66,MIT-slp66,MIT-BIH,91,1,91,train
MIT-slp66,MIT-slp66,MIT-BIH,92,2,92,train
MIT-slp66,MIT-slp66,MIT-BIH,93,1,93,train
MIT-slp66,MIT-slp66,MIT-BIH,94,1,94,train
MIT-slp66,MIT-slp66,MIT-BIH,95,1,95,train
MIT-slp66,MIT-slp66,MIT-BIH,96,1,96,train
MIT-slp66,MIT-slp66,MIT-BIH,97,0,97,train
MIT-slp66,MIT-slp66,MIT-BIH,98,1,98,train
MIT-slp66,MIT-slp66,MIT-BIH,99,1,99,train
MIT-slp66,MIT-slp66,MIT-BIH,100,1,100,train
MIT-slp66,MIT-slp66,MIT-BIH,101,1,101,train
MIT-slp66,MIT-slp66,MIT-BIH,102,0,102,train
MIT-slp66,MIT-slp66,MIT-BIH,103,1,103,train
MIT-slp66,MIT-slp66,MIT-BIH,104,2,104,train
MIT-slp66,MIT-slp66,MIT-BIH,105,1,105,train
MIT-slp66,MIT-slp66,MIT-BIH,106,1,106,train
MIT-slp66,MIT-slp66,MIT-BIH,107,1,107,train
MIT-slp66,MIT-slp66,MIT-BIH,108,1,108,train
MIT-slp66,MIT-slp66,MIT-BIH,109,0,109,train
MIT-slp66,MIT-slp66,MIT-BIH,110,1,110,train
MIT-slp66,MIT-slp66,MIT-BIH,111,0,111,train
MIT-slp66,MIT-slp66,MIT-BIH,112,1,112,train
MIT-slp66,MIT-slp66,MIT-BIH,113,1,113,train
MIT-slp66,MIT-slp66,MIT-BIH,114,1,114,train
MIT-slp66,MIT-slp66,MIT-BIH,115,1,115,train
MIT-slp66,MIT-slp66,MIT-BIH,116,1,116,train
MIT-slp66,MIT-slp66,MIT-BIH,117,1,117,train
MIT-slp66,MIT-slp66,MIT-BIH,118,1,118,train
MIT-slp66,MIT-slp66,MIT-BIH,119,1,119,train
MIT-slp66,MIT-slp66,MIT-BIH,120,1,120,train
MIT-slp66,MIT-slp66,MIT-BIH,121,0,121,train
MIT-slp66,MIT-slp66,MIT-BIH,122,0,122,train
MIT-slp66,MIT-slp66,MIT-BIH,123,1,123,train
MIT-slp66,MIT-slp66,MIT-BIH,124,0,124,train
MIT-slp66,MIT-slp66,MIT-BIH,125,1,125,train
MIT-slp66,MIT-slp66,MIT-BIH,126,1,126,train
MIT-slp66,MIT-slp66,MIT-BIH,127,1,127,train
MIT-slp66,MIT-slp66,MIT-BIH,128,2,128,train
MIT-slp66,MIT-slp66,MIT-BIH,129,1,129,train
MIT-slp66,MIT-slp66,MIT-BIH,130,1,130,train
MIT-slp66,MIT-slp66,MIT-BIH,131,1,131,train
MIT-slp66,MIT-slp66,MIT-BIH,132,1,132,train
MIT-slp66,MIT-slp66,MIT-BIH,133,1,133,train
MIT-slp66,MIT-slp66,MIT-BIH,134,2,134,train
MIT-slp66,MIT-slp66,MIT-BIH,135,1,135,train
MIT-slp66,MIT-slp66,MIT-BIH,136,2,136,train
MIT-slp66,MIT-slp66,MIT-BIH,137,0,137,train
MIT-slp66,MIT-slp66,MIT-BIH,138,0,138,train
MIT-slp66,MIT-slp66,MIT-BIH,139,0,139,train
MIT-slp66,MIT-slp66,MIT-BIH,140,0,140,train
MIT-slp66,MIT-slp66,MIT-BIH,141,0,141,train
MIT-slp66,MIT-slp66,MIT-BIH,142,0,142,train
MIT-slp66,MIT-slp66,MIT-BIH,143,0,143,train
MIT-slp66,MIT-slp66,MIT-BIH,144,0,144,train
MIT-slp66,MIT-slp66,MIT-BIH,145,0,145,train
MIT-slp66,MIT-slp66,MIT-BIH,146,0,146,train
MIT-slp66,MIT-slp66,MIT-BIH,147,0,147,train
MIT-slp66,MIT-slp66,MIT-BIH,148,0,148,train
MIT-slp66,MIT-slp66,MIT-BIH,149,0,149,train
MIT-slp66,MIT-slp66,MIT-BIH,150,0,150,train
MIT-slp66,MIT-slp66,MIT-BIH,151,0,151,train
MIT-slp66,MIT-slp66,MIT-BIH,152,0,152,train
MIT-slp66,MIT-slp66,MIT-BIH,153,0,153,train
MIT-slp66,MIT-slp66,MIT-BIH,154,0,154,train
MIT-slp66,MIT-slp66,MIT-BIH,155,0,155,train
MIT-slp66,MIT-slp66,MIT-BIH,156,0,156,train
MIT-slp66,MIT-slp66,MIT-BIH,157,0,157,train
MIT-slp66,MIT-slp66,MIT-BIH,158,0,158,train
MIT-slp66,MIT-slp66,MIT-BIH,159,0,159,train
MIT-slp66,MIT-slp66,MIT-BIH,160,0,160,train
MIT-slp66,MIT-slp66,MIT-BIH,161,0,161,train
MIT-slp66,MIT-slp66,MIT-BIH,162,0,162,train
MIT-slp66,MIT-slp66,MIT-BIH,163,0,163,train
MIT-slp66,MIT-slp66,MIT-BIH,164,0,164,train
MIT-slp66,MIT-slp66,MIT-BIH,165,0,165,train
MIT-slp66,MIT-slp66,MIT-BIH,166,0,166,train
MIT-slp66,MIT-slp66,MIT-BIH,167,0,167,train
MIT-slp66,MIT-slp66,MIT-BIH,168,0,168,train
MIT-slp66,MIT-slp66,MIT-BIH,169,0,169,train
MIT-slp66,MIT-slp66,MIT-BIH,170,0,170,train
MIT-slp66,MIT-slp66,MIT-BIH,171,0,171,train
MIT-slp66,MIT-slp66,MIT-BIH,172,0,172,train
MIT-slp66,MIT-slp66,MIT-BIH,173,0,173,train
MIT-slp66,MIT-slp66,MIT-BIH,174,0,174,train
MIT-slp66,MIT-slp66,MIT-BIH,175,0,175,train
MIT-slp66,MIT-slp66,MIT-BIH,176,0,176,train
MIT-slp66,MIT-slp66,MIT-BIH,177,0,177,train
MIT-slp66,MIT-slp66,MIT-BIH,178,0,178,train
MIT-slp66,MIT-slp66,MIT-BIH,179,0,179,train
MIT-slp66,MIT-slp66,MIT-BIH,180,0,180,train
MIT-slp66,MIT-slp66,MIT-BIH,181,0,181,train
MIT-slp66,MIT-slp66,MIT-BIH,182,0,182,train
MIT-slp66,MIT-slp66,MIT-BIH,183,0,183,train
MIT-slp66,MIT-slp66,MIT-BIH,184,0,184,train
MIT-slp66,MIT-slp66,MIT-BIH,185,0,185,train
MIT-slp66,MIT-slp66,MIT-BIH,186,0,186,train
MIT-slp66,MIT-slp66,MIT-BIH,187,0,187,train
MIT-slp66,MIT-slp66,MIT-BIH,188,0,188,train
MIT-slp66,MIT-slp66,MIT-BIH,189,0,189,train
MIT-slp66,MIT-slp66,MIT-BIH,190,0,190,train
MIT-slp66,MIT-slp66,MIT-BIH,191,0,191,train
MIT-slp66,MIT-slp66,MIT-BIH,192,0,192,train
MIT-slp66,MIT-slp66,MIT-BIH,193,0,193,train
MIT-slp66,MIT-slp66,MIT-BIH,194,0,194,train
MIT-slp66,MIT-slp66,MIT-BIH,195,0,195,train
MIT-slp66,MIT-slp66,MIT-BIH,196,0,196,train
MIT-slp66,MIT-slp66,MIT-BIH,197,0,197,train
MIT-slp66,MIT-slp66,MIT-BIH,198,0,198,train
MIT-slp66,MIT-slp66,MIT-BIH,199,0,199,train
MIT-slp66,MIT-slp66,MIT-BIH,200,0,200,train
MIT-slp66,MIT-slp66,MIT-BIH,201,0,201,train
MIT-slp66,MIT-slp66,MIT-BIH,202,0,202,train
MIT-slp66,MIT-slp66,MIT-BIH,203,0,203,train
MIT-slp66,MIT-slp66,MIT-BIH,204,0,204,train
MIT-slp66,MIT-slp66,MIT-BIH,205,0,205,train
MIT-slp66,MIT-slp66,MIT-BIH,206,0,206,train
MIT-slp66,MIT-slp66,MIT-BIH,207,0,207,train
MIT-slp66,MIT-slp66,MIT-BIH,208,0,208,train
MIT-slp66,MIT-slp66,MIT-BIH,209,0,209,train
MIT-slp66,MIT-slp66,MIT-BIH,210,0,210,train
MIT-slp66,MIT-slp66,MIT-BIH,211,0,211,train
MIT-slp66,MIT-slp66,MIT-BIH,212,0,212,train
MIT-slp66,MIT-slp66,MIT-BIH,213,0,213,train
MIT-slp66,MIT-slp66,MIT-BIH,214,0,214,train
MIT-slp66,MIT-slp66,MIT-BIH,215,0,215,train
MIT-slp66,MIT-slp66,MIT-BIH,216,0,216,train
MIT-slp66,MIT-slp66,MIT-BIH,217,0,217,train
MIT-slp66,MIT-slp66,MIT-BIH,218,0,218,train
MIT-slp66,MIT-slp66,MIT-BIH,219,0,219,train
MIT-slp66,MIT-slp66,MIT-BIH,220,0,220,train
MIT-slp66,MIT-slp66,MIT-BIH,221,0,221,train
MIT-slp66,MIT-slp66,MIT-BIH,222,0,222,train
MIT-slp66,MIT-slp66,MIT-BIH,223,0,223,train
MIT-slp66,MIT-slp66,MIT-BIH,224,0,224,train
MIT-slp66,MIT-slp66,MIT-BIH,225,0,225,train
MIT-slp66,MIT-slp66,MIT-BIH,226,0,226,train
MIT-slp66,MIT-slp66,MIT-BIH,227,0,227,train
MIT-slp66,MIT-slp66,MIT-BIH,228,0,228,train
MIT-slp66,MIT-slp66,MIT-BIH,229,0,229,train
MIT-slp66,MIT-slp66,MIT-BIH,230,0,230,train
MIT-slp66,MIT-slp66,MIT-BIH,231,1,231,train
MIT-slp66,MIT-slp66,MIT-BIH,232,0,232,train
MIT-slp66,MIT-slp66,MIT-BIH,233,0,233,train
MIT-slp66,MIT-slp66,MIT-BIH,234,0,234,train
MIT-slp66,MIT-slp66,MIT-BIH,235,0,235,train
MIT-slp66,MIT-slp66,MIT-BIH,236,0,236,train
MIT-slp66,MIT-slp66,MIT-BIH,237,0,237,train
MIT-slp66,MIT-slp66,MIT-BIH,238,0,238,train
MIT-slp66,MIT-slp66,MIT-BIH,239,0,239,train
MIT-slp66,MIT-slp66,MIT-BIH,240,0,240,train
MIT-slp66,MIT-slp66,MIT-BIH,241,0,241,train
MIT-slp66,MIT-slp66,MIT-BIH,242,1,242,train
MIT-slp66,MIT-slp66,MIT-BIH,243,1,243,train
MIT-slp66,MIT-slp66,MIT-BIH,244,0,244,train
MIT-slp66,MIT-slp66,MIT-BIH,245,0,245,train
MIT-slp66,MIT-slp66,MIT-BIH,246,1,246,train
MIT-slp66,MIT-slp66,MIT-BIH,247,1,247,train
MIT-slp66,MIT-slp66,MIT-BIH,248,1,248,train
MIT-slp66,MIT-slp66,MIT-BIH,249,1,249,train
MIT-slp66,MIT-slp66,MIT-BIH,250,1,250,train
MIT-slp66,MIT-slp66,MIT-BIH,251,0,251,train
MIT-slp66,MIT-slp66,MIT-BIH,252,0,252,train
MIT-slp66,MIT-slp66,MIT-BIH,253,1,253,train
MIT-slp66,MIT-slp66,MIT-BIH,254,1,254,train
MIT-slp66,MIT-slp66,MIT-BIH,255,1,255,train
MIT-slp66,MIT-slp66,MIT-BIH,256,1,256,train
MIT-slp66,MIT-slp66,MIT-BIH,257,1,257,train
MIT-slp66,MIT-slp66,MIT-BIH,258,1,258,train
MIT-slp66,MIT-slp66,MIT-BIH,259,1,259,train
MIT-slp66,MIT-slp66,MIT-BIH,260,1,260,train
MIT-slp66,MIT-slp66,MIT-BIH,261,1,261,train
MIT-slp66,MIT-slp66,MIT-BIH,262,1,262,train
MIT-slp66,MIT-slp66,MIT-BIH,263,1,263,train
MIT-slp66,MIT-slp66,MIT-BIH,264,1,264,train
MIT-slp66,MIT-slp66,MIT-BIH,265,1,265,train
MIT-slp66,MIT-slp66,MIT-BIH,266,1,266,train
MIT-slp66,MIT-slp66,MIT-BIH,267,1,267,train
MIT-slp66,MIT-slp66,MIT-BIH,268,1,268,train
MIT-slp66,MIT-slp66,MIT-BIH,269,1,269,train
MIT-slp66,MIT-slp66,MIT-BIH,270,2,270,train
MIT-slp66,MIT-slp66,MIT-BIH,271,1,271,train
MIT-slp66,MIT-slp66,MIT-BIH,272,1,272,train
MIT-slp66,MIT-slp66,MIT-BIH,273,2,273,train
MIT-slp66,MIT-slp66,MIT-BIH,274,0,274,train
MIT-slp66,MIT-slp66,MIT-BIH,275,1,275,train
MIT-slp66,MIT-slp66,MIT-BIH,276,1,276,train
MIT-slp66,MIT-slp66,MIT-BIH,277,1,277,train
MIT-slp66,MIT-slp66,MIT-BIH,278,1,278,train
MIT-slp66,MIT-slp66,MIT-BIH,279,0,279,train
MIT-slp66,MIT-slp66,MIT-BIH,280,0,280,train
MIT-slp66,MIT-slp66,MIT-BIH,281,0,281,train
MIT-slp66,MIT-slp66,MIT-BIH,282,0,282,train
MIT-slp66,MIT-slp66,MIT-BIH,283,0,283,train
MIT-slp66,MIT-slp66,MIT-BIH,284,1,284,train
MIT-slp66,MIT-slp66,MIT-BIH,285,1,285,train
MIT-slp66,MIT-slp66,MIT-BIH,286,2,286,train
MIT-slp66,MIT-slp66,MIT-BIH,287,0,287,train
MIT-slp66,MIT-slp66,MIT-BIH,288,0,288,train
MIT-slp66,MIT-slp66,MIT-BIH,289,1,289,train
MIT-slp66,MIT-slp66,MIT-BIH,290,1,290,train
MIT-slp66,MIT-slp66,MIT-BIH,291,1,291,train
MIT-slp66,MIT-slp66,MIT-BIH,292,1,292,train
MIT-slp66,MIT-slp66,MIT-BIH,293,1,293,train
MIT-slp66,MIT-slp66,MIT-BIH,294,1,294,train
MIT-slp66,MIT-slp66,MIT-BIH,295,2,295,train
MIT-slp66,MIT-slp66,MIT-BIH,296,2,296,train
MIT-slp66,MIT-slp66,MIT-BIH,297,2,297,train
MIT-slp66,MIT-slp66,MIT-BIH,298,2,298,train
MIT-slp66,MIT-slp66,MIT-BIH,299,2,299,train
MIT-slp66,MIT-slp66,MIT-BIH,300,1,300,train
MIT-slp66,MIT-slp66,MIT-BIH,301,1,301,train
MIT-slp66,MIT-slp66,MIT-BIH,302,1,302,train
MIT-slp66,MIT-slp66,MIT-BIH,303,1,303,train
MIT-slp66,MIT-slp66,MIT-BIH,304,2,304,train
MIT-slp66,MIT-slp66,MIT-BIH,305,1,305,train
MIT-slp66,MIT-slp66,MIT-BIH,306,2,306,train
MIT-slp66,MIT-slp66,MIT-BIH,307,2,307,train
MIT-slp66,MIT-slp66,MIT-BIH,308,2,308,train
MIT-slp66,MIT-slp66,MIT-BIH,309,2,309,train
MIT-slp66,MIT-slp66,MIT-BIH,310,2,310,train
MIT-slp66,MIT-slp66,MIT-BIH,311,2,311,train
MIT-slp66,MIT-slp66,MIT-BIH,312,1,312,train
MIT-slp66,MIT-slp66,MIT-BIH,313,2,313,train
MIT-slp66,MIT-slp66,MIT-BIH,314,1,314,train
MIT-slp66,MIT-slp66,MIT-BIH,315,1,315,train
MIT-slp66,MIT-slp66,MIT-BIH,316,2,316,train
MIT-slp66,MIT-slp66,MIT-BIH,317,2,317,train
MIT-slp66,MIT-slp66,MIT-BIH,318,2,318,train
MIT-slp66,MIT-slp66,MIT-BIH,319,2,319,train
MIT-slp66,MIT-slp66,MIT-BIH,320,2,320,train
MIT-slp66,MIT-slp66,MIT-BIH,321,2,321,train
MIT-slp66,MIT-slp66,MIT-BIH,322,2,322,train
MIT-slp66,MIT-slp66,MIT-BIH,323,2,323,train
MIT-slp66,MIT-slp66,MIT-BIH,324,2,324,train
MIT-slp66,MIT-slp66,MIT-BIH,325,2,325,train
MIT-slp66,MIT-slp66,MIT-BIH,326,2,326,train
MIT-slp66,MIT-slp66,MIT-BIH,327,2,327,train
MIT-slp66,MIT-slp66,MIT-BIH,328,2,328,train
MIT-slp66,MIT-slp66,MIT-BIH,329,2,329,train
MIT-slp66,MIT-slp66,MIT-BIH,330,2,330,train
MIT-slp66,MIT-slp66,MIT-BIH,331,2,331,train
MIT-slp66,MIT-slp66,MIT-BIH,332,2,332,train
MIT-slp66,MIT-slp66,MIT-BIH,333,2,333,train
MIT-slp66,MIT-slp66,MIT-BIH,334,2,334,train
MIT-slp66,MIT-slp66,MIT-BIH,335,2,335,train
MIT-slp66,MIT-slp66,MIT-BIH,336,3,336,train
MIT-slp66,MIT-slp66,MIT-BIH,337,3,337,train
MIT-slp66,MIT-slp66,MIT-BIH,338,2,338,train
MIT-slp66,MIT-slp66,MIT-BIH,339,2,339,train
MIT-slp66,MIT-slp66,MIT-BIH,340,2,340,train
MIT-slp66,MIT-slp66,MIT-BIH,341,2,341,train
MIT-slp66,MIT-slp66,MIT-BIH,342,2,342,train
MIT-slp66,MIT-slp66,MIT-BIH,343,2,343,train
MIT-slp66,MIT-slp66,MIT-BIH,344,2,344,train
MIT-slp66,MIT-slp66,MIT-BIH,345,2,345,train
MIT-slp66,MIT-slp66,MIT-BIH,346,2,346,train
MIT-slp66,MIT-slp66,MIT-BIH,347,2,347,train
MIT-slp66,MIT-slp66,MIT-BIH,348,2,348,train
MIT-slp66,MIT-slp66,MIT-BIH,349,2,349,train
MIT-slp66,MIT-slp66,MIT-BIH,350,2,350,train
MIT-slp66,MIT-slp66,MIT-BIH,351,2,351,train
MIT-slp66,MIT-slp66,MIT-BIH,352,2,352,train
MIT-slp66,MIT-slp66,MIT-BIH,353,2,353,train
MIT-slp66,MIT-slp66,MIT-BIH,354,2,354,train
MIT-slp66,MIT-slp66,MIT-BIH,355,2,355,train
MIT-slp66,MIT-slp66,MIT-BIH,356,2,356,train
MIT-slp66,MIT-slp66,MIT-BIH,357,2,357,train
MIT-slp66,MIT-slp66,MIT-BIH,358,2,358,train
MIT-slp66,MIT-slp66,MIT-BIH,359,2,359,train
MIT-slp66,MIT-slp66,MIT-BIH,360,2,360,train
MIT-slp66,MIT-slp66,MIT-BIH,361,2,361,train
MIT-slp66,MIT-slp66,MIT-BIH,362,2,362,train
MIT-slp66,MIT-slp66,MIT-BIH,363,2,363,train
MIT-slp66,MIT-slp66,MIT-BIH,364,2,364,train
MIT-slp66,MIT-slp66,MIT-BIH,365,2,365,train
MIT-slp66,MIT-slp66,MIT-BIH,366,0,366,train
MIT-slp66,MIT-slp66,MIT-BIH,367,1,367,train
MIT-slp66,MIT-slp66,MIT-BIH,368,1,368,train
MIT-slp66,MIT-slp66,MIT-BIH,369,1,369,train
MIT-slp66,MIT-slp66,MIT-BIH,370,2,370,train
MIT-slp66,MIT-slp66,MIT-BIH,371,1,371,train
MIT-slp66,MIT-slp66,MIT-BIH,372,1,372,train
MIT-slp66,MIT-slp66,MIT-BIH,373,1,373,train
MIT-slp66,MIT-slp66,MIT-BIH,374,2,374,train
MIT-slp66,MIT-slp66,MIT-BIH,375,0,375,train
MIT-slp66,MIT-slp66,MIT-BIH,376,0,376,train
MIT-slp66,MIT-slp66,MIT-BIH,377,1,377,train
MIT-slp66,MIT-slp66,MIT-BIH,378,1,378,train
MIT-slp66,MIT-slp66,MIT-BIH,379,0,379,train
MIT-slp66,MIT-slp66,MIT-BIH,380,1,380,train
MIT-slp66,MIT-slp66,MIT-BIH,381,1,381,train
MIT-slp66,MIT-slp66,MIT-BIH,382,1,382,train
MIT-slp66,MIT-slp66,MIT-BIH,383,1,383,train
MIT-slp66,MIT-slp66,MIT-BIH,384,2,384,train
MIT-slp66,MIT-slp66,MIT-BIH,385,1,385,train
MIT-slp66,MIT-slp66,MIT-BIH,386,2,386,train
MIT-slp66,MIT-slp66,MIT-BIH,387,2,387,train
MIT-slp66,MIT-slp66,MIT-BIH,388,2,388,train
MIT-slp66,MIT-slp66,MIT-BIH,389,0,389,train
MIT-slp66,MIT-slp66,MIT-BIH,390,2,390,train
MIT-slp66,MIT-slp66,MIT-BIH,391,2,391,train
MIT-slp66,MIT-slp66,MIT-BIH,392,2,392,train
MIT-slp66,MIT-slp66,MIT-BIH,393,0,393,train
MIT-slp66,MIT-slp66,MIT-BIH,394,2,394,train
MIT-slp66,MIT-slp66,MIT-BIH,395,2,395,train
MIT-slp66,MIT-slp66,MIT-BIH,396,2,396,train
MIT-slp66,MIT-slp66,MIT-BIH,397,2,397,train
MIT-slp66,MIT-slp66,MIT-BIH,398,2,398,train
MIT-slp66,MIT-slp66,MIT-BIH,399,2,399,train
MIT-slp66,MIT-slp66,MIT-BIH,400,2,400,train
MIT-slp66,MIT-slp66,MIT-BIH,401,2,401,train
MIT-slp66,MIT-slp66,MIT-BIH,402,2,402,train
MIT-slp66,MIT-slp66,MIT-BIH,403,3,403,train
MIT-slp66,MIT-slp66,MIT-BIH,404,2,404,train
MIT-slp66,MIT-slp66,MIT-BIH,405,2,405,train
MIT-slp66,MIT-slp66,MIT-BIH,406,2,406,train
MIT-slp66,MIT-slp66,MIT-BIH,407,2,407,train
MIT-slp66,MIT-slp66,MIT-BIH,408,3,408,train
MIT-slp66,MIT-slp66,MIT-BIH,409,3,409,train
MIT-slp66,MIT-slp66,MIT-BIH,410,1,410,train
MIT-slp66,MIT-slp66,MIT-BIH,411,0,411,train
MIT-slp66,MIT-slp66,MIT-BIH,412,1,412,train
MIT-slp66,MIT-slp66,MIT-BIH,413,0,413,train
MIT-slp66,MIT-slp66,MIT-BIH,414,0,414,train
MIT-slp66,MIT-slp66,MIT-BIH,415,0,415,train
MIT-slp66,MIT-slp66,MIT-BIH,416,0,416,train
MIT-slp66,MIT-slp66,MIT-BIH,417,0,417,train
MIT-slp66,MIT-slp66,MIT-BIH,418,1,418,train
MIT-slp66,MIT-slp66,MIT-BIH,419,1,419,train
MIT-slp66,MIT-slp66,MIT-BIH,420,0,420,train
MIT-slp66,MIT-slp66,MIT-BIH,421,1,421,train
MIT-slp66,MIT-slp66,MIT-BIH,422,1,422,train
MIT-slp66,MIT-slp66,MIT-BIH,423,1,423,train
MIT-slp66,MIT-slp66,MIT-BIH,424,2,424,train
MIT-slp66,MIT-slp66,MIT-BIH,425,0,425,train
MIT-slp66,MIT-slp66,MIT-BIH,426,0,426,train
MIT-slp66,MIT-slp66,MIT-BIH,427,0,427,train
MIT-slp66,MIT-slp66,MIT-BIH,428,0,428,train
MIT-slp66,MIT-slp66,MIT-BIH,429,0,429,train
MIT-slp66,MIT-slp66,MIT-BIH,430,0,430,train
MIT-slp66,MIT-slp66,MIT-BIH,431,0,431,train
MIT-slp66,MIT-slp66,MIT-BIH,432,0,432,train
MIT-slp66,MIT-slp66,MIT-BIH,433,0,433,train
MIT-slp66,MIT-slp66,MIT-BIH,434,0,434,train
MIT-slp66,MIT-slp66,MIT-BIH,435,0,435,train
MIT-slp66,MIT-slp66,MIT-BIH,436,0,436,train
MIT-slp66,MIT-slp66,MIT-BIH,437,0,437,train
MIT-slp66,MIT-slp66,MIT-BIH,438,0,438,train
MIT-slp67x,MIT-slp67x,MIT-BIH,0,1,0,train
MIT-slp67x,MIT-slp67x,MIT-BIH,1,1,1,train
MIT-slp67x,MIT-slp67x,MIT-BIH,2,0,2,train
MIT-slp67x,MIT-slp67x,MIT-BIH,3,1,3,train
MIT-slp67x,MIT-slp67x,MIT-BIH,4,1,4,train
MIT-slp67x,MIT-slp67x,MIT-BIH,5,1,5,train
MIT-slp67x,MIT-slp67x,MIT-BIH,6,1,6,train
MIT-slp67x,MIT-slp67x,MIT-BIH,7,1,7,train
MIT-slp67x,MIT-slp67x,MIT-BIH,8,0,8,train
MIT-slp67x,MIT-slp67x,MIT-BIH,9,2,9,train
MIT-slp67x,MIT-slp67x,MIT-BIH,10,2,10,train
MIT-slp67x,MIT-slp67x,MIT-BIH,11,0,11,train
MIT-slp67x,MIT-slp67x,MIT-BIH,12,1,12,train
MIT-slp67x,MIT-slp67x,MIT-BIH,13,1,13,train
MIT-slp67x,MIT-slp67x,MIT-BIH,14,1,14,train
MIT-slp67x,MIT-slp67x,MIT-BIH,15,1,15,train
MIT-slp67x,MIT-slp67x,MIT-BIH,16,1,16,train
MIT-slp67x,MIT-slp67x,MIT-BIH,17,1,17,train
MIT-slp67x,MIT-slp67x,MIT-BIH,18,2,18,train
MIT-slp67x,MIT-slp67x,MIT-BIH,19,0,19,train
MIT-slp67x,MIT-slp67x,MIT-BIH,20,0,20,train
MIT-slp67x,MIT-slp67x,MIT-BIH,21,0,21,train
MIT-slp67x,MIT-slp67x,MIT-BIH,22,0,22,train
MIT-slp67x,MIT-slp67x,MIT-BIH,23,0,23,train
MIT-slp67x,MIT-slp67x,MIT-BIH,24,0,24,train
MIT-slp67x,MIT-slp67x,MIT-BIH,25,0,25,train
MIT-slp67x,MIT-slp67x,MIT-BIH,26,0,26,train
MIT-slp67x,MIT-slp67x,MIT-BIH,27,0,27,train
MIT-slp67x,MIT-slp67x,MIT-BIH,28,0,28,train
MIT-slp67x,MIT-slp67x,MIT-BIH,29,0,29,train
MIT-slp67x,MIT-slp67x,MIT-BIH,30,0,30,train
MIT-slp67x,MIT-slp67x,MIT-BIH,31,0,31,train
MIT-slp67x,MIT-slp67x,MIT-BIH,32,0,32,train
MIT-slp67x,MIT-slp67x,MIT-BIH,33,0,33,train
MIT-slp67x,MIT-slp67x,MIT-BIH,34,0,34,train
MIT-slp67x,MIT-slp67x,MIT-BIH,35,0,35,train
MIT-slp67x,MIT-slp67x,MIT-BIH,36,0,36,train
MIT-slp67x,MIT-slp67x,MIT-BIH,37,0,37,train
MIT-slp67x,MIT-slp67x,MIT-BIH,38,0,38,train
MIT-slp67x,MIT-slp67x,MIT-BIH,39,0,39,train
MIT-slp67x,MIT-slp67x,MIT-BIH,40,0,40,train
MIT-slp67x,MIT-slp67x,MIT-BIH,41,0,41,train
MIT-slp67x,MIT-slp67x,MIT-BIH,42,0,42,train
MIT-slp67x,MIT-slp67x,MIT-BIH,43,0,43,train
MIT-slp67x,MIT-slp67x,MIT-BIH,44,0,44,train
MIT-slp67x,MIT-slp67x,MIT-BIH,45,0,45,train
MIT-slp67x,MIT-slp67x,MIT-BIH,46,0,46,train
MIT-slp67x,MIT-slp67x,MIT-BIH,47,0,47,train
MIT-slp67x,MIT-slp67x,MIT-BIH,48,0,48,train
MIT-slp67x,MIT-slp67x,MIT-BIH,49,0,49,train
MIT-slp67x,MIT-slp67x,MIT-BIH,50,0,50,train
MIT-slp67x,MIT-slp67x,MIT-BIH,51,1,51,train
MIT-slp67x,MIT-slp67x,MIT-BIH,52,0,52,train
MIT-slp67x,MIT-slp67x,MIT-BIH,53,0,53,train
MIT-slp67x,MIT-slp67x,MIT-BIH,54,1,54,train
MIT-slp67x,MIT-slp67x,MIT-BIH,55,1,55,train
MIT-slp67x,MIT-slp67x,MIT-BIH,56,0,56,train
MIT-slp67x,MIT-slp67x,MIT-BIH,57,1,57,train
MIT-slp67x,MIT-slp67x,MIT-BIH,58,1,58,train
MIT-slp67x,MIT-slp67x,MIT-BIH,59,0,59,train
MIT-slp67x,MIT-slp67x,MIT-BIH,60,0,60,train
MIT-slp67x,MIT-slp67x,MIT-BIH,61,0,61,train
MIT-slp67x,MIT-slp67x,MIT-BIH,62,0,62,train
MIT-slp67x,MIT-slp67x,MIT-BIH,63,0,63,train
MIT-slp67x,MIT-slp67x,MIT-BIH,64,0,64,train
MIT-slp67x,MIT-slp67x,MIT-BIH,65,0,65,train
MIT-slp67x,MIT-slp67x,MIT-BIH,66,1,66,train
MIT-slp67x,MIT-slp67x,MIT-BIH,67,0,67,train
MIT-slp67x,MIT-slp67x,MIT-BIH,68,1,68,train
MIT-slp67x,MIT-slp67x,MIT-BIH,69,1,69,train
MIT-slp67x,MIT-slp67x,MIT-BIH,70,0,70,train
MIT-slp67x,MIT-slp67x,MIT-BIH,71,1,71,train
MIT-slp67x,MIT-slp67x,MIT-BIH,72,0,72,train
MIT-slp67x,MIT-slp67x,MIT-BIH,73,1,73,train
MIT-slp67x,MIT-slp67x,MIT-BIH,74,1,74,train
MIT-slp67x,MIT-slp67x,MIT-BIH,75,0,75,train
MIT-slp67x,MIT-slp67x,MIT-BIH,76,1,76,train
MIT-slp67x,MIT-slp67x,MIT-BIH,77,0,77,train
MIT-slp67x,MIT-slp67x,MIT-BIH,78,1,78,train
MIT-slp67x,MIT-slp67x,MIT-BIH,79,1,79,train
MIT-slp67x,MIT-slp67x,MIT-BIH,80,1,80,train
MIT-slp67x,MIT-slp67x,MIT-BIH,81,1,81,train
MIT-slp67x,MIT-slp67x,MIT-BIH,82,1,82,train
MIT-slp67x,MIT-slp67x,MIT-BIH,83,1,83,train
MIT-slp67x,MIT-slp67x,MIT-BIH,84,1,84,train
MIT-slp67x,MIT-slp67x,MIT-BIH,85,2,85,train
MIT-slp67x,MIT-slp67x,MIT-BIH,86,2,86,train
MIT-slp67x,MIT-slp67x,MIT-BIH,87,2,87,train
MIT-slp67x,MIT-slp67x,MIT-BIH,88,2,88,train
MIT-slp67x,MIT-slp67x,MIT-BIH,89,2,89,train
MIT-slp67x,MIT-slp67x,MIT-BIH,90,2,90,train
MIT-slp67x,MIT-slp67x,MIT-BIH,91,2,91,train
MIT-slp67x,MIT-slp67x,MIT-BIH,92,2,92,train
MIT-slp67x,MIT-slp67x,MIT-BIH,93,2,93,train
MIT-slp67x,MIT-slp67x,MIT-BIH,94,2,94,train
MIT-slp67x,MIT-slp67x,MIT-BIH,95,2,95,train
MIT-slp67x,MIT-slp67x,MIT-BIH,96,2,96,train
MIT-slp67x,MIT-slp67x,MIT-BIH,97,2,97,train
MIT-slp67x,MIT-slp67x,MIT-BIH,98,2,98,train
MIT-slp67x,MIT-slp67x,MIT-BIH,99,2,99,train
MIT-slp67x,MIT-slp67x,MIT-BIH,100,2,100,train
MIT-slp67x,MIT-slp67x,MIT-BIH,101,3,101,train
MIT-slp67x,MIT-slp67x,MIT-BIH,102,2,102,train
MIT-slp67x,MIT-slp67x,MIT-BIH,103,0,103,train
MIT-slp67x,MIT-slp67x,MIT-BIH,104,1,104,train
MIT-slp67x,MIT-slp67x,MIT-BIH,105,1,105,train
MIT-slp67x,MIT-slp67x,MIT-BIH,106,2,106,train
MIT-slp67x,MIT-slp67x,MIT-BIH,107,0,107,train
MIT-slp67x,MIT-slp67x,MIT-BIH,108,0,108,train
MIT-slp67x,MIT-slp67x,MIT-BIH,109,1,109,train
MIT-slp67x,MIT-slp67x,MIT-BIH,110,1,110,train
MIT-slp67x,MIT-slp67x,MIT-BIH,111,1,111,train
MIT-slp67x,MIT-slp67x,MIT-BIH,112,1,112,train
MIT-slp67x,MIT-slp67x,MIT-BIH,113,1,113,train
MIT-slp67x,MIT-slp67x,MIT-BIH,114,2,114,train
MIT-slp67x,MIT-slp67x,MIT-BIH,115,2,115,train
MIT-slp67x,MIT-slp67x,MIT-BIH,116,2,116,train
MIT-slp67x,MIT-slp67x,MIT-BIH,117,2,117,train
MIT-slp67x,MIT-slp67x,MIT-BIH,118,2,118,train
MIT-slp67x,MIT-slp67x,MIT-BIH,119,2,119,train
MIT-slp67x,MIT-slp67x,MIT-BIH,120,2,120,train
MIT-slp67x,MIT-slp67x,MIT-BIH,121,2,121,train
MIT-slp67x,MIT-slp67x,MIT-BIH,122,2,122,train
MIT-slp67x,MIT-slp67x,MIT-BIH,123,2,123,train
MIT-slp67x,MIT-slp67x,MIT-BIH,124,2,124,train
MIT-slp67x,MIT-slp67x,MIT-BIH,125,2,125,train
MIT-slp67x,MIT-slp67x,MIT-BIH,126,0,126,train
MIT-slp67x,MIT-slp67x,MIT-BIH,127,1,127,train
MIT-slp67x,MIT-slp67x,MIT-BIH,128,1,128,train
MIT-slp67x,MIT-slp67x,MIT-BIH,129,2,129,train
MIT-slp67x,MIT-slp67x,MIT-BIH,130,2,130,train
MIT-slp67x,MIT-slp67x,MIT-BIH,131,2,131,train
MIT-slp67x,MIT-slp67x,MIT-BIH,132,2,132,train
MIT-slp67x,MIT-slp67x,MIT-BIH,133,2,133,train
MIT-slp67x,MIT-slp67x,MIT-BIH,134,0,134,train
MIT-slp67x,MIT-slp67x,MIT-BIH,135,2,135,train
MIT-slp67x,MIT-slp67x,MIT-BIH,136,2,136,train
MIT-slp67x,MIT-slp67x,MIT-BIH,137,0,137,train
MIT-slp67x,MIT-slp67x,MIT-BIH,138,0,138,train
MIT-slp67x,MIT-slp67x,MIT-BIH,139,0,139,train
MIT-slp67x,MIT-slp67x,MIT-BIH,140,0,140,train
MIT-slp67x,MIT-slp67x,MIT-BIH,141,0,141,train
MIT-slp67x,MIT-slp67x,MIT-BIH,142,0,142,train
MIT-slp67x,MIT-slp67x,MIT-BIH,143,0,143,train
MIT-slp67x,MIT-slp67x,MIT-BIH,144,0,144,train
MIT-slp67x,MIT-slp67x,MIT-BIH,145,0,145,train
MIT-slp67x,MIT-slp67x,MIT-BIH,146,0,146,train
MIT-slp67x,MIT-slp67x,MIT-BIH,147,0,147,train
MIT-slp67x,MIT-slp67x,MIT-BIH,148,0,148,train
MIT-slp67x,MIT-slp67x,MIT-BIH,149,0,149,train
MIT-slp67x,MIT-slp67x,MIT-BIH,150,0,150,train
MIT-slp67x,MIT-slp67x,MIT-BIH,151,0,151,train
MIT-slp67x,MIT-slp67x,MIT-BIH,152,0,152,train
MIT-slp67x,MIT-slp67x,MIT-BIH,153,0,153,train
ISRUC-III-01,ISRUC-III-01,ISRUC-III,0,0,0,train
ISRUC-III-01,ISRUC-III-01,ISRUC-III,1,0,1,train
ISRUC-III-01,ISRUC-III-01,ISRUC-III,2,0,2,train
ISRUC-III-01,ISRUC-III-01,ISRUC-III,3,0,3,train
ISRUC-III-01,ISRUC-III-01,ISRUC-III,4,0,4,train
ISRUC-III-01,ISRUC-III-01,ISRUC-III,5,0,5,train
ISRUC-III-01,ISRUC-III-01,ISRUC-III,6,0,6,train
ISRUC-III-01,ISRUC-III-01,ISRUC-III,7,0,7,train
ISRUC-III-01,ISRUC-III-01,ISRUC-III,8,0,8,train
ISRUC-III-01,ISRUC-III-01,ISRUC-III,9,0,9,train
ISRUC-III-01,ISRUC-III-01,ISRUC-III,10,0,10,train
ISRUC-III-01,ISRUC-III-01,ISRUC-III,11,0,11,train
ISRUC-III-01,ISRUC-III-01,ISRUC-III,12,0,12,train
ISRUC-III-01,ISRUC-III-01,ISRUC-III,13,0,13,train
ISRUC-III-01,ISRUC-III-01,ISRUC-III,14,0,14,train
ISRUC-III-01,ISRUC-III-01,ISRUC-III,15,0,15,train
ISRUC-III-01,ISRUC-III-01,ISRUC-III,16,0,16,train
ISRUC-III-01,ISRUC-III-01,ISRUC-III,17,0,17,train
ISRUC-III-01,ISRUC-III-01,ISRUC-III,18,0,18,train
ISRUC-III-01,ISRUC-III-01,ISRUC-III,19,0,19,train
ISRUC-III-01,ISRUC-III-01,ISRUC-III,20,0,20,train
ISRUC-III-01,ISRUC-III-01,ISRUC-III,21,0,21,train
ISRUC-III-01,ISRUC-III-01,ISRUC-III,22,0,22,train
ISRUC-III-01,ISRUC-III-01,ISRUC-III,23,0,23,train
ISRUC-III-01,ISRUC-III-01,ISRUC-III,24,0,24,train
ISRUC-III-01,ISRUC-III-01,ISRUC-III,25,0,25,train
ISRUC-III-01,ISRUC-III-01,ISRUC-III,26,0,26,train
ISRUC-III-01,ISRUC-III-01,ISRUC-III,27,0,27,train
ISRUC-III-01,ISRUC-III-01,ISRUC-III,28,0,28,train
ISRUC-III-01,ISRUC-III-01,ISRUC-III,29,0,29,train
ISRUC-III-01,ISRUC-III-01,ISRUC-III,30,0,30,train
ISRUC-III-01,ISRUC-III-01,ISRUC-III,31,0,31,train
ISRUC-III-01,ISRUC-III-01,ISRUC-III,32,0,32,train
ISRUC-III-01,ISRUC-III-01,ISRUC-III,33,1,33,train
ISRUC-III-01,ISRUC-III-01,ISRUC-III,34,1,34,train
ISRUC-III-01,ISRUC-III-01,ISRUC-III,35,1,35,train
ISRUC-III-01,ISRUC-III-01,ISRUC-III,36,1,36,train
ISRUC-III-01,ISRUC-III-01,ISRUC-III,37,2,37,train
ISRUC-III-01,ISRUC-III-01,ISRUC-III,38,2,38,train
ISRUC-III-01,ISRUC-III-01,ISRUC-III,39,2,39,train
ISRUC-III-01,ISRUC-III-01,ISRUC-III,40,0,40,train
ISRUC-III-01,ISRUC-III-01,ISRUC-III,41,0,41,train
ISRUC-III-01,ISRUC-III-01,ISRUC-III,42,0,42,train
ISRUC-III-01,ISRUC-III-01,ISRUC-III,43,0,43,train
ISRUC-III-01,ISRUC-III-01,ISRUC-III,44,0,44,train
ISRUC-III-01,ISRUC-III-01,ISRUC-III,45,0,45,train
ISRUC-III-01,ISRUC-III-01,ISRUC-III,46,1,46,train
ISRUC-III-01,ISRUC-III-01,ISRUC-III,47,1,47,train
ISRUC-III-01,ISRUC-III-01,ISRUC-III,48,2,48,train
ISRUC-III-01,ISRUC-III-01,ISRUC-III,49,2,49,train
ISRUC-III-01,ISRUC-III-01,ISRUC-III,50,2,50,train
ISRUC-III-01,ISRUC-III-01,ISRUC-III,51,2,51,train
ISRUC-III-01,ISRUC-III-01,ISRUC-III,52,2,52,train
ISRUC-III-01,ISRUC-III-01,ISRUC-III,53,2,53,train
ISRUC-III-01,ISRUC-III-01,ISRUC-III,54,2,54,train
ISRUC-III-01,ISRUC-III-01,ISRUC-III,55,2,55,train
ISRUC-III-01,ISRUC-III-01,ISRUC-III,56,2,56,train
ISRUC-III-01,ISRUC-III-01,ISRUC-III,57,2,57,train
ISRUC-III-01,ISRUC-III-01,ISRUC-III,58,0,58,train
ISRUC-III-01,ISRUC-III-01,ISRUC-III,59,0,59,train
ISRUC-III-01,ISRUC-III-01,ISRUC-III,60,0,60,train
ISRUC-III-01,ISRUC-III-01,ISRUC-III,61,0,61,train
ISRUC-III-01,ISRUC-III-01,ISRUC-III,62,0,62,train
ISRUC-III-01,ISRUC-III-01,ISRUC-III,63,0,63,train
ISRUC-III-01,ISRUC-III-01,ISRUC-III,64,0,64,train
ISRUC-III-01,ISRUC-III-01,ISRUC-III,65,0,65,train
ISRUC-III-01,ISRUC-III-01,ISRUC-III,66,0,66,train
ISRUC-III-01,ISRUC-III-01,ISRUC-III,67,0,67,train
ISRUC-III-01,ISRUC-III-01,ISRUC-III,68,0,68,train
ISRUC-III-01,ISRUC-III-01,ISRUC-III,69,0,69,train
ISRUC-III-01,ISRUC-III-01,ISRUC-III,70,0,70,train
ISRUC-III-01,ISRUC-III-01,ISRUC-III,71,0,71,train
ISRUC-III-01,ISRUC-III-01,ISRUC-III,72,0,72,train
ISRUC-III-01,ISRUC-III-01,ISRUC-III,73,0,73,train
ISRUC-III-01,ISRUC-III-01,ISRUC-III,74,0,74,train
ISRUC-III-01,ISRUC-III-01,ISRUC-III,75,0,75,train
ISRUC-III-01,ISRUC-III-01,ISRUC-III,76,0,76,train
ISRUC-III-01,ISRUC-III-01,ISRUC-III,77,0,77,train
ISRUC-III-01,ISRUC-III-01,ISRUC-III,78,0,78,train
ISRUC-III-01,ISRUC-III-01,ISRUC-III,79,1,79,train
ISRUC-III-01,ISRUC-III-01,ISRUC-III,80,0,80,train
ISRUC-III-01,ISRUC-III-01,ISRUC-III,81,0,81,train
ISRUC-III-01,ISRUC-III-01,ISRUC-III,82,0,82,train
ISRUC-III-01,ISRUC-III-01,ISRUC-III,83,0,83,train
ISRUC-III-01,ISRUC-III-01,ISRUC-III,84,1,84,train
ISRUC-III-01,ISRUC-III-01,ISRUC-III,85,1,85,train
ISRUC-III-01,ISRUC-III-01,ISRUC-III,86,2,86,train
ISRUC-III-01,ISRUC-III-01,ISRUC-III,87,2,87,train
ISRUC-III-01,ISRUC-III-01,ISRUC-III,88,2,88,train
ISRUC-III-01,ISRUC-III-01,ISRUC-III,89,2,89,train
ISRUC-III-01,ISRUC-III-01,ISRUC-III,90,2,90,train
ISRUC-III-01,ISRUC-III-01,ISRUC-III,91,2,91,train
ISRUC-III-01,ISRUC-III-01,ISRUC-III,92,2,92,train
ISRUC-III-01,ISRUC-III-01,ISRUC-III,93,2,93,train
ISRUC-III-01,ISRUC-III-01,ISRUC-III,94,2,94,train
ISRUC-III-01,ISRUC-III-01,ISRUC-III,95,3,95,train
ISRUC-III-01,ISRUC-III-01,ISRUC-III,96,3,96,train
ISRUC-III-01,ISRUC-III-01,ISRUC-III,97,3,97,train
ISRUC-III-01,ISRUC-III-01,ISRUC-III,98,3,98,train
ISRUC-III-01,ISRUC-III-01,ISRUC-III,99,3,99,train
ISRUC-III-01,ISRUC-III-01,ISRUC-III,100,3,100,train
ISRUC-III-01,ISRUC-III-01,ISRUC-III,101,3,101,train
ISRUC-III-01,ISRUC-III-01,ISRUC-III,102,3,102,train
ISRUC-III-01,ISRUC-III-01,ISRUC-III,103,3,103,train
ISRUC-III-01,ISRUC-III-01,ISRUC-III,104,3,104,train
ISRUC-III-01,ISRUC-III-01,ISRUC-III,105,3,105,train
ISRUC-III-01,ISRUC-III-01,ISRUC-III,106,3,106,train
ISRUC-III-01,ISRUC-III-01,ISRUC-III,107,3,107,train
ISRUC-III-01,ISRUC-III-01,ISRUC-III,108,3,108,train
ISRUC-III-01,ISRUC-III-01,ISRUC-III,109,3,109,train
ISRUC-III-01,ISRUC-III-01,ISRUC-III,110,3,110,train
ISRUC-III-01,ISRUC-III-01,ISRUC-III,111,3,111,train
ISRUC-III-01,ISRUC-III-01,ISRUC-III,112,3,112,train
ISRUC-III-01,ISRUC-III-01,ISRUC-III,113,3,113,train
ISRUC-III-01,ISRUC-III-01,ISRUC-III,114,3,114,train
ISRUC-III-01,ISRUC-III-01,ISRUC-III,115,0,115,train
ISRUC-III-01,ISRUC-III-01,ISRUC-III,116,0,116,train
ISRUC-III-01,ISRUC-III-01,ISRUC-III,117,0,117,train
ISRUC-III-01,ISRUC-III-01,ISRUC-III,118,0,118,train
ISRUC-III-01,ISRUC-III-01,ISRUC-III,119,0,119,train
ISRUC-III-01,ISRUC-III-01,ISRUC-III,120,0,120,train
ISRUC-III-01,ISRUC-III-01,ISRUC-III,121,0,121,train
ISRUC-III-01,ISRUC-III-01,ISRUC-III,122,0,122,train
ISRUC-III-01,ISRUC-III-01,ISRUC-III,123,0,123,train
ISRUC-III-01,ISRUC-III-01,ISRUC-III,124,0,124,train
ISRUC-III-01,ISRUC-III-01,ISRUC-III,125,0,125,train
ISRUC-III-01,ISRUC-III-01,ISRUC-III,126,0,126,train
ISRUC-III-01,ISRUC-III-01,ISRUC-III,127,0,127,train
ISRUC-III-01,ISRUC-III-01,ISRUC-III,128,0,128,train
ISRUC-III-01,ISRUC-III-01,ISRUC-III,129,0,129,train
ISRUC-III-01,ISRUC-III-01,ISRUC-III,130,0,130,train
ISRUC-III-01,ISRUC-III-01,ISRUC-III,131,1,131,train
ISRUC-III-01,ISRUC-III-01,ISRUC-III,132,1,132,train
ISRUC-III-01,ISRUC-III-01,ISRUC-III,133,1,133,train
ISRUC-III-01,ISRUC-III-01,ISRUC-III,134,2,134,train
ISRUC-III-01,ISRUC-III-01,ISRUC-III,135,2,135,train
ISRUC-III-01,ISRUC-III-01,ISRUC-III,136,2,136,train
ISRUC-III-01,ISRUC-III-01,ISRUC-III,137,2,137,train
ISRUC-III-01,ISRUC-III-01,ISRUC-III,138,2,138,train
ISRUC-III-01,ISRUC-III-01,ISRUC-III,139,0,139,train
ISRUC-III-01,ISRUC-III-01,ISRUC-III,140,0,140,train
ISRUC-III-01,ISRUC-III-01,ISRUC-III,141,0,141,train
ISRUC-III-01,ISRUC-III-01,ISRUC-III,142,1,142,train
ISRUC-III-01,ISRUC-III-01,ISRUC-III,143,2,143,train
ISRUC-III-01,ISRUC-III-01,ISRUC-III,144,2,144,train
ISRUC-III-01,ISRUC-III-01,ISRUC-III,145,2,145,train
ISRUC-III-01,ISRUC-III-01,ISRUC-III,146,2,146,train
ISRUC-III-01,ISRUC-III-01,ISRUC-III,147,2,147,train
ISRUC-III-01,ISRUC-III-01,ISRUC-III,148,2,148,train
ISRUC-III-01,ISRUC-III-01,ISRUC-III,149,2,149,train
ISRUC-III-01,ISRUC-III-01,ISRUC-III,150,2,150,train
ISRUC-III-01,ISRUC-III-01,ISRUC-III,151,2,151,train
ISRUC-III-01,ISRUC-III-01,ISRUC-III,152,2,152,train
ISRUC-III-01,ISRUC-III-01,ISRUC-III,153,2,153,train
ISRUC-III-01,ISRUC-III-01,ISRUC-III,154,2,154,train
ISRUC-III-01,ISRUC-III-01,ISRUC-III,155,3,155,train
ISRUC-III-01,ISRUC-III-01,ISRUC-III,156,3,156,train
ISRUC-III-01,ISRUC-III-01,ISRUC-III,157,3,157,train
ISRUC-III-01,ISRUC-III-01,ISRUC-III,158,3,158,train
ISRUC-III-01,ISRUC-III-01,ISRUC-III,159,0,159,train
ISRUC-III-01,ISRUC-III-01,ISRUC-III,160,1,160,train
ISRUC-III-01,ISRUC-III-01,ISRUC-III,161,2,161,train
ISRUC-III-01,ISRUC-III-01,ISRUC-III,162,2,162,train
ISRUC-III-01,ISRUC-III-01,ISRUC-III,163,2,163,train
ISRUC-III-01,ISRUC-III-01,ISRUC-III,164,2,164,train
ISRUC-III-01,ISRUC-III-01,ISRUC-III,165,2,165,train
ISRUC-III-01,ISRUC-III-01,ISRUC-III,166,2,166,train
ISRUC-III-01,ISRUC-III-01,ISRUC-III,167,0,167,train
ISRUC-III-01,ISRUC-III-01,ISRUC-III,168,1,168,train
ISRUC-III-01,ISRUC-III-01,ISRUC-III,169,0,169,train
ISRUC-III-01,ISRUC-III-01,ISRUC-III,170,1,170,train
ISRUC-III-01,ISRUC-III-01,ISRUC-III,171,0,171,train
ISRUC-III-01,ISRUC-III-01,ISRUC-III,172,1,172,train
ISRUC-III-01,ISRUC-III-01,ISRUC-III,173,2,173,train
ISRUC-III-01,ISRUC-III-01,ISRUC-III,174,2,174,train
ISRUC-III-01,ISRUC-III-01,ISRUC-III,175,1,175,train
ISRUC-III-01,ISRUC-III-01,ISRUC-III,176,0,176,train
ISRUC-III-01,ISRUC-III-01,ISRUC-III,177,1,177,train
ISRUC-III-01,ISRUC-III-01,ISRUC-III,178,1,178,train
ISRUC-III-01,ISRUC-III-01,ISRUC-III,179,1,179,train
ISRUC-III-01,ISRUC-III-01,ISRUC-III,180,0,180,train
ISRUC-III-01,ISRUC-III-01,ISRUC-III,181,0,181,train
ISRUC-III-01,ISRUC-III-01,ISRUC-III,182,0,182,train
ISRUC-III-01,ISRUC-III-01,ISRUC-III,183,0,183,train
ISRUC-III-01,ISRUC-III-01,ISRUC-III,184,0,184,train
ISRUC-III-01,ISRUC-III-01,ISRUC-III,185,0,185,train
ISRUC-III-01,ISRUC-III-01,ISRUC-III,186,0,186,train
ISRUC-III-01,ISRUC-III-01,ISRUC-III,187,0,187,train
ISRUC-III-01,ISRUC-III-01,ISRUC-III,188,0,188,train
ISRUC-III-01,ISRUC-III-01,ISRUC-III,189,0,189,train
ISRUC-III-01,ISRUC-III-01,ISRUC-III,190,1,190,train
ISRUC-III-01,ISRUC-III-01,ISRUC-III,191,1,191,train
ISRUC-III-01,ISRUC-III-01,ISRUC-III,192,1,192,train
ISRUC-III-01,ISRUC-III-01,ISRUC-III,193,2,193,train
ISRUC-III-01,ISRUC-III-01,ISRUC-III,194,2,194,train
ISRUC-III-01,ISRUC-III-01,ISRUC-III,195,2,195,train
ISRUC-III-01,ISRUC-III-01,ISRUC-III,196,2,196,train
ISRUC-III-01,ISRUC-III-01,ISRUC-III,197,2,197,train
ISRUC-III-01,ISRUC-III-01,ISRUC-III,198,2,198,train
ISRUC-III-01,ISRUC-III-01,ISRUC-III,199,2,199,train
ISRUC-III-01,ISRUC-III-01,ISRUC-III,200,2,200,train
ISRUC-III-01,ISRUC-III-01,ISRUC-III,201,3,201,train
ISRUC-III-01,ISRUC-III-01,ISRUC-III,202,3,202,train
ISRUC-III-01,ISRUC-III-01,ISRUC-III,203,3,203,train
ISRUC-III-01,ISRUC-III-01,ISRUC-III,204,3,204,train
ISRUC-III-01,ISRUC-III-01,ISRUC-III,205,2,205,train
ISRUC-III-01,ISRUC-III-01,ISRUC-III,206,3,206,train
ISRUC-III-01,ISRUC-III-01,ISRUC-III,207,3,207,train
ISRUC-III-01,ISRUC-III-01,ISRUC-III,208,3,208,train
ISRUC-III-01,ISRUC-III-01,ISRUC-III,209,3,209,train
ISRUC-III-01,ISRUC-III-01,ISRUC-III,210,3,210,train
ISRUC-III-01,ISRUC-III-01,ISRUC-III,211,3,211,train
ISRUC-III-01,ISRUC-III-01,ISRUC-III,212,0,212,train
ISRUC-III-01,ISRUC-III-01,ISRUC-III,213,1,213,train
ISRUC-III-01,ISRUC-III-01,ISRUC-III,214,2,214,train
ISRUC-III-01,ISRUC-III-01,ISRUC-III,215,2,215,train
ISRUC-III-01,ISRUC-III-01,ISRUC-III,216,2,216,train
ISRUC-III-01,ISRUC-III-01,ISRUC-III,217,2,217,train
ISRUC-III-01,ISRUC-III-01,ISRUC-III,218,3,218,train
ISRUC-III-01,ISRUC-III-01,ISRUC-III,219,3,219,train
ISRUC-III-01,ISRUC-III-01,ISRUC-III,220,3,220,train
ISRUC-III-01,ISRUC-III-01,ISRUC-III,221,3,221,train
ISRUC-III-01,ISRUC-III-01,ISRUC-III,222,3,222,train
ISRUC-III-01,ISRUC-III-01,ISRUC-III,223,3,223,train
ISRUC-III-01,ISRUC-III-01,ISRUC-III,224,3,224,train
ISRUC-III-01,ISRUC-III-01,ISRUC-III,225,3,225,train
ISRUC-III-01,ISRUC-III-01,ISRUC-III,226,3,226,train
ISRUC-III-01,ISRUC-III-01,ISRUC-III,227,3,227,train
ISRUC-III-01,ISRUC-III-01,ISRUC-III,228,3,228,train
ISRUC-III-01,ISRUC-III-01,ISRUC-III,229,3,229,train
ISRUC-III-01,ISRUC-III-01,ISRUC-III,230,3,230,train
ISRUC-III-01,ISRUC-III-01,ISRUC-III,231,3,231,train
ISRUC-III-01,ISRUC-III-01,ISRUC-III,232,3,232,train
ISRUC-III-01,ISRUC-III-01,ISRUC-III,233,2,233,train
ISRUC-III-01,ISRUC-III-01,ISRUC-III,234,3,234,train
ISRUC-III-01,ISRUC-III-01,ISRUC-III,235,3,235,train
ISRUC-III-01,ISRUC-III-01,ISRUC-III,236,3,236,train
ISRUC-III-01,ISRUC-III-01,ISRUC-III,237,3,237,train
ISRUC-III-01,ISRUC-III-01,ISRUC-III,238,3,238,train
ISRUC-III-01,ISRUC-III-01,ISRUC-III,239,3,239,train
ISRUC-III-01,ISRUC-III-01,ISRUC-III,240,3,240,train
ISRUC-III-01,ISRUC-III-01,ISRUC-III,241,3,241,train
ISRUC-III-01,ISRUC-III-01,ISRUC-III,242,3,242,train
ISRUC-III-01,ISRUC-III-01,ISRUC-III,243,3,243,train
ISRUC-III-01,ISRUC-III-01,ISRUC-III,244,3,244,train
ISRUC-III-01,ISRUC-III-01,ISRUC-III,245,3,245,train
ISRUC-III-01,ISRUC-III-01,ISRUC-III,246,3,246,train
ISRUC-III-01,ISRUC-III-01,ISRUC-III,247,3,247,train
ISRUC-III-01,ISRUC-III-01,ISRUC-III,248,3,248,train
ISRUC-III-01,ISRUC-III-01,ISRUC-III,249,3,249,train
ISRUC-III-01,ISRUC-III-01,ISRUC-III,250,3,250,train
ISRUC-III-01,ISRUC-III-01,ISRUC-III,251,3,251,train
ISRUC-III-01,ISRUC-III-01,ISRUC-III,252,3,252,train
ISRUC-III-01,ISRUC-III-01,ISRUC-III,253,3,253,train
ISRUC-III-01,ISRUC-III-01,ISRUC-III,254,3,254,train
ISRUC-III-01,ISRUC-III-01,ISRUC-III,255,3,255,train
ISRUC-III-01,ISRUC-III-01,ISRUC-III,256,3,256,train
ISRUC-III-01,ISRUC-III-01,ISRUC-III,257,3,257,train
ISRUC-III-01,ISRUC-III-01,ISRUC-III,258,3,258,train
ISRUC-III-01,ISRUC-III-01,ISRUC-III,259,0,259,train
ISRUC-III-01,ISRUC-III-01,ISRUC-III,260,2,260,train
ISRUC-III-01,ISRUC-III-01,ISRUC-III,261,1,261,train
ISRUC-III-01,ISRUC-III-01,ISRUC-III,262,1,262,train
ISRUC-III-01,ISRUC-III-01,ISRUC-III,263,1,263,train
ISRUC-III-01,ISRUC-III-01,ISRUC-III,264,1,264,train
ISRUC-III-01,ISRUC-III-01,ISRUC-III,265,2,265,train
ISRUC-III-01,ISRUC-III-01,ISRUC-III,266,2,266,train
ISRUC-III-01,ISRUC-III-01,ISRUC-III,267,2,267,train
ISRUC-III-01,ISRUC-III-01,ISRUC-III,268,2,268,train
ISRUC-III-01,ISRUC-III-01,ISRUC-III,269,2,269,train
ISRUC-III-01,ISRUC-III-01,ISRUC-III,270,2,270,train
ISRUC-III-01,ISRUC-III-01,ISRUC-III,271,2,271,train
ISRUC-III-01,ISRUC-III-01,ISRUC-III,272,2,272,train
ISRUC-III-01,ISRUC-III-01,ISRUC-III,273,2,273,train
ISRUC-III-01,ISRUC-III-01,ISRUC-III,274,2,274,train
ISRUC-III-01,ISRUC-III-01,ISRUC-III,275,2,275,train
ISRUC-III-01,ISRUC-III-01,ISRUC-III,276,2,276,train
ISRUC-III-01,ISRUC-III-01,ISRUC-III,277,2,277,train
ISRUC-III-01,ISRUC-III-01,ISRUC-III,278,2,278,train
ISRUC-III-01,ISRUC-III-01,ISRUC-III,279,2,279,train
ISRUC-III-01,ISRUC-III-01,ISRUC-III,280,2,280,train
ISRUC-III-01,ISRUC-III-01,ISRUC-III,281,2,281,train
ISRUC-III-01,ISRUC-III-01,ISRUC-III,282,2,282,train
ISRUC-III-01,ISRUC-III-01,ISRUC-III,283,2,283,train
ISRUC-III-01,ISRUC-III-01,ISRUC-III,284,2,284,train
ISRUC-III-01,ISRUC-III-01,ISRUC-III,285,2,285,train
ISRUC-III-01,ISRUC-III-01,ISRUC-III,286,0,286,train
ISRUC-III-01,ISRUC-III-01,ISRUC-III,287,1,287,train
ISRUC-III-01,ISRUC-III-01,ISRUC-III,288,1,288,train
ISRUC-III-01,ISRUC-III-01,ISRUC-III,289,1,289,train
ISRUC-III-01,ISRUC-III-01,ISRUC-III,290,2,290,train
ISRUC-III-01,ISRUC-III-01,ISRUC-III,291,2,291,train
ISRUC-III-01,ISRUC-III-01,ISRUC-III,292,2,292,train
ISRUC-III-01,ISRUC-III-01,ISRUC-III,293,2,293,train
ISRUC-III-01,ISRUC-III-01,ISRUC-III,294,4,294,train
ISRUC-III-01,ISRUC-III-01,ISRUC-III,295,4,295,train
ISRUC-III-01,ISRUC-III-01,ISRUC-III,296,4,296,train
ISRUC-III-01,ISRUC-III-01,ISRUC-III,297,4,297,train
ISRUC-III-01,ISRUC-III-01,ISRUC-III,298,4,298,train
ISRUC-III-01,ISRUC-III-01,ISRUC-III,299,4,299,train
ISRUC-III-01,ISRUC-III-01,ISRUC-III,300,4,300,train
ISRUC-III-01,ISRUC-III-01,ISRUC-III,301,1,301,train
ISRUC-III-01,ISRUC-III-01,ISRUC-III,302,1,302,train
ISRUC-III-01,ISRUC-III-01,ISRUC-III,303,1,303,train
ISRUC-III-01,ISRUC-III-01,ISRUC-III,304,2,304,train
ISRUC-III-01,ISRUC-III-01,ISRUC-III,305,2,305,train
ISRUC-III-01,ISRUC-III-01,ISRUC-III,306,1,306,train
ISRUC-III-01,ISRUC-III-01,ISRUC-III,307,1,307,train
ISRUC-III-01,ISRUC-III-01,ISRUC-III,308,4,308,train
ISRUC-III-01,ISRUC-III-01,ISRUC-III,309,4,309,train
ISRUC-III-01,ISRUC-III-01,ISRUC-III,310,4,310,train
ISRUC-III-01,ISRUC-III-01,ISRUC-III,311,1,311,train
ISRUC-III-01,ISRUC-III-01,ISRUC-III,312,1,312,train
ISRUC-III-01,ISRUC-III-01,ISRUC-III,313,0,313,train
ISRUC-III-01,ISRUC-III-01,ISRUC-III,314,1,314,train
ISRUC-III-01,ISRUC-III-01,ISRUC-III,315,1,315,train
ISRUC-III-01,ISRUC-III-01,ISRUC-III,316,2,316,train
ISRUC-III-01,ISRUC-III-01,ISRUC-III,317,2,317,train
ISRUC-III-01,ISRUC-III-01,ISRUC-III,318,2,318,train
ISRUC-III-01,ISRUC-III-01,ISRUC-III,319,2,319,train
ISRUC-III-01,ISRUC-III-01,ISRUC-III,320,0,320,train
ISRUC-III-01,ISRUC-III-01,ISRUC-III,321,0,321,train
ISRUC-III-01,ISRUC-III-01,ISRUC-III,322,0,322,train
ISRUC-III-01,ISRUC-III-01,ISRUC-III,323,0,323,train
ISRUC-III-01,ISRUC-III-01,ISRUC-III,324,1,324,train
ISRUC-III-01,ISRUC-III-01,ISRUC-III,325,1,325,train
ISRUC-III-01,ISRUC-III-01,ISRUC-III,326,1,326,train
ISRUC-III-01,ISRUC-III-01,ISRUC-III,327,1,327,train
ISRUC-III-01,ISRUC-III-01,ISRUC-III,328,2,328,train
ISRUC-III-01,ISRUC-III-01,ISRUC-III,329,2,329,train
ISRUC-III-01,ISRUC-III-01,ISRUC-III,330,2,330,train
ISRUC-III-01,ISRUC-III-01,ISRUC-III,331,2,331,train
ISRUC-III-01,ISRUC-III-01,ISRUC-III,332,2,332,train
ISRUC-III-01,ISRUC-III-01,ISRUC-III,333,2,333,train
ISRUC-III-01,ISRUC-III-01,ISRUC-III,334,2,334,train
ISRUC-III-01,ISRUC-III-01,ISRUC-III,335,2,335,train
ISRUC-III-01,ISRUC-III-01,ISRUC-III,336,2,336,train
ISRUC-III-01,ISRUC-III-01,ISRUC-III,337,0,337,train
ISRUC-III-01,ISRUC-III-01,ISRUC-III,338,2,338,train
ISRUC-III-01,ISRUC-III-01,ISRUC-III,339,2,339,train
ISRUC-III-01,ISRUC-III-01,ISRUC-III,340,1,340,train
ISRUC-III-01,ISRUC-III-01,ISRUC-III,341,2,341,train
ISRUC-III-01,ISRUC-III-01,ISRUC-III,342,2,342,train
ISRUC-III-01,ISRUC-III-01,ISRUC-III,343,2,343,train
ISRUC-III-01,ISRUC-III-01,ISRUC-III,344,2,344,train
ISRUC-III-01,ISRUC-III-01,ISRUC-III,345,2,345,train
ISRUC-III-01,ISRUC-III-01,ISRUC-III,346,2,346,train
ISRUC-III-01,ISRUC-III-01,ISRUC-III,347,2,347,train
ISRUC-III-01,ISRUC-III-01,ISRUC-III,348,2,348,train
ISRUC-III-01,ISRUC-III-01,ISRUC-III,349,3,349,train
ISRUC-III-01,ISRUC-III-01,ISRUC-III,350,2,350,train
ISRUC-III-01,ISRUC-III-01,ISRUC-III,351,3,351,train
ISRUC-III-01,ISRUC-III-01,ISRUC-III,352,3,352,train
ISRUC-III-01,ISRUC-III-01,ISRUC-III,353,3,353,train
ISRUC-III-01,ISRUC-III-01,ISRUC-III,354,3,354,train
ISRUC-III-01,ISRUC-III-01,ISRUC-III,355,3,355,train
ISRUC-III-01,ISRUC-III-01,ISRUC-III,356,3,356,train
ISRUC-III-01,ISRUC-III-01,ISRUC-III,357,3,357,train
ISRUC-III-01,ISRUC-III-01,ISRUC-III,358,3,358,train
ISRUC-III-01,ISRUC-III-01,ISRUC-III,359,3,359,train
ISRUC-III-01,ISRUC-III-01,ISRUC-III,360,3,360,train
ISRUC-III-01,ISRUC-III-01,ISRUC-III,361,3,361,train
ISRUC-III-01,ISRUC-III-01,ISRUC-III,362,3,362,train
ISRUC-III-01,ISRUC-III-01,ISRUC-III,363,3,363,train
ISRUC-III-01,ISRUC-III-01,ISRUC-III,364,3,364,train
ISRUC-III-01,ISRUC-III-01,ISRUC-III,365,3,365,train
ISRUC-III-01,ISRUC-III-01,ISRUC-III,366,3,366,train
ISRUC-III-01,ISRUC-III-01,ISRUC-III,367,3,367,train
ISRUC-III-01,ISRUC-III-01,ISRUC-III,368,3,368,train
ISRUC-III-01,ISRUC-III-01,ISRUC-III,369,3,369,train
ISRUC-III-01,ISRUC-III-01,ISRUC-III,370,3,370,train
ISRUC-III-01,ISRUC-III-01,ISRUC-III,371,3,371,train
ISRUC-III-01,ISRUC-III-01,ISRUC-III,372,3,372,train
ISRUC-III-01,ISRUC-III-01,ISRUC-III,373,3,373,train
ISRUC-III-01,ISRUC-III-01,ISRUC-III,374,3,374,train
ISRUC-III-01,ISRUC-III-01,ISRUC-III,375,3,375,train
ISRUC-III-01,ISRUC-III-01,ISRUC-III,376,3,376,train
ISRUC-III-01,ISRUC-III-01,ISRUC-III,377,3,377,train
ISRUC-III-01,ISRUC-III-01,ISRUC-III,378,3,378,train
ISRUC-III-01,ISRUC-III-01,ISRUC-III,379,3,379,train
ISRUC-III-01,ISRUC-III-01,ISRUC-III,380,3,380,train
ISRUC-III-01,ISRUC-III-01,ISRUC-III,381,3,381,train
ISRUC-III-01,ISRUC-III-01,ISRUC-III,382,3,382,train
ISRUC-III-01,ISRUC-III-01,ISRUC-III,383,3,383,train
ISRUC-III-01,ISRUC-III-01,ISRUC-III,384,3,384,train
ISRUC-III-01,ISRUC-III-01,ISRUC-III,385,3,385,train
ISRUC-III-01,ISRUC-III-01,ISRUC-III,386,0,386,train
ISRUC-III-01,ISRUC-III-01,ISRUC-III,387,0,387,train
ISRUC-III-01,ISRUC-III-01,ISRUC-III,388,1,388,train
ISRUC-III-01,ISRUC-III-01,ISRUC-III,389,1,389,train
ISRUC-III-01,ISRUC-III-01,ISRUC-III,390,2,390,train
ISRUC-III-01,ISRUC-III-01,ISRUC-III,391,2,391,train
ISRUC-III-01,ISRUC-III-01,ISRUC-III,392,2,392,train
ISRUC-III-01,ISRUC-III-01,ISRUC-III,393,2,393,train
ISRUC-III-01,ISRUC-III-01,ISRUC-III,394,2,394,train
ISRUC-III-01,ISRUC-III-01,ISRUC-III,395,2,395,train
ISRUC-III-01,ISRUC-III-01,ISRUC-III,396,2,396,train
ISRUC-III-01,ISRUC-III-01,ISRUC-III,397,2,397,train
ISRUC-III-01,ISRUC-III-01,ISRUC-III,398,2,398,train
ISRUC-III-01,ISRUC-III-01,ISRUC-III,399,2,399,train
ISRUC-III-01,ISRUC-III-01,ISRUC-III,400,2,400,train
ISRUC-III-01,ISRUC-III-01,ISRUC-III,401,2,401,train
ISRUC-III-01,ISRUC-III-01,ISRUC-III,402,2,402,train
ISRUC-III-01,ISRUC-III-01,ISRUC-III,403,2,403,train
ISRUC-III-01,ISRUC-III-01,ISRUC-III,404,2,404,train
ISRUC-III-01,ISRUC-III-01,ISRUC-III,405,2,405,train
ISRUC-III-01,ISRUC-III-01,ISRUC-III,406,2,406,train
ISRUC-III-01,ISRUC-III-01,ISRUC-III,407,2,407,train
ISRUC-III-01,ISRUC-III-01,ISRUC-III,408,2,408,train
ISRUC-III-01,ISRUC-III-01,ISRUC-III,409,2,409,train
ISRUC-III-01,ISRUC-III-01,ISRUC-III,410,2,410,train
ISRUC-III-01,ISRUC-III-01,ISRUC-III,411,2,411,train
ISRUC-III-01,ISRUC-III-01,ISRUC-III,412,2,412,train
ISRUC-III-01,ISRUC-III-01,ISRUC-III,413,2,413,train
ISRUC-III-01,ISRUC-III-01,ISRUC-III,414,2,414,train
ISRUC-III-01,ISRUC-III-01,ISRUC-III,415,2,415,train
ISRUC-III-01,ISRUC-III-01,ISRUC-III,416,2,416,train
ISRUC-III-01,ISRUC-III-01,ISRUC-III,417,2,417,train
ISRUC-III-01,ISRUC-III-01,ISRUC-III,418,2,418,train
ISRUC-III-01,ISRUC-III-01,ISRUC-III,419,2,419,train
ISRUC-III-01,ISRUC-III-01,ISRUC-III,420,2,420,train
ISRUC-III-01,ISRUC-III-01,ISRUC-III,421,2,421,train
ISRUC-III-01,ISRUC-III-01,ISRUC-III,422,0,422,train
ISRUC-III-01,ISRUC-III-01,ISRUC-III,423,1,423,train
ISRUC-III-01,ISRUC-III-01,ISRUC-III,424,1,424,train
ISRUC-III-01,ISRUC-III-01,ISRUC-III,425,1,425,train
ISRUC-III-01,ISRUC-III-01,ISRUC-III,426,2,426,train
ISRUC-III-01,ISRUC-III-01,ISRUC-III,427,2,427,train
ISRUC-III-01,ISRUC-III-01,ISRUC-III,428,2,428,train
ISRUC-III-01,ISRUC-III-01,ISRUC-III,429,2,429,train
ISRUC-III-01,ISRUC-III-01,ISRUC-III,430,2,430,train
ISRUC-III-01,ISRUC-III-01,ISRUC-III,431,2,431,train
ISRUC-III-01,ISRUC-III-01,ISRUC-III,432,2,432,train
ISRUC-III-01,ISRUC-III-01,ISRUC-III,433,0,433,train
ISRUC-III-01,ISRUC-III-01,ISRUC-III,434,0,434,train
ISRUC-III-01,ISRUC-III-01,ISRUC-III,435,1,435,train
ISRUC-III-01,ISRUC-III-01,ISRUC-III,436,0,436,train
ISRUC-III-01,ISRUC-III-01,ISRUC-III,437,1,437,train
ISRUC-III-01,ISRUC-III-01,ISRUC-III,438,2,438,train
ISRUC-III-01,ISRUC-III-01,ISRUC-III,439,2,439,train
ISRUC-III-01,ISRUC-III-01,ISRUC-III,440,2,440,train
ISRUC-III-01,ISRUC-III-01,ISRUC-III,441,2,441,train
ISRUC-III-01,ISRUC-III-01,ISRUC-III,442,2,442,train
ISRUC-III-01,ISRUC-III-01,ISRUC-III,443,0,443,train
ISRUC-III-01,ISRUC-III-01,ISRUC-III,444,1,444,train
ISRUC-III-01,ISRUC-III-01,ISRUC-III,445,0,445,train
ISRUC-III-01,ISRUC-III-01,ISRUC-III,446,0,446,train
ISRUC-III-01,ISRUC-III-01,ISRUC-III,447,1,447,train
ISRUC-III-01,ISRUC-III-01,ISRUC-III,448,0,448,train
ISRUC-III-01,ISRUC-III-01,ISRUC-III,449,0,449,train
ISRUC-III-01,ISRUC-III-01,ISRUC-III,450,1,450,train
ISRUC-III-01,ISRUC-III-01,ISRUC-III,451,2,451,train
ISRUC-III-01,ISRUC-III-01,ISRUC-III,452,2,452,train
ISRUC-III-01,ISRUC-III-01,ISRUC-III,453,2,453,train
ISRUC-III-01,ISRUC-III-01,ISRUC-III,454,2,454,train
ISRUC-III-01,ISRUC-III-01,ISRUC-III,455,2,455,train
ISRUC-III-01,ISRUC-III-01,ISRUC-III,456,2,456,train
ISRUC-III-01,ISRUC-III-01,ISRUC-III,457,2,457,train
ISRUC-III-01,ISRUC-III-01,ISRUC-III,458,2,458,train
ISRUC-III-01,ISRUC-III-01,ISRUC-III,459,2,459,train
ISRUC-III-01,ISRUC-III-01,ISRUC-III,460,0,460,train
ISRUC-III-01,ISRUC-III-01,ISRUC-III,461,1,461,train
ISRUC-III-01,ISRUC-III-01,ISRUC-III,462,1,462,train
ISRUC-III-01,ISRUC-III-01,ISRUC-III,463,1,463,train
ISRUC-III-01,ISRUC-III-01,ISRUC-III,464,2,464,train
ISRUC-III-01,ISRUC-III-01,ISRUC-III,465,2,465,train
ISRUC-III-01,ISRUC-III-01,ISRUC-III,466,2,466,train
ISRUC-III-01,ISRUC-III-01,ISRUC-III,467,2,467,train
ISRUC-III-01,ISRUC-III-01,ISRUC-III,468,0,468,train
ISRUC-III-01,ISRUC-III-01,ISRUC-III,469,0,469,train
ISRUC-III-01,ISRUC-III-01,ISRUC-III,470,1,470,train
ISRUC-III-01,ISRUC-III-01,ISRUC-III,471,2,471,train
ISRUC-III-01,ISRUC-III-01,ISRUC-III,472,2,472,train
ISRUC-III-01,ISRUC-III-01,ISRUC-III,473,2,473,train
ISRUC-III-01,ISRUC-III-01,ISRUC-III,474,2,474,train
ISRUC-III-01,ISRUC-III-01,ISRUC-III,475,2,475,train
ISRUC-III-01,ISRUC-III-01,ISRUC-III,476,2,476,train
ISRUC-III-01,ISRUC-III-01,ISRUC-III,477,2,477,train
ISRUC-III-01,ISRUC-III-01,ISRUC-III,478,2,478,train
ISRUC-III-01,ISRUC-III-01,ISRUC-III,479,2,479,train
ISRUC-III-01,ISRUC-III-01,ISRUC-III,480,2,480,train
ISRUC-III-01,ISRUC-III-01,ISRUC-III,481,2,481,train
ISRUC-III-01,ISRUC-III-01,ISRUC-III,482,2,482,train
ISRUC-III-01,ISRUC-III-01,ISRUC-III,483,2,483,train
ISRUC-III-01,ISRUC-III-01,ISRUC-III,484,4,484,train
ISRUC-III-01,ISRUC-III-01,ISRUC-III,485,4,485,train
ISRUC-III-01,ISRUC-III-01,ISRUC-III,486,4,486,train
ISRUC-III-01,ISRUC-III-01,ISRUC-III,487,4,487,train
ISRUC-III-01,ISRUC-III-01,ISRUC-III,488,4,488,train
ISRUC-III-01,ISRUC-III-01,ISRUC-III,489,4,489,train
ISRUC-III-01,ISRUC-III-01,ISRUC-III,490,4,490,train
ISRUC-III-01,ISRUC-III-01,ISRUC-III,491,4,491,train
ISRUC-III-01,ISRUC-III-01,ISRUC-III,492,4,492,train
ISRUC-III-01,ISRUC-III-01,ISRUC-III,493,4,493,train
ISRUC-III-01,ISRUC-III-01,ISRUC-III,494,4,494,train
ISRUC-III-01,ISRUC-III-01,ISRUC-III,495,4,495,train
ISRUC-III-01,ISRUC-III-01,ISRUC-III,496,4,496,train
ISRUC-III-01,ISRUC-III-01,ISRUC-III,497,4,497,train
ISRUC-III-01,ISRUC-III-01,ISRUC-III,498,4,498,train
ISRUC-III-01,ISRUC-III-01,ISRUC-III,499,4,499,train
ISRUC-III-01,ISRUC-III-01,ISRUC-III,500,4,500,train
ISRUC-III-01,ISRUC-III-01,ISRUC-III,501,4,501,train
ISRUC-III-01,ISRUC-III-01,ISRUC-III,502,4,502,train
ISRUC-III-01,ISRUC-III-01,ISRUC-III,503,4,503,train
ISRUC-III-01,ISRUC-III-01,ISRUC-III,504,4,504,train
ISRUC-III-01,ISRUC-III-01,ISRUC-III,505,4,505,train
ISRUC-III-01,ISRUC-III-01,ISRUC-III,506,4,506,train
ISRUC-III-01,ISRUC-III-01,ISRUC-III,507,4,507,train
ISRUC-III-01,ISRUC-III-01,ISRUC-III,508,4,508,train
ISRUC-III-01,ISRUC-III-01,ISRUC-III,509,4,509,train
ISRUC-III-01,ISRUC-III-01,ISRUC-III,510,4,510,train
ISRUC-III-01,ISRUC-III-01,ISRUC-III,511,4,511,train
ISRUC-III-01,ISRUC-III-01,ISRUC-III,512,4,512,train
ISRUC-III-01,ISRUC-III-01,ISRUC-III,513,4,513,train
ISRUC-III-01,ISRUC-III-01,ISRUC-III,514,4,514,train
ISRUC-III-01,ISRUC-III-01,ISRUC-III,515,4,515,train
ISRUC-III-01,ISRUC-III-01,ISRUC-III,516,4,516,train
ISRUC-III-01,ISRUC-III-01,ISRUC-III,517,4,517,train
ISRUC-III-01,ISRUC-III-01,ISRUC-III,518,4,518,train
ISRUC-III-01,ISRUC-III-01,ISRUC-III,519,4,519,train
ISRUC-III-01,ISRUC-III-01,ISRUC-III,520,4,520,train
ISRUC-III-01,ISRUC-III-01,ISRUC-III,521,4,521,train
ISRUC-III-01,ISRUC-III-01,ISRUC-III,522,4,522,train
ISRUC-III-01,ISRUC-III-01,ISRUC-III,523,4,523,train
ISRUC-III-01,ISRUC-III-01,ISRUC-III,524,4,524,train
ISRUC-III-01,ISRUC-III-01,ISRUC-III,525,0,525,train
ISRUC-III-01,ISRUC-III-01,ISRUC-III,526,0,526,train
ISRUC-III-01,ISRUC-III-01,ISRUC-III,527,0,527,train
ISRUC-III-01,ISRUC-III-01,ISRUC-III,528,0,528,train
ISRUC-III-01,ISRUC-III-01,ISRUC-III,529,1,529,train
ISRUC-III-01,ISRUC-III-01,ISRUC-III,530,1,530,train
ISRUC-III-01,ISRUC-III-01,ISRUC-III,531,1,531,train
ISRUC-III-01,ISRUC-III-01,ISRUC-III,532,1,532,train
ISRUC-III-01,ISRUC-III-01,ISRUC-III,533,1,533,train
ISRUC-III-01,ISRUC-III-01,ISRUC-III,534,2,534,train
ISRUC-III-01,ISRUC-III-01,ISRUC-III,535,2,535,train
ISRUC-III-01,ISRUC-III-01,ISRUC-III,536,1,536,train
ISRUC-III-01,ISRUC-III-01,ISRUC-III,537,2,537,train
ISRUC-III-01,ISRUC-III-01,ISRUC-III,538,2,538,train
ISRUC-III-01,ISRUC-III-01,ISRUC-III,539,2,539,train
ISRUC-III-01,ISRUC-III-01,ISRUC-III,540,2,540,train
ISRUC-III-01,ISRUC-III-01,ISRUC-III,541,2,541,train
ISRUC-III-01,ISRUC-III-01,ISRUC-III,542,2,542,train
ISRUC-III-01,ISRUC-III-01,ISRUC-III,543,2,543,train
ISRUC-III-01,ISRUC-III-01,ISRUC-III,544,2,544,train
ISRUC-III-01,ISRUC-III-01,ISRUC-III,545,0,545,train
ISRUC-III-01,ISRUC-III-01,ISRUC-III,546,0,546,train
ISRUC-III-01,ISRUC-III-01,ISRUC-III,547,1,547,train
ISRUC-III-01,ISRUC-III-01,ISRUC-III,548,2,548,train
ISRUC-III-01,ISRUC-III-01,ISRUC-III,549,2,549,train
ISRUC-III-01,ISRUC-III-01,ISRUC-III,550,2,550,train
ISRUC-III-01,ISRUC-III-01,ISRUC-III,551,2,551,train
ISRUC-III-01,ISRUC-III-01,ISRUC-III,552,2,552,train
ISRUC-III-01,ISRUC-III-01,ISRUC-III,553,2,553,train
ISRUC-III-01,ISRUC-III-01,ISRUC-III,554,2,554,train
ISRUC-III-01,ISRUC-III-01,ISRUC-III,555,2,555,train
ISRUC-III-01,ISRUC-III-01,ISRUC-III,556,2,556,train
ISRUC-III-01,ISRUC-III-01,ISRUC-III,557,2,557,train
ISRUC-III-01,ISRUC-III-01,ISRUC-III,558,2,558,train
ISRUC-III-01,ISRUC-III-01,ISRUC-III,559,2,559,train
ISRUC-III-01,ISRUC-III-01,ISRUC-III,560,2,560,train
ISRUC-III-01,ISRUC-III-01,ISRUC-III,561,2,561,train
ISRUC-III-01,ISRUC-III-01,ISRUC-III,562,2,562,train
ISRUC-III-01,ISRUC-III-01,ISRUC-III,563,2,563,train
ISRUC-III-01,ISRUC-III-01,ISRUC-III,564,2,564,train
ISRUC-III-01,ISRUC-III-01,ISRUC-III,565,2,565,train
ISRUC-III-01,ISRUC-III-01,ISRUC-III,566,2,566,train
ISRUC-III-01,ISRUC-III-01,ISRUC-III,567,2,567,train
ISRUC-III-01,ISRUC-III-01,ISRUC-III,568,2,568,train
ISRUC-III-01,ISRUC-III-01,ISRUC-III,569,2,569,train
ISRUC-III-01,ISRUC-III-01,ISRUC-III,570,2,570,train
ISRUC-III-01,ISRUC-III-01,ISRUC-III,571,3,571,train
ISRUC-III-01,ISRUC-III-01,ISRUC-III,572,3,572,train
ISRUC-III-01,ISRUC-III-01,ISRUC-III,573,3,573,train
ISRUC-III-01,ISRUC-III-01,ISRUC-III,574,3,574,train
ISRUC-III-01,ISRUC-III-01,ISRUC-III,575,3,575,train
ISRUC-III-01,ISRUC-III-01,ISRUC-III,576,3,576,train
ISRUC-III-01,ISRUC-III-01,ISRUC-III,577,3,577,train
ISRUC-III-01,ISRUC-III-01,ISRUC-III,578,3,578,train
ISRUC-III-01,ISRUC-III-01,ISRUC-III,579,3,579,train
ISRUC-III-01,ISRUC-III-01,ISRUC-III,580,3,580,train
ISRUC-III-01,ISRUC-III-01,ISRUC-III,581,3,581,train
ISRUC-III-01,ISRUC-III-01,ISRUC-III,582,3,582,train
ISRUC-III-01,ISRUC-III-01,ISRUC-III,583,3,583,train
ISRUC-III-01,ISRUC-III-01,ISRUC-III,584,3,584,train
ISRUC-III-01,ISRUC-III-01,ISRUC-III,585,3,585,train
ISRUC-III-01,ISRUC-III-01,ISRUC-III,586,3,586,train
ISRUC-III-01,ISRUC-III-01,ISRUC-III,587,3,587,train
ISRUC-III-01,ISRUC-III-01,ISRUC-III,588,3,588,train
ISRUC-III-01,ISRUC-III-01,ISRUC-III,589,3,589,train
ISRUC-III-01,ISRUC-III-01,ISRUC-III,590,3,590,train
ISRUC-III-01,ISRUC-III-01,ISRUC-III,591,3,591,train
ISRUC-III-01,ISRUC-III-01,ISRUC-III,592,3,592,train
ISRUC-III-01,ISRUC-III-01,ISRUC-III,593,3,593,train
ISRUC-III-01,ISRUC-III-01,ISRUC-III,594,3,594,train
ISRUC-III-01,ISRUC-III-01,ISRUC-III,595,3,595,train
ISRUC-III-01,ISRUC-III-01,ISRUC-III,596,3,596,train
ISRUC-III-01,ISRUC-III-01,ISRUC-III,597,3,597,train
ISRUC-III-01,ISRUC-III-01,ISRUC-III,598,3,598,train
ISRUC-III-01,ISRUC-III-01,ISRUC-III,599,3,599,train
ISRUC-III-01,ISRUC-III-01,ISRUC-III,600,3,600,train
ISRUC-III-01,ISRUC-III-01,ISRUC-III,601,3,601,train
ISRUC-III-01,ISRUC-III-01,ISRUC-III,602,3,602,train
ISRUC-III-01,ISRUC-III-01,ISRUC-III,603,3,603,train
ISRUC-III-01,ISRUC-III-01,ISRUC-III,604,3,604,train
ISRUC-III-01,ISRUC-III-01,ISRUC-III,605,3,605,train
ISRUC-III-01,ISRUC-III-01,ISRUC-III,606,3,606,train
ISRUC-III-01,ISRUC-III-01,ISRUC-III,607,3,607,train
ISRUC-III-01,ISRUC-III-01,ISRUC-III,608,3,608,train
ISRUC-III-01,ISRUC-III-01,ISRUC-III,609,3,609,train
ISRUC-III-01,ISRUC-III-01,ISRUC-III,610,3,610,train
ISRUC-III-01,ISRUC-III-01,ISRUC-III,611,3,611,train
ISRUC-III-01,ISRUC-III-01,ISRUC-III,612,3,612,train
ISRUC-III-01,ISRUC-III-01,ISRUC-III,613,3,613,train
ISRUC-III-01,ISRUC-III-01,ISRUC-III,614,3,614,train
ISRUC-III-01,ISRUC-III-01,ISRUC-III,615,3,615,train
ISRUC-III-01,ISRUC-III-01,ISRUC-III,616,3,616,train
ISRUC-III-01,ISRUC-III-01,ISRUC-III,617,3,617,train
ISRUC-III-01,ISRUC-III-01,ISRUC-III,618,3,618,train
ISRUC-III-01,ISRUC-III-01,ISRUC-III,619,0,619,train
ISRUC-III-01,ISRUC-III-01,ISRUC-III,620,0,620,train
ISRUC-III-01,ISRUC-III-01,ISRUC-III,621,1,621,train
ISRUC-III-01,ISRUC-III-01,ISRUC-III,622,1,622,train
ISRUC-III-01,ISRUC-III-01,ISRUC-III,623,2,623,train
ISRUC-III-01,ISRUC-III-01,ISRUC-III,624,2,624,train
ISRUC-III-01,ISRUC-III-01,ISRUC-III,625,2,625,train
ISRUC-III-01,ISRUC-III-01,ISRUC-III,626,2,626,train
ISRUC-III-01,ISRUC-III-01,ISRUC-III,627,2,627,train
ISRUC-III-01,ISRUC-III-01,ISRUC-III,628,2,628,train
ISRUC-III-01,ISRUC-III-01,ISRUC-III,629,2,629,train
ISRUC-III-01,ISRUC-III-01,ISRUC-III,630,2,630,train
ISRUC-III-01,ISRUC-III-01,ISRUC-III,631,2,631,train
ISRUC-III-01,ISRUC-III-01,ISRUC-III,632,2,632,train
ISRUC-III-01,ISRUC-III-01,ISRUC-III,633,2,633,train
ISRUC-III-01,ISRUC-III-01,ISRUC-III,634,2,634,train
ISRUC-III-01,ISRUC-III-01,ISRUC-III,635,2,635,train
ISRUC-III-01,ISRUC-III-01,ISRUC-III,636,2,636,train
ISRUC-III-01,ISRUC-III-01,ISRUC-III,637,2,637,train
ISRUC-III-01,ISRUC-III-01,ISRUC-III,638,2,638,train
ISRUC-III-01,ISRUC-III-01,ISRUC-III,639,2,639,train
ISRUC-III-01,ISRUC-III-01,ISRUC-III,640,2,640,train
ISRUC-III-01,ISRUC-III-01,ISRUC-III,641,2,641,train
ISRUC-III-01,ISRUC-III-01,ISRUC-III,642,2,642,train
ISRUC-III-01,ISRUC-III-01,ISRUC-III,643,2,643,train
ISRUC-III-01,ISRUC-III-01,ISRUC-III,644,2,644,train
ISRUC-III-01,ISRUC-III-01,ISRUC-III,645,2,645,train
ISRUC-III-01,ISRUC-III-01,ISRUC-III,646,2,646,train
ISRUC-III-01,ISRUC-III-01,ISRUC-III,647,2,647,train
ISRUC-III-01,ISRUC-III-01,ISRUC-III,648,2,648,train
ISRUC-III-01,ISRUC-III-01,ISRUC-III,649,2,649,train
ISRUC-III-01,ISRUC-III-01,ISRUC-III,650,2,650,train
ISRUC-III-01,ISRUC-III-01,ISRUC-III,651,2,651,train
ISRUC-III-01,ISRUC-III-01,ISRUC-III,652,2,652,train
ISRUC-III-01,ISRUC-III-01,ISRUC-III,653,2,653,train
ISRUC-III-01,ISRUC-III-01,ISRUC-III,654,2,654,train
ISRUC-III-01,ISRUC-III-01,ISRUC-III,655,2,655,train
ISRUC-III-01,ISRUC-III-01,ISRUC-III,656,2,656,train
ISRUC-III-01,ISRUC-III-01,ISRUC-III,657,2,657,train
ISRUC-III-01,ISRUC-III-01,ISRUC-III,658,2,658,train
ISRUC-III-01,ISRUC-III-01,ISRUC-III,659,1,659,train
ISRUC-III-01,ISRUC-III-01,ISRUC-III,660,1,660,train
ISRUC-III-01,ISRUC-III-01,ISRUC-III,661,4,661,train
ISRUC-III-01,ISRUC-III-01,ISRUC-III,662,4,662,train
ISRUC-III-01,ISRUC-III-01,ISRUC-III,663,4,663,train
ISRUC-III-01,ISRUC-III-01,ISRUC-III,664,4,664,train
ISRUC-III-01,ISRUC-III-01,ISRUC-III,665,1,665,train
ISRUC-III-01,ISRUC-III-01,ISRUC-III,666,1,666,train
ISRUC-III-01,ISRUC-III-01,ISRUC-III,667,1,667,train
ISRUC-III-01,ISRUC-III-01,ISRUC-III,668,1,668,train
ISRUC-III-01,ISRUC-III-01,ISRUC-III,669,1,669,train
ISRUC-III-01,ISRUC-III-01,ISRUC-III,670,4,670,train
ISRUC-III-01,ISRUC-III-01,ISRUC-III,671,4,671,train
ISRUC-III-01,ISRUC-III-01,ISRUC-III,672,4,672,train
ISRUC-III-01,ISRUC-III-01,ISRUC-III,673,4,673,train
ISRUC-III-01,ISRUC-III-01,ISRUC-III,674,4,674,train
ISRUC-III-01,ISRUC-III-01,ISRUC-III,675,4,675,train
ISRUC-III-01,ISRUC-III-01,ISRUC-III,676,4,676,train
ISRUC-III-01,ISRUC-III-01,ISRUC-III,677,4,677,train
ISRUC-III-01,ISRUC-III-01,ISRUC-III,678,4,678,train
ISRUC-III-01,ISRUC-III-01,ISRUC-III,679,4,679,train
ISRUC-III-01,ISRUC-III-01,ISRUC-III,680,4,680,train
ISRUC-III-01,ISRUC-III-01,ISRUC-III,681,4,681,train
ISRUC-III-01,ISRUC-III-01,ISRUC-III,682,4,682,train
ISRUC-III-01,ISRUC-III-01,ISRUC-III,683,4,683,train
ISRUC-III-01,ISRUC-III-01,ISRUC-III,684,4,684,train
ISRUC-III-01,ISRUC-III-01,ISRUC-III,685,4,685,train
ISRUC-III-01,ISRUC-III-01,ISRUC-III,686,4,686,train
ISRUC-III-01,ISRUC-III-01,ISRUC-III,687,4,687,train
ISRUC-III-01,ISRUC-III-01,ISRUC-III,688,4,688,train
ISRUC-III-01,ISRUC-III-01,ISRUC-III,689,4,689,train
ISRUC-III-01,ISRUC-III-01,ISRUC-III,690,4,690,train
ISRUC-III-01,ISRUC-III-01,ISRUC-III,691,4,691,train
ISRUC-III-01,ISRUC-III-01,ISRUC-III,692,4,692,train
ISRUC-III-01,ISRUC-III-01,ISRUC-III,693,4,693,train
ISRUC-III-01,ISRUC-III-01,ISRUC-III,694,4,694,train
ISRUC-III-01,ISRUC-III-01,ISRUC-III,695,4,695,train
ISRUC-III-01,ISRUC-III-01,ISRUC-III,696,1,696,train
ISRUC-III-01,ISRUC-III-01,ISRUC-III,697,1,697,train
ISRUC-III-01,ISRUC-III-01,ISRUC-III,698,4,698,train
ISRUC-III-01,ISRUC-III-01,ISRUC-III,699,4,699,train
ISRUC-III-01,ISRUC-III-01,ISRUC-III,700,4,700,train
ISRUC-III-01,ISRUC-III-01,ISRUC-III,701,4,701,train
ISRUC-III-01,ISRUC-III-01,ISRUC-III,702,0,702,train
ISRUC-III-01,ISRUC-III-01,ISRUC-III,703,0,703,train
ISRUC-III-01,ISRUC-III-01,ISRUC-III,704,1,704,train
ISRUC-III-01,ISRUC-III-01,ISRUC-III,705,0,705,train
ISRUC-III-01,ISRUC-III-01,ISRUC-III,706,0,706,train
ISRUC-III-01,ISRUC-III-01,ISRUC-III,707,0,707,train
ISRUC-III-01,ISRUC-III-01,ISRUC-III,708,1,708,train
ISRUC-III-01,ISRUC-III-01,ISRUC-III,709,1,709,train
ISRUC-III-01,ISRUC-III-01,ISRUC-III,710,0,710,train
ISRUC-III-01,ISRUC-III-01,ISRUC-III,711,0,711,train
ISRUC-III-01,ISRUC-III-01,ISRUC-III,712,0,712,train
ISRUC-III-01,ISRUC-III-01,ISRUC-III,713,1,713,train
ISRUC-III-01,ISRUC-III-01,ISRUC-III,714,0,714,train
ISRUC-III-01,ISRUC-III-01,ISRUC-III,715,1,715,train
ISRUC-III-01,ISRUC-III-01,ISRUC-III,716,0,716,train
ISRUC-III-01,ISRUC-III-01,ISRUC-III,717,0,717,train
ISRUC-III-01,ISRUC-III-01,ISRUC-III,718,0,718,train
ISRUC-III-01,ISRUC-III-01,ISRUC-III,719,0,719,train
ISRUC-III-01,ISRUC-III-01,ISRUC-III,720,1,720,train
ISRUC-III-01,ISRUC-III-01,ISRUC-III,721,0,721,train
ISRUC-III-01,ISRUC-III-01,ISRUC-III,722,1,722,train
ISRUC-III-01,ISRUC-III-01,ISRUC-III,723,1,723,train
ISRUC-III-01,ISRUC-III-01,ISRUC-III,724,1,724,train
ISRUC-III-01,ISRUC-III-01,ISRUC-III,725,1,725,train
ISRUC-III-01,ISRUC-III-01,ISRUC-III,726,2,726,train
ISRUC-III-01,ISRUC-III-01,ISRUC-III,727,2,727,train
ISRUC-III-01,ISRUC-III-01,ISRUC-III,728,0,728,train
ISRUC-III-01,ISRUC-III-01,ISRUC-III,729,0,729,train
ISRUC-III-01,ISRUC-III-01,ISRUC-III,730,0,730,train
ISRUC-III-01,ISRUC-III-01,ISRUC-III,731,0,731,train
ISRUC-III-01,ISRUC-III-01,ISRUC-III,732,0,732,train
ISRUC-III-01,ISRUC-III-01,ISRUC-III,733,0,733,train
ISRUC-III-01,ISRUC-III-01,ISRUC-III,734,1,734,train
ISRUC-III-01,ISRUC-III-01,ISRUC-III,735,1,735,train
ISRUC-III-01,ISRUC-III-01,ISRUC-III,736,1,736,train
ISRUC-III-01,ISRUC-III-01,ISRUC-III,737,2,737,train
ISRUC-III-01,ISRUC-III-01,ISRUC-III,738,2,738,train
ISRUC-III-01,ISRUC-III-01,ISRUC-III,739,2,739,train
ISRUC-III-01,ISRUC-III-01,ISRUC-III,740,2,740,train
ISRUC-III-01,ISRUC-III-01,ISRUC-III,741,2,741,train
ISRUC-III-01,ISRUC-III-01,ISRUC-III,742,2,742,train
ISRUC-III-01,ISRUC-III-01,ISRUC-III,743,2,743,train
ISRUC-III-01,ISRUC-III-01,ISRUC-III,744,2,744,train
ISRUC-III-01,ISRUC-III-01,ISRUC-III,745,2,745,train
ISRUC-III-01,ISRUC-III-01,ISRUC-III,746,2,746,train
ISRUC-III-01,ISRUC-III-01,ISRUC-III,747,2,747,train
ISRUC-III-01,ISRUC-III-01,ISRUC-III,748,2,748,train
ISRUC-III-01,ISRUC-III-01,ISRUC-III,749,2,749,train
ISRUC-III-01,ISRUC-III-01,ISRUC-III,750,2,750,train
ISRUC-III-01,ISRUC-III-01,ISRUC-III,751,2,751,train
ISRUC-III-01,ISRUC-III-01,ISRUC-III,752,2,752,train
ISRUC-III-01,ISRUC-III-01,ISRUC-III,753,2,753,train
ISRUC-III-01,ISRUC-III-01,ISRUC-III,754,2,754,train
ISRUC-III-01,ISRUC-III-01,ISRUC-III,755,2,755,train
ISRUC-III-01,ISRUC-III-01,ISRUC-III,756,2,756,train
ISRUC-III-01,ISRUC-III-01,ISRUC-III,757,2,757,train
ISRUC-III-01,ISRUC-III-01,ISRUC-III,758,2,758,train
ISRUC-III-01,ISRUC-III-01,ISRUC-III,759,2,759,train
ISRUC-III-01,ISRUC-III-01,ISRUC-III,760,2,760,train
ISRUC-III-01,ISRUC-III-01,ISRUC-III,761,2,761,train
ISRUC-III-01,ISRUC-III-01,ISRUC-III,762,2,762,train
ISRUC-III-01,ISRUC-III-01,ISRUC-III,763,2,763,train
ISRUC-III-01,ISRUC-III-01,ISRUC-III,764,2,764,train
ISRUC-III-01,ISRUC-III-01,ISRUC-III,765,2,765,train
ISRUC-III-01,ISRUC-III-01,ISRUC-III,766,2,766,train
ISRUC-III-01,ISRUC-III-01,ISRUC-III,767,2,767,train
ISRUC-III-01,ISRUC-III-01,ISRUC-III,768,2,768,train
ISRUC-III-01,ISRUC-III-01,ISRUC-III,769,2,769,train
ISRUC-III-01,ISRUC-III-01,ISRUC-III,770,3,770,train
ISRUC-III-01,ISRUC-III-01,ISRUC-III,771,3,771,train
ISRUC-III-01,ISRUC-III-01,ISRUC-III,772,2,772,train
ISRUC-III-01,ISRUC-III-01,ISRUC-III,773,3,773,train
ISRUC-III-01,ISRUC-III-01,ISRUC-III,774,2,774,train
ISRUC-III-01,ISRUC-III-01,ISRUC-III,775,3,775,train
ISRUC-III-01,ISRUC-III-01,ISRUC-III,776,2,776,train
ISRUC-III-01,ISRUC-III-01,ISRUC-III,777,3,777,train
ISRUC-III-01,ISRUC-III-01,ISRUC-III,778,3,778,train
ISRUC-III-01,ISRUC-III-01,ISRUC-III,779,3,779,train
ISRUC-III-01,ISRUC-III-01,ISRUC-III,780,3,780,train
ISRUC-III-01,ISRUC-III-01,ISRUC-III,781,3,781,train
ISRUC-III-01,ISRUC-III-01,ISRUC-III,782,3,782,train
ISRUC-III-01,ISRUC-III-01,ISRUC-III,783,3,783,train
ISRUC-III-01,ISRUC-III-01,ISRUC-III,784,3,784,train
ISRUC-III-01,ISRUC-III-01,ISRUC-III,785,3,785,train
ISRUC-III-01,ISRUC-III-01,ISRUC-III,786,3,786,train
ISRUC-III-01,ISRUC-III-01,ISRUC-III,787,3,787,train
ISRUC-III-01,ISRUC-III-01,ISRUC-III,788,3,788,train
ISRUC-III-01,ISRUC-III-01,ISRUC-III,789,3,789,train
ISRUC-III-01,ISRUC-III-01,ISRUC-III,790,3,790,train
ISRUC-III-01,ISRUC-III-01,ISRUC-III,791,3,791,train
ISRUC-III-01,ISRUC-III-01,ISRUC-III,792,3,792,train
ISRUC-III-01,ISRUC-III-01,ISRUC-III,793,2,793,train
ISRUC-III-01,ISRUC-III-01,ISRUC-III,794,2,794,train
ISRUC-III-01,ISRUC-III-01,ISRUC-III,795,2,795,train
ISRUC-III-01,ISRUC-III-01,ISRUC-III,796,1,796,train
ISRUC-III-01,ISRUC-III-01,ISRUC-III,797,1,797,train
ISRUC-III-01,ISRUC-III-01,ISRUC-III,798,2,798,train
ISRUC-III-01,ISRUC-III-01,ISRUC-III,799,2,799,train
ISRUC-III-01,ISRUC-III-01,ISRUC-III,800,2,800,train
ISRUC-III-01,ISRUC-III-01,ISRUC-III,801,1,801,train
ISRUC-III-01,ISRUC-III-01,ISRUC-III,802,2,802,train
ISRUC-III-01,ISRUC-III-01,ISRUC-III,803,2,803,train
ISRUC-III-01,ISRUC-III-01,ISRUC-III,804,2,804,train
ISRUC-III-01,ISRUC-III-01,ISRUC-III,805,2,805,train
ISRUC-III-01,ISRUC-III-01,ISRUC-III,806,2,806,train
ISRUC-III-01,ISRUC-III-01,ISRUC-III,807,2,807,train
ISRUC-III-01,ISRUC-III-01,ISRUC-III,808,2,808,train
ISRUC-III-01,ISRUC-III-01,ISRUC-III,809,2,809,train
ISRUC-III-01,ISRUC-III-01,ISRUC-III,810,2,810,train
ISRUC-III-01,ISRUC-III-01,ISRUC-III,811,2,811,train
ISRUC-III-01,ISRUC-III-01,ISRUC-III,812,2,812,train
ISRUC-III-01,ISRUC-III-01,ISRUC-III,813,2,813,train
ISRUC-III-01,ISRUC-III-01,ISRUC-III,814,2,814,train
ISRUC-III-01,ISRUC-III-01,ISRUC-III,815,2,815,train
ISRUC-III-01,ISRUC-III-01,ISRUC-III,816,2,816,train
ISRUC-III-01,ISRUC-III-01,ISRUC-III,817,4,817,train
ISRUC-III-01,ISRUC-III-01,ISRUC-III,818,4,818,train
ISRUC-III-01,ISRUC-III-01,ISRUC-III,819,4,819,train
ISRUC-III-01,ISRUC-III-01,ISRUC-III,820,4,820,train
ISRUC-III-01,ISRUC-III-01,ISRUC-III,821,4,821,train
ISRUC-III-01,ISRUC-III-01,ISRUC-III,822,4,822,train
ISRUC-III-01,ISRUC-III-01,ISRUC-III,823,1,823,train
ISRUC-III-01,ISRUC-III-01,ISRUC-III,824,1,824,train
ISRUC-III-01,ISRUC-III-01,ISRUC-III,825,1,825,train
ISRUC-III-01,ISRUC-III-01,ISRUC-III,826,1,826,train
ISRUC-III-01,ISRUC-III-01,ISRUC-III,827,1,827,train
ISRUC-III-01,ISRUC-III-01,ISRUC-III,828,4,828,train
ISRUC-III-01,ISRUC-III-01,ISRUC-III,829,1,829,train
ISRUC-III-01,ISRUC-III-01,ISRUC-III,830,4,830,train
ISRUC-III-01,ISRUC-III-01,ISRUC-III,831,4,831,train
ISRUC-III-01,ISRUC-III-01,ISRUC-III,832,1,832,train
ISRUC-III-01,ISRUC-III-01,ISRUC-III,833,4,833,train
ISRUC-III-01,ISRUC-III-01,ISRUC-III,834,4,834,train
ISRUC-III-01,ISRUC-III-01,ISRUC-III,835,4,835,train
ISRUC-III-01,ISRUC-III-01,ISRUC-III,836,4,836,train
ISRUC-III-01,ISRUC-III-01,ISRUC-III,837,4,837,train
ISRUC-III-01,ISRUC-III-01,ISRUC-III,838,0,838,train
ISRUC-III-01,ISRUC-III-01,ISRUC-III,839,1,839,train
ISRUC-III-01,ISRUC-III-01,ISRUC-III,840,1,840,train
ISRUC-III-01,ISRUC-III-01,ISRUC-III,841,1,841,train
ISRUC-III-01,ISRUC-III-01,ISRUC-III,842,1,842,train
ISRUC-III-01,ISRUC-III-01,ISRUC-III,843,2,843,train
ISRUC-III-01,ISRUC-III-01,ISRUC-III,844,2,844,train
ISRUC-III-01,ISRUC-III-01,ISRUC-III,845,2,845,train
ISRUC-III-01,ISRUC-III-01,ISRUC-III,846,4,846,train
ISRUC-III-01,ISRUC-III-01,ISRUC-III,847,4,847,train
ISRUC-III-01,ISRUC-III-01,ISRUC-III,848,0,848,train
ISRUC-III-01,ISRUC-III-01,ISRUC-III,849,0,849,train
ISRUC-III-01,ISRUC-III-01,ISRUC-III,850,0,850,train
ISRUC-III-01,ISRUC-III-01,ISRUC-III,851,0,851,train
ISRUC-III-01,ISRUC-III-01,ISRUC-III,852,0,852,train
ISRUC-III-01,ISRUC-III-01,ISRUC-III,853,1,853,train
ISRUC-III-01,ISRUC-III-01,ISRUC-III,854,0,854,train
ISRUC-III-01,ISRUC-III-01,ISRUC-III,855,0,855,train
ISRUC-III-01,ISRUC-III-01,ISRUC-III,856,0,856,train
ISRUC-III-01,ISRUC-III-01,ISRUC-III,857,0,857,train
ISRUC-III-01,ISRUC-III-01,ISRUC-III,858,0,858,train
ISRUC-III-01,ISRUC-III-01,ISRUC-III,859,1,859,train
ISRUC-III-01,ISRUC-III-01,ISRUC-III,860,1,860,train
ISRUC-III-01,ISRUC-III-01,ISRUC-III,861,1,861,train
ISRUC-III-01,ISRUC-III-01,ISRUC-III,862,1,862,train
ISRUC-III-01,ISRUC-III-01,ISRUC-III,863,2,863,train
ISRUC-III-01,ISRUC-III-01,ISRUC-III,864,2,864,train
ISRUC-III-01,ISRUC-III-01,ISRUC-III,865,2,865,train
ISRUC-III-01,ISRUC-III-01,ISRUC-III,866,2,866,train
ISRUC-III-01,ISRUC-III-01,ISRUC-III,867,2,867,train
ISRUC-III-01,ISRUC-III-01,ISRUC-III,868,2,868,train
ISRUC-III-01,ISRUC-III-01,ISRUC-III,869,2,869,train
ISRUC-III-01,ISRUC-III-01,ISRUC-III,870,2,870,train
ISRUC-III-01,ISRUC-III-01,ISRUC-III,871,0,871,train
ISRUC-III-01,ISRUC-III-01,ISRUC-III,872,0,872,train
ISRUC-III-01,ISRUC-III-01,ISRUC-III,873,1,873,train
ISRUC-III-01,ISRUC-III-01,ISRUC-III,874,1,874,train
ISRUC-III-01,ISRUC-III-01,ISRUC-III,875,1,875,train
ISRUC-III-01,ISRUC-III-01,ISRUC-III,876,2,876,train
ISRUC-III-01,ISRUC-III-01,ISRUC-III,877,2,877,train
ISRUC-III-01,ISRUC-III-01,ISRUC-III,878,2,878,train
ISRUC-III-01,ISRUC-III-01,ISRUC-III,879,2,879,train
ISRUC-III-01,ISRUC-III-01,ISRUC-III,880,2,880,train
ISRUC-III-01,ISRUC-III-01,ISRUC-III,881,2,881,train
ISRUC-III-01,ISRUC-III-01,ISRUC-III,882,2,882,train
ISRUC-III-01,ISRUC-III-01,ISRUC-III,883,2,883,train
ISRUC-III-01,ISRUC-III-01,ISRUC-III,884,2,884,train
ISRUC-III-01,ISRUC-III-01,ISRUC-III,885,2,885,train
ISRUC-III-01,ISRUC-III-01,ISRUC-III,886,2,886,train
ISRUC-III-01,ISRUC-III-01,ISRUC-III,887,2,887,train
ISRUC-III-01,ISRUC-III-01,ISRUC-III,888,2,888,train
ISRUC-III-01,ISRUC-III-01,ISRUC-III,889,2,889,train
ISRUC-III-01,ISRUC-III-01,ISRUC-III,890,2,890,train
ISRUC-III-01,ISRUC-III-01,ISRUC-III,891,1,891,train
ISRUC-III-01,ISRUC-III-01,ISRUC-III,892,2,892,train
ISRUC-III-01,ISRUC-III-01,ISRUC-III,893,2,893,train
ISRUC-III-01,ISRUC-III-01,ISRUC-III,894,2,894,train
ISRUC-III-01,ISRUC-III-01,ISRUC-III,895,2,895,train
ISRUC-III-01,ISRUC-III-01,ISRUC-III,896,2,896,train
ISRUC-III-01,ISRUC-III-01,ISRUC-III,897,2,897,train
ISRUC-III-01,ISRUC-III-01,ISRUC-III,898,2,898,train
ISRUC-III-01,ISRUC-III-01,ISRUC-III,899,2,899,train
ISRUC-III-01,ISRUC-III-01,ISRUC-III,900,2,900,train
ISRUC-III-01,ISRUC-III-01,ISRUC-III,901,2,901,train
ISRUC-III-01,ISRUC-III-01,ISRUC-III,902,2,902,train
ISRUC-III-01,ISRUC-III-01,ISRUC-III,903,2,903,train
ISRUC-III-01,ISRUC-III-01,ISRUC-III,904,2,904,train
ISRUC-III-01,ISRUC-III-01,ISRUC-III,905,2,905,train
ISRUC-III-01,ISRUC-III-01,ISRUC-III,906,2,906,train
ISRUC-III-01,ISRUC-III-01,ISRUC-III,907,2,907,train
ISRUC-III-01,ISRUC-III-01,ISRUC-III,908,2,908,train
ISRUC-III-01,ISRUC-III-01,ISRUC-III,909,2,909,train
ISRUC-III-01,ISRUC-III-01,ISRUC-III,910,2,910,train
ISRUC-III-01,ISRUC-III-01,ISRUC-III,911,2,911,train
ISRUC-III-01,ISRUC-III-01,ISRUC-III,912,2,912,train
ISRUC-III-01,ISRUC-III-01,ISRUC-III,913,2,913,train
ISRUC-III-01,ISRUC-III-01,ISRUC-III,914,2,914,train
ISRUC-III-01,ISRUC-III-01,ISRUC-III,915,2,915,train
ISRUC-III-01,ISRUC-III-01,ISRUC-III,916,2,916,train
ISRUC-III-01,ISRUC-III-01,ISRUC-III,917,2,917,train
ISRUC-III-01,ISRUC-III-01,ISRUC-III,918,2,918,train
ISRUC-III-01,ISRUC-III-01,ISRUC-III,919,2,919,train
ISRUC-III-01,ISRUC-III-01,ISRUC-III,920,2,920,train
ISRUC-III-01,ISRUC-III-01,ISRUC-III,921,2,921,train
ISRUC-III-01,ISRUC-III-01,ISRUC-III,922,2,922,train
ISRUC-III-01,ISRUC-III-01,ISRUC-III,923,2,923,train
ISRUC-III-02,ISRUC-III-02,ISRUC-III,0,0,0,train
ISRUC-III-02,ISRUC-III-02,ISRUC-III,1,0,1,train
ISRUC-III-02,ISRUC-III-02,ISRUC-III,2,0,2,train
ISRUC-III-02,ISRUC-III-02,ISRUC-III,3,0,3,train
ISRUC-III-02,ISRUC-III-02,ISRUC-III,4,0,4,train
ISRUC-III-02,ISRUC-III-02,ISRUC-III,5,0,5,train
ISRUC-III-02,ISRUC-III-02,ISRUC-III,6,0,6,train
ISRUC-III-02,ISRUC-III-02,ISRUC-III,7,0,7,train
ISRUC-III-02,ISRUC-III-02,ISRUC-III,8,0,8,train
ISRUC-III-02,ISRUC-III-02,ISRUC-III,9,0,9,train
ISRUC-III-02,ISRUC-III-02,ISRUC-III,10,0,10,train
ISRUC-III-02,ISRUC-III-02,ISRUC-III,11,2,11,train
ISRUC-III-02,ISRUC-III-02,ISRUC-III,12,0,12,train
ISRUC-III-02,ISRUC-III-02,ISRUC-III,13,1,13,train
ISRUC-III-02,ISRUC-III-02,ISRUC-III,14,1,14,train
ISRUC-III-02,ISRUC-III-02,ISRUC-III,15,0,15,train
ISRUC-III-02,ISRUC-III-02,ISRUC-III,16,1,16,train
ISRUC-III-02,ISRUC-III-02,ISRUC-III,17,1,17,train
ISRUC-III-02,ISRUC-III-02,ISRUC-III,18,2,18,train
ISRUC-III-02,ISRUC-III-02,ISRUC-III,19,2,19,train
ISRUC-III-02,ISRUC-III-02,ISRUC-III,20,2,20,train
ISRUC-III-02,ISRUC-III-02,ISRUC-III,21,2,21,train
ISRUC-III-02,ISRUC-III-02,ISRUC-III,22,2,22,train
ISRUC-III-02,ISRUC-III-02,ISRUC-III,23,2,23,train
ISRUC-III-02,ISRUC-III-02,ISRUC-III,24,2,24,train
ISRUC-III-02,ISRUC-III-02,ISRUC-III,25,2,25,train
ISRUC-III-02,ISRUC-III-02,ISRUC-III,26,2,26,train
ISRUC-III-02,ISRUC-III-02,ISRUC-III,27,2,27,train
ISRUC-III-02,ISRUC-III-02,ISRUC-III,28,2,28,train
ISRUC-III-02,ISRUC-III-02,ISRUC-III,29,2,29,train
ISRUC-III-02,ISRUC-III-02,ISRUC-III,30,2,30,train
ISRUC-III-02,ISRUC-III-02,ISRUC-III,31,2,31,train
ISRUC-III-02,ISRUC-III-02,ISRUC-III,32,2,32,train
ISRUC-III-02,ISRUC-III-02,ISRUC-III,33,2,33,train
ISRUC-III-02,ISRUC-III-02,ISRUC-III,34,2,34,train
ISRUC-III-02,ISRUC-III-02,ISRUC-III,35,2,35,train
ISRUC-III-02,ISRUC-III-02,ISRUC-III,36,2,36,train
ISRUC-III-02,ISRUC-III-02,ISRUC-III,37,2,37,train
ISRUC-III-02,ISRUC-III-02,ISRUC-III,38,0,38,train
ISRUC-III-02,ISRUC-III-02,ISRUC-III,39,2,39,train
ISRUC-III-02,ISRUC-III-02,ISRUC-III,40,1,40,train
ISRUC-III-02,ISRUC-III-02,ISRUC-III,41,1,41,train
ISRUC-III-02,ISRUC-III-02,ISRUC-III,42,1,42,train
ISRUC-III-02,ISRUC-III-02,ISRUC-III,43,2,43,train
ISRUC-III-02,ISRUC-III-02,ISRUC-III,44,2,44,train
ISRUC-III-02,ISRUC-III-02,ISRUC-III,45,2,45,train
ISRUC-III-02,ISRUC-III-02,ISRUC-III,46,2,46,train
ISRUC-III-02,ISRUC-III-02,ISRUC-III,47,2,47,train
ISRUC-III-02,ISRUC-III-02,ISRUC-III,48,2,48,train
ISRUC-III-02,ISRUC-III-02,ISRUC-III,49,3,49,train
ISRUC-III-02,ISRUC-III-02,ISRUC-III,50,3,50,train
ISRUC-III-02,ISRUC-III-02,ISRUC-III,51,3,51,train
ISRUC-III-02,ISRUC-III-02,ISRUC-III,52,3,52,train
ISRUC-III-02,ISRUC-III-02,ISRUC-III,53,3,53,train
ISRUC-III-02,ISRUC-III-02,ISRUC-III,54,3,54,train
ISRUC-III-02,ISRUC-III-02,ISRUC-III,55,2,55,train
ISRUC-III-02,ISRUC-III-02,ISRUC-III,56,2,56,train
ISRUC-III-02,ISRUC-III-02,ISRUC-III,57,1,57,train
ISRUC-III-02,ISRUC-III-02,ISRUC-III,58,0,58,train
ISRUC-III-02,ISRUC-III-02,ISRUC-III,59,1,59,train
ISRUC-III-02,ISRUC-III-02,ISRUC-III,60,1,60,train
ISRUC-III-02,ISRUC-III-02,ISRUC-III,61,0,61,train
ISRUC-III-02,ISRUC-III-02,ISRUC-III,62,1,62,train
ISRUC-III-02,ISRUC-III-02,ISRUC-III,63,1,63,train
ISRUC-III-02,ISRUC-III-02,ISRUC-III,64,1,64,train
ISRUC-III-02,ISRUC-III-02,ISRUC-III,65,2,65,train
ISRUC-III-02,ISRUC-III-02,ISRUC-III,66,1,66,train
ISRUC-III-02,ISRUC-III-02,ISRUC-III,67,1,67,train
ISRUC-III-02,ISRUC-III-02,ISRUC-III,68,2,68,train
ISRUC-III-02,ISRUC-III-02,ISRUC-III,69,2,69,train
ISRUC-III-02,ISRUC-III-02,ISRUC-III,70,2,70,train
ISRUC-III-02,ISRUC-III-02,ISRUC-III,71,2,71,train
ISRUC-III-02,ISRUC-III-02,ISRUC-III,72,2,72,train
ISRUC-III-02,ISRUC-III-02,ISRUC-III,73,2,73,train
ISRUC-III-02,ISRUC-III-02,ISRUC-III,74,2,74,train
ISRUC-III-02,ISRUC-III-02,ISRUC-III,75,2,75,train
ISRUC-III-02,ISRUC-III-02,ISRUC-III,76,2,76,train
ISRUC-III-02,ISRUC-III-02,ISRUC-III,77,2,77,train
ISRUC-III-02,ISRUC-III-02,ISRUC-III,78,0,78,train
ISRUC-III-02,ISRUC-III-02,ISRUC-III,79,1,79,train
ISRUC-III-02,ISRUC-III-02,ISRUC-III,80,2,80,train
ISRUC-III-02,ISRUC-III-02,ISRUC-III,81,2,81,train
ISRUC-III-02,ISRUC-III-02,ISRUC-III,82,2,82,train
ISRUC-III-02,ISRUC-III-02,ISRUC-III,83,2,83,train
ISRUC-III-02,ISRUC-III-02,ISRUC-III,84,2,84,train
ISRUC-III-02,ISRUC-III-02,ISRUC-III,85,2,85,train
ISRUC-III-02,ISRUC-III-02,ISRUC-III,86,2,86,train
ISRUC-III-02,ISRUC-III-02,ISRUC-III,87,2,87,train
ISRUC-III-02,ISRUC-III-02,ISRUC-III,88,2,88,train
ISRUC-III-02,ISRUC-III-02,ISRUC-III,89,2,89,train
ISRUC-III-02,ISRUC-III-02,ISRUC-III,90,2,90,train
ISRUC-III-02,ISRUC-III-02,ISRUC-III,91,2,91,train
ISRUC-III-02,ISRUC-III-02,ISRUC-III,92,2,92,train
ISRUC-III-02,ISRUC-III-02,ISRUC-III,93,3,93,train
ISRUC-III-02,ISRUC-III-02,ISRUC-III,94,3,94,train
ISRUC-III-02,ISRUC-III-02,ISRUC-III,95,3,95,train
ISRUC-III-02,ISRUC-III-02,ISRUC-III,96,3,96,train
ISRUC-III-02,ISRUC-III-02,ISRUC-III,97,2,97,train
ISRUC-III-02,ISRUC-III-02,ISRUC-III,98,2,98,train
ISRUC-III-02,ISRUC-III-02,ISRUC-III,99,2,99,train
ISRUC-III-02,ISRUC-III-02,ISRUC-III,100,2,100,train
ISRUC-III-02,ISRUC-III-02,ISRUC-III,101,0,101,train
ISRUC-III-02,ISRUC-III-02,ISRUC-III,102,0,102,train
ISRUC-III-02,ISRUC-III-02,ISRUC-III,103,1,103,train
ISRUC-III-02,ISRUC-III-02,ISRUC-III,104,1,104,train
ISRUC-III-02,ISRUC-III-02,ISRUC-III,105,0,105,train
ISRUC-III-02,ISRUC-III-02,ISRUC-III,106,1,106,train
ISRUC-III-02,ISRUC-III-02,ISRUC-III,107,2,107,train
ISRUC-III-02,ISRUC-III-02,ISRUC-III,108,2,108,train
ISRUC-III-02,ISRUC-III-02,ISRUC-III,109,1,109,train
ISRUC-III-02,ISRUC-III-02,ISRUC-III,110,1,110,train
ISRUC-III-02,ISRUC-III-02,ISRUC-III,111,1,111,train
ISRUC-III-02,ISRUC-III-02,ISRUC-III,112,2,112,train
ISRUC-III-02,ISRUC-III-02,ISRUC-III,113,2,113,train
ISRUC-III-02,ISRUC-III-02,ISRUC-III,114,2,114,train
ISRUC-III-02,ISRUC-III-02,ISRUC-III,115,1,115,train
ISRUC-III-02,ISRUC-III-02,ISRUC-III,116,0,116,train
ISRUC-III-02,ISRUC-III-02,ISRUC-III,117,1,117,train
ISRUC-III-02,ISRUC-III-02,ISRUC-III,118,1,118,train
ISRUC-III-02,ISRUC-III-02,ISRUC-III,119,0,119,train
ISRUC-III-02,ISRUC-III-02,ISRUC-III,120,0,120,train
ISRUC-III-02,ISRUC-III-02,ISRUC-III,121,0,121,train
ISRUC-III-02,ISRUC-III-02,ISRUC-III,122,0,122,train
ISRUC-III-02,ISRUC-III-02,ISRUC-III,123,0,123,train
ISRUC-III-02,ISRUC-III-02,ISRUC-III,124,0,124,train
ISRUC-III-02,ISRUC-III-02,ISRUC-III,125,0,125,train
ISRUC-III-02,ISRUC-III-02,ISRUC-III,126,0,126,train
ISRUC-III-02,ISRUC-III-02,ISRUC-III,127,0,127,train
ISRUC-III-02,ISRUC-III-02,ISRUC-III,128,0,128,train
ISRUC-III-02,ISRUC-III-02,ISRUC-III,129,1,129,train
ISRUC-III-02,ISRUC-III-02,ISRUC-III,130,1,130,train
ISRUC-III-02,ISRUC-III-02,ISRUC-III,131,1,131,train
ISRUC-III-02,ISRUC-III-02,ISRUC-III,132,1,132,train
ISRUC-III-02,ISRUC-III-02,ISRUC-III,133,1,133,train
ISRUC-III-02,ISRUC-III-02,ISRUC-III,134,1,134,train
ISRUC-III-02,ISRUC-III-02,ISRUC-III,135,2,135,train
ISRUC-III-02,ISRUC-III-02,ISRUC-III,136,2,136,train
ISRUC-III-02,ISRUC-III-02,ISRUC-III,137,2,137,train
ISRUC-III-02,ISRUC-III-02,ISRUC-III,138,2,138,train
ISRUC-III-02,ISRUC-III-02,ISRUC-III,139,2,139,train
ISRUC-III-02,ISRUC-III-02,ISRUC-III,140,2,140,train
ISRUC-III-02,ISRUC-III-02,ISRUC-III,141,2,141,train
ISRUC-III-02,ISRUC-III-02,ISRUC-III,142,2,142,train
ISRUC-III-02,ISRUC-III-02,ISRUC-III,143,2,143,train
ISRUC-III-02,ISRUC-III-02,ISRUC-III,144,3,144,train
ISRUC-III-02,ISRUC-III-02,ISRUC-III,145,3,145,train
ISRUC-III-02,ISRUC-III-02,ISRUC-III,146,3,146,train
ISRUC-III-02,ISRUC-III-02,ISRUC-III,147,3,147,train
ISRUC-III-02,ISRUC-III-02,ISRUC-III,148,3,148,train
ISRUC-III-02,ISRUC-III-02,ISRUC-III,149,3,149,train
ISRUC-III-02,ISRUC-III-02,ISRUC-III,150,3,150,train
ISRUC-III-02,ISRUC-III-02,ISRUC-III,151,3,151,train
ISRUC-III-02,ISRUC-III-02,ISRUC-III,152,3,152,train
ISRUC-III-02,ISRUC-III-02,ISRUC-III,153,3,153,train
ISRUC-III-02,ISRUC-III-02,ISRUC-III,154,3,154,train
ISRUC-III-02,ISRUC-III-02,ISRUC-III,155,3,155,train
ISRUC-III-02,ISRUC-III-02,ISRUC-III,156,3,156,train
ISRUC-III-02,ISRUC-III-02,ISRUC-III,157,3,157,train
ISRUC-III-02,ISRUC-III-02,ISRUC-III,158,3,158,train
ISRUC-III-02,ISRUC-III-02,ISRUC-III,159,3,159,train
ISRUC-III-02,ISRUC-III-02,ISRUC-III,160,3,160,train
ISRUC-III-02,ISRUC-III-02,ISRUC-III,161,3,161,train
ISRUC-III-02,ISRUC-III-02,ISRUC-III,162,3,162,train
ISRUC-III-02,ISRUC-III-02,ISRUC-III,163,3,163,train
ISRUC-III-02,ISRUC-III-02,ISRUC-III,164,3,164,train
ISRUC-III-02,ISRUC-III-02,ISRUC-III,165,3,165,train
ISRUC-III-02,ISRUC-III-02,ISRUC-III,166,3,166,train
ISRUC-III-02,ISRUC-III-02,ISRUC-III,167,3,167,train
ISRUC-III-02,ISRUC-III-02,ISRUC-III,168,3,168,train
ISRUC-III-02,ISRUC-III-02,ISRUC-III,169,3,169,train
ISRUC-III-02,ISRUC-III-02,ISRUC-III,170,3,170,train
ISRUC-III-02,ISRUC-III-02,ISRUC-III,171,3,171,train
ISRUC-III-02,ISRUC-III-02,ISRUC-III,172,3,172,train
ISRUC-III-02,ISRUC-III-02,ISRUC-III,173,3,173,train
ISRUC-III-02,ISRUC-III-02,ISRUC-III,174,3,174,train
ISRUC-III-02,ISRUC-III-02,ISRUC-III,175,3,175,train
ISRUC-III-02,ISRUC-III-02,ISRUC-III,176,3,176,train
ISRUC-III-02,ISRUC-III-02,ISRUC-III,177,3,177,train
ISRUC-III-02,ISRUC-III-02,ISRUC-III,178,3,178,train
ISRUC-III-02,ISRUC-III-02,ISRUC-III,179,3,179,train
ISRUC-III-02,ISRUC-III-02,ISRUC-III,180,3,180,train
ISRUC-III-02,ISRUC-III-02,ISRUC-III,181,3,181,train
ISRUC-III-02,ISRUC-III-02,ISRUC-III,182,3,182,train
ISRUC-III-02,ISRUC-III-02,ISRUC-III,183,3,183,train
ISRUC-III-02,ISRUC-III-02,ISRUC-III,184,3,184,train
ISRUC-III-02,ISRUC-III-02,ISRUC-III,185,3,185,train
ISRUC-III-02,ISRUC-III-02,ISRUC-III,186,3,186,train
ISRUC-III-02,ISRUC-III-02,ISRUC-III,187,3,187,train
ISRUC-III-02,ISRUC-III-02,ISRUC-III,188,3,188,train
ISRUC-III-02,ISRUC-III-02,ISRUC-III,189,3,189,train
ISRUC-III-02,ISRUC-III-02,ISRUC-III,190,3,190,train
ISRUC-III-02,ISRUC-III-02,ISRUC-III,191,3,191,train
ISRUC-III-02,ISRUC-III-02,ISRUC-III,192,3,192,train
ISRUC-III-02,ISRUC-III-02,ISRUC-III,193,3,193,train
ISRUC-III-02,ISRUC-III-02,ISRUC-III,194,3,194,train
ISRUC-III-02,ISRUC-III-02,ISRUC-III,195,3,195,train
ISRUC-III-02,ISRUC-III-02,ISRUC-III,196,3,196,train
ISRUC-III-02,ISRUC-III-02,ISRUC-III,197,3,197,train
ISRUC-III-02,ISRUC-III-02,ISRUC-III,198,3,198,train
ISRUC-III-02,ISRUC-III-02,ISRUC-III,199,3,199,train
ISRUC-III-02,ISRUC-III-02,ISRUC-III,200,2,200,train
ISRUC-III-02,ISRUC-III-02,ISRUC-III,201,2,201,train
ISRUC-III-02,ISRUC-III-02,ISRUC-III,202,2,202,train
ISRUC-III-02,ISRUC-III-02,ISRUC-III,203,2,203,train
ISRUC-III-02,ISRUC-III-02,ISRUC-III,204,2,204,train
ISRUC-III-02,ISRUC-III-02,ISRUC-III,205,2,205,train
ISRUC-III-02,ISRUC-III-02,ISRUC-III,206,2,206,train
ISRUC-III-02,ISRUC-III-02,ISRUC-III,207,2,207,train
ISRUC-III-02,ISRUC-III-02,ISRUC-III,208,2,208,train
ISRUC-III-02,ISRUC-III-02,ISRUC-III,209,2,209,train
ISRUC-III-02,ISRUC-III-02,ISRUC-III,210,2,210,train
ISRUC-III-02,ISRUC-III-02,ISRUC-III,211,2,211,train
ISRUC-III-02,ISRUC-III-02,ISRUC-III,212,2,212,train
ISRUC-III-02,ISRUC-III-02,ISRUC-III,213,2,213,train
ISRUC-III-02,ISRUC-III-02,ISRUC-III,214,2,214,train
ISRUC-III-02,ISRUC-III-02,ISRUC-III,215,2,215,train
ISRUC-III-02,ISRUC-III-02,ISRUC-III,216,2,216,train
ISRUC-III-02,ISRUC-III-02,ISRUC-III,217,2,217,train
ISRUC-III-02,ISRUC-III-02,ISRUC-III,218,4,218,train
ISRUC-III-02,ISRUC-III-02,ISRUC-III,219,4,219,train
ISRUC-III-02,ISRUC-III-02,ISRUC-III,220,1,220,train
ISRUC-III-02,ISRUC-III-02,ISRUC-III,221,1,221,train
ISRUC-III-02,ISRUC-III-02,ISRUC-III,222,1,222,train
ISRUC-III-02,ISRUC-III-02,ISRUC-III,223,4,223,train
ISRUC-III-02,ISRUC-III-02,ISRUC-III,224,4,224,train
ISRUC-III-02,ISRUC-III-02,ISRUC-III,225,1,225,train
ISRUC-III-02,ISRUC-III-02,ISRUC-III,226,1,226,train
ISRUC-III-02,ISRUC-III-02,ISRUC-III,227,4,227,train
ISRUC-III-02,ISRUC-III-02,ISRUC-III,228,1,228,train
ISRUC-III-02,ISRUC-III-02,ISRUC-III,229,1,229,train
ISRUC-III-02,ISRUC-III-02,ISRUC-III,230,4,230,train
ISRUC-III-02,ISRUC-III-02,ISRUC-III,231,1,231,train
ISRUC-III-02,ISRUC-III-02,ISRUC-III,232,1,232,train
ISRUC-III-02,ISRUC-III-02,ISRUC-III,233,1,233,train
ISRUC-III-02,ISRUC-III-02,ISRUC-III,234,1,234,train
ISRUC-III-02,ISRUC-III-02,ISRUC-III,235,1,235,train
ISRUC-III-02,ISRUC-III-02,ISRUC-III,236,1,236,train
ISRUC-III-02,ISRUC-III-02,ISRUC-III,237,4,237,train
ISRUC-III-02,ISRUC-III-02,ISRUC-III,238,4,238,train
ISRUC-III-02,ISRUC-III-02,ISRUC-III,239,1,239,train
ISRUC-III-02,ISRUC-III-02,ISRUC-III,240,1,240,train
ISRUC-III-02,ISRUC-III-02,ISRUC-III,241,0,241,train
ISRUC-III-02,ISRUC-III-02,ISRUC-III,242,0,242,train
ISRUC-III-02,ISRUC-III-02,ISRUC-III,243,0,243,train
ISRUC-III-02,ISRUC-III-02,ISRUC-III,244,0,244,train
ISRUC-III-02,ISRUC-III-02,ISRUC-III,245,0,245,train
ISRUC-III-02,ISRUC-III-02,ISRUC-III,246,0,246,train
ISRUC-III-02,ISRUC-III-02,ISRUC-III,247,0,247,train
ISRUC-III-02,ISRUC-III-02,ISRUC-III,248,0,248,train
ISRUC-III-02,ISRUC-III-02,ISRUC-III,249,0,249,train
ISRUC-III-02,ISRUC-III-02,ISRUC-III,250,0,250,train
ISRUC-III-02,ISRUC-III-02,ISRUC-III,251,0,251,train
ISRUC-III-02,ISRUC-III-02,ISRUC-III,252,0,252,train
ISRUC-III-02,ISRUC-III-02,ISRUC-III,253,0,253,train
ISRUC-III-02,ISRUC-III-02,ISRUC-III,254,0,254,train
ISRUC-III-02,ISRUC-III-02,ISRUC-III,255,0,255,train
ISRUC-III-02,ISRUC-III-02,ISRUC-III,256,0,256,train
ISRUC-III-02,ISRUC-III-02,ISRUC-III,257,0,257,train
ISRUC-III-02,ISRUC-III-02,ISRUC-III,258,0,258,train
ISRUC-III-02,ISRUC-III-02,ISRUC-III,259,0,259,train
ISRUC-III-02,ISRUC-III-02,ISRUC-III,260,0,260,train
ISRUC-III-02,ISRUC-III-02,ISRUC-III,261,0,261,train
ISRUC-III-02,ISRUC-III-02,ISRUC-III,262,0,262,train
ISRUC-III-02,ISRUC-III-02,ISRUC-III,263,0,263,train
ISRUC-III-02,ISRUC-III-02,ISRUC-III,264,0,264,train
ISRUC-III-02,ISRUC-III-02,ISRUC-III,265,0,265,train
ISRUC-III-02,ISRUC-III-02,ISRUC-III,266,0,266,train
ISRUC-III-02,ISRUC-III-02,ISRUC-III,267,0,267,train
ISRUC-III-02,ISRUC-III-02,ISRUC-III,268,0,268,train
ISRUC-III-02,ISRUC-III-02,ISRUC-III,269,0,269,train
ISRUC-III-02,ISRUC-III-02,ISRUC-III,270,0,270,train
ISRUC-III-02,ISRUC-III-02,ISRUC-III,271,0,271,train
ISRUC-III-02,ISRUC-III-02,ISRUC-III,272,0,272,train
ISRUC-III-02,ISRUC-III-02,ISRUC-III,273,0,273,train
ISRUC-III-02,ISRUC-III-02,ISRUC-III,274,0,274,train
ISRUC-III-02,ISRUC-III-02,ISRUC-III,275,0,275,train
ISRUC-III-02,ISRUC-III-02,ISRUC-III,276,0,276,train
ISRUC-III-02,ISRUC-III-02,ISRUC-III,277,0,277,train
ISRUC-III-02,ISRUC-III-02,ISRUC-III,278,0,278,train
ISRUC-III-02,ISRUC-III-02,ISRUC-III,279,0,279,train
ISRUC-III-02,ISRUC-III-02,ISRUC-III,280,0,280,train
ISRUC-III-02,ISRUC-III-02,ISRUC-III,281,0,281,train
ISRUC-III-02,ISRUC-III-02,ISRUC-III,282,1,282,train
ISRUC-III-02,ISRUC-III-02,ISRUC-III,283,1,283,train
ISRUC-III-02,ISRUC-III-02,ISRUC-III,284,1,284,train
ISRUC-III-02,ISRUC-III-02,ISRUC-III,285,1,285,train
ISRUC-III-02,ISRUC-III-02,ISRUC-III,286,2,286,train
ISRUC-III-02,ISRUC-III-02,ISRUC-III,287,2,287,train
ISRUC-III-02,ISRUC-III-02,ISRUC-III,288,0,288,train
ISRUC-III-02,ISRUC-III-02,ISRUC-III,289,0,289,train
ISRUC-III-02,ISRUC-III-02,ISRUC-III,290,0,290,train
ISRUC-III-02,ISRUC-III-02,ISRUC-III,291,1,291,train
ISRUC-III-02,ISRUC-III-02,ISRUC-III,292,1,292,train
ISRUC-III-02,ISRUC-III-02,ISRUC-III,293,1,293,train
ISRUC-III-02,ISRUC-III-02,ISRUC-III,294,0,294,train
ISRUC-III-02,ISRUC-III-02,ISRUC-III,295,1,295,train
ISRUC-III-02,ISRUC-III-02,ISRUC-III,296,1,296,train
ISRUC-III-02,ISRUC-III-02,ISRUC-III,297,1,297,train
ISRUC-III-02,ISRUC-III-02,ISRUC-III,298,1,298,train
ISRUC-III-02,ISRUC-III-02,ISRUC-III,299,2,299,train
ISRUC-III-02,ISRUC-III-02,ISRUC-III,300,2,300,train
ISRUC-III-02,ISRUC-III-02,ISRUC-III,301,2,301,train
ISRUC-III-02,ISRUC-III-02,ISRUC-III,302,2,302,train
ISRUC-III-02,ISRUC-III-02,ISRUC-III,303,2,303,train
ISRUC-III-02,ISRUC-III-02,ISRUC-III,304,2,304,train
ISRUC-III-02,ISRUC-III-02,ISRUC-III,305,2,305,train
ISRUC-III-02,ISRUC-III-02,ISRUC-III,306,2,306,train
ISRUC-III-02,ISRUC-III-02,ISRUC-III,307,2,307,train
ISRUC-III-02,ISRUC-III-02,ISRUC-III,308,2,308,train
ISRUC-III-02,ISRUC-III-02,ISRUC-III,309,2,309,train
ISRUC-III-02,ISRUC-III-02,ISRUC-III,310,2,310,train
ISRUC-III-02,ISRUC-III-02,ISRUC-III,311,2,311,train
ISRUC-III-02,ISRUC-III-02,ISRUC-III,312,2,312,train
ISRUC-III-02,ISRUC-III-02,ISRUC-III,313,2,313,train
ISRUC-III-02,ISRUC-III-02,ISRUC-III,314,2,314,train
ISRUC-III-02,ISRUC-III-02,ISRUC-III,315,2,315,train
ISRUC-III-02,ISRUC-III-02,ISRUC-III,316,2,316,train
ISRUC-III-02,ISRUC-III-02,ISRUC-III,317,2,317,train
ISRUC-III-02,ISRUC-III-02,ISRUC-III,318,2,318,train
ISRUC-III-02,ISRUC-III-02,ISRUC-III,319,1,319,train
ISRUC-III-02,ISRUC-III-02,ISRUC-III,320,2,320,train
ISRUC-III-02,ISRUC-III-02,ISRUC-III,321,2,321,train
ISRUC-III-02,ISRUC-III-02,ISRUC-III,322,2,322,train
ISRUC-III-02,ISRUC-III-02,ISRUC-III,323,2,323,train
ISRUC-III-02,ISRUC-III-02,ISRUC-III,324,2,324,train
ISRUC-III-02,ISRUC-III-02,ISRUC-III,325,2,325,train
ISRUC-III-02,ISRUC-III-02,ISRUC-III,326,2,326,train
ISRUC-III-02,ISRUC-III-02,ISRUC-III,327,2,327,train
ISRUC-III-02,ISRUC-III-02,ISRUC-III,328,2,328,train
ISRUC-III-02,ISRUC-III-02,ISRUC-III,329,2,329,train
ISRUC-III-02,ISRUC-III-02,ISRUC-III,330,2,330,train
ISRUC-III-02,ISRUC-III-02,ISRUC-III,331,2,331,train
ISRUC-III-02,ISRUC-III-02,ISRUC-III,332,2,332,train
ISRUC-III-02,ISRUC-III-02,ISRUC-III,333,2,333,train
ISRUC-III-02,ISRUC-III-02,ISRUC-III,334,2,334,train
ISRUC-III-02,ISRUC-III-02,ISRUC-III,335,0,335,train
ISRUC-III-02,ISRUC-III-02,ISRUC-III,336,2,336,train
ISRUC-III-02,ISRUC-III-02,ISRUC-III,337,2,337,train
ISRUC-III-02,ISRUC-III-02,ISRUC-III,338,2,338,train
ISRUC-III-02,ISRUC-III-02,ISRUC-III,339,2,339,train
ISRUC-III-02,ISRUC-III-02,ISRUC-III,340,2,340,train
ISRUC-III-02,ISRUC-III-02,ISRUC-III,341,2,341,train
ISRUC-III-02,ISRUC-III-02,ISRUC-III,342,2,342,train
ISRUC-III-02,ISRUC-III-02,ISRUC-III,343,2,343,train
ISRUC-III-02,ISRUC-III-02,ISRUC-III,344,2,344,train
ISRUC-III-02,ISRUC-III-02,ISRUC-III,345,2,345,train
ISRUC-III-02,ISRUC-III-02,ISRUC-III,346,2,346,train
ISRUC-III-02,ISRUC-III-02,ISRUC-III,347,2,347,train
ISRUC-III-02,ISRUC-III-02,ISRUC-III,348,2,348,train
ISRUC-III-02,ISRUC-III-02,ISRUC-III,349,2,349,train
ISRUC-III-02,ISRUC-III-02,ISRUC-III,350,2,350,train
ISRUC-III-02,ISRUC-III-02,ISRUC-III,351,2,351,train
ISRUC-III-02,ISRUC-III-02,ISRUC-III,352,2,352,train
ISRUC-III-02,ISRUC-III-02,ISRUC-III,353,2,353,train
ISRUC-III-02,ISRUC-III-02,ISRUC-III,354,2,354,train
ISRUC-III-02,ISRUC-III-02,ISRUC-III,355,2,355,train
ISRUC-III-02,ISRUC-III-02,ISRUC-III,356,2,356,train
ISRUC-III-02,ISRUC-III-02,ISRUC-III,357,2,357,train
ISRUC-III-02,ISRUC-III-02,ISRUC-III,358,2,358,train
ISRUC-III-02,ISRUC-III-02,ISRUC-III,359,3,359,train
ISRUC-III-02,ISRUC-III-02,ISRUC-III,360,3,360,train
ISRUC-III-02,ISRUC-III-02,ISRUC-III,361,3,361,train
ISRUC-III-02,ISRUC-III-02,ISRUC-III,362,3,362,train
ISRUC-III-02,ISRUC-III-02,ISRUC-III,363,3,363,train
ISRUC-III-02,ISRUC-III-02,ISRUC-III,364,3,364,train
ISRUC-III-02,ISRUC-III-02,ISRUC-III,365,3,365,train
ISRUC-III-02,ISRUC-III-02,ISRUC-III,366,3,366,train
ISRUC-III-02,ISRUC-III-02,ISRUC-III,367,3,367,train
ISRUC-III-02,ISRUC-III-02,ISRUC-III,368,3,368,train
ISRUC-III-02,ISRUC-III-02,ISRUC-III,369,2,369,train
ISRUC-III-02,ISRUC-III-02,ISRUC-III,370,3,370,train
ISRUC-III-02,ISRUC-III-02,ISRUC-III,371,3,371,train
ISRUC-III-02,ISRUC-III-02,ISRUC-III,372,3,372,train
ISRUC-III-02,ISRUC-III-02,ISRUC-III,373,2,373,train
ISRUC-III-02,ISRUC-III-02,ISRUC-III,374,1,374,train
ISRUC-III-02,ISRUC-III-02,ISRUC-III,375,2,375,train
ISRUC-III-02,ISRUC-III-02,ISRUC-III,376,3,376,train
ISRUC-III-02,ISRUC-III-02,ISRUC-III,377,3,377,train
ISRUC-III-02,ISRUC-III-02,ISRUC-III,378,3,378,train
ISRUC-III-02,ISRUC-III-02,ISRUC-III,379,3,379,train
ISRUC-III-02,ISRUC-III-02,ISRUC-III,380,3,380,train
ISRUC-III-02,ISRUC-III-02,ISRUC-III,381,3,381,train
ISRUC-III-02,ISRUC-III-02,ISRUC-III,382,3,382,train
ISRUC-III-02,ISRUC-III-02,ISRUC-III,383,3,383,train
ISRUC-III-02,ISRUC-III-02,ISRUC-III,384,3,384,train
ISRUC-III-02,ISRUC-III-02,ISRUC-III,385,3,385,train
ISRUC-III-02,ISRUC-III-02,ISRUC-III,386,3,386,train
ISRUC-III-02,ISRUC-III-02,ISRUC-III,387,3,387,train
ISRUC-III-02,ISRUC-III-02,ISRUC-III,388,3,388,train
ISRUC-III-02,ISRUC-III-02,ISRUC-III,389,3,389,train
ISRUC-III-02,ISRUC-III-02,ISRUC-III,390,3,390,train
ISRUC-III-02,ISRUC-III-02,ISRUC-III,391,3,391,train
ISRUC-III-02,ISRUC-III-02,ISRUC-III,392,3,392,train
ISRUC-III-02,ISRUC-III-02,ISRUC-III,393,3,393,train
ISRUC-III-02,ISRUC-III-02,ISRUC-III,394,3,394,train
ISRUC-III-02,ISRUC-III-02,ISRUC-III,395,3,395,train
ISRUC-III-02,ISRUC-III-02,ISRUC-III,396,2,396,train
ISRUC-III-02,ISRUC-III-02,ISRUC-III,397,3,397,train
ISRUC-III-02,ISRUC-III-02,ISRUC-III,398,3,398,train
ISRUC-III-02,ISRUC-III-02,ISRUC-III,399,3,399,train
ISRUC-III-02,ISRUC-III-02,ISRUC-III,400,3,400,train
ISRUC-III-02,ISRUC-III-02,ISRUC-III,401,3,401,train
ISRUC-III-02,ISRUC-III-02,ISRUC-III,402,3,402,train
ISRUC-III-02,ISRUC-III-02,ISRUC-III,403,3,403,train
ISRUC-III-02,ISRUC-III-02,ISRUC-III,404,3,404,train
ISRUC-III-02,ISRUC-III-02,ISRUC-III,405,3,405,train
ISRUC-III-02,ISRUC-III-02,ISRUC-III,406,3,406,train
ISRUC-III-02,ISRUC-III-02,ISRUC-III,407,3,407,train
ISRUC-III-02,ISRUC-III-02,ISRUC-III,408,3,408,train
ISRUC-III-02,ISRUC-III-02,ISRUC-III,409,3,409,train
ISRUC-III-02,ISRUC-III-02,ISRUC-III,410,3,410,train
ISRUC-III-02,ISRUC-III-02,ISRUC-III,411,3,411,train
ISRUC-III-02,ISRUC-III-02,ISRUC-III,412,3,412,train
ISRUC-III-02,ISRUC-III-02,ISRUC-III,413,3,413,train
ISRUC-III-02,ISRUC-III-02,ISRUC-III,414,3,414,train
ISRUC-III-02,ISRUC-III-02,ISRUC-III,415,3,415,train
ISRUC-III-02,ISRUC-III-02,ISRUC-III,416,3,416,train
ISRUC-III-02,ISRUC-III-02,ISRUC-III,417,3,417,train
ISRUC-III-02,ISRUC-III-02,ISRUC-III,418,3,418,train
ISRUC-III-02,ISRUC-III-02,ISRUC-III,419,3,419,train
ISRUC-III-02,ISRUC-III-02,ISRUC-III,420,3,420,train
ISRUC-III-02,ISRUC-III-02,ISRUC-III,421,3,421,train
ISRUC-III-02,ISRUC-III-02,ISRUC-III,422,3,422,train
ISRUC-III-02,ISRUC-III-02,ISRUC-III,423,3,423,train
ISRUC-III-02,ISRUC-III-02,ISRUC-III,424,3,424,train
ISRUC-III-02,ISRUC-III-02,ISRUC-III,425,3,425,train
ISRUC-III-02,ISRUC-III-02,ISRUC-III,426,3,426,train
ISRUC-III-02,ISRUC-III-02,ISRUC-III,427,3,427,train
ISRUC-III-02,ISRUC-III-02,ISRUC-III,428,3,428,train
ISRUC-III-02,ISRUC-III-02,ISRUC-III,429,3,429,train
ISRUC-III-02,ISRUC-III-02,ISRUC-III,430,3,430,train
ISRUC-III-02,ISRUC-III-02,ISRUC-III,431,3,431,train
ISRUC-III-02,ISRUC-III-02,ISRUC-III,432,3,432,train
ISRUC-III-02,ISRUC-III-02,ISRUC-III,433,3,433,train
ISRUC-III-02,ISRUC-III-02,ISRUC-III,434,4,434,train
ISRUC-III-02,ISRUC-III-02,ISRUC-III,435,4,435,train
ISRUC-III-02,ISRUC-III-02,ISRUC-III,436,4,436,train
ISRUC-III-02,ISRUC-III-02,ISRUC-III,437,4,437,train
ISRUC-III-02,ISRUC-III-02,ISRUC-III,438,4,438,train
ISRUC-III-02,ISRUC-III-02,ISRUC-III,439,1,439,train
ISRUC-III-02,ISRUC-III-02,ISRUC-III,440,4,440,train
ISRUC-III-02,ISRUC-III-02,ISRUC-III,441,4,441,train
ISRUC-III-02,ISRUC-III-02,ISRUC-III,442,4,442,train
ISRUC-III-02,ISRUC-III-02,ISRUC-III,443,4,443,train
ISRUC-III-02,ISRUC-III-02,ISRUC-III,444,4,444,train
ISRUC-III-02,ISRUC-III-02,ISRUC-III,445,4,445,train
ISRUC-III-02,ISRUC-III-02,ISRUC-III,446,4,446,train
ISRUC-III-02,ISRUC-III-02,ISRUC-III,447,4,447,train
ISRUC-III-02,ISRUC-III-02,ISRUC-III,448,4,448,train
ISRUC-III-02,ISRUC-III-02,ISRUC-III,449,4,449,train
ISRUC-III-02,ISRUC-III-02,ISRUC-III,450,4,450,train
ISRUC-III-02,ISRUC-III-02,ISRUC-III,451,4,451,train
ISRUC-III-02,ISRUC-III-02,ISRUC-III,452,4,452,train
ISRUC-III-02,ISRUC-III-02,ISRUC-III,453,4,453,train
ISRUC-III-02,ISRUC-III-02,ISRUC-III,454,4,454,train
ISRUC-III-02,ISRUC-III-02,ISRUC-III,455,4,455,train
ISRUC-III-02,ISRUC-III-02,ISRUC-III,456,4,456,train
ISRUC-III-02,ISRUC-III-02,ISRUC-III,457,4,457,train
ISRUC-III-02,ISRUC-III-02,ISRUC-III,458,4,458,train
ISRUC-III-02,ISRUC-III-02,ISRUC-III,459,4,459,train
ISRUC-III-02,ISRUC-III-02,ISRUC-III,460,0,460,train
ISRUC-III-02,ISRUC-III-02,ISRUC-III,461,1,461,train
ISRUC-III-02,ISRUC-III-02,ISRUC-III,462,1,462,train
ISRUC-III-02,ISRUC-III-02,ISRUC-III,463,2,463,train
ISRUC-III-02,ISRUC-III-02,ISRUC-III,464,2,464,train
ISRUC-III-02,ISRUC-III-02,ISRUC-III,465,2,465,train
ISRUC-III-02,ISRUC-III-02,ISRUC-III,466,1,466,train
ISRUC-III-02,ISRUC-III-02,ISRUC-III,467,1,467,train
ISRUC-III-02,ISRUC-III-02,ISRUC-III,468,1,468,train
ISRUC-III-02,ISRUC-III-02,ISRUC-III,469,2,469,train
ISRUC-III-02,ISRUC-III-02,ISRUC-III,470,2,470,train
ISRUC-III-02,ISRUC-III-02,ISRUC-III,471,2,471,train
ISRUC-III-02,ISRUC-III-02,ISRUC-III,472,2,472,train
ISRUC-III-02,ISRUC-III-02,ISRUC-III,473,2,473,train
ISRUC-III-02,ISRUC-III-02,ISRUC-III,474,2,474,train
ISRUC-III-02,ISRUC-III-02,ISRUC-III,475,2,475,train
ISRUC-III-02,ISRUC-III-02,ISRUC-III,476,2,476,train
ISRUC-III-02,ISRUC-III-02,ISRUC-III,477,2,477,train
ISRUC-III-02,ISRUC-III-02,ISRUC-III,478,2,478,train
ISRUC-III-02,ISRUC-III-02,ISRUC-III,479,2,479,train
ISRUC-III-02,ISRUC-III-02,ISRUC-III,480,2,480,train
ISRUC-III-02,ISRUC-III-02,ISRUC-III,481,2,481,train
ISRUC-III-02,ISRUC-III-02,ISRUC-III,482,2,482,train
ISRUC-III-02,ISRUC-III-02,ISRUC-III,483,2,483,train
ISRUC-III-02,ISRUC-III-02,ISRUC-III,484,2,484,train
ISRUC-III-02,ISRUC-III-02,ISRUC-III,485,2,485,train
ISRUC-III-02,ISRUC-III-02,ISRUC-III,486,2,486,train
ISRUC-III-02,ISRUC-III-02,ISRUC-III,487,2,487,train
ISRUC-III-02,ISRUC-III-02,ISRUC-III,488,2,488,train
ISRUC-III-02,ISRUC-III-02,ISRUC-III,489,2,489,train
ISRUC-III-02,ISRUC-III-02,ISRUC-III,490,2,490,train
ISRUC-III-02,ISRUC-III-02,ISRUC-III,491,2,491,train
ISRUC-III-02,ISRUC-III-02,ISRUC-III,492,2,492,train
ISRUC-III-02,ISRUC-III-02,ISRUC-III,493,2,493,train
ISRUC-III-02,ISRUC-III-02,ISRUC-III,494,2,494,train
ISRUC-III-02,ISRUC-III-02,ISRUC-III,495,2,495,train
ISRUC-III-02,ISRUC-III-02,ISRUC-III,496,2,496,train
ISRUC-III-02,ISRUC-III-02,ISRUC-III,497,2,497,train
ISRUC-III-02,ISRUC-III-02,ISRUC-III,498,2,498,train
ISRUC-III-02,ISRUC-III-02,ISRUC-III,499,2,499,train
ISRUC-III-02,ISRUC-III-02,ISRUC-III,500,2,500,train
ISRUC-III-02,ISRUC-III-02,ISRUC-III,501,2,501,train
ISRUC-III-02,ISRUC-III-02,ISRUC-III,502,2,502,train
ISRUC-III-02,ISRUC-III-02,ISRUC-III,503,3,503,train
ISRUC-III-02,ISRUC-III-02,ISRUC-III,504,3,504,train
ISRUC-III-02,ISRUC-III-02,ISRUC-III,505,3,505,train
ISRUC-III-02,ISRUC-III-02,ISRUC-III,506,3,506,train
ISRUC-III-02,ISRUC-III-02,ISRUC-III,507,3,507,train
ISRUC-III-02,ISRUC-III-02,ISRUC-III,508,3,508,train
ISRUC-III-02,ISRUC-III-02,ISRUC-III,509,3,509,train
ISRUC-III-02,ISRUC-III-02,ISRUC-III,510,3,510,train
ISRUC-III-02,ISRUC-III-02,ISRUC-III,511,3,511,train
ISRUC-III-02,ISRUC-III-02,ISRUC-III,512,3,512,train
ISRUC-III-02,ISRUC-III-02,ISRUC-III,513,3,513,train
ISRUC-III-02,ISRUC-III-02,ISRUC-III,514,3,514,train
ISRUC-III-02,ISRUC-III-02,ISRUC-III,515,3,515,train
ISRUC-III-02,ISRUC-III-02,ISRUC-III,516,0,516,train
ISRUC-III-02,ISRUC-III-02,ISRUC-III,517,0,517,train
ISRUC-III-02,ISRUC-III-02,ISRUC-III,518,0,518,train
ISRUC-III-02,ISRUC-III-02,ISRUC-III,519,0,519,train
ISRUC-III-02,ISRUC-III-02,ISRUC-III,520,0,520,train
ISRUC-III-02,ISRUC-III-02,ISRUC-III,521,1,521,train
ISRUC-III-02,ISRUC-III-02,ISRUC-III,522,1,522,train
ISRUC-III-02,ISRUC-III-02,ISRUC-III,523,0,523,train
ISRUC-III-02,ISRUC-III-02,ISRUC-III,524,1,524,train
ISRUC-III-02,ISRUC-III-02,ISRUC-III,525,1,525,train
ISRUC-III-02,ISRUC-III-02,ISRUC-III,526,1,526,train
ISRUC-III-02,ISRUC-III-02,ISRUC-III,527,1,527,train
ISRUC-III-02,ISRUC-III-02,ISRUC-III,528,2,528,train
ISRUC-III-02,ISRUC-III-02,ISRUC-III,529,2,529,train
ISRUC-III-02,ISRUC-III-02,ISRUC-III,530,2,530,train
ISRUC-III-02,ISRUC-III-02,ISRUC-III,531,1,531,train
ISRUC-III-02,ISRUC-III-02,ISRUC-III,532,1,532,train
ISRUC-III-02,ISRUC-III-02,ISRUC-III,533,2,533,train
ISRUC-III-02,ISRUC-III-02,ISRUC-III,534,1,534,train
ISRUC-III-02,ISRUC-III-02,ISRUC-III,535,2,535,train
ISRUC-III-02,ISRUC-III-02,ISRUC-III,536,1,536,train
ISRUC-III-02,ISRUC-III-02,ISRUC-III,537,2,537,train
ISRUC-III-02,ISRUC-III-02,ISRUC-III,538,2,538,train
ISRUC-III-02,ISRUC-III-02,ISRUC-III,539,2,539,train
ISRUC-III-02,ISRUC-III-02,ISRUC-III,540,1,540,train
ISRUC-III-02,ISRUC-III-02,ISRUC-III,541,2,541,train
ISRUC-III-02,ISRUC-III-02,ISRUC-III,542,1,542,train
ISRUC-III-02,ISRUC-III-02,ISRUC-III,543,2,543,train
ISRUC-III-02,ISRUC-III-02,ISRUC-III,544,2,544,train
ISRUC-III-02,ISRUC-III-02,ISRUC-III,545,2,545,train
ISRUC-III-02,ISRUC-III-02,ISRUC-III,546,2,546,train
ISRUC-III-02,ISRUC-III-02,ISRUC-III,547,2,547,train
ISRUC-III-02,ISRUC-III-02,ISRUC-III,548,2,548,train
ISRUC-III-02,ISRUC-III-02,ISRUC-III,549,1,549,train
ISRUC-III-02,ISRUC-III-02,ISRUC-III,550,2,550,train
ISRUC-III-02,ISRUC-III-02,ISRUC-III,551,2,551,train
ISRUC-III-02,ISRUC-III-02,ISRUC-III,552,2,552,train
ISRUC-III-02,ISRUC-III-02,ISRUC-III,553,0,553,train
ISRUC-III-02,ISRUC-III-02,ISRUC-III,554,1,554,train
ISRUC-III-02,ISRUC-III-02,ISRUC-III,555,1,555,train
ISRUC-III-02,ISRUC-III-02,ISRUC-III,556,2,556,train
ISRUC-III-02,ISRUC-III-02,ISRUC-III,557,2,557,train
ISRUC-III-02,ISRUC-III-02,ISRUC-III,558,0,558,train
ISRUC-III-02,ISRUC-III-02,ISRUC-III,559,2,559,train
ISRUC-III-02,ISRUC-III-02,ISRUC-III,560,2,560,train
ISRUC-III-02,ISRUC-III-02,ISRUC-III,561,2,561,train
ISRUC-III-02,ISRUC-III-02,ISRUC-III,562,1,562,train
ISRUC-III-02,ISRUC-III-02,ISRUC-III,563,2,563,train
ISRUC-III-02,ISRUC-III-02,ISRUC-III,564,2,564,train
ISRUC-III-02,ISRUC-III-02,ISRUC-III,565,2,565,train
ISRUC-III-02,ISRUC-III-02,ISRUC-III,566,2,566,train
ISRUC-III-02,ISRUC-III-02,ISRUC-III,567,2,567,train
ISRUC-III-02,ISRUC-III-02,ISRUC-III,568,2,568,train
ISRUC-III-02,ISRUC-III-02,ISRUC-III,569,2,569,train
ISRUC-III-02,ISRUC-III-02,ISRUC-III,570,2,570,train
ISRUC-III-02,ISRUC-III-02,ISRUC-III,571,2,571,train
ISRUC-III-02,ISRUC-III-02,ISRUC-III,572,2,572,train
ISRUC-III-02,ISRUC-III-02,ISRUC-III,573,2,573,train
ISRUC-III-02,ISRUC-III-02,ISRUC-III,574,2,574,train
ISRUC-III-02,ISRUC-III-02,ISRUC-III,575,2,575,train
ISRUC-III-02,ISRUC-III-02,ISRUC-III,576,2,576,train
ISRUC-III-02,ISRUC-III-02,ISRUC-III,577,4,577,train
ISRUC-III-02,ISRUC-III-02,ISRUC-III,578,1,578,train
ISRUC-III-02,ISRUC-III-02,ISRUC-III,579,4,579,train
ISRUC-III-02,ISRUC-III-02,ISRUC-III,580,4,580,train
ISRUC-III-02,ISRUC-III-02,ISRUC-III,581,4,581,train
ISRUC-III-02,ISRUC-III-02,ISRUC-III,582,4,582,train
ISRUC-III-02,ISRUC-III-02,ISRUC-III,583,4,583,train
ISRUC-III-02,ISRUC-III-02,ISRUC-III,584,4,584,train
ISRUC-III-02,ISRUC-III-02,ISRUC-III,585,4,585,train
ISRUC-III-02,ISRUC-III-02,ISRUC-III,586,4,586,train
ISRUC-III-02,ISRUC-III-02,ISRUC-III,587,4,587,train
ISRUC-III-02,ISRUC-III-02,ISRUC-III,588,4,588,train
ISRUC-III-02,ISRUC-III-02,ISRUC-III,589,4,589,train
ISRUC-III-02,ISRUC-III-02,ISRUC-III,590,1,590,train
ISRUC-III-02,ISRUC-III-02,ISRUC-III,591,0,591,train
ISRUC-III-02,ISRUC-III-02,ISRUC-III,592,1,592,train
ISRUC-III-02,ISRUC-III-02,ISRUC-III,593,1,593,train
ISRUC-III-02,ISRUC-III-02,ISRUC-III,594,1,594,train
ISRUC-III-02,ISRUC-III-02,ISRUC-III,595,1,595,train
ISRUC-III-02,ISRUC-III-02,ISRUC-III,596,2,596,train
ISRUC-III-02,ISRUC-III-02,ISRUC-III,597,2,597,train
ISRUC-III-02,ISRUC-III-02,ISRUC-III,598,2,598,train
ISRUC-III-02,ISRUC-III-02,ISRUC-III,599,2,599,train
ISRUC-III-02,ISRUC-III-02,ISRUC-III,600,2,600,train
ISRUC-III-02,ISRUC-III-02,ISRUC-III,601,2,601,train
ISRUC-III-02,ISRUC-III-02,ISRUC-III,602,2,602,train
ISRUC-III-02,ISRUC-III-02,ISRUC-III,603,2,603,train
ISRUC-III-02,ISRUC-III-02,ISRUC-III,604,2,604,train
ISRUC-III-02,ISRUC-III-02,ISRUC-III,605,2,605,train
ISRUC-III-02,ISRUC-III-02,ISRUC-III,606,1,606,train
ISRUC-III-02,ISRUC-III-02,ISRUC-III,607,2,607,train
ISRUC-III-02,ISRUC-III-02,ISRUC-III,608,2,608,train
ISRUC-III-02,ISRUC-III-02,ISRUC-III,609,2,609,train
ISRUC-III-02,ISRUC-III-02,ISRUC-III,610,2,610,train
ISRUC-III-02,ISRUC-III-02,ISRUC-III,611,2,611,train
ISRUC-III-02,ISRUC-III-02,ISRUC-III,612,2,612,train
ISRUC-III-02,ISRUC-III-02,ISRUC-III,613,2,613,train
ISRUC-III-02,ISRUC-III-02,ISRUC-III,614,1,614,train
ISRUC-III-02,ISRUC-III-02,ISRUC-III,615,2,615,train
ISRUC-III-02,ISRUC-III-02,ISRUC-III,616,2,616,train
ISRUC-III-02,ISRUC-III-02,ISRUC-III,617,2,617,train
ISRUC-III-02,ISRUC-III-02,ISRUC-III,618,2,618,train
ISRUC-III-02,ISRUC-III-02,ISRUC-III,619,2,619,train
ISRUC-III-02,ISRUC-III-02,ISRUC-III,620,2,620,train
ISRUC-III-02,ISRUC-III-02,ISRUC-III,621,2,621,train
ISRUC-III-02,ISRUC-III-02,ISRUC-III,622,2,622,train
ISRUC-III-02,ISRUC-III-02,ISRUC-III,623,2,623,train
ISRUC-III-02,ISRUC-III-02,ISRUC-III,624,2,624,train
ISRUC-III-02,ISRUC-III-02,ISRUC-III,625,2,625,train
ISRUC-III-02,ISRUC-III-02,ISRUC-III,626,2,626,train
ISRUC-III-02,ISRUC-III-02,ISRUC-III,627,2,627,train
ISRUC-III-02,ISRUC-III-02,ISRUC-III,628,2,628,train
ISRUC-III-02,ISRUC-III-02,ISRUC-III,629,2,629,train
ISRUC-III-02,ISRUC-III-02,ISRUC-III,630,2,630,train
ISRUC-III-02,ISRUC-III-02,ISRUC-III,631,2,631,train
ISRUC-III-02,ISRUC-III-02,ISRUC-III,632,2,632,train
ISRUC-III-02,ISRUC-III-02,ISRUC-III,633,2,633,train
ISRUC-III-02,ISRUC-III-02,ISRUC-III,634,1,634,train
ISRUC-III-02,ISRUC-III-02,ISRUC-III,635,2,635,train
ISRUC-III-02,ISRUC-III-02,ISRUC-III,636,2,636,train
ISRUC-III-02,ISRUC-III-02,ISRUC-III,637,2,637,train
ISRUC-III-02,ISRUC-III-02,ISRUC-III,638,2,638,train
ISRUC-III-02,ISRUC-III-02,ISRUC-III,639,2,639,train
ISRUC-III-02,ISRUC-III-02,ISRUC-III,640,2,640,train
ISRUC-III-02,ISRUC-III-02,ISRUC-III,641,2,641,train
ISRUC-III-02,ISRUC-III-02,ISRUC-III,642,4,642,train
ISRUC-III-02,ISRUC-III-02,ISRUC-III,643,4,643,train
ISRUC-III-02,ISRUC-III-02,ISRUC-III,644,1,644,train
ISRUC-III-02,ISRUC-III-02,ISRUC-III,645,4,645,train
ISRUC-III-02,ISRUC-III-02,ISRUC-III,646,4,646,train
ISRUC-III-02,ISRUC-III-02,ISRUC-III,647,4,647,train
ISRUC-III-02,ISRUC-III-02,ISRUC-III,648,4,648,train
ISRUC-III-02,ISRUC-III-02,ISRUC-III,649,4,649,train
ISRUC-III-02,ISRUC-III-02,ISRUC-III,650,4,650,train
ISRUC-III-02,ISRUC-III-02,ISRUC-III,651,1,651,train
ISRUC-III-02,ISRUC-III-02,ISRUC-III,652,4,652,train
ISRUC-III-02,ISRUC-III-02,ISRUC-III,653,4,653,train
ISRUC-III-02,ISRUC-III-02,ISRUC-III,654,4,654,train
ISRUC-III-02,ISRUC-III-02,ISRUC-III,655,4,655,train
ISRUC-III-02,ISRUC-III-02,ISRUC-III,656,4,656,train
ISRUC-III-02,ISRUC-III-02,ISRUC-III,657,4,657,train
ISRUC-III-02,ISRUC-III-02,ISRUC-III,658,4,658,train
ISRUC-III-02,ISRUC-III-02,ISRUC-III,659,4,659,train
ISRUC-III-02,ISRUC-III-02,ISRUC-III,660,4,660,train
ISRUC-III-02,ISRUC-III-02,ISRUC-III,661,4,661,train
ISRUC-III-02,ISRUC-III-02,ISRUC-III,662,4,662,train
ISRUC-III-02,ISRUC-III-02,ISRUC-III,663,4,663,train
ISRUC-III-02,ISRUC-III-02,ISRUC-III,664,4,664,train
ISRUC-III-02,ISRUC-III-02,ISRUC-III,665,4,665,train
ISRUC-III-02,ISRUC-III-02,ISRUC-III,666,4,666,train
ISRUC-III-02,ISRUC-III-02,ISRUC-III,667,4,667,train
ISRUC-III-02,ISRUC-III-02,ISRUC-III,668,0,668,train
ISRUC-III-02,ISRUC-III-02,ISRUC-III,669,1,669,train
ISRUC-III-02,ISRUC-III-02,ISRUC-III,670,1,670,train
ISRUC-III-02,ISRUC-III-02,ISRUC-III,671,1,671,train
ISRUC-III-02,ISRUC-III-02,ISRUC-III,672,1,672,train
ISRUC-III-02,ISRUC-III-02,ISRUC-III,673,1,673,train
ISRUC-III-02,ISRUC-III-02,ISRUC-III,674,1,674,train
ISRUC-III-02,ISRUC-III-02,ISRUC-III,675,2,675,train
ISRUC-III-02,ISRUC-III-02,ISRUC-III,676,1,676,train
ISRUC-III-02,ISRUC-III-02,ISRUC-III,677,1,677,train
ISRUC-III-02,ISRUC-III-02,ISRUC-III,678,1,678,train
ISRUC-III-02,ISRUC-III-02,ISRUC-III,679,1,679,train
ISRUC-III-02,ISRUC-III-02,ISRUC-III,680,2,680,train
ISRUC-III-02,ISRUC-III-02,ISRUC-III,681,2,681,train
ISRUC-III-02,ISRUC-III-02,ISRUC-III,682,4,682,train
ISRUC-III-02,ISRUC-III-02,ISRUC-III,683,4,683,train
ISRUC-III-02,ISRUC-III-02,ISRUC-III,684,4,684,train
ISRUC-III-02,ISRUC-III-02,ISRUC-III,685,4,685,train
ISRUC-III-02,ISRUC-III-02,ISRUC-III,686,4,686,train
ISRUC-III-02,ISRUC-III-02,ISRUC-III,687,1,687,train
ISRUC-III-02,ISRUC-III-02,ISRUC-III,688,4,688,train
ISRUC-III-02,ISRUC-III-02,ISRUC-III,689,4,689,train
ISRUC-III-02,ISRUC-III-02,ISRUC-III,690,4,690,train
ISRUC-III-02,ISRUC-III-02,ISRUC-III,691,4,691,train
ISRUC-III-02,ISRUC-III-02,ISRUC-III,692,4,692,train
ISRUC-III-02,ISRUC-III-02,ISRUC-III,693,4,693,train
ISRUC-III-02,ISRUC-III-02,ISRUC-III,694,4,694,train
ISRUC-III-02,ISRUC-III-02,ISRUC-III,695,4,695,train
ISRUC-III-02,ISRUC-III-02,ISRUC-III,696,4,696,train
ISRUC-III-02,ISRUC-III-02,ISRUC-III,697,4,697,train
ISRUC-III-02,ISRUC-III-02,ISRUC-III,698,4,698,train
ISRUC-III-02,ISRUC-III-02,ISRUC-III,699,4,699,train
ISRUC-III-02,ISRUC-III-02,ISRUC-III,700,4,700,train
ISRUC-III-02,ISRUC-III-02,ISRUC-III,701,1,701,train
ISRUC-III-02,ISRUC-III-02,ISRUC-III,702,4,702,train
ISRUC-III-02,ISRUC-III-02,ISRUC-III,703,4,703,train
ISRUC-III-02,ISRUC-III-02,ISRUC-III,704,1,704,train
ISRUC-III-02,ISRUC-III-02,ISRUC-III,705,1,705,train
ISRUC-III-02,ISRUC-III-02,ISRUC-III,706,1,706,train
ISRUC-III-02,ISRUC-III-02,ISRUC-III,707,1,707,train
ISRUC-III-02,ISRUC-III-02,ISRUC-III,708,1,708,train
ISRUC-III-02,ISRUC-III-02,ISRUC-III,709,4,709,train
ISRUC-III-02,ISRUC-III-02,ISRUC-III,710,4,710,train
ISRUC-III-02,ISRUC-III-02,ISRUC-III,711,4,711,train
ISRUC-III-02,ISRUC-III-02,ISRUC-III,712,4,712,train
ISRUC-III-02,ISRUC-III-02,ISRUC-III,713,4,713,train
ISRUC-III-02,ISRUC-III-02,ISRUC-III,714,4,714,train
ISRUC-III-02,ISRUC-III-02,ISRUC-III,715,4,715,train
ISRUC-III-02,ISRUC-III-02,ISRUC-III,716,4,716,train
ISRUC-III-02,ISRUC-III-02,ISRUC-III,717,4,717,train
ISRUC-III-02,ISRUC-III-02,ISRUC-III,718,4,718,train
ISRUC-III-02,ISRUC-III-02,ISRUC-III,719,1,719,train
ISRUC-III-02,ISRUC-III-02,ISRUC-III,720,4,720,train
ISRUC-III-02,ISRUC-III-02,ISRUC-III,721,1,721,train
ISRUC-III-02,ISRUC-III-02,ISRUC-III,722,4,722,train
ISRUC-III-02,ISRUC-III-02,ISRUC-III,723,4,723,train
ISRUC-III-02,ISRUC-III-02,ISRUC-III,724,1,724,train
ISRUC-III-02,ISRUC-III-02,ISRUC-III,725,4,725,train
ISRUC-III-02,ISRUC-III-02,ISRUC-III,726,4,726,train
ISRUC-III-02,ISRUC-III-02,ISRUC-III,727,1,727,train
ISRUC-III-02,ISRUC-III-02,ISRUC-III,728,1,728,train
ISRUC-III-02,ISRUC-III-02,ISRUC-III,729,1,729,train
ISRUC-III-02,ISRUC-III-02,ISRUC-III,730,1,730,train
ISRUC-III-02,ISRUC-III-02,ISRUC-III,731,1,731,train
ISRUC-III-02,ISRUC-III-02,ISRUC-III,732,1,732,train
ISRUC-III-02,ISRUC-III-02,ISRUC-III,733,4,733,train
ISRUC-III-02,ISRUC-III-02,ISRUC-III,734,4,734,train
ISRUC-III-02,ISRUC-III-02,ISRUC-III,735,4,735,train
ISRUC-III-02,ISRUC-III-02,ISRUC-III,736,4,736,train
ISRUC-III-02,ISRUC-III-02,ISRUC-III,737,4,737,train
ISRUC-III-02,ISRUC-III-02,ISRUC-III,738,4,738,train
ISRUC-III-02,ISRUC-III-02,ISRUC-III,739,4,739,train
ISRUC-III-02,ISRUC-III-02,ISRUC-III,740,4,740,train
ISRUC-III-02,ISRUC-III-02,ISRUC-III,741,1,741,train
ISRUC-III-02,ISRUC-III-02,ISRUC-III,742,4,742,train
ISRUC-III-02,ISRUC-III-02,ISRUC-III,743,4,743,train
ISRUC-III-02,ISRUC-III-02,ISRUC-III,744,4,744,train
ISRUC-III-02,ISRUC-III-02,ISRUC-III,745,4,745,train
ISRUC-III-02,ISRUC-III-02,ISRUC-III,746,4,746,train
ISRUC-III-02,ISRUC-III-02,ISRUC-III,747,4,747,train
ISRUC-III-02,ISRUC-III-02,ISRUC-III,748,0,748,train
ISRUC-III-02,ISRUC-III-02,ISRUC-III,749,1,749,train
ISRUC-III-02,ISRUC-III-02,ISRUC-III,750,1,750,train
ISRUC-III-02,ISRUC-III-02,ISRUC-III,751,1,751,train
ISRUC-III-02,ISRUC-III-02,ISRUC-III,752,2,752,train
ISRUC-III-02,ISRUC-III-02,ISRUC-III,753,2,753,train
ISRUC-III-02,ISRUC-III-02,ISRUC-III,754,2,754,train
ISRUC-III-02,ISRUC-III-02,ISRUC-III,755,1,755,train
ISRUC-III-02,ISRUC-III-02,ISRUC-III,756,1,756,train
ISRUC-III-02,ISRUC-III-02,ISRUC-III,757,1,757,train
ISRUC-III-02,ISRUC-III-02,ISRUC-III,758,4,758,train
ISRUC-III-02,ISRUC-III-02,ISRUC-III,759,4,759,train
ISRUC-III-02,ISRUC-III-02,ISRUC-III,760,4,760,train
ISRUC-III-02,ISRUC-III-02,ISRUC-III,761,4,761,train
ISRUC-III-02,ISRUC-III-02,ISRUC-III,762,4,762,train
ISRUC-III-02,ISRUC-III-02,ISRUC-III,763,4,763,train
ISRUC-III-02,ISRUC-III-02,ISRUC-III,764,2,764,train
ISRUC-III-02,ISRUC-III-02,ISRUC-III,765,2,765,train
ISRUC-III-02,ISRUC-III-02,ISRUC-III,766,2,766,train
ISRUC-III-02,ISRUC-III-02,ISRUC-III,767,4,767,train
ISRUC-III-02,ISRUC-III-02,ISRUC-III,768,4,768,train
ISRUC-III-02,ISRUC-III-02,ISRUC-III,769,4,769,train
ISRUC-III-02,ISRUC-III-02,ISRUC-III,770,4,770,train
ISRUC-III-02,ISRUC-III-02,ISRUC-III,771,4,771,train
ISRUC-III-02,ISRUC-III-02,ISRUC-III,772,4,772,train
ISRUC-III-02,ISRUC-III-02,ISRUC-III,773,4,773,train
ISRUC-III-02,ISRUC-III-02,ISRUC-III,774,4,774,train
ISRUC-III-02,ISRUC-III-02,ISRUC-III,775,4,775,train
ISRUC-III-02,ISRUC-III-02,ISRUC-III,776,4,776,train
ISRUC-III-02,ISRUC-III-02,ISRUC-III,777,4,777,train
ISRUC-III-02,ISRUC-III-02,ISRUC-III,778,1,778,train
ISRUC-III-02,ISRUC-III-02,ISRUC-III,779,1,779,train
ISRUC-III-02,ISRUC-III-02,ISRUC-III,780,1,780,train
ISRUC-III-02,ISRUC-III-02,ISRUC-III,781,0,781,train
ISRUC-III-02,ISRUC-III-02,ISRUC-III,782,1,782,train
ISRUC-III-02,ISRUC-III-02,ISRUC-III,783,1,783,train
ISRUC-III-02,ISRUC-III-02,ISRUC-III,784,1,784,train
ISRUC-III-02,ISRUC-III-02,ISRUC-III,785,1,785,train
ISRUC-III-02,ISRUC-III-02,ISRUC-III,786,1,786,train
ISRUC-III-02,ISRUC-III-02,ISRUC-III,787,2,787,train
ISRUC-III-02,ISRUC-III-02,ISRUC-III,788,2,788,train
ISRUC-III-02,ISRUC-III-02,ISRUC-III,789,1,789,train
ISRUC-III-02,ISRUC-III-02,ISRUC-III,790,2,790,train
ISRUC-III-02,ISRUC-III-02,ISRUC-III,791,2,791,train
ISRUC-III-02,ISRUC-III-02,ISRUC-III,792,2,792,train
ISRUC-III-02,ISRUC-III-02,ISRUC-III,793,2,793,train
ISRUC-III-02,ISRUC-III-02,ISRUC-III,794,2,794,train
ISRUC-III-02,ISRUC-III-02,ISRUC-III,795,2,795,train
ISRUC-III-02,ISRUC-III-02,ISRUC-III,796,2,796,train
ISRUC-III-02,ISRUC-III-02,ISRUC-III,797,2,797,train
ISRUC-III-02,ISRUC-III-02,ISRUC-III,798,2,798,train
ISRUC-III-02,ISRUC-III-02,ISRUC-III,799,2,799,train
ISRUC-III-02,ISRUC-III-02,ISRUC-III,800,2,800,train
ISRUC-III-02,ISRUC-III-02,ISRUC-III,801,2,801,train
ISRUC-III-02,ISRUC-III-02,ISRUC-III,802,2,802,train
ISRUC-III-02,ISRUC-III-02,ISRUC-III,803,3,803,train
ISRUC-III-02,ISRUC-III-02,ISRUC-III,804,2,804,train
ISRUC-III-02,ISRUC-III-02,ISRUC-III,805,3,805,train
ISRUC-III-02,ISRUC-III-02,ISRUC-III,806,2,806,train
ISRUC-III-02,ISRUC-III-02,ISRUC-III,807,3,807,train
ISRUC-III-02,ISRUC-III-02,ISRUC-III,808,3,808,train
ISRUC-III-02,ISRUC-III-02,ISRUC-III,809,3,809,train
ISRUC-III-02,ISRUC-III-02,ISRUC-III,810,2,810,train
ISRUC-III-02,ISRUC-III-02,ISRUC-III,811,2,811,train
ISRUC-III-02,ISRUC-III-02,ISRUC-III,812,2,812,train
ISRUC-III-02,ISRUC-III-02,ISRUC-III,813,3,813,train
ISRUC-III-02,ISRUC-III-02,ISRUC-III,814,3,814,train
ISRUC-III-02,ISRUC-III-02,ISRUC-III,815,3,815,train
ISRUC-III-02,ISRUC-III-02,ISRUC-III,816,3,816,train
ISRUC-III-02,ISRUC-III-02,ISRUC-III,817,3,817,train
ISRUC-III-02,ISRUC-III-02,ISRUC-III,818,3,818,train
ISRUC-III-02,ISRUC-III-02,ISRUC-III,819,3,819,train
ISRUC-III-02,ISRUC-III-02,ISRUC-III,820,3,820,train
ISRUC-III-02,ISRUC-III-02,ISRUC-III,821,3,821,train
ISRUC-III-02,ISRUC-III-02,ISRUC-III,822,3,822,train
ISRUC-III-02,ISRUC-III-02,ISRUC-III,823,3,823,train
ISRUC-III-02,ISRUC-III-02,ISRUC-III,824,3,824,train
ISRUC-III-02,ISRUC-III-02,ISRUC-III,825,3,825,train
ISRUC-III-02,ISRUC-III-02,ISRUC-III,826,3,826,train
ISRUC-III-02,ISRUC-III-02,ISRUC-III,827,3,827,train
ISRUC-III-02,ISRUC-III-02,ISRUC-III,828,3,828,train
ISRUC-III-02,ISRUC-III-02,ISRUC-III,829,3,829,train
ISRUC-III-02,ISRUC-III-02,ISRUC-III,830,3,830,train
ISRUC-III-02,ISRUC-III-02,ISRUC-III,831,3,831,train
ISRUC-III-02,ISRUC-III-02,ISRUC-III,832,3,832,train
ISRUC-III-02,ISRUC-III-02,ISRUC-III,833,3,833,train
ISRUC-III-02,ISRUC-III-02,ISRUC-III,834,3,834,train
ISRUC-III-02,ISRUC-III-02,ISRUC-III,835,3,835,train
ISRUC-III-02,ISRUC-III-02,ISRUC-III,836,3,836,train
ISRUC-III-02,ISRUC-III-02,ISRUC-III,837,3,837,train
ISRUC-III-02,ISRUC-III-02,ISRUC-III,838,3,838,train
ISRUC-III-02,ISRUC-III-02,ISRUC-III,839,3,839,train
ISRUC-III-02,ISRUC-III-02,ISRUC-III,840,3,840,train
ISRUC-III-02,ISRUC-III-02,ISRUC-III,841,3,841,train
ISRUC-III-02,ISRUC-III-02,ISRUC-III,842,3,842,train
ISRUC-III-02,ISRUC-III-02,ISRUC-III,843,3,843,train
ISRUC-III-02,ISRUC-III-02,ISRUC-III,844,3,844,train
ISRUC-III-02,ISRUC-III-02,ISRUC-III,845,3,845,train
ISRUC-III-02,ISRUC-III-02,ISRUC-III,846,3,846,train
ISRUC-III-02,ISRUC-III-02,ISRUC-III,847,3,847,train
ISRUC-III-02,ISRUC-III-02,ISRUC-III,848,3,848,train
ISRUC-III-02,ISRUC-III-02,ISRUC-III,849,3,849,train
ISRUC-III-02,ISRUC-III-02,ISRUC-III,850,3,850,train
ISRUC-III-02,ISRUC-III-02,ISRUC-III,851,3,851,train
ISRUC-III-02,ISRUC-III-02,ISRUC-III,852,3,852,train
ISRUC-III-02,ISRUC-III-02,ISRUC-III,853,3,853,train
ISRUC-III-02,ISRUC-III-02,ISRUC-III,854,3,854,train
ISRUC-III-02,ISRUC-III-02,ISRUC-III,855,3,855,train
ISRUC-III-02,ISRUC-III-02,ISRUC-III,856,0,856,train
ISRUC-III-02,ISRUC-III-02,ISRUC-III,857,2,857,train
ISRUC-III-02,ISRUC-III-02,ISRUC-III,858,0,858,train
ISRUC-III-02,ISRUC-III-02,ISRUC-III,859,0,859,train
ISRUC-III-02,ISRUC-III-02,ISRUC-III,860,0,860,train
ISRUC-III-02,ISRUC-III-02,ISRUC-III,861,0,861,train
ISRUC-III-02,ISRUC-III-02,ISRUC-III,862,1,862,train
ISRUC-III-02,ISRUC-III-02,ISRUC-III,863,1,863,train
ISRUC-III-02,ISRUC-III-02,ISRUC-III,864,0,864,train
ISRUC-III-02,ISRUC-III-02,ISRUC-III,865,0,865,train
ISRUC-III-02,ISRUC-III-02,ISRUC-III,866,0,866,train
ISRUC-III-02,ISRUC-III-02,ISRUC-III,867,1,867,train
ISRUC-III-02,ISRUC-III-02,ISRUC-III,868,2,868,train
ISRUC-III-02,ISRUC-III-02,ISRUC-III,869,2,869,train
ISRUC-III-02,ISRUC-III-02,ISRUC-III,870,0,870,train
ISRUC-III-02,ISRUC-III-02,ISRUC-III,871,1,871,train
ISRUC-III-02,ISRUC-III-02,ISRUC-III,872,2,872,train
ISRUC-III-02,ISRUC-III-02,ISRUC-III,873,2,873,train
ISRUC-III-02,ISRUC-III-02,ISRUC-III,874,2,874,train
ISRUC-III-02,ISRUC-III-02,ISRUC-III,875,2,875,train
ISRUC-III-02,ISRUC-III-02,ISRUC-III,876,2,876,train
ISRUC-III-02,ISRUC-III-02,ISRUC-III,877,2,877,train
ISRUC-III-02,ISRUC-III-02,ISRUC-III,878,2,878,train
ISRUC-III-02,ISRUC-III-02,ISRUC-III,879,2,879,train
ISRUC-III-02,ISRUC-III-02,ISRUC-III,880,2,880,train
ISRUC-III-02,ISRUC-III-02,ISRUC-III,881,2,881,train
ISRUC-III-02,ISRUC-III-02,ISRUC-III,882,2,882,train
ISRUC-III-02,ISRUC-III-02,ISRUC-III,883,2,883,train
ISRUC-III-02,ISRUC-III-02,ISRUC-III,884,2,884,train
ISRUC-III-02,ISRUC-III-02,ISRUC-III,885,2,885,train
ISRUC-III-02,ISRUC-III-02,ISRUC-III,886,2,886,train
ISRUC-III-02,ISRUC-III-02,ISRUC-III,887,2,887,train
ISRUC-III-02,ISRUC-III-02,ISRUC-III,888,2,888,train
ISRUC-III-02,ISRUC-III-02,ISRUC-III,889,2,889,train
ISRUC-III-02,ISRUC-III-02,ISRUC-III,890,0,890,train
ISRUC-III-02,ISRUC-III-02,ISRUC-III,891,1,891,train
ISRUC-III-02,ISRUC-III-02,ISRUC-III,892,2,892,train
ISRUC-III-02,ISRUC-III-02,ISRUC-III,893,2,893,train
ISRUC-III-02,ISRUC-III-02,ISRUC-III,894,4,894,train
ISRUC-III-02,ISRUC-III-02,ISRUC-III,895,4,895,train
ISRUC-III-02,ISRUC-III-02,ISRUC-III,896,4,896,train
ISRUC-III-02,ISRUC-III-02,ISRUC-III,897,4,897,train
ISRUC-III-02,ISRUC-III-02,ISRUC-III,898,4,898,train
ISRUC-III-02,ISRUC-III-02,ISRUC-III,899,1,899,train
ISRUC-III-02,ISRUC-III-02,ISRUC-III,900,4,900,train
ISRUC-III-02,ISRUC-III-02,ISRUC-III,901,4,901,train
ISRUC-III-02,ISRUC-III-02,ISRUC-III,902,1,902,train
ISRUC-III-02,ISRUC-III-02,ISRUC-III,903,4,903,train
ISRUC-III-02,ISRUC-III-02,ISRUC-III,904,4,904,train
ISRUC-III-02,ISRUC-III-02,ISRUC-III,905,4,905,train
ISRUC-III-02,ISRUC-III-02,ISRUC-III,906,4,906,train
ISRUC-III-02,ISRUC-III-02,ISRUC-III,907,4,907,train
ISRUC-III-02,ISRUC-III-02,ISRUC-III,908,4,908,train
ISRUC-III-02,ISRUC-III-02,ISRUC-III,909,4,909,train
ISRUC-III-02,ISRUC-III-02,ISRUC-III,910,4,910,train
ISRUC-III-03,ISRUC-III-03,ISRUC-III,0,0,0,train
ISRUC-III-03,ISRUC-III-03,ISRUC-III,1,0,1,train
ISRUC-III-03,ISRUC-III-03,ISRUC-III,2,0,2,train
ISRUC-III-03,ISRUC-III-03,ISRUC-III,3,0,3,train
ISRUC-III-03,ISRUC-III-03,ISRUC-III,4,0,4,train
ISRUC-III-03,ISRUC-III-03,ISRUC-III,5,0,5,train
ISRUC-III-03,ISRUC-III-03,ISRUC-III,6,0,6,train
ISRUC-III-03,ISRUC-III-03,ISRUC-III,7,0,7,train
ISRUC-III-03,ISRUC-III-03,ISRUC-III,8,0,8,train
ISRUC-III-03,ISRUC-III-03,ISRUC-III,9,0,9,train
ISRUC-III-03,ISRUC-III-03,ISRUC-III,10,0,10,train
ISRUC-III-03,ISRUC-III-03,ISRUC-III,11,0,11,train
ISRUC-III-03,ISRUC-III-03,ISRUC-III,12,0,12,train
ISRUC-III-03,ISRUC-III-03,ISRUC-III,13,1,13,train
ISRUC-III-03,ISRUC-III-03,ISRUC-III,14,2,14,train
ISRUC-III-03,ISRUC-III-03,ISRUC-III,15,2,15,train
ISRUC-III-03,ISRUC-III-03,ISRUC-III,16,1,16,train
ISRUC-III-03,ISRUC-III-03,ISRUC-III,17,2,17,train
ISRUC-III-03,ISRUC-III-03,ISRUC-III,18,2,18,train
ISRUC-III-03,ISRUC-III-03,ISRUC-III,19,0,19,train
ISRUC-III-03,ISRUC-III-03,ISRUC-III,20,0,20,train
ISRUC-III-03,ISRUC-III-03,ISRUC-III,21,2,21,train
ISRUC-III-03,ISRUC-III-03,ISRUC-III,22,2,22,train
ISRUC-III-03,ISRUC-III-03,ISRUC-III,23,2,23,train
ISRUC-III-03,ISRUC-III-03,ISRUC-III,24,2,24,train
ISRUC-III-03,ISRUC-III-03,ISRUC-III,25,2,25,train
ISRUC-III-03,ISRUC-III-03,ISRUC-III,26,2,26,train
ISRUC-III-03,ISRUC-III-03,ISRUC-III,27,2,27,train
ISRUC-III-03,ISRUC-III-03,ISRUC-III,28,2,28,train
ISRUC-III-03,ISRUC-III-03,ISRUC-III,29,2,29,train
ISRUC-III-03,ISRUC-III-03,ISRUC-III,30,2,30,train
ISRUC-III-03,ISRUC-III-03,ISRUC-III,31,2,31,train
ISRUC-III-03,ISRUC-III-03,ISRUC-III,32,2,32,train
ISRUC-III-03,ISRUC-III-03,ISRUC-III,33,0,33,train
ISRUC-III-03,ISRUC-III-03,ISRUC-III,34,0,34,train
ISRUC-III-03,ISRUC-III-03,ISRUC-III,35,2,35,train
ISRUC-III-03,ISRUC-III-03,ISRUC-III,36,2,36,train
ISRUC-III-03,ISRUC-III-03,ISRUC-III,37,0,37,train
ISRUC-III-03,ISRUC-III-03,ISRUC-III,38,0,38,train
ISRUC-III-03,ISRUC-III-03,ISRUC-III,39,1,39,train
ISRUC-III-03,ISRUC-III-03,ISRUC-III,40,1,40,train
ISRUC-III-03,ISRUC-III-03,ISRUC-III,41,2,41,train
ISRUC-III-03,ISRUC-III-03,ISRUC-III,42,0,42,train
ISRUC-III-03,ISRUC-III-03,ISRUC-III,43,2,43,train
ISRUC-III-03,ISRUC-III-03,ISRUC-III,44,2,44,train
ISRUC-III-03,ISRUC-III-03,ISRUC-III,45,2,45,train
ISRUC-III-03,ISRUC-III-03,ISRUC-III,46,2,46,train
ISRUC-III-03,ISRUC-III-03,ISRUC-III,47,2,47,train
ISRUC-III-03,ISRUC-III-03,ISRUC-III,48,0,48,train
ISRUC-III-03,ISRUC-III-03,ISRUC-III,49,2,49,train
ISRUC-III-03,ISRUC-III-03,ISRUC-III,50,2,50,train
ISRUC-III-03,ISRUC-III-03,ISRUC-III,51,1,51,train
ISRUC-III-03,ISRUC-III-03,ISRUC-III,52,2,52,train
ISRUC-III-03,ISRUC-III-03,ISRUC-III,53,2,53,train
ISRUC-III-03,ISRUC-III-03,ISRUC-III,54,2,54,train
ISRUC-III-03,ISRUC-III-03,ISRUC-III,55,2,55,train
ISRUC-III-03,ISRUC-III-03,ISRUC-III,56,2,56,train
ISRUC-III-03,ISRUC-III-03,ISRUC-III,57,2,57,train
ISRUC-III-03,ISRUC-III-03,ISRUC-III,58,2,58,train
ISRUC-III-03,ISRUC-III-03,ISRUC-III,59,2,59,train
ISRUC-III-03,ISRUC-III-03,ISRUC-III,60,2,60,train
ISRUC-III-03,ISRUC-III-03,ISRUC-III,61,2,61,train
ISRUC-III-03,ISRUC-III-03,ISRUC-III,62,2,62,train
ISRUC-III-03,ISRUC-III-03,ISRUC-III,63,2,63,train
ISRUC-III-03,ISRUC-III-03,ISRUC-III,64,3,64,train
ISRUC-III-03,ISRUC-III-03,ISRUC-III,65,3,65,train
ISRUC-III-03,ISRUC-III-03,ISRUC-III,66,3,66,train
ISRUC-III-03,ISRUC-III-03,ISRUC-III,67,2,67,train
ISRUC-III-03,ISRUC-III-03,ISRUC-III,68,2,68,train
ISRUC-III-03,ISRUC-III-03,ISRUC-III,69,2,69,train
ISRUC-III-03,ISRUC-III-03,ISRUC-III,70,2,70,train
ISRUC-III-03,ISRUC-III-03,ISRUC-III,71,2,71,train
ISRUC-III-03,ISRUC-III-03,ISRUC-III,72,3,72,train
ISRUC-III-03,ISRUC-III-03,ISRUC-III,73,3,73,train
ISRUC-III-03,ISRUC-III-03,ISRUC-III,74,3,74,train
ISRUC-III-03,ISRUC-III-03,ISRUC-III,75,3,75,train
ISRUC-III-03,ISRUC-III-03,ISRUC-III,76,3,76,train
ISRUC-III-03,ISRUC-III-03,ISRUC-III,77,3,77,train
ISRUC-III-03,ISRUC-III-03,ISRUC-III,78,3,78,train
ISRUC-III-03,ISRUC-III-03,ISRUC-III,79,3,79,train
ISRUC-III-03,ISRUC-III-03,ISRUC-III,80,3,80,train
ISRUC-III-03,ISRUC-III-03,ISRUC-III,81,3,81,train
ISRUC-III-03,ISRUC-III-03,ISRUC-III,82,3,82,train
ISRUC-III-03,ISRUC-III-03,ISRUC-III,83,3,83,train
ISRUC-III-03,ISRUC-III-03,ISRUC-III,84,3,84,train
ISRUC-III-03,ISRUC-III-03,ISRUC-III,85,3,85,train
ISRUC-III-03,ISRUC-III-03,ISRUC-III,86,3,86,train
ISRUC-III-03,ISRUC-III-03,ISRUC-III,87,3,87,train
ISRUC-III-03,ISRUC-III-03,ISRUC-III,88,3,88,train
ISRUC-III-03,ISRUC-III-03,ISRUC-III,89,3,89,train
ISRUC-III-03,ISRUC-III-03,ISRUC-III,90,3,90,train
ISRUC-III-03,ISRUC-III-03,ISRUC-III,91,3,91,train
ISRUC-III-03,ISRUC-III-03,ISRUC-III,92,3,92,train
ISRUC-III-03,ISRUC-III-03,ISRUC-III,93,3,93,train
ISRUC-III-03,ISRUC-III-03,ISRUC-III,94,3,94,train
ISRUC-III-03,ISRUC-III-03,ISRUC-III,95,3,95,train
ISRUC-III-03,ISRUC-III-03,ISRUC-III,96,3,96,train
ISRUC-III-03,ISRUC-III-03,ISRUC-III,97,3,97,train
ISRUC-III-03,ISRUC-III-03,ISRUC-III,98,3,98,train
ISRUC-III-03,ISRUC-III-03,ISRUC-III,99,3,99,train
ISRUC-III-03,ISRUC-III-03,ISRUC-III,100,3,100,train
ISRUC-III-03,ISRUC-III-03,ISRUC-III,101,3,101,train
ISRUC-III-03,ISRUC-III-03,ISRUC-III,102,3,102,train
ISRUC-III-03,ISRUC-III-03,ISRUC-III,103,3,103,train
ISRUC-III-03,ISRUC-III-03,ISRUC-III,104,3,104,train
ISRUC-III-03,ISRUC-III-03,ISRUC-III,105,3,105,train
ISRUC-III-03,ISRUC-III-03,ISRUC-III,106,3,106,train
ISRUC-III-03,ISRUC-III-03,ISRUC-III,107,3,107,train
ISRUC-III-03,ISRUC-III-03,ISRUC-III,108,3,108,train
ISRUC-III-03,ISRUC-III-03,ISRUC-III,109,3,109,train
ISRUC-III-03,ISRUC-III-03,ISRUC-III,110,3,110,train
ISRUC-III-03,ISRUC-III-03,ISRUC-III,111,3,111,train
ISRUC-III-03,ISRUC-III-03,ISRUC-III,112,3,112,train
ISRUC-III-03,ISRUC-III-03,ISRUC-III,113,3,113,train
ISRUC-III-03,ISRUC-III-03,ISRUC-III,114,3,114,train
ISRUC-III-03,ISRUC-III-03,ISRUC-III,115,3,115,train
ISRUC-III-03,ISRUC-III-03,ISRUC-III,116,3,116,train
ISRUC-III-03,ISRUC-III-03,ISRUC-III,117,3,117,train
ISRUC-III-03,ISRUC-III-03,ISRUC-III,118,3,118,train
ISRUC-III-03,ISRUC-III-03,ISRUC-III,119,3,119,train
ISRUC-III-03,ISRUC-III-03,ISRUC-III,120,3,120,train
ISRUC-III-03,ISRUC-III-03,ISRUC-III,121,3,121,train
ISRUC-III-03,ISRUC-III-03,ISRUC-III,122,3,122,train
ISRUC-III-03,ISRUC-III-03,ISRUC-III,123,3,123,train
ISRUC-III-03,ISRUC-III-03,ISRUC-III,124,3,124,train
ISRUC-III-03,ISRUC-III-03,ISRUC-III,125,3,125,train
ISRUC-III-03,ISRUC-III-03,ISRUC-III,126,3,126,train
ISRUC-III-03,ISRUC-III-03,ISRUC-III,127,3,127,train
ISRUC-III-03,ISRUC-III-03,ISRUC-III,128,3,128,train
ISRUC-III-03,ISRUC-III-03,ISRUC-III,129,3,129,train
ISRUC-III-03,ISRUC-III-03,ISRUC-III,130,3,130,train
ISRUC-III-03,ISRUC-III-03,ISRUC-III,131,3,131,train
ISRUC-III-03,ISRUC-III-03,ISRUC-III,132,3,132,train
ISRUC-III-03,ISRUC-III-03,ISRUC-III,133,3,133,train
ISRUC-III-03,ISRUC-III-03,ISRUC-III,134,3,134,train
ISRUC-III-03,ISRUC-III-03,ISRUC-III,135,3,135,train
ISRUC-III-03,ISRUC-III-03,ISRUC-III,136,3,136,train
ISRUC-III-03,ISRUC-III-03,ISRUC-III,137,3,137,train
ISRUC-III-03,ISRUC-III-03,ISRUC-III,138,3,138,train
ISRUC-III-03,ISRUC-III-03,ISRUC-III,139,3,139,train
ISRUC-III-03,ISRUC-III-03,ISRUC-III,140,3,140,train
ISRUC-III-03,ISRUC-III-03,ISRUC-III,141,3,141,train
ISRUC-III-03,ISRUC-III-03,ISRUC-III,142,3,142,train
ISRUC-III-03,ISRUC-III-03,ISRUC-III,143,3,143,train
ISRUC-III-03,ISRUC-III-03,ISRUC-III,144,3,144,train
ISRUC-III-03,ISRUC-III-03,ISRUC-III,145,3,145,train
ISRUC-III-03,ISRUC-III-03,ISRUC-III,146,3,146,train
ISRUC-III-03,ISRUC-III-03,ISRUC-III,147,3,147,train
ISRUC-III-03,ISRUC-III-03,ISRUC-III,148,3,148,train
ISRUC-III-03,ISRUC-III-03,ISRUC-III,149,3,149,train
ISRUC-III-03,ISRUC-III-03,ISRUC-III,150,3,150,train
ISRUC-III-03,ISRUC-III-03,ISRUC-III,151,3,151,train
ISRUC-III-03,ISRUC-III-03,ISRUC-III,152,3,152,train
ISRUC-III-03,ISRUC-III-03,ISRUC-III,153,3,153,train
ISRUC-III-03,ISRUC-III-03,ISRUC-III,154,3,154,train
ISRUC-III-03,ISRUC-III-03,ISRUC-III,155,3,155,train
ISRUC-III-03,ISRUC-III-03,ISRUC-III,156,3,156,train
ISRUC-III-03,ISRUC-III-03,ISRUC-III,157,3,157,train
ISRUC-III-03,ISRUC-III-03,ISRUC-III,158,3,158,train
ISRUC-III-03,ISRUC-III-03,ISRUC-III,159,3,159,train
ISRUC-III-03,ISRUC-III-03,ISRUC-III,160,3,160,train
ISRUC-III-03,ISRUC-III-03,ISRUC-III,161,3,161,train
ISRUC-III-03,ISRUC-III-03,ISRUC-III,162,3,162,train
ISRUC-III-03,ISRUC-III-03,ISRUC-III,163,3,163,train
ISRUC-III-03,ISRUC-III-03,ISRUC-III,164,3,164,train
ISRUC-III-03,ISRUC-III-03,ISRUC-III,165,3,165,train
ISRUC-III-03,ISRUC-III-03,ISRUC-III,166,3,166,train
ISRUC-III-03,ISRUC-III-03,ISRUC-III,167,3,167,train
ISRUC-III-03,ISRUC-III-03,ISRUC-III,168,2,168,train
ISRUC-III-03,ISRUC-III-03,ISRUC-III,169,3,169,train
ISRUC-III-03,ISRUC-III-03,ISRUC-III,170,3,170,train
ISRUC-III-03,ISRUC-III-03,ISRUC-III,171,3,171,train
ISRUC-III-03,ISRUC-III-03,ISRUC-III,172,3,172,train
ISRUC-III-03,ISRUC-III-03,ISRUC-III,173,3,173,train
ISRUC-III-03,ISRUC-III-03,ISRUC-III,174,3,174,train
ISRUC-III-03,ISRUC-III-03,ISRUC-III,175,3,175,train
ISRUC-III-03,ISRUC-III-03,ISRUC-III,176,0,176,train
ISRUC-III-03,ISRUC-III-03,ISRUC-III,177,3,177,train
ISRUC-III-03,ISRUC-III-03,ISRUC-III,178,2,178,train
ISRUC-III-03,ISRUC-III-03,ISRUC-III,179,2,179,train
ISRUC-III-03,ISRUC-III-03,ISRUC-III,180,2,180,train
ISRUC-III-03,ISRUC-III-03,ISRUC-III,181,2,181,train
ISRUC-III-03,ISRUC-III-03,ISRUC-III,182,2,182,train
ISRUC-III-03,ISRUC-III-03,ISRUC-III,183,2,183,train
ISRUC-III-03,ISRUC-III-03,ISRUC-III,184,2,184,train
ISRUC-III-03,ISRUC-III-03,ISRUC-III,185,2,185,train
ISRUC-III-03,ISRUC-III-03,ISRUC-III,186,2,186,train
ISRUC-III-03,ISRUC-III-03,ISRUC-III,187,2,187,train
ISRUC-III-03,ISRUC-III-03,ISRUC-III,188,4,188,train
ISRUC-III-03,ISRUC-III-03,ISRUC-III,189,4,189,train
ISRUC-III-03,ISRUC-III-03,ISRUC-III,190,4,190,train
ISRUC-III-03,ISRUC-III-03,ISRUC-III,191,4,191,train
ISRUC-III-03,ISRUC-III-03,ISRUC-III,192,4,192,train
ISRUC-III-03,ISRUC-III-03,ISRUC-III,193,4,193,train
ISRUC-III-03,ISRUC-III-03,ISRUC-III,194,4,194,train
ISRUC-III-03,ISRUC-III-03,ISRUC-III,195,0,195,train
ISRUC-III-03,ISRUC-III-03,ISRUC-III,196,2,196,train
ISRUC-III-03,ISRUC-III-03,ISRUC-III,197,4,197,train
ISRUC-III-03,ISRUC-III-03,ISRUC-III,198,2,198,train
ISRUC-III-03,ISRUC-III-03,ISRUC-III,199,2,199,train
ISRUC-III-03,ISRUC-III-03,ISRUC-III,200,4,200,train
ISRUC-III-03,ISRUC-III-03,ISRUC-III,201,4,201,train
ISRUC-III-03,ISRUC-III-03,ISRUC-III,202,4,202,train
ISRUC-III-03,ISRUC-III-03,ISRUC-III,203,4,203,train
ISRUC-III-03,ISRUC-III-03,ISRUC-III,204,4,204,train
ISRUC-III-03,ISRUC-III-03,ISRUC-III,205,1,205,train
ISRUC-III-03,ISRUC-III-03,ISRUC-III,206,1,206,train
ISRUC-III-03,ISRUC-III-03,ISRUC-III,207,1,207,train
ISRUC-III-03,ISRUC-III-03,ISRUC-III,208,4,208,train
ISRUC-III-03,ISRUC-III-03,ISRUC-III,209,4,209,train
ISRUC-III-03,ISRUC-III-03,ISRUC-III,210,0,210,train
ISRUC-III-03,ISRUC-III-03,ISRUC-III,211,1,211,train
ISRUC-III-03,ISRUC-III-03,ISRUC-III,212,2,212,train
ISRUC-III-03,ISRUC-III-03,ISRUC-III,213,2,213,train
ISRUC-III-03,ISRUC-III-03,ISRUC-III,214,2,214,train
ISRUC-III-03,ISRUC-III-03,ISRUC-III,215,2,215,train
ISRUC-III-03,ISRUC-III-03,ISRUC-III,216,2,216,train
ISRUC-III-03,ISRUC-III-03,ISRUC-III,217,2,217,train
ISRUC-III-03,ISRUC-III-03,ISRUC-III,218,1,218,train
ISRUC-III-03,ISRUC-III-03,ISRUC-III,219,2,219,train
ISRUC-III-03,ISRUC-III-03,ISRUC-III,220,2,220,train
ISRUC-III-03,ISRUC-III-03,ISRUC-III,221,2,221,train
ISRUC-III-03,ISRUC-III-03,ISRUC-III,222,2,222,train
ISRUC-III-03,ISRUC-III-03,ISRUC-III,223,2,223,train
ISRUC-III-03,ISRUC-III-03,ISRUC-III,224,2,224,train
ISRUC-III-03,ISRUC-III-03,ISRUC-III,225,2,225,train
ISRUC-III-03,ISRUC-III-03,ISRUC-III,226,2,226,train
ISRUC-III-03,ISRUC-III-03,ISRUC-III,227,2,227,train
ISRUC-III-03,ISRUC-III-03,ISRUC-III,228,2,228,train
ISRUC-III-03,ISRUC-III-03,ISRUC-III,229,2,229,train
ISRUC-III-03,ISRUC-III-03,ISRUC-III,230,2,230,train
ISRUC-III-03,ISRUC-III-03,ISRUC-III,231,3,231,train
ISRUC-III-03,ISRUC-III-03,ISRUC-III,232,3,232,train
ISRUC-III-03,ISRUC-III-03,ISRUC-III,233,3,233,train
ISRUC-III-03,ISRUC-III-03,ISRUC-III,234,3,234,train
ISRUC-III-03,ISRUC-III-03,ISRUC-III,235,0,235,train
ISRUC-III-03,ISRUC-III-03,ISRUC-III,236,2,236,train
ISRUC-III-03,ISRUC-III-03,ISRUC-III,237,0,237,train
ISRUC-III-03,ISRUC-III-03,ISRUC-III,238,0,238,train
ISRUC-III-03,ISRUC-III-03,ISRUC-III,239,0,239,train
ISRUC-III-03,ISRUC-III-03,ISRUC-III,240,2,240,train
ISRUC-III-03,ISRUC-III-03,ISRUC-III,241,2,241,train
ISRUC-III-03,ISRUC-III-03,ISRUC-III,242,0,242,train
ISRUC-III-03,ISRUC-III-03,ISRUC-III,243,0,243,train
ISRUC-III-03,ISRUC-III-03,ISRUC-III,244,1,244,train
ISRUC-III-03,ISRUC-III-03,ISRUC-III,245,2,245,train
ISRUC-III-03,ISRUC-III-03,ISRUC-III,246,2,246,train
ISRUC-III-03,ISRUC-III-03,ISRUC-III,247,2,247,train
ISRUC-III-03,ISRUC-III-03,ISRUC-III,248,2,248,train
ISRUC-III-03,ISRUC-III-03,ISRUC-III,249,3,249,train
ISRUC-III-03,ISRUC-III-03,ISRUC-III,250,3,250,train
ISRUC-III-03,ISRUC-III-03,ISRUC-III,251,3,251,train
ISRUC-III-03,ISRUC-III-03,ISRUC-III,252,3,252,train
ISRUC-III-03,ISRUC-III-03,ISRUC-III,253,3,253,train
ISRUC-III-03,ISRUC-III-03,ISRUC-III,254,3,254,train
ISRUC-III-03,ISRUC-III-03,ISRUC-III,255,3,255,train
ISRUC-III-03,ISRUC-III-03,ISRUC-III,256,3,256,train
ISRUC-III-03,ISRUC-III-03,ISRUC-III,257,3,257,train
ISRUC-III-03,ISRUC-III-03,ISRUC-III,258,3,258,train
ISRUC-III-03,ISRUC-III-03,ISRUC-III,259,3,259,train
ISRUC-III-03,ISRUC-III-03,ISRUC-III,260,3,260,train
ISRUC-III-03,ISRUC-III-03,ISRUC-III,261,3,261,train
ISRUC-III-03,ISRUC-III-03,ISRUC-III,262,3,262,train
ISRUC-III-03,ISRUC-III-03,ISRUC-III,263,3,263,train
ISRUC-III-03,ISRUC-III-03,ISRUC-III,264,3,264,train
ISRUC-III-03,ISRUC-III-03,ISRUC-III,265,3,265,train
ISRUC-III-03,ISRUC-III-03,ISRUC-III,266,3,266,train
ISRUC-III-03,ISRUC-III-03,ISRUC-III,267,3,267,train
ISRUC-III-03,ISRUC-III-03,ISRUC-III,268,3,268,train
ISRUC-III-03,ISRUC-III-03,ISRUC-III,269,3,269,train
ISRUC-III-03,ISRUC-III-03,ISRUC-III,270,3,270,train
ISRUC-III-03,ISRUC-III-03,ISRUC-III,271,3,271,train
ISRUC-III-03,ISRUC-III-03,ISRUC-III,272,3,272,train
ISRUC-III-03,ISRUC-III-03,ISRUC-III,273,3,273,train
ISRUC-III-03,ISRUC-III-03,ISRUC-III,274,3,274,train
ISRUC-III-03,ISRUC-III-03,ISRUC-III,275,3,275,train
ISRUC-III-03,ISRUC-III-03,ISRUC-III,276,3,276,train
ISRUC-III-03,ISRUC-III-03,ISRUC-III,277,3,277,train
ISRUC-III-03,ISRUC-III-03,ISRUC-III,278,3,278,train
ISRUC-III-03,ISRUC-III-03,ISRUC-III,279,3,279,train
ISRUC-III-03,ISRUC-III-03,ISRUC-III,280,3,280,train
ISRUC-III-03,ISRUC-III-03,ISRUC-III,281,0,281,train
ISRUC-III-03,ISRUC-III-03,ISRUC-III,282,2,282,train
ISRUC-III-03,ISRUC-III-03,ISRUC-III,283,0,283,train
ISRUC-III-03,ISRUC-III-03,ISRUC-III,284,0,284,train
ISRUC-III-03,ISRUC-III-03,ISRUC-III,285,2,285,train
ISRUC-III-03,ISRUC-III-03,ISRUC-III,286,2,286,train
ISRUC-III-03,ISRUC-III-03,ISRUC-III,287,2,287,train
ISRUC-III-03,ISRUC-III-03,ISRUC-III,288,2,288,train
ISRUC-III-03,ISRUC-III-03,ISRUC-III,289,2,289,train
ISRUC-III-03,ISRUC-III-03,ISRUC-III,290,2,290,train
ISRUC-III-03,ISRUC-III-03,ISRUC-III,291,2,291,train
ISRUC-III-03,ISRUC-III-03,ISRUC-III,292,2,292,train
ISRUC-III-03,ISRUC-III-03,ISRUC-III,293,1,293,train
ISRUC-III-03,ISRUC-III-03,ISRUC-III,294,2,294,train
ISRUC-III-03,ISRUC-III-03,ISRUC-III,295,2,295,train
ISRUC-III-03,ISRUC-III-03,ISRUC-III,296,2,296,train
ISRUC-III-03,ISRUC-III-03,ISRUC-III,297,0,297,train
ISRUC-III-03,ISRUC-III-03,ISRUC-III,298,2,298,train
ISRUC-III-03,ISRUC-III-03,ISRUC-III,299,2,299,train
ISRUC-III-03,ISRUC-III-03,ISRUC-III,300,2,300,train
ISRUC-III-03,ISRUC-III-03,ISRUC-III,301,2,301,train
ISRUC-III-03,ISRUC-III-03,ISRUC-III,302,2,302,train
ISRUC-III-03,ISRUC-III-03,ISRUC-III,303,0,303,train
ISRUC-III-03,ISRUC-III-03,ISRUC-III,304,2,304,train
ISRUC-III-03,ISRUC-III-03,ISRUC-III,305,2,305,train
ISRUC-III-03,ISRUC-III-03,ISRUC-III,306,2,306,train
ISRUC-III-03,ISRUC-III-03,ISRUC-III,307,2,307,train
ISRUC-III-03,ISRUC-III-03,ISRUC-III,308,2,308,train
ISRUC-III-03,ISRUC-III-03,ISRUC-III,309,2,309,train
ISRUC-III-03,ISRUC-III-03,ISRUC-III,310,2,310,train
ISRUC-III-03,ISRUC-III-03,ISRUC-III,311,3,311,train
ISRUC-III-03,ISRUC-III-03,ISRUC-III,312,3,312,train
ISRUC-III-03,ISRUC-III-03,ISRUC-III,313,3,313,train
ISRUC-III-03,ISRUC-III-03,ISRUC-III,314,3,314,train
ISRUC-III-03,ISRUC-III-03,ISRUC-III,315,3,315,train
ISRUC-III-03,ISRUC-III-03,ISRUC-III,316,3,316,train
ISRUC-III-03,ISRUC-III-03,ISRUC-III,317,3,317,train
ISRUC-III-03,ISRUC-III-03,ISRUC-III,318,3,318,train
ISRUC-III-03,ISRUC-III-03,ISRUC-III,319,3,319,train
ISRUC-III-03,ISRUC-III-03,ISRUC-III,320,3,320,train
ISRUC-III-03,ISRUC-III-03,ISRUC-III,321,3,321,train
ISRUC-III-03,ISRUC-III-03,ISRUC-III,322,3,322,train
ISRUC-III-03,ISRUC-III-03,ISRUC-III,323,3,323,train
ISRUC-III-03,ISRUC-III-03,ISRUC-III,324,3,324,train
ISRUC-III-03,ISRUC-III-03,ISRUC-III,325,3,325,train
ISRUC-III-03,ISRUC-III-03,ISRUC-III,326,3,326,train
ISRUC-III-03,ISRUC-III-03,ISRUC-III,327,3,327,train
ISRUC-III-03,ISRUC-III-03,ISRUC-III,328,3,328,train
ISRUC-III-03,ISRUC-III-03,ISRUC-III,329,3,329,train
ISRUC-III-03,ISRUC-III-03,ISRUC-III,330,3,330,train
ISRUC-III-03,ISRUC-III-03,ISRUC-III,331,3,331,train
ISRUC-III-03,ISRUC-III-03,ISRUC-III,332,3,332,train
ISRUC-III-03,ISRUC-III-03,ISRUC-III,333,3,333,train
ISRUC-III-03,ISRUC-III-03,ISRUC-III,334,3,334,train
ISRUC-III-03,ISRUC-III-03,ISRUC-III,335,3,335,train
ISRUC-III-03,ISRUC-III-03,ISRUC-III,336,3,336,train
ISRUC-III-03,ISRUC-III-03,ISRUC-III,337,3,337,train
ISRUC-III-03,ISRUC-III-03,ISRUC-III,338,3,338,train
ISRUC-III-03,ISRUC-III-03,ISRUC-III,339,3,339,train
ISRUC-III-03,ISRUC-III-03,ISRUC-III,340,3,340,train
ISRUC-III-03,ISRUC-III-03,ISRUC-III,341,3,341,train
ISRUC-III-03,ISRUC-III-03,ISRUC-III,342,3,342,train
ISRUC-III-03,ISRUC-III-03,ISRUC-III,343,3,343,train
ISRUC-III-03,ISRUC-III-03,ISRUC-III,344,3,344,train
ISRUC-III-03,ISRUC-III-03,ISRUC-III,345,3,345,train
ISRUC-III-03,ISRUC-III-03,ISRUC-III,346,3,346,train
ISRUC-III-03,ISRUC-III-03,ISRUC-III,347,3,347,train
ISRUC-III-03,ISRUC-III-03,ISRUC-III,348,3,348,train
ISRUC-III-03,ISRUC-III-03,ISRUC-III,349,3,349,train
ISRUC-III-03,ISRUC-III-03,ISRUC-III,350,3,350,train
ISRUC-III-03,ISRUC-III-03,ISRUC-III,351,3,351,train
ISRUC-III-03,ISRUC-III-03,ISRUC-III,352,3,352,train
ISRUC-III-03,ISRUC-III-03,ISRUC-III,353,3,353,train
ISRUC-III-03,ISRUC-III-03,ISRUC-III,354,3,354,train
ISRUC-III-03,ISRUC-III-03,ISRUC-III,355,3,355,train
ISRUC-III-03,ISRUC-III-03,ISRUC-III,356,3,356,train
ISRUC-III-03,ISRUC-III-03,ISRUC-III,357,3,357,train
ISRUC-III-03,ISRUC-III-03,ISRUC-III,358,3,358,train
ISRUC-III-03,ISRUC-III-03,ISRUC-III,359,3,359,train
ISRUC-III-03,ISRUC-III-03,ISRUC-III,360,3,360,train
ISRUC-III-03,ISRUC-III-03,ISRUC-III,361,3,361,train
ISRUC-III-03,ISRUC-III-03,ISRUC-III,362,3,362,train
ISRUC-III-03,ISRUC-III-03,ISRUC-III,363,3,363,train
ISRUC-III-03,ISRUC-III-03,ISRUC-III,364,3,364,train
ISRUC-III-03,ISRUC-III-03,ISRUC-III,365,3,365,train
ISRUC-III-03,ISRUC-III-03,ISRUC-III,366,3,366,train
ISRUC-III-03,ISRUC-III-03,ISRUC-III,367,3,367,train
ISRUC-III-03,ISRUC-III-03,ISRUC-III,368,3,368,train
ISRUC-III-03,ISRUC-III-03,ISRUC-III,369,3,369,train
ISRUC-III-03,ISRUC-III-03,ISRUC-III,370,3,370,train
ISRUC-III-03,ISRUC-III-03,ISRUC-III,371,3,371,train
ISRUC-III-03,ISRUC-III-03,ISRUC-III,372,3,372,train
ISRUC-III-03,ISRUC-III-03,ISRUC-III,373,3,373,train
ISRUC-III-03,ISRUC-III-03,ISRUC-III,374,3,374,train
ISRUC-III-03,ISRUC-III-03,ISRUC-III,375,3,375,train
ISRUC-III-03,ISRUC-III-03,ISRUC-III,376,3,376,train
ISRUC-III-03,ISRUC-III-03,ISRUC-III,377,3,377,train
ISRUC-III-03,ISRUC-III-03,ISRUC-III,378,3,378,train
ISRUC-III-03,ISRUC-III-03,ISRUC-III,379,3,379,train
ISRUC-III-03,ISRUC-III-03,ISRUC-III,380,3,380,train
ISRUC-III-03,ISRUC-III-03,ISRUC-III,381,0,381,train
ISRUC-III-03,ISRUC-III-03,ISRUC-III,382,0,382,train
ISRUC-III-03,ISRUC-III-03,ISRUC-III,383,3,383,train
ISRUC-III-03,ISRUC-III-03,ISRUC-III,384,0,384,train
ISRUC-III-03,ISRUC-III-03,ISRUC-III,385,1,385,train
ISRUC-III-03,ISRUC-III-03,ISRUC-III,386,2,386,train
ISRUC-III-03,ISRUC-III-03,ISRUC-III,387,2,387,train
ISRUC-III-03,ISRUC-III-03,ISRUC-III,388,2,388,train
ISRUC-III-03,ISRUC-III-03,ISRUC-III,389,2,389,train
ISRUC-III-03,ISRUC-III-03,ISRUC-III,390,0,390,train
ISRUC-III-03,ISRUC-III-03,ISRUC-III,391,0,391,train
ISRUC-III-03,ISRUC-III-03,ISRUC-III,392,2,392,train
ISRUC-III-03,ISRUC-III-03,ISRUC-III,393,0,393,train
ISRUC-III-03,ISRUC-III-03,ISRUC-III,394,2,394,train
ISRUC-III-03,ISRUC-III-03,ISRUC-III,395,2,395,train
ISRUC-III-03,ISRUC-III-03,ISRUC-III,396,2,396,train
ISRUC-III-03,ISRUC-III-03,ISRUC-III,397,2,397,train
ISRUC-III-03,ISRUC-III-03,ISRUC-III,398,2,398,train
ISRUC-III-03,ISRUC-III-03,ISRUC-III,399,2,399,train
ISRUC-III-03,ISRUC-III-03,ISRUC-III,400,4,400,train
ISRUC-III-03,ISRUC-III-03,ISRUC-III,401,4,401,train
ISRUC-III-03,ISRUC-III-03,ISRUC-III,402,4,402,train
ISRUC-III-03,ISRUC-III-03,ISRUC-III,403,4,403,train
ISRUC-III-03,ISRUC-III-03,ISRUC-III,404,4,404,train
ISRUC-III-03,ISRUC-III-03,ISRUC-III,405,4,405,train
ISRUC-III-03,ISRUC-III-03,ISRUC-III,406,4,406,train
ISRUC-III-03,ISRUC-III-03,ISRUC-III,407,4,407,train
ISRUC-III-03,ISRUC-III-03,ISRUC-III,408,4,408,train
ISRUC-III-03,ISRUC-III-03,ISRUC-III,409,4,409,train
ISRUC-III-03,ISRUC-III-03,ISRUC-III,410,4,410,train
ISRUC-III-03,ISRUC-III-03,ISRUC-III,411,4,411,train
ISRUC-III-03,ISRUC-III-03,ISRUC-III,412,4,412,train
ISRUC-III-03,ISRUC-III-03,ISRUC-III,413,4,413,train
ISRUC-III-03,ISRUC-III-03,ISRUC-III,414,4,414,train
ISRUC-III-03,ISRUC-III-03,ISRUC-III,415,4,415,train
ISRUC-III-03,ISRUC-III-03,ISRUC-III,416,4,416,train
ISRUC-III-03,ISRUC-III-03,ISRUC-III,417,4,417,train
ISRUC-III-03,ISRUC-III-03,ISRUC-III,418,4,418,train
ISRUC-III-03,ISRUC-III-03,ISRUC-III,419,4,419,train
ISRUC-III-03,ISRUC-III-03,ISRUC-III,420,4,420,train
ISRUC-III-03,ISRUC-III-03,ISRUC-III,421,4,421,train
ISRUC-III-03,ISRUC-III-03,ISRUC-III,422,4,422,train
ISRUC-III-03,ISRUC-III-03,ISRUC-III,423,4,423,train
ISRUC-III-03,ISRUC-III-03,ISRUC-III,424,4,424,train
ISRUC-III-03,ISRUC-III-03,ISRUC-III,425,4,425,train
ISRUC-III-03,ISRUC-III-03,ISRUC-III,426,4,426,train
ISRUC-III-03,ISRUC-III-03,ISRUC-III,427,4,427,train
ISRUC-III-03,ISRUC-III-03,ISRUC-III,428,0,428,train
ISRUC-III-03,ISRUC-III-03,ISRUC-III,429,0,429,train
ISRUC-III-03,ISRUC-III-03,ISRUC-III,430,4,430,train
ISRUC-III-03,ISRUC-III-03,ISRUC-III,431,0,431,train
ISRUC-III-03,ISRUC-III-03,ISRUC-III,432,1,432,train
ISRUC-III-03,ISRUC-III-03,ISRUC-III,433,1,433,train
ISRUC-III-03,ISRUC-III-03,ISRUC-III,434,1,434,train
ISRUC-III-03,ISRUC-III-03,ISRUC-III,435,1,435,train
ISRUC-III-03,ISRUC-III-03,ISRUC-III,436,1,436,train
ISRUC-III-03,ISRUC-III-03,ISRUC-III,437,1,437,train
ISRUC-III-03,ISRUC-III-03,ISRUC-III,438,4,438,train
ISRUC-III-03,ISRUC-III-03,ISRUC-III,439,4,439,train
ISRUC-III-03,ISRUC-III-03,ISRUC-III,440,4,440,train
ISRUC-III-03,ISRUC-III-03,ISRUC-III,441,4,441,train
ISRUC-III-03,ISRUC-III-03,ISRUC-III,442,4,442,train
ISRUC-III-03,ISRUC-III-03,ISRUC-III,443,4,443,train
ISRUC-III-03,ISRUC-III-03,ISRUC-III,444,4,444,train
ISRUC-III-03,ISRUC-III-03,ISRUC-III,445,4,445,train
ISRUC-III-03,ISRUC-III-03,ISRUC-III,446,4,446,train
ISRUC-III-03,ISRUC-III-03,ISRUC-III,447,1,447,train
ISRUC-III-03,ISRUC-III-03,ISRUC-III,448,0,448,train
ISRUC-III-03,ISRUC-III-03,ISRUC-III,449,1,449,train
ISRUC-III-03,ISRUC-III-03,ISRUC-III,450,1,450,train
ISRUC-III-03,ISRUC-III-03,ISRUC-III,451,1,451,train
ISRUC-III-03,ISRUC-III-03,ISRUC-III,452,1,452,train
ISRUC-III-03,ISRUC-III-03,ISRUC-III,453,1,453,train
ISRUC-III-03,ISRUC-III-03,ISRUC-III,454,1,454,train
ISRUC-III-03,ISRUC-III-03,ISRUC-III,455,1,455,train
ISRUC-III-03,ISRUC-III-03,ISRUC-III,456,2,456,train
ISRUC-III-03,ISRUC-III-03,ISRUC-III,457,2,457,train
ISRUC-III-03,ISRUC-III-03,ISRUC-III,458,2,458,train
ISRUC-III-03,ISRUC-III-03,ISRUC-III,459,2,459,train
ISRUC-III-03,ISRUC-III-03,ISRUC-III,460,2,460,train
ISRUC-III-03,ISRUC-III-03,ISRUC-III,461,1,461,train
ISRUC-III-03,ISRUC-III-03,ISRUC-III,462,1,462,train
ISRUC-III-03,ISRUC-III-03,ISRUC-III,463,2,463,train
ISRUC-III-03,ISRUC-III-03,ISRUC-III,464,2,464,train
ISRUC-III-03,ISRUC-III-03,ISRUC-III,465,2,465,train
ISRUC-III-03,ISRUC-III-03,ISRUC-III,466,2,466,train
ISRUC-III-03,ISRUC-III-03,ISRUC-III,467,2,467,train
ISRUC-III-03,ISRUC-III-03,ISRUC-III,468,2,468,train
ISRUC-III-03,ISRUC-III-03,ISRUC-III,469,2,469,train
ISRUC-III-03,ISRUC-III-03,ISRUC-III,470,2,470,train
ISRUC-III-03,ISRUC-III-03,ISRUC-III,471,2,471,train
ISRUC-III-03,ISRUC-III-03,ISRUC-III,472,2,472,train
ISRUC-III-03,ISRUC-III-03,ISRUC-III,473,2,473,train
ISRUC-III-03,ISRUC-III-03,ISRUC-III,474,2,474,train
ISRUC-III-03,ISRUC-III-03,ISRUC-III,475,2,475,train
ISRUC-III-03,ISRUC-III-03,ISRUC-III,476,2,476,train
ISRUC-III-03,ISRUC-III-03,ISRUC-III,477,2,477,train
ISRUC-III-03,ISRUC-III-03,ISRUC-III,478,0,478,train
ISRUC-III-03,ISRUC-III-03,ISRUC-III,479,0,479,train
ISRUC-III-03,ISRUC-III-03,ISRUC-III,480,0,480,train
ISRUC-III-03,ISRUC-III-03,ISRUC-III,481,1,481,train
ISRUC-III-03,ISRUC-III-03,ISRUC-III,482,1,482,train
ISRUC-III-03,ISRUC-III-03,ISRUC-III,483,1,483,train
ISRUC-III-03,ISRUC-III-03,ISRUC-III,484,2,484,train
ISRUC-III-03,ISRUC-III-03,ISRUC-III,485,2,485,train
ISRUC-III-03,ISRUC-III-03,ISRUC-III,486,2,486,train
ISRUC-III-03,ISRUC-III-03,ISRUC-III,487,2,487,train
ISRUC-III-03,ISRUC-III-03,ISRUC-III,488,0,488,train
ISRUC-III-03,ISRUC-III-03,ISRUC-III,489,1,489,train
ISRUC-III-03,ISRUC-III-03,ISRUC-III,490,2,490,train
ISRUC-III-03,ISRUC-III-03,ISRUC-III,491,2,491,train
ISRUC-III-03,ISRUC-III-03,ISRUC-III,492,2,492,train
ISRUC-III-03,ISRUC-III-03,ISRUC-III,493,2,493,train
ISRUC-III-03,ISRUC-III-03,ISRUC-III,494,2,494,train
ISRUC-III-03,ISRUC-III-03,ISRUC-III,495,2,495,train
ISRUC-III-03,ISRUC-III-03,ISRUC-III,496,2,496,train
ISRUC-III-03,ISRUC-III-03,ISRUC-III,497,2,497,train
ISRUC-III-03,ISRUC-III-03,ISRUC-III,498,2,498,train
ISRUC-III-03,ISRUC-III-03,ISRUC-III,499,2,499,train
ISRUC-III-03,ISRUC-III-03,ISRUC-III,500,2,500,train
ISRUC-III-03,ISRUC-III-03,ISRUC-III,501,2,501,train
ISRUC-III-03,ISRUC-III-03,ISRUC-III,502,2,502,train
ISRUC-III-03,ISRUC-III-03,ISRUC-III,503,2,503,train
ISRUC-III-03,ISRUC-III-03,ISRUC-III,504,3,504,train
ISRUC-III-03,ISRUC-III-03,ISRUC-III,505,3,505,train
ISRUC-III-03,ISRUC-III-03,ISRUC-III,506,3,506,train
ISRUC-III-03,ISRUC-III-03,ISRUC-III,507,3,507,train
ISRUC-III-03,ISRUC-III-03,ISRUC-III,508,3,508,train
ISRUC-III-03,ISRUC-III-03,ISRUC-III,509,3,509,train
ISRUC-III-03,ISRUC-III-03,ISRUC-III,510,3,510,train
ISRUC-III-03,ISRUC-III-03,ISRUC-III,511,3,511,train
ISRUC-III-03,ISRUC-III-03,ISRUC-III,512,2,512,train
ISRUC-III-03,ISRUC-III-03,ISRUC-III,513,2,513,train
ISRUC-III-03,ISRUC-III-03,ISRUC-III,514,2,514,train
ISRUC-III-03,ISRUC-III-03,ISRUC-III,515,2,515,train
ISRUC-III-03,ISRUC-III-03,ISRUC-III,516,2,516,train
ISRUC-III-03,ISRUC-III-03,ISRUC-III,517,3,517,train
ISRUC-III-03,ISRUC-III-03,ISRUC-III,518,3,518,train
ISRUC-III-03,ISRUC-III-03,ISRUC-III,519,3,519,train
ISRUC-III-03,ISRUC-III-03,ISRUC-III,520,3,520,train
ISRUC-III-03,ISRUC-III-03,ISRUC-III,521,3,521,train
ISRUC-III-03,ISRUC-III-03,ISRUC-III,522,3,522,train
ISRUC-III-03,ISRUC-III-03,ISRUC-III,523,3,523,train
ISRUC-III-03,ISRUC-III-03,ISRUC-III,524,3,524,train
ISRUC-III-03,ISRUC-III-03,ISRUC-III,525,3,525,train
ISRUC-III-03,ISRUC-III-03,ISRUC-III,526,3,526,train
ISRUC-III-03,ISRUC-III-03,ISRUC-III,527,3,527,train
ISRUC-III-03,ISRUC-III-03,ISRUC-III,528,3,528,train
ISRUC-III-03,ISRUC-III-03,ISRUC-III,529,3,529,train
ISRUC-III-03,ISRUC-III-03,ISRUC-III,530,3,530,train
ISRUC-III-03,ISRUC-III-03,ISRUC-III,531,2,531,train
ISRUC-III-03,ISRUC-III-03,ISRUC-III,532,0,532,train
ISRUC-III-03,ISRUC-III-03,ISRUC-III,533,2,533,train
ISRUC-III-03,ISRUC-III-03,ISRUC-III,534,2,534,train
ISRUC-III-03,ISRUC-III-03,ISRUC-III,535,2,535,train
ISRUC-III-03,ISRUC-III-03,ISRUC-III,536,2,536,train
ISRUC-III-03,ISRUC-III-03,ISRUC-III,537,0,537,train
ISRUC-III-03,ISRUC-III-03,ISRUC-III,538,0,538,train
ISRUC-III-03,ISRUC-III-03,ISRUC-III,539,0,539,train
ISRUC-III-03,ISRUC-III-03,ISRUC-III,540,0,540,train
ISRUC-III-03,ISRUC-III-03,ISRUC-III,541,0,541,train
ISRUC-III-03,ISRUC-III-03,ISRUC-III,542,0,542,train
ISRUC-III-03,ISRUC-III-03,ISRUC-III,543,0,543,train
ISRUC-III-03,ISRUC-III-03,ISRUC-III,544,0,544,train
ISRUC-III-03,ISRUC-III-03,ISRUC-III,545,0,545,train
ISRUC-III-03,ISRUC-III-03,ISRUC-III,546,0,546,train
ISRUC-III-03,ISRUC-III-03,ISRUC-III,547,0,547,train
ISRUC-III-03,ISRUC-III-03,ISRUC-III,548,0,548,train
ISRUC-III-03,ISRUC-III-03,ISRUC-III,549,1,549,train
ISRUC-III-03,ISRUC-III-03,ISRUC-III,550,0,550,train
ISRUC-III-03,ISRUC-III-03,ISRUC-III,551,1,551,train
ISRUC-III-03,ISRUC-III-03,ISRUC-III,552,1,552,train
ISRUC-III-03,ISRUC-III-03,ISRUC-III,553,1,553,train
ISRUC-III-03,ISRUC-III-03,ISRUC-III,554,2,554,train
ISRUC-III-03,ISRUC-III-03,ISRUC-III,555,2,555,train
ISRUC-III-03,ISRUC-III-03,ISRUC-III,556,2,556,train
ISRUC-III-03,ISRUC-III-03,ISRUC-III,557,2,557,train
ISRUC-III-03,ISRUC-III-03,ISRUC-III,558,2,558,train
ISRUC-III-03,ISRUC-III-03,ISRUC-III,559,2,559,train
ISRUC-III-03,ISRUC-III-03,ISRUC-III,560,2,560,train
ISRUC-III-03,ISRUC-III-03,ISRUC-III,561,2,561,train
ISRUC-III-03,ISRUC-III-03,ISRUC-III,562,1,562,train
ISRUC-III-03,ISRUC-III-03,ISRUC-III,563,0,563,train
ISRUC-III-03,ISRUC-III-03,ISRUC-III,564,0,564,train
ISRUC-III-03,ISRUC-III-03,ISRUC-III,565,1,565,train
ISRUC-III-03,ISRUC-III-03,ISRUC-III,566,0,566,train
ISRUC-III-03,ISRUC-III-03,ISRUC-III,567,1,567,train
ISRUC-III-03,ISRUC-III-03,ISRUC-III,568,1,568,train
ISRUC-III-03,ISRUC-III-03,ISRUC-III,569,1,569,train
ISRUC-III-03,ISRUC-III-03,ISRUC-III,570,0,570,train
ISRUC-III-03,ISRUC-III-03,ISRUC-III,571,2,571,train
ISRUC-III-03,ISRUC-III-03,ISRUC-III,572,2,572,train
ISRUC-III-03,ISRUC-III-03,ISRUC-III,573,2,573,train
ISRUC-III-03,ISRUC-III-03,ISRUC-III,574,2,574,train
ISRUC-III-03,ISRUC-III-03,ISRUC-III,575,2,575,train
ISRUC-III-03,ISRUC-III-03,ISRUC-III,576,2,576,train
ISRUC-III-03,ISRUC-III-03,ISRUC-III,577,2,577,train
ISRUC-III-03,ISRUC-III-03,ISRUC-III,578,2,578,train
ISRUC-III-03,ISRUC-III-03,ISRUC-III,579,2,579,train
ISRUC-III-03,ISRUC-III-03,ISRUC-III,580,2,580,train
ISRUC-III-03,ISRUC-III-03,ISRUC-III,581,2,581,train
ISRUC-III-03,ISRUC-III-03,ISRUC-III,582,2,582,train
ISRUC-III-03,ISRUC-III-03,ISRUC-III,583,0,583,train
ISRUC-III-03,ISRUC-III-03,ISRUC-III,584,2,584,train
ISRUC-III-03,ISRUC-III-03,ISRUC-III,585,2,585,train
ISRUC-III-03,ISRUC-III-03,ISRUC-III,586,1,586,train
ISRUC-III-03,ISRUC-III-03,ISRUC-III,587,2,587,train
ISRUC-III-03,ISRUC-III-03,ISRUC-III,588,2,588,train
ISRUC-III-03,ISRUC-III-03,ISRUC-III,589,2,589,train
ISRUC-III-03,ISRUC-III-03,ISRUC-III,590,2,590,train
ISRUC-III-03,ISRUC-III-03,ISRUC-III,591,2,591,train
ISRUC-III-03,ISRUC-III-03,ISRUC-III,592,2,592,train
ISRUC-III-03,ISRUC-III-03,ISRUC-III,593,2,593,train
ISRUC-III-03,ISRUC-III-03,ISRUC-III,594,2,594,train
ISRUC-III-03,ISRUC-III-03,ISRUC-III,595,2,595,train
ISRUC-III-03,ISRUC-III-03,ISRUC-III,596,2,596,train
ISRUC-III-03,ISRUC-III-03,ISRUC-III,597,0,597,train
ISRUC-III-03,ISRUC-III-03,ISRUC-III,598,1,598,train
ISRUC-III-03,ISRUC-III-03,ISRUC-III,599,2,599,train
ISRUC-III-03,ISRUC-III-03,ISRUC-III,600,0,600,train
ISRUC-III-03,ISRUC-III-03,ISRUC-III,601,0,601,train
ISRUC-III-03,ISRUC-III-03,ISRUC-III,602,0,602,train
ISRUC-III-03,ISRUC-III-03,ISRUC-III,603,0,603,train
ISRUC-III-03,ISRUC-III-03,ISRUC-III,604,1,604,train
ISRUC-III-03,ISRUC-III-03,ISRUC-III,605,1,605,train
ISRUC-III-03,ISRUC-III-03,ISRUC-III,606,1,606,train
ISRUC-III-03,ISRUC-III-03,ISRUC-III,607,2,607,train
ISRUC-III-03,ISRUC-III-03,ISRUC-III,608,1,608,train
ISRUC-III-03,ISRUC-III-03,ISRUC-III,609,2,609,train
ISRUC-III-03,ISRUC-III-03,ISRUC-III,610,2,610,train
ISRUC-III-03,ISRUC-III-03,ISRUC-III,611,1,611,train
ISRUC-III-03,ISRUC-III-03,ISRUC-III,612,2,612,train
ISRUC-III-03,ISRUC-III-03,ISRUC-III,613,2,613,train
ISRUC-III-03,ISRUC-III-03,ISRUC-III,614,2,614,train
ISRUC-III-03,ISRUC-III-03,ISRUC-III,615,2,615,train
ISRUC-III-03,ISRUC-III-03,ISRUC-III,616,2,616,train
ISRUC-III-03,ISRUC-III-03,ISRUC-III,617,2,617,train
ISRUC-III-03,ISRUC-III-03,ISRUC-III,618,2,618,train
ISRUC-III-03,ISRUC-III-03,ISRUC-III,619,2,619,train
ISRUC-III-03,ISRUC-III-03,ISRUC-III,620,2,620,train
ISRUC-III-03,ISRUC-III-03,ISRUC-III,621,0,621,train
ISRUC-III-03,ISRUC-III-03,ISRUC-III,622,0,622,train
ISRUC-III-03,ISRUC-III-03,ISRUC-III,623,0,623,train
ISRUC-III-03,ISRUC-III-03,ISRUC-III,624,0,624,train
ISRUC-III-03,ISRUC-III-03,ISRUC-III,625,1,625,train
ISRUC-III-03,ISRUC-III-03,ISRUC-III,626,1,626,train
ISRUC-III-03,ISRUC-III-03,ISRUC-III,627,2,627,train
ISRUC-III-03,ISRUC-III-03,ISRUC-III,628,2,628,train
ISRUC-III-03,ISRUC-III-03,ISRUC-III,629,2,629,train
ISRUC-III-03,ISRUC-III-03,ISRUC-III,630,2,630,train
ISRUC-III-03,ISRUC-III-03,ISRUC-III,631,2,631,train
ISRUC-III-03,ISRUC-III-03,ISRUC-III,632,2,632,train
ISRUC-III-03,ISRUC-III-03,ISRUC-III,633,2,633,train
ISRUC-III-03,ISRUC-III-03,ISRUC-III,634,2,634,train
ISRUC-III-03,ISRUC-III-03,ISRUC-III,635,2,635,train
ISRUC-III-03,ISRUC-III-03,ISRUC-III,636,2,636,train
ISRUC-III-03,ISRUC-III-03,ISRUC-III,637,2,637,train
ISRUC-III-03,ISRUC-III-03,ISRUC-III,638,2,638,train
ISRUC-III-03,ISRUC-III-03,ISRUC-III,639,2,639,train
ISRUC-III-03,ISRUC-III-03,ISRUC-III,640,2,640,train
ISRUC-III-03,ISRUC-III-03,ISRUC-III,641,4,641,train
ISRUC-III-03,ISRUC-III-03,ISRUC-III,642,4,642,train
ISRUC-III-03,ISRUC-III-03,ISRUC-III,643,2,643,train
ISRUC-III-03,ISRUC-III-03,ISRUC-III,644,4,644,train
ISRUC-III-03,ISRUC-III-03,ISRUC-III,645,4,645,train
ISRUC-III-03,ISRUC-III-03,ISRUC-III,646,4,646,train
ISRUC-III-03,ISRUC-III-03,ISRUC-III,647,4,647,train
ISRUC-III-03,ISRUC-III-03,ISRUC-III,648,4,648,train
ISRUC-III-03,ISRUC-III-03,ISRUC-III,649,1,649,train
ISRUC-III-03,ISRUC-III-03,ISRUC-III,650,4,650,train
ISRUC-III-03,ISRUC-III-03,ISRUC-III,651,1,651,train
ISRUC-III-03,ISRUC-III-03,ISRUC-III,652,4,652,train
ISRUC-III-03,ISRUC-III-03,ISRUC-III,653,4,653,train
ISRUC-III-03,ISRUC-III-03,ISRUC-III,654,4,654,train
ISRUC-III-03,ISRUC-III-03,ISRUC-III,655,4,655,train
ISRUC-III-03,ISRUC-III-03,ISRUC-III,656,4,656,train
ISRUC-III-03,ISRUC-III-03,ISRUC-III,657,4,657,train
ISRUC-III-03,ISRUC-III-03,ISRUC-III,658,4,658,train
ISRUC-III-03,ISRUC-III-03,ISRUC-III,659,4,659,train
ISRUC-III-03,ISRUC-III-03,ISRUC-III,660,4,660,train
ISRUC-III-03,ISRUC-III-03,ISRUC-III,661,1,661,train
ISRUC-III-03,ISRUC-III-03,ISRUC-III,662,4,662,train
ISRUC-III-03,ISRUC-III-03,ISRUC-III,663,4,663,train
ISRUC-III-03,ISRUC-III-03,ISRUC-III,664,4,664,train
ISRUC-III-03,ISRUC-III-03,ISRUC-III,665,4,665,train
ISRUC-III-03,ISRUC-III-03,ISRUC-III,666,4,666,train
ISRUC-III-03,ISRUC-III-03,ISRUC-III,667,4,667,train
ISRUC-III-03,ISRUC-III-03,ISRUC-III,668,4,668,train
ISRUC-III-03,ISRUC-III-03,ISRUC-III,669,4,669,train
ISRUC-III-03,ISRUC-III-03,ISRUC-III,670,4,670,train
ISRUC-III-03,ISRUC-III-03,ISRUC-III,671,4,671,train
ISRUC-III-03,ISRUC-III-03,ISRUC-III,672,4,672,train
ISRUC-III-03,ISRUC-III-03,ISRUC-III,673,4,673,train
ISRUC-III-03,ISRUC-III-03,ISRUC-III,674,4,674,train
ISRUC-III-03,ISRUC-III-03,ISRUC-III,675,4,675,train
ISRUC-III-03,ISRUC-III-03,ISRUC-III,676,4,676,train
ISRUC-III-03,ISRUC-III-03,ISRUC-III,677,4,677,train
ISRUC-III-03,ISRUC-III-03,ISRUC-III,678,4,678,train
ISRUC-III-03,ISRUC-III-03,ISRUC-III,679,4,679,train
ISRUC-III-03,ISRUC-III-03,ISRUC-III,680,4,680,train
ISRUC-III-03,ISRUC-III-03,ISRUC-III,681,4,681,train
ISRUC-III-03,ISRUC-III-03,ISRUC-III,682,4,682,train
ISRUC-III-03,ISRUC-III-03,ISRUC-III,683,4,683,train
ISRUC-III-03,ISRUC-III-03,ISRUC-III,684,4,684,train
ISRUC-III-03,ISRUC-III-03,ISRUC-III,685,4,685,train
ISRUC-III-03,ISRUC-III-03,ISRUC-III,686,4,686,train
ISRUC-III-03,ISRUC-III-03,ISRUC-III,687,4,687,train
ISRUC-III-03,ISRUC-III-03,ISRUC-III,688,4,688,train
ISRUC-III-03,ISRUC-III-03,ISRUC-III,689,4,689,train
ISRUC-III-03,ISRUC-III-03,ISRUC-III,690,4,690,train
ISRUC-III-03,ISRUC-III-03,ISRUC-III,691,1,691,train
ISRUC-III-03,ISRUC-III-03,ISRUC-III,692,4,692,train
ISRUC-III-03,ISRUC-III-03,ISRUC-III,693,4,693,train
ISRUC-III-03,ISRUC-III-03,ISRUC-III,694,4,694,train
ISRUC-III-03,ISRUC-III-03,ISRUC-III,695,4,695,train
ISRUC-III-03,ISRUC-III-03,ISRUC-III,696,0,696,train
ISRUC-III-03,ISRUC-III-03,ISRUC-III,697,1,697,train
ISRUC-III-03,ISRUC-III-03,ISRUC-III,698,1,698,train
ISRUC-III-03,ISRUC-III-03,ISRUC-III,699,2,699,train
ISRUC-III-03,ISRUC-III-03,ISRUC-III,700,1,700,train
ISRUC-III-03,ISRUC-III-03,ISRUC-III,701,1,701,train
ISRUC-III-03,ISRUC-III-03,ISRUC-III,702,2,702,train
ISRUC-III-03,ISRUC-III-03,ISRUC-III,703,1,703,train
ISRUC-III-03,ISRUC-III-03,ISRUC-III,704,0,704,train
ISRUC-III-03,ISRUC-III-03,ISRUC-III,705,1,705,train
ISRUC-III-03,ISRUC-III-03,ISRUC-III,706,1,706,train
ISRUC-III-03,ISRUC-III-03,ISRUC-III,707,0,707,train
ISRUC-III-03,ISRUC-III-03,ISRUC-III,708,2,708,train
ISRUC-III-03,ISRUC-III-03,ISRUC-III,709,1,709,train
ISRUC-III-03,ISRUC-III-03,ISRUC-III,710,1,710,train
ISRUC-III-03,ISRUC-III-03,ISRUC-III,711,2,711,train
ISRUC-III-03,ISRUC-III-03,ISRUC-III,712,2,712,train
ISRUC-III-03,ISRUC-III-03,ISRUC-III,713,2,713,train
ISRUC-III-03,ISRUC-III-03,ISRUC-III,714,2,714,train
ISRUC-III-03,ISRUC-III-03,ISRUC-III,715,2,715,train
ISRUC-III-03,ISRUC-III-03,ISRUC-III,716,2,716,train
ISRUC-III-03,ISRUC-III-03,ISRUC-III,717,2,717,train
ISRUC-III-03,ISRUC-III-03,ISRUC-III,718,2,718,train
ISRUC-III-03,ISRUC-III-03,ISRUC-III,719,2,719,train
ISRUC-III-03,ISRUC-III-03,ISRUC-III,720,2,720,train
ISRUC-III-03,ISRUC-III-03,ISRUC-III,721,2,721,train
ISRUC-III-03,ISRUC-III-03,ISRUC-III,722,2,722,train
ISRUC-III-03,ISRUC-III-03,ISRUC-III,723,2,723,train
ISRUC-III-03,ISRUC-III-03,ISRUC-III,724,2,724,train
ISRUC-III-03,ISRUC-III-03,ISRUC-III,725,2,725,train
ISRUC-III-03,ISRUC-III-03,ISRUC-III,726,2,726,train
ISRUC-III-03,ISRUC-III-03,ISRUC-III,727,2,727,train
ISRUC-III-03,ISRUC-III-03,ISRUC-III,728,2,728,train
ISRUC-III-03,ISRUC-III-03,ISRUC-III,729,2,729,train
ISRUC-III-03,ISRUC-III-03,ISRUC-III,730,2,730,train
ISRUC-III-03,ISRUC-III-03,ISRUC-III,731,2,731,train
ISRUC-III-03,ISRUC-III-03,ISRUC-III,732,3,732,train
ISRUC-III-03,ISRUC-III-03,ISRUC-III,733,3,733,train
ISRUC-III-03,ISRUC-III-03,ISRUC-III,734,3,734,train
ISRUC-III-03,ISRUC-III-03,ISRUC-III,735,3,735,train
ISRUC-III-03,ISRUC-III-03,ISRUC-III,736,3,736,train
ISRUC-III-03,ISRUC-III-03,ISRUC-III,737,3,737,train
ISRUC-III-03,ISRUC-III-03,ISRUC-III,738,3,738,train
ISRUC-III-03,ISRUC-III-03,ISRUC-III,739,3,739,train
ISRUC-III-03,ISRUC-III-03,ISRUC-III,740,3,740,train
ISRUC-III-03,ISRUC-III-03,ISRUC-III,741,3,741,train
ISRUC-III-03,ISRUC-III-03,ISRUC-III,742,3,742,train
ISRUC-III-03,ISRUC-III-03,ISRUC-III,743,3,743,train
ISRUC-III-03,ISRUC-III-03,ISRUC-III,744,3,744,train
ISRUC-III-03,ISRUC-III-03,ISRUC-III,745,3,745,train
ISRUC-III-03,ISRUC-III-03,ISRUC-III,746,3,746,train
ISRUC-III-03,ISRUC-III-03,ISRUC-III,747,3,747,train
ISRUC-III-03,ISRUC-III-03,ISRUC-III,748,3,748,train
ISRUC-III-03,ISRUC-III-03,ISRUC-III,749,3,749,train
ISRUC-III-03,ISRUC-III-03,ISRUC-III,750,3,750,train
ISRUC-III-03,ISRUC-III-03,ISRUC-III,751,3,751,train
ISRUC-III-03,ISRUC-III-03,ISRUC-III,752,3,752,train
ISRUC-III-03,ISRUC-III-03,ISRUC-III,753,3,753,train
ISRUC-III-03,ISRUC-III-03,ISRUC-III,754,3,754,train
ISRUC-III-03,ISRUC-III-03,ISRUC-III,755,3,755,train
ISRUC-III-03,ISRUC-III-03,ISRUC-III,756,3,756,train
ISRUC-III-03,ISRUC-III-03,ISRUC-III,757,3,757,train
ISRUC-III-03,ISRUC-III-03,ISRUC-III,758,3,758,train
ISRUC-III-03,ISRUC-III-03,ISRUC-III,759,3,759,train
ISRUC-III-03,ISRUC-III-03,ISRUC-III,760,3,760,train
ISRUC-III-03,ISRUC-III-03,ISRUC-III,761,3,761,train
ISRUC-III-03,ISRUC-III-03,ISRUC-III,762,3,762,train
ISRUC-III-03,ISRUC-III-03,ISRUC-III,763,3,763,train
ISRUC-III-03,ISRUC-III-03,ISRUC-III,764,3,764,train
ISRUC-III-03,ISRUC-III-03,ISRUC-III,765,3,765,train
ISRUC-III-03,ISRUC-III-03,ISRUC-III,766,3,766,train
ISRUC-III-03,ISRUC-III-03,ISRUC-III,767,3,767,train
ISRUC-III-03,ISRUC-III-03,ISRUC-III,768,3,768,train
ISRUC-III-03,ISRUC-III-03,ISRUC-III,769,3,769,train
ISRUC-III-03,ISRUC-III-03,ISRUC-III,770,3,770,train
ISRUC-III-03,ISRUC-III-03,ISRUC-III,771,3,771,train
ISRUC-III-03,ISRUC-III-03,ISRUC-III,772,3,772,train
ISRUC-III-03,ISRUC-III-03,ISRUC-III,773,3,773,train
ISRUC-III-03,ISRUC-III-03,ISRUC-III,774,3,774,train
ISRUC-III-03,ISRUC-III-03,ISRUC-III,775,3,775,train
ISRUC-III-03,ISRUC-III-03,ISRUC-III,776,3,776,train
ISRUC-III-03,ISRUC-III-03,ISRUC-III,777,3,777,train
ISRUC-III-03,ISRUC-III-03,ISRUC-III,778,3,778,train
ISRUC-III-03,ISRUC-III-03,ISRUC-III,779,3,779,train
ISRUC-III-03,ISRUC-III-03,ISRUC-III,780,3,780,train
ISRUC-III-03,ISRUC-III-03,ISRUC-III,781,3,781,train
ISRUC-III-03,ISRUC-III-03,ISRUC-III,782,3,782,train
ISRUC-III-03,ISRUC-III-03,ISRUC-III,783,3,783,train
ISRUC-III-03,ISRUC-III-03,ISRUC-III,784,3,784,train
ISRUC-III-03,ISRUC-III-03,ISRUC-III,785,3,785,train
ISRUC-III-03,ISRUC-III-03,ISRUC-III,786,3,786,train
ISRUC-III-03,ISRUC-III-03,ISRUC-III,787,3,787,train
ISRUC-III-03,ISRUC-III-03,ISRUC-III,788,3,788,train
ISRUC-III-03,ISRUC-III-03,ISRUC-III,789,3,789,train
ISRUC-III-03,ISRUC-III-03,ISRUC-III,790,3,790,train
ISRUC-III-03,ISRUC-III-03,ISRUC-III,791,3,791,train
ISRUC-III-03,ISRUC-III-03,ISRUC-III,792,3,792,train
ISRUC-III-03,ISRUC-III-03,ISRUC-III,793,3,793,train
ISRUC-III-04,ISRUC-III-04,ISRUC-III,0,0,0,test
ISRUC-III-04,ISRUC-III-04,ISRUC-III,1,0,1,test
ISRUC-III-04,ISRUC-III-04,ISRUC-III,2,0,2,test
ISRUC-III-04,ISRUC-III-04,ISRUC-III,3,0,3,test
ISRUC-III-04,ISRUC-III-04,ISRUC-III,4,0,4,test
ISRUC-III-04,ISRUC-III-04,ISRUC-III,5,0,5,test
ISRUC-III-04,ISRUC-III-04,ISRUC-III,6,0,6,test
ISRUC-III-04,ISRUC-III-04,ISRUC-III,7,0,7,test
ISRUC-III-04,ISRUC-III-04,ISRUC-III,8,0,8,test
ISRUC-III-04,ISRUC-III-04,ISRUC-III,9,0,9,test
ISRUC-III-04,ISRUC-III-04,ISRUC-III,10,0,10,test
ISRUC-III-04,ISRUC-III-04,ISRUC-III,11,0,11,test
ISRUC-III-04,ISRUC-III-04,ISRUC-III,12,0,12,test
ISRUC-III-04,ISRUC-III-04,ISRUC-III,13,0,13,test
ISRUC-III-04,ISRUC-III-04,ISRUC-III,14,0,14,test
ISRUC-III-04,ISRUC-III-04,ISRUC-III,15,0,15,test
ISRUC-III-04,ISRUC-III-04,ISRUC-III,16,0,16,test
ISRUC-III-04,ISRUC-III-04,ISRUC-III,17,0,17,test
ISRUC-III-04,ISRUC-III-04,ISRUC-III,18,0,18,test
ISRUC-III-04,ISRUC-III-04,ISRUC-III,19,0,19,test
ISRUC-III-04,ISRUC-III-04,ISRUC-III,20,0,20,test
ISRUC-III-04,ISRUC-III-04,ISRUC-III,21,0,21,test
ISRUC-III-04,ISRUC-III-04,ISRUC-III,22,0,22,test
ISRUC-III-04,ISRUC-III-04,ISRUC-III,23,0,23,test
ISRUC-III-04,ISRUC-III-04,ISRUC-III,24,0,24,test
ISRUC-III-04,ISRUC-III-04,ISRUC-III,25,0,25,test
ISRUC-III-04,ISRUC-III-04,ISRUC-III,26,0,26,test
ISRUC-III-04,ISRUC-III-04,ISRUC-III,27,0,27,test
ISRUC-III-04,ISRUC-III-04,ISRUC-III,28,1,28,test
ISRUC-III-04,ISRUC-III-04,ISRUC-III,29,1,29,test
ISRUC-III-04,ISRUC-III-04,ISRUC-III,30,0,30,test
ISRUC-III-04,ISRUC-III-04,ISRUC-III,31,0,31,test
ISRUC-III-04,ISRUC-III-04,ISRUC-III,32,0,32,test
ISRUC-III-04,ISRUC-III-04,ISRUC-III,33,0,33,test
ISRUC-III-04,ISRUC-III-04,ISRUC-III,34,0,34,test
ISRUC-III-04,ISRUC-III-04,ISRUC-III,35,0,35,test
ISRUC-III-04,ISRUC-III-04,ISRUC-III,36,0,36,test
ISRUC-III-04,ISRUC-III-04,ISRUC-III,37,0,37,test
ISRUC-III-04,ISRUC-III-04,ISRUC-III,38,0,38,test
ISRUC-III-04,ISRUC-III-04,ISRUC-III,39,0,39,test
ISRUC-III-04,ISRUC-III-04,ISRUC-III,40,0,40,test
ISRUC-III-04,ISRUC-III-04,ISRUC-III,41,1,41,test
ISRUC-III-04,ISRUC-III-04,ISRUC-III,42,1,42,test
ISRUC-III-04,ISRUC-III-04,ISRUC-III,43,2,43,test
ISRUC-III-04,ISRUC-III-04,ISRUC-III,44,1,44,test
ISRUC-III-04,ISRUC-III-04,ISRUC-III,45,2,45,test
ISRUC-III-04,ISRUC-III-04,ISRUC-III,46,2,46,test
ISRUC-III-04,ISRUC-III-04,ISRUC-III,47,2,47,test
ISRUC-III-04,ISRUC-III-04,ISRUC-III,48,2,48,test
ISRUC-III-04,ISRUC-III-04,ISRUC-III,49,2,49,test
ISRUC-III-04,ISRUC-III-04,ISRUC-III,50,2,50,test
ISRUC-III-04,ISRUC-III-04,ISRUC-III,51,2,51,test
ISRUC-III-04,ISRUC-III-04,ISRUC-III,52,2,52,test
ISRUC-III-04,ISRUC-III-04,ISRUC-III,53,0,53,test
ISRUC-III-04,ISRUC-III-04,ISRUC-III,54,0,54,test
ISRUC-III-04,ISRUC-III-04,ISRUC-III,55,0,55,test
ISRUC-III-04,ISRUC-III-04,ISRUC-III,56,0,56,test
ISRUC-III-04,ISRUC-III-04,ISRUC-III,57,1,57,test
ISRUC-III-04,ISRUC-III-04,ISRUC-III,58,1,58,test
ISRUC-III-04,ISRUC-III-04,ISRUC-III,59,2,59,test
ISRUC-III-04,ISRUC-III-04,ISRUC-III,60,2,60,test
ISRUC-III-04,ISRUC-III-04,ISRUC-III,61,2,61,test
ISRUC-III-04,ISRUC-III-04,ISRUC-III,62,2,62,test
ISRUC-III-04,ISRUC-III-04,ISRUC-III,63,2,63,test
ISRUC-III-04,ISRUC-III-04,ISRUC-III,64,2,64,test
ISRUC-III-04,ISRUC-III-04,ISRUC-III,65,2,65,test
ISRUC-III-04,ISRUC-III-04,ISRUC-III,66,0,66,test
ISRUC-III-04,ISRUC-III-04,ISRUC-III,67,1,67,test
ISRUC-III-04,ISRUC-III-04,ISRUC-III,68,1,68,test
ISRUC-III-04,ISRUC-III-04,ISRUC-III,69,2,69,test
ISRUC-III-04,ISRUC-III-04,ISRUC-III,70,2,70,test
ISRUC-III-04,ISRUC-III-04,ISRUC-III,71,2,71,test
ISRUC-III-04,ISRUC-III-04,ISRUC-III,72,2,72,test
ISRUC-III-04,ISRUC-III-04,ISRUC-III,73,2,73,test
ISRUC-III-04,ISRUC-III-04,ISRUC-III,74,3,74,test
ISRUC-III-04,ISRUC-III-04,ISRUC-III,75,3,75,test
ISRUC-III-04,ISRUC-III-04,ISRUC-III,76,3,76,test
ISRUC-III-04,ISRUC-III-04,ISRUC-III,77,3,77,test
ISRUC-III-04,ISRUC-III-04,ISRUC-III,78,3,78,test
ISRUC-III-04,ISRUC-III-04,ISRUC-III,79,3,79,test
ISRUC-III-04,ISRUC-III-04,ISRUC-III,80,3,80,test
ISRUC-III-04,ISRUC-III-04,ISRUC-III,81,3,81,test
ISRUC-III-04,ISRUC-III-04,ISRUC-III,82,3,82,test
ISRUC-III-04,ISRUC-III-04,ISRUC-III,83,3,83,test
ISRUC-III-04,ISRUC-III-04,ISRUC-III,84,3,84,test
ISRUC-III-04,ISRUC-III-04,ISRUC-III,85,3,85,test
ISRUC-III-04,ISRUC-III-04,ISRUC-III,86,3,86,test
ISRUC-III-04,ISRUC-III-04,ISRUC-III,87,3,87,test
ISRUC-III-04,ISRUC-III-04,ISRUC-III,88,3,88,test
ISRUC-III-04,ISRUC-III-04,ISRUC-III,89,3,89,test
ISRUC-III-04,ISRUC-III-04,ISRUC-III,90,2,90,test
ISRUC-III-04,ISRUC-III-04,ISRUC-III,91,3,91,test
ISRUC-III-04,ISRUC-III-04,ISRUC-III,92,3,92,test
ISRUC-III-04,ISRUC-III-04,ISRUC-III,93,3,93,test
ISRUC-III-04,ISRUC-III-04,ISRUC-III,94,3,94,test
ISRUC-III-04,ISRUC-III-04,ISRUC-III,95,3,95,test
ISRUC-III-04,ISRUC-III-04,ISRUC-III,96,3,96,test
ISRUC-III-04,ISRUC-III-04,ISRUC-III,97,3,97,test
ISRUC-III-04,ISRUC-III-04,ISRUC-III,98,3,98,test
ISRUC-III-04,ISRUC-III-04,ISRUC-III,99,0,99,test
ISRUC-III-04,ISRUC-III-04,ISRUC-III,100,0,100,test
ISRUC-III-04,ISRUC-III-04,ISRUC-III,101,1,101,test
ISRUC-III-04,ISRUC-III-04,ISRUC-III,102,1,102,test
ISRUC-III-04,ISRUC-III-04,ISRUC-III,103,1,103,test
ISRUC-III-04,ISRUC-III-04,ISRUC-III,104,1,104,test
ISRUC-III-04,ISRUC-III-04,ISRUC-III,105,2,105,test
ISRUC-III-04,ISRUC-III-04,ISRUC-III,106,2,106,test
ISRUC-III-04,ISRUC-III-04,ISRUC-III,107,2,107,test
ISRUC-III-04,ISRUC-III-04,ISRUC-III,108,2,108,test
ISRUC-III-04,ISRUC-III-04,ISRUC-III,109,2,109,test
ISRUC-III-04,ISRUC-III-04,ISRUC-III,110,3,110,test
ISRUC-III-04,ISRUC-III-04,ISRUC-III,111,3,111,test
ISRUC-III-04,ISRUC-III-04,ISRUC-III,112,3,112,test
ISRUC-III-04,ISRUC-III-04,ISRUC-III,113,3,113,test
ISRUC-III-04,ISRUC-III-04,ISRUC-III,114,3,114,test
ISRUC-III-04,ISRUC-III-04,ISRUC-III,115,3,115,test
ISRUC-III-04,ISRUC-III-04,ISRUC-III,116,3,116,test
ISRUC-III-04,ISRUC-III-04,ISRUC-III,117,3,117,test
ISRUC-III-04,ISRUC-III-04,ISRUC-III,118,3,118,test
ISRUC-III-04,ISRUC-III-04,ISRUC-III,119,3,119,test
ISRUC-III-04,ISRUC-III-04,ISRUC-III,120,3,120,test
ISRUC-III-04,ISRUC-III-04,ISRUC-III,121,3,121,test
ISRUC-III-04,ISRUC-III-04,ISRUC-III,122,3,122,test
ISRUC-III-04,ISRUC-III-04,ISRUC-III,123,3,123,test
ISRUC-III-04,ISRUC-III-04,ISRUC-III,124,3,124,test
ISRUC-III-04,ISRUC-III-04,ISRUC-III,125,3,125,test
ISRUC-III-04,ISRUC-III-04,ISRUC-III,126,3,126,test
ISRUC-III-04,ISRUC-III-04,ISRUC-III,127,3,127,test
ISRUC-III-04,ISRUC-III-04,ISRUC-III,128,3,128,test
ISRUC-III-04,ISRUC-III-04,ISRUC-III,129,3,129,test
ISRUC-III-04,ISRUC-III-04,ISRUC-III,130,3,130,test
ISRUC-III-04,ISRUC-III-04,ISRUC-III,131,3,131,test
ISRUC-III-04,ISRUC-III-04,ISRUC-III,132,3,132,test
ISRUC-III-04,ISRUC-III-04,ISRUC-III,133,3,133,test
ISRUC-III-04,ISRUC-III-04,ISRUC-III,134,3,134,test
ISRUC-III-04,ISRUC-III-04,ISRUC-III,135,3,135,test
ISRUC-III-04,ISRUC-III-04,ISRUC-III,136,3,136,test
ISRUC-III-04,ISRUC-III-04,ISRUC-III,137,3,137,test
ISRUC-III-04,ISRUC-III-04,ISRUC-III,138,3,138,test
ISRUC-III-04,ISRUC-III-04,ISRUC-III,139,3,139,test
ISRUC-III-04,ISRUC-III-04,ISRUC-III,140,3,140,test
ISRUC-III-04,ISRUC-III-04,ISRUC-III,141,3,141,test
ISRUC-III-04,ISRUC-III-04,ISRUC-III,142,2,142,test
ISRUC-III-04,ISRUC-III-04,ISRUC-III,143,2,143,test
ISRUC-III-04,ISRUC-III-04,ISRUC-III,144,1,144,test
ISRUC-III-04,ISRUC-III-04,ISRUC-III,145,2,145,test
ISRUC-III-04,ISRUC-III-04,ISRUC-III,146,2,146,test
ISRUC-III-04,ISRUC-III-04,ISRUC-III,147,2,147,test
ISRUC-III-04,ISRUC-III-04,ISRUC-III,148,2,148,test
ISRUC-III-04,ISRUC-III-04,ISRUC-III,149,2,149,test
ISRUC-III-04,ISRUC-III-04,ISRUC-III,150,2,150,test
ISRUC-III-04,ISRUC-III-04,ISRUC-III,151,2,151,test
ISRUC-III-04,ISRUC-III-04,ISRUC-III,152,2,152,test
ISRUC-III-04,ISRUC-III-04,ISRUC-III,153,1,153,test
ISRUC-III-04,ISRUC-III-04,ISRUC-III,154,2,154,test
ISRUC-III-04,ISRUC-III-04,ISRUC-III,155,2,155,test
ISRUC-III-04,ISRUC-III-04,ISRUC-III,156,2,156,test
ISRUC-III-04,ISRUC-III-04,ISRUC-III,157,2,157,test
ISRUC-III-04,ISRUC-III-04,ISRUC-III,158,2,158,test
ISRUC-III-04,ISRUC-III-04,ISRUC-III,159,2,159,test
ISRUC-III-04,ISRUC-III-04,ISRUC-III,160,3,160,test
ISRUC-III-04,ISRUC-III-04,ISRUC-III,161,3,161,test
ISRUC-III-04,ISRUC-III-04,ISRUC-III,162,3,162,test
ISRUC-III-04,ISRUC-III-04,ISRUC-III,163,3,163,test
ISRUC-III-04,ISRUC-III-04,ISRUC-III,164,3,164,test
ISRUC-III-04,ISRUC-III-04,ISRUC-III,165,3,165,test
ISRUC-III-04,ISRUC-III-04,ISRUC-III,166,3,166,test
ISRUC-III-04,ISRUC-III-04,ISRUC-III,167,3,167,test
ISRUC-III-04,ISRUC-III-04,ISRUC-III,168,3,168,test
ISRUC-III-04,ISRUC-III-04,ISRUC-III,169,3,169,test
ISRUC-III-04,ISRUC-III-04,ISRUC-III,170,3,170,test
ISRUC-III-04,ISRUC-III-04,ISRUC-III,171,3,171,test
ISRUC-III-04,ISRUC-III-04,ISRUC-III,172,3,172,test
ISRUC-III-04,ISRUC-III-04,ISRUC-III,173,3,173,test
ISRUC-III-04,ISRUC-III-04,ISRUC-III,174,2,174,test
ISRUC-III-04,ISRUC-III-04,ISRUC-III,175,2,175,test
ISRUC-III-04,ISRUC-III-04,ISRUC-III,176,2,176,test
ISRUC-III-04,ISRUC-III-04,ISRUC-III,177,4,177,test
ISRUC-III-04,ISRUC-III-04,ISRUC-III,178,4,178,test
ISRUC-III-04,ISRUC-III-04,ISRUC-III,179,4,179,test
ISRUC-III-04,ISRUC-III-04,ISRUC-III,180,1,180,test
ISRUC-III-04,ISRUC-III-04,ISRUC-III,181,1,181,test
ISRUC-III-04,ISRUC-III-04,ISRUC-III,182,1,182,test
ISRUC-III-04,ISRUC-III-04,ISRUC-III,183,4,183,test
ISRUC-III-04,ISRUC-III-04,ISRUC-III,184,4,184,test
ISRUC-III-04,ISRUC-III-04,ISRUC-III,185,4,185,test
ISRUC-III-04,ISRUC-III-04,ISRUC-III,186,1,186,test
ISRUC-III-04,ISRUC-III-04,ISRUC-III,187,4,187,test
ISRUC-III-04,ISRUC-III-04,ISRUC-III,188,4,188,test
ISRUC-III-04,ISRUC-III-04,ISRUC-III,189,0,189,test
ISRUC-III-04,ISRUC-III-04,ISRUC-III,190,1,190,test
ISRUC-III-04,ISRUC-III-04,ISRUC-III,191,2,191,test
ISRUC-III-04,ISRUC-III-04,ISRUC-III,192,2,192,test
ISRUC-III-04,ISRUC-III-04,ISRUC-III,193,2,193,test
ISRUC-III-04,ISRUC-III-04,ISRUC-III,194,2,194,test
ISRUC-III-04,ISRUC-III-04,ISRUC-III,195,0,195,test
ISRUC-III-04,ISRUC-III-04,ISRUC-III,196,0,196,test
ISRUC-III-04,ISRUC-III-04,ISRUC-III,197,0,197,test
ISRUC-III-04,ISRUC-III-04,ISRUC-III,198,1,198,test
ISRUC-III-04,ISRUC-III-04,ISRUC-III,199,1,199,test
ISRUC-III-04,ISRUC-III-04,ISRUC-III,200,1,200,test
ISRUC-III-04,ISRUC-III-04,ISRUC-III,201,2,201,test
ISRUC-III-04,ISRUC-III-04,ISRUC-III,202,2,202,test
ISRUC-III-04,ISRUC-III-04,ISRUC-III,203,2,203,test
ISRUC-III-04,ISRUC-III-04,ISRUC-III,204,2,204,test
ISRUC-III-04,ISRUC-III-04,ISRUC-III,205,2,205,test
ISRUC-III-04,ISRUC-III-04,ISRUC-III,206,2,206,test
ISRUC-III-04,ISRUC-III-04,ISRUC-III,207,2,207,test
ISRUC-III-04,ISRUC-III-04,ISRUC-III,208,2,208,test
ISRUC-III-04,ISRUC-III-04,ISRUC-III,209,2,209,test
ISRUC-III-04,ISRUC-III-04,ISRUC-III,210,2,210,test
ISRUC-III-04,ISRUC-III-04,ISRUC-III,211,2,211,test
ISRUC-III-04,ISRUC-III-04,ISRUC-III,212,2,212,test
ISRUC-III-04,ISRUC-III-04,ISRUC-III,213,2,213,test
ISRUC-III-04,ISRUC-III-04,ISRUC-III,214,2,214,test
ISRUC-III-04,ISRUC-III-04,ISRUC-III,215,2,215,test
ISRUC-III-04,ISRUC-III-04,ISRUC-III,216,2,216,test
ISRUC-III-04,ISRUC-III-04,ISRUC-III,217,2,217,test
ISRUC-III-04,ISRUC-III-04,ISRUC-III,218,2,218,test
ISRUC-III-04,ISRUC-III-04,ISRUC-III,219,2,219,test
ISRUC-III-04,ISRUC-III-04,ISRUC-III,220,2,220,test
ISRUC-III-04,ISRUC-III-04,ISRUC-III,221,2,221,test
ISRUC-III-04,ISRUC-III-04,ISRUC-III,222,2,222,test
ISRUC-III-04,ISRUC-III-04,ISRUC-III,223,2,223,test
ISRUC-III-04,ISRUC-III-04,ISRUC-III,224,2,224,test
ISRUC-III-04,ISRUC-III-04,ISRUC-III,225,2,225,test
ISRUC-III-04,ISRUC-III-04,ISRUC-III,226,2,226,test
ISRUC-III-04,ISRUC-III-04,ISRUC-III,227,3,227,test
ISRUC-III-04,ISRUC-III-04,ISRUC-III,228,3,228,test
ISRUC-III-04,ISRUC-III-04,ISRUC-III,229,3,229,test
ISRUC-III-04,ISRUC-III-04,ISRUC-III,230,3,230,test
ISRUC-III-04,ISRUC-III-04,ISRUC-III,231,3,231,test
ISRUC-III-04,ISRUC-III-04,ISRUC-III,232,3,232,test
ISRUC-III-04,ISRUC-III-04,ISRUC-III,233,3,233,test
ISRUC-III-04,ISRUC-III-04,ISRUC-III,234,3,234,test
ISRUC-III-04,ISRUC-III-04,ISRUC-III,235,3,235,test
ISRUC-III-04,ISRUC-III-04,ISRUC-III,236,3,236,test
ISRUC-III-04,ISRUC-III-04,ISRUC-III,237,3,237,test
ISRUC-III-04,ISRUC-III-04,ISRUC-III,238,3,238,test
ISRUC-III-04,ISRUC-III-04,ISRUC-III,239,3,239,test
ISRUC-III-04,ISRUC-III-04,ISRUC-III,240,3,240,test
ISRUC-III-04,ISRUC-III-04,ISRUC-III,241,3,241,test
ISRUC-III-04,ISRUC-III-04,ISRUC-III,242,3,242,test
ISRUC-III-04,ISRUC-III-04,ISRUC-III,243,3,243,test
ISRUC-III-04,ISRUC-III-04,ISRUC-III,244,3,244,test
ISRUC-III-04,ISRUC-III-04,ISRUC-III,245,3,245,test
ISRUC-III-04,ISRUC-III-04,ISRUC-III,246,3,246,test
ISRUC-III-04,ISRUC-III-04,ISRUC-III,247,3,247,test
ISRUC-III-04,ISRUC-III-04,ISRUC-III,248,3,248,test
ISRUC-III-04,ISRUC-III-04,ISRUC-III,249,3,249,test
ISRUC-III-04,ISRUC-III-04,ISRUC-III,250,3,250,test
ISRUC-III-04,ISRUC-III-04,ISRUC-III,251,3,251,test
ISRUC-III-04,ISRUC-III-04,ISRUC-III,252,3,252,test
ISRUC-III-04,ISRUC-III-04,ISRUC-III,253,3,253,test
ISRUC-III-04,ISRUC-III-04,ISRUC-III,254,3,254,test
ISRUC-III-04,ISRUC-III-04,ISRUC-III,255,3,255,test
ISRUC-III-04,ISRUC-III-04,ISRUC-III,256,3,256,test
ISRUC-III-04,ISRUC-III-04,ISRUC-III,257,3,257,test
ISRUC-III-04,ISRUC-III-04,ISRUC-III,258,3,258,test
ISRUC-III-04,ISRUC-III-04,ISRUC-III,259,3,259,test
ISRUC-III-04,ISRUC-III-04,ISRUC-III,260,3,260,test
ISRUC-III-04,ISRUC-III-04,ISRUC-III,261,3,261,test
ISRUC-III-04,ISRUC-III-04,ISRUC-III,262,3,262,test
ISRUC-III-04,ISRUC-III-04,ISRUC-III,263,3,263,test
ISRUC-III-04,ISRUC-III-04,ISRUC-III,264,3,264,test
ISRUC-III-04,ISRUC-III-04,ISRUC-III,265,2,265,test
ISRUC-III-04,ISRUC-III-04,ISRUC-III,266,1,266,test
ISRUC-III-04,ISRUC-III-04,ISRUC-III,267,1,267,test
ISRUC-III-04,ISRUC-III-04,ISRUC-III,268,1,268,test
ISRUC-III-04,ISRUC-III-04,ISRUC-III,269,1,269,test
ISRUC-III-04,ISRUC-III-04,ISRUC-III,270,2,270,test
ISRUC-III-04,ISRUC-III-04,ISRUC-III,271,2,271,test
ISRUC-III-04,ISRUC-III-04,ISRUC-III,272,2,272,test
ISRUC-III-04,ISRUC-III-04,ISRUC-III,273,2,273,test
ISRUC-III-04,ISRUC-III-04,ISRUC-III,274,2,274,test
ISRUC-III-04,ISRUC-III-04,ISRUC-III,275,2,275,test
ISRUC-III-04,ISRUC-III-04,ISRUC-III,276,2,276,test
ISRUC-III-04,ISRUC-III-04,ISRUC-III,277,2,277,test
ISRUC-III-04,ISRUC-III-04,ISRUC-III,278,2,278,test
ISRUC-III-04,ISRUC-III-04,ISRUC-III,279,2,279,test
ISRUC-III-04,ISRUC-III-04,ISRUC-III,280,2,280,test
ISRUC-III-04,ISRUC-III-04,ISRUC-III,281,3,281,test
ISRUC-III-04,ISRUC-III-04,ISRUC-III,282,3,282,test
ISRUC-III-04,ISRUC-III-04,ISRUC-III,283,3,283,test
ISRUC-III-04,ISRUC-III-04,ISRUC-III,284,3,284,test
ISRUC-III-04,ISRUC-III-04,ISRUC-III,285,3,285,test
ISRUC-III-04,ISRUC-III-04,ISRUC-III,286,3,286,test
ISRUC-III-04,ISRUC-III-04,ISRUC-III,287,3,287,test
ISRUC-III-04,ISRUC-III-04,ISRUC-III,288,3,288,test
ISRUC-III-04,ISRUC-III-04,ISRUC-III,289,3,289,test
ISRUC-III-04,ISRUC-III-04,ISRUC-III,290,3,290,test
ISRUC-III-04,ISRUC-III-04,ISRUC-III,291,3,291,test
ISRUC-III-04,ISRUC-III-04,ISRUC-III,292,3,292,test
ISRUC-III-04,ISRUC-III-04,ISRUC-III,293,2,293,test
ISRUC-III-04,ISRUC-III-04,ISRUC-III,294,3,294,test
ISRUC-III-04,ISRUC-III-04,ISRUC-III,295,4,295,test
ISRUC-III-04,ISRUC-III-04,ISRUC-III,296,4,296,test
ISRUC-III-04,ISRUC-III-04,ISRUC-III,297,4,297,test
ISRUC-III-04,ISRUC-III-04,ISRUC-III,298,4,298,test
ISRUC-III-04,ISRUC-III-04,ISRUC-III,299,4,299,test
ISRUC-III-04,ISRUC-III-04,ISRUC-III,300,4,300,test
ISRUC-III-04,ISRUC-III-04,ISRUC-III,301,1,301,test
ISRUC-III-04,ISRUC-III-04,ISRUC-III,302,4,302,test
ISRUC-III-04,ISRUC-III-04,ISRUC-III,303,4,303,test
ISRUC-III-04,ISRUC-III-04,ISRUC-III,304,4,304,test
ISRUC-III-04,ISRUC-III-04,ISRUC-III,305,4,305,test
ISRUC-III-04,ISRUC-III-04,ISRUC-III,306,4,306,test
ISRUC-III-04,ISRUC-III-04,ISRUC-III,307,0,307,test
ISRUC-III-04,ISRUC-III-04,ISRUC-III,308,1,308,test
ISRUC-III-04,ISRUC-III-04,ISRUC-III,309,1,309,test
ISRUC-III-04,ISRUC-III-04,ISRUC-III,310,1,310,test
ISRUC-III-04,ISRUC-III-04,ISRUC-III,311,1,311,test
ISRUC-III-04,ISRUC-III-04,ISRUC-III,312,2,312,test
ISRUC-III-04,ISRUC-III-04,ISRUC-III,313,4,313,test
ISRUC-III-04,ISRUC-III-04,ISRUC-III,314,1,314,test
ISRUC-III-04,ISRUC-III-04,ISRUC-III,315,4,315,test
ISRUC-III-04,ISRUC-III-04,ISRUC-III,316,4,316,test
ISRUC-III-04,ISRUC-III-04,ISRUC-III,317,4,317,test
ISRUC-III-04,ISRUC-III-04,ISRUC-III,318,4,318,test
ISRUC-III-04,ISRUC-III-04,ISRUC-III,319,4,319,test
ISRUC-III-04,ISRUC-III-04,ISRUC-III,320,1,320,test
ISRUC-III-04,ISRUC-III-04,ISRUC-III,321,4,321,test
ISRUC-III-04,ISRUC-III-04,ISRUC-III,322,4,322,test
ISRUC-III-04,ISRUC-III-04,ISRUC-III,323,4,323,test
ISRUC-III-04,ISRUC-III-04,ISRUC-III,324,4,324,test
ISRUC-III-04,ISRUC-III-04,ISRUC-III,325,4,325,test
ISRUC-III-04,ISRUC-III-04,ISRUC-III,326,4,326,test
ISRUC-III-04,ISRUC-III-04,ISRUC-III,327,4,327,test
ISRUC-III-04,ISRUC-III-04,ISRUC-III,328,1,328,test
ISRUC-III-04,ISRUC-III-04,ISRUC-III,329,4,329,test
ISRUC-III-04,ISRUC-III-04,ISRUC-III,330,4,330,test
ISRUC-III-04,ISRUC-III-04,ISRUC-III,331,4,331,test
ISRUC-III-04,ISRUC-III-04,ISRUC-III,332,4,332,test
ISRUC-III-04,ISRUC-III-04,ISRUC-III,333,4,333,test
ISRUC-III-04,ISRUC-III-04,ISRUC-III,334,4,334,test
ISRUC-III-04,ISRUC-III-04,ISRUC-III,335,4,335,test
ISRUC-III-04,ISRUC-III-04,ISRUC-III,336,4,336,test
ISRUC-III-04,ISRUC-III-04,ISRUC-III,337,4,337,test
ISRUC-III-04,ISRUC-III-04,ISRUC-III,338,4,338,test
ISRUC-III-04,ISRUC-III-04,ISRUC-III,339,4,339,test
ISRUC-III-04,ISRUC-III-04,ISRUC-III,340,4,340,test
ISRUC-III-04,ISRUC-III-04,ISRUC-III,341,4,341,test
ISRUC-III-04,ISRUC-III-04,ISRUC-III,342,4,342,test
ISRUC-III-04,ISRUC-III-04,ISRUC-III,343,0,343,test
ISRUC-III-04,ISRUC-III-04,ISRUC-III,344,0,344,test
ISRUC-III-04,ISRUC-III-04,ISRUC-III,345,1,345,test
ISRUC-III-04,ISRUC-III-04,ISRUC-III,346,0,346,test
ISRUC-III-04,ISRUC-III-04,ISRUC-III,347,1,347,test
ISRUC-III-04,ISRUC-III-04,ISRUC-III,348,1,348,test
ISRUC-III-04,ISRUC-III-04,ISRUC-III,349,1,349,test
ISRUC-III-04,ISRUC-III-04,ISRUC-III,350,2,350,test
ISRUC-III-04,ISRUC-III-04,ISRUC-III,351,2,351,test
ISRUC-III-04,ISRUC-III-04,ISRUC-III,352,1,352,test
ISRUC-III-04,ISRUC-III-04,ISRUC-III,353,2,353,test
ISRUC-III-04,ISRUC-III-04,ISRUC-III,354,2,354,test
ISRUC-III-04,ISRUC-III-04,ISRUC-III,355,1,355,test
ISRUC-III-04,ISRUC-III-04,ISRUC-III,356,2,356,test
ISRUC-III-04,ISRUC-III-04,ISRUC-III,357,2,357,test
ISRUC-III-04,ISRUC-III-04,ISRUC-III,358,2,358,test
ISRUC-III-04,ISRUC-III-04,ISRUC-III,359,2,359,test
ISRUC-III-04,ISRUC-III-04,ISRUC-III,360,2,360,test
ISRUC-III-04,ISRUC-III-04,ISRUC-III,361,2,361,test
ISRUC-III-04,ISRUC-III-04,ISRUC-III,362,1,362,test
ISRUC-III-04,ISRUC-III-04,ISRUC-III,363,2,363,test
ISRUC-III-04,ISRUC-III-04,ISRUC-III,364,2,364,test
ISRUC-III-04,ISRUC-III-04,ISRUC-III,365,2,365,test
ISRUC-III-04,ISRUC-III-04,ISRUC-III,366,1,366,test
ISRUC-III-04,ISRUC-III-04,ISRUC-III,367,2,367,test
ISRUC-III-04,ISRUC-III-04,ISRUC-III,368,2,368,test
ISRUC-III-04,ISRUC-III-04,ISRUC-III,369,2,369,test
ISRUC-III-04,ISRUC-III-04,ISRUC-III,370,2,370,test
ISRUC-III-04,ISRUC-III-04,ISRUC-III,371,2,371,test
ISRUC-III-04,ISRUC-III-04,ISRUC-III,372,2,372,test
ISRUC-III-04,ISRUC-III-04,ISRUC-III,373,2,373,test
ISRUC-III-04,ISRUC-III-04,ISRUC-III,374,2,374,test
ISRUC-III-04,ISRUC-III-04,ISRUC-III,375,2,375,test
ISRUC-III-04,ISRUC-III-04,ISRUC-III,376,2,376,test
ISRUC-III-04,ISRUC-III-04,ISRUC-III,377,2,377,test
ISRUC-III-04,ISRUC-III-04,ISRUC-III,378,2,378,test
ISRUC-III-04,ISRUC-III-04,ISRUC-III,379,2,379,test
ISRUC-III-04,ISRUC-III-04,ISRUC-III,380,0,380,test
ISRUC-III-04,ISRUC-III-04,ISRUC-III,381,0,381,test
ISRUC-III-04,ISRUC-III-04,ISRUC-III,382,0,382,test
ISRUC-III-04,ISRUC-III-04,ISRUC-III,383,1,383,test
ISRUC-III-04,ISRUC-III-04,ISRUC-III,384,1,384,test
ISRUC-III-04,ISRUC-III-04,ISRUC-III,385,1,385,test
ISRUC-III-04,ISRUC-III-04,ISRUC-III,386,1,386,test
ISRUC-III-04,ISRUC-III-04,ISRUC-III,387,2,387,test
ISRUC-III-04,ISRUC-III-04,ISRUC-III,388,2,388,test
ISRUC-III-04,ISRUC-III-04,ISRUC-III,389,2,389,test
ISRUC-III-04,ISRUC-III-04,ISRUC-III,390,2,390,test
ISRUC-III-04,ISRUC-III-04,ISRUC-III,391,2,391,test
ISRUC-III-04,ISRUC-III-04,ISRUC-III,392,2,392,test
ISRUC-III-04,ISRUC-III-04,ISRUC-III,393,2,393,test
ISRUC-III-04,ISRUC-III-04,ISRUC-III,394,1,394,test
ISRUC-III-04,ISRUC-III-04,ISRUC-III,395,2,395,test
ISRUC-III-04,ISRUC-III-04,ISRUC-III,396,1,396,test
ISRUC-III-04,ISRUC-III-04,ISRUC-III,397,1,397,test
ISRUC-III-04,ISRUC-III-04,ISRUC-III,398,2,398,test
ISRUC-III-04,ISRUC-III-04,ISRUC-III,399,2,399,test
ISRUC-III-04,ISRUC-III-04,ISRUC-III,400,2,400,test
ISRUC-III-04,ISRUC-III-04,ISRUC-III,401,2,401,test
ISRUC-III-04,ISRUC-III-04,ISRUC-III,402,2,402,test
ISRUC-III-04,ISRUC-III-04,ISRUC-III,403,2,403,test
ISRUC-III-04,ISRUC-III-04,ISRUC-III,404,2,404,test
ISRUC-III-04,ISRUC-III-04,ISRUC-III,405,2,405,test
ISRUC-III-04,ISRUC-III-04,ISRUC-III,406,2,406,test
ISRUC-III-04,ISRUC-III-04,ISRUC-III,407,2,407,test
ISRUC-III-04,ISRUC-III-04,ISRUC-III,408,2,408,test
ISRUC-III-04,ISRUC-III-04,ISRUC-III,409,2,409,test
ISRUC-III-04,ISRUC-III-04,ISRUC-III,410,2,410,test
ISRUC-III-04,ISRUC-III-04,ISRUC-III,411,2,411,test
ISRUC-III-04,ISRUC-III-04,ISRUC-III,412,2,412,test
ISRUC-III-04,ISRUC-III-04,ISRUC-III,413,2,413,test
ISRUC-III-04,ISRUC-III-04,ISRUC-III,414,2,414,test
ISRUC-III-04,ISRUC-III-04,ISRUC-III,415,2,415,test
ISRUC-III-04,ISRUC-III-04,ISRUC-III,416,2,416,test
ISRUC-III-04,ISRUC-III-04,ISRUC-III,417,2,417,test
ISRUC-III-04,ISRUC-III-04,ISRUC-III,418,2,418,test
ISRUC-III-04,ISRUC-III-04,ISRUC-III,419,2,419,test
ISRUC-III-04,ISRUC-III-04,ISRUC-III,420,3,420,test
ISRUC-III-04,ISRUC-III-04,ISRUC-III,421,2,421,test
ISRUC-III-04,ISRUC-III-04,ISRUC-III,422,3,422,test
ISRUC-III-04,ISRUC-III-04,ISRUC-III,423,3,423,test
ISRUC-III-04,ISRUC-III-04,ISRUC-III,424,3,424,test
ISRUC-III-04,ISRUC-III-04,ISRUC-III,425,3,425,test
ISRUC-III-04,ISRUC-III-04,ISRUC-III,426,3,426,test
ISRUC-III-04,ISRUC-III-04,ISRUC-III,427,3,427,test
ISRUC-III-04,ISRUC-III-04,ISRUC-III,428,3,428,test
ISRUC-III-04,ISRUC-III-04,ISRUC-III,429,3,429,test
ISRUC-III-04,ISRUC-III-04,ISRUC-III,430,3,430,test
ISRUC-III-04,ISRUC-III-04,ISRUC-III,431,0,431,test
ISRUC-III-04,ISRUC-III-04,ISRUC-III,432,0,432,test
ISRUC-III-04,ISRUC-III-04,ISRUC-III,433,0,433,test
ISRUC-III-04,ISRUC-III-04,ISRUC-III,434,1,434,test
ISRUC-III-04,ISRUC-III-04,ISRUC-III,435,1,435,test
ISRUC-III-04,ISRUC-III-04,ISRUC-III,436,0,436,test
ISRUC-III-04,ISRUC-III-04,ISRUC-III,437,1,437,test
ISRUC-III-04,ISRUC-III-04,ISRUC-III,438,1,438,test
ISRUC-III-04,ISRUC-III-04,ISRUC-III,439,2,439,test
ISRUC-III-04,ISRUC-III-04,ISRUC-III,440,0,440,test
ISRUC-III-04,ISRUC-III-04,ISRUC-III,441,2,441,test
ISRUC-III-04,ISRUC-III-04,ISRUC-III,442,2,442,test
ISRUC-III-04,ISRUC-III-04,ISRUC-III,443,2,443,test
ISRUC-III-04,ISRUC-III-04,ISRUC-III,444,1,444,test
ISRUC-III-04,ISRUC-III-04,ISRUC-III,445,2,445,test
ISRUC-III-04,ISRUC-III-04,ISRUC-III,446,2,446,test
ISRUC-III-04,ISRUC-III-04,ISRUC-III,447,2,447,test
ISRUC-III-04,ISRUC-III-04,ISRUC-III,448,2,448,test
ISRUC-III-04,ISRUC-III-04,ISRUC-III,449,2,449,test
ISRUC-III-04,ISRUC-III-04,ISRUC-III,450,2,450,test
ISRUC-III-04,ISRUC-III-04,ISRUC-III,451,2,451,test
ISRUC-III-04,ISRUC-III-04,ISRUC-III,452,2,452,test
ISRUC-III-04,ISRUC-III-04,ISRUC-III,453,2,453,test
ISRUC-III-04,ISRUC-III-04,ISRUC-III,454,2,454,test
ISRUC-III-04,ISRUC-III-04,ISRUC-III,455,2,455,test
ISRUC-III-04,ISRUC-III-04,ISRUC-III,456,2,456,test
ISRUC-III-04,ISRUC-III-04,ISRUC-III,457,2,457,test
ISRUC-III-04,ISRUC-III-04,ISRUC-III,458,2,458,test
ISRUC-III-04,ISRUC-III-04,ISRUC-III,459,3,459,test
ISRUC-III-04,ISRUC-III-04,ISRUC-III,460,3,460,test
ISRUC-III-04,ISRUC-III-04,ISRUC-III,461,3,461,test
ISRUC-III-04,ISRUC-III-04,ISRUC-III,462,3,462,test
ISRUC-III-04,ISRUC-III-04,ISRUC-III,463,3,463,test
ISRUC-III-04,ISRUC-III-04,ISRUC-III,464,3,464,test
ISRUC-III-04,ISRUC-III-04,ISRUC-III,465,3,465,test
ISRUC-III-04,ISRUC-III-04,ISRUC-III,466,3,466,test
ISRUC-III-04,ISRUC-III-04,ISRUC-III,467,3,467,test
ISRUC-III-04,ISRUC-III-04,ISRUC-III,468,3,468,test
ISRUC-III-04,ISRUC-III-04,ISRUC-III,469,3,469,test
ISRUC-III-04,ISRUC-III-04,ISRUC-III,470,3,470,test
ISRUC-III-04,ISRUC-III-04,ISRUC-III,471,3,471,test
ISRUC-III-04,ISRUC-III-04,ISRUC-III,472,3,472,test
ISRUC-III-04,ISRUC-III-04,ISRUC-III,473,3,473,test
ISRUC-III-04,ISRUC-III-04,ISRUC-III,474,2,474,test
ISRUC-III-04,ISRUC-III-04,ISRUC-III,475,3,475,test
ISRUC-III-04,ISRUC-III-04,ISRUC-III,476,3,476,test
ISRUC-III-04,ISRUC-III-04,ISRUC-III,477,3,477,test
ISRUC-III-04,ISRUC-III-04,ISRUC-III,478,3,478,test
ISRUC-III-04,ISRUC-III-04,ISRUC-III,479,3,479,test
ISRUC-III-04,ISRUC-III-04,ISRUC-III,480,3,480,test
ISRUC-III-04,ISRUC-III-04,ISRUC-III,481,1,481,test
ISRUC-III-04,ISRUC-III-04,ISRUC-III,482,3,482,test
ISRUC-III-04,ISRUC-III-04,ISRUC-III,483,3,483,test
ISRUC-III-04,ISRUC-III-04,ISRUC-III,484,3,484,test
ISRUC-III-04,ISRUC-III-04,ISRUC-III,485,1,485,test
ISRUC-III-04,ISRUC-III-04,ISRUC-III,486,1,486,test
ISRUC-III-04,ISRUC-III-04,ISRUC-III,487,4,487,test
ISRUC-III-04,ISRUC-III-04,ISRUC-III,488,4,488,test
ISRUC-III-04,ISRUC-III-04,ISRUC-III,489,1,489,test
ISRUC-III-04,ISRUC-III-04,ISRUC-III,490,1,490,test
ISRUC-III-04,ISRUC-III-04,ISRUC-III,491,1,491,test
ISRUC-III-04,ISRUC-III-04,ISRUC-III,492,1,492,test
ISRUC-III-04,ISRUC-III-04,ISRUC-III,493,1,493,test
ISRUC-III-04,ISRUC-III-04,ISRUC-III,494,4,494,test
ISRUC-III-04,ISRUC-III-04,ISRUC-III,495,4,495,test
ISRUC-III-04,ISRUC-III-04,ISRUC-III,496,4,496,test
ISRUC-III-04,ISRUC-III-04,ISRUC-III,497,4,497,test
ISRUC-III-04,ISRUC-III-04,ISRUC-III,498,4,498,test
ISRUC-III-04,ISRUC-III-04,ISRUC-III,499,4,499,test
ISRUC-III-04,ISRUC-III-04,ISRUC-III,500,4,500,test
ISRUC-III-04,ISRUC-III-04,ISRUC-III,501,4,501,test
ISRUC-III-04,ISRUC-III-04,ISRUC-III,502,0,502,test
ISRUC-III-04,ISRUC-III-04,ISRUC-III,503,1,503,test
ISRUC-III-04,ISRUC-III-04,ISRUC-III,504,1,504,test
ISRUC-III-04,ISRUC-III-04,ISRUC-III,505,1,505,test
ISRUC-III-04,ISRUC-III-04,ISRUC-III,506,1,506,test
ISRUC-III-04,ISRUC-III-04,ISRUC-III,507,4,507,test
ISRUC-III-04,ISRUC-III-04,ISRUC-III,508,4,508,test
ISRUC-III-04,ISRUC-III-04,ISRUC-III,509,1,509,test
ISRUC-III-04,ISRUC-III-04,ISRUC-III,510,1,510,test
ISRUC-III-04,ISRUC-III-04,ISRUC-III,511,1,511,test
ISRUC-III-04,ISRUC-III-04,ISRUC-III,512,4,512,test
ISRUC-III-04,ISRUC-III-04,ISRUC-III,513,4,513,test
ISRUC-III-04,ISRUC-III-04,ISRUC-III,514,4,514,test
ISRUC-III-04,ISRUC-III-04,ISRUC-III,515,4,515,test
ISRUC-III-04,ISRUC-III-04,ISRUC-III,516,4,516,test
ISRUC-III-04,ISRUC-III-04,ISRUC-III,517,1,517,test
ISRUC-III-04,ISRUC-III-04,ISRUC-III,518,1,518,test
ISRUC-III-04,ISRUC-III-04,ISRUC-III,519,4,519,test
ISRUC-III-04,ISRUC-III-04,ISRUC-III,520,4,520,test
ISRUC-III-04,ISRUC-III-04,ISRUC-III,521,4,521,test
ISRUC-III-04,ISRUC-III-04,ISRUC-III,522,4,522,test
ISRUC-III-04,ISRUC-III-04,ISRUC-III,523,4,523,test
ISRUC-III-04,ISRUC-III-04,ISRUC-III,524,1,524,test
ISRUC-III-04,ISRUC-III-04,ISRUC-III,525,1,525,test
ISRUC-III-04,ISRUC-III-04,ISRUC-III,526,0,526,test
ISRUC-III-04,ISRUC-III-04,ISRUC-III,527,1,527,test
ISRUC-III-04,ISRUC-III-04,ISRUC-III,528,1,528,test
ISRUC-III-04,ISRUC-III-04,ISRUC-III,529,1,529,test
ISRUC-III-04,ISRUC-III-04,ISRUC-III,530,1,530,test
ISRUC-III-04,ISRUC-III-04,ISRUC-III,531,4,531,test
ISRUC-III-04,ISRUC-III-04,ISRUC-III,532,4,532,test
ISRUC-III-04,ISRUC-III-04,ISRUC-III,533,1,533,test
ISRUC-III-04,ISRUC-III-04,ISRUC-III,534,1,534,test
ISRUC-III-04,ISRUC-III-04,ISRUC-III,535,1,535,test
ISRUC-III-04,ISRUC-III-04,ISRUC-III,536,1,536,test
ISRUC-III-04,ISRUC-III-04,ISRUC-III,537,1,537,test
ISRUC-III-04,ISRUC-III-04,ISRUC-III,538,1,538,test
ISRUC-III-04,ISRUC-III-04,ISRUC-III,539,1,539,test
ISRUC-III-04,ISRUC-III-04,ISRUC-III,540,4,540,test
ISRUC-III-04,ISRUC-III-04,ISRUC-III,541,4,541,test
ISRUC-III-04,ISRUC-III-04,ISRUC-III,542,4,542,test
ISRUC-III-04,ISRUC-III-04,ISRUC-III,543,1,543,test
ISRUC-III-04,ISRUC-III-04,ISRUC-III,544,4,544,test
ISRUC-III-04,ISRUC-III-04,ISRUC-III,545,1,545,test
ISRUC-III-04,ISRUC-III-04,ISRUC-III,546,1,546,test
ISRUC-III-04,ISRUC-III-04,ISRUC-III,547,1,547,test
ISRUC-III-04,ISRUC-III-04,ISRUC-III,548,1,548,test
ISRUC-III-04,ISRUC-III-04,ISRUC-III,549,1,549,test
ISRUC-III-04,ISRUC-III-04,ISRUC-III,550,1,550,test
ISRUC-III-04,ISRUC-III-04,ISRUC-III,551,1,551,test
ISRUC-III-04,ISRUC-III-04,ISRUC-III,552,0,552,test
ISRUC-III-04,ISRUC-III-04,ISRUC-III,553,0,553,test
ISRUC-III-04,ISRUC-III-04,ISRUC-III,554,0,554,test
ISRUC-III-04,ISRUC-III-04,ISRUC-III,555,0,555,test
ISRUC-III-04,ISRUC-III-04,ISRUC-III,556,0,556,test
ISRUC-III-04,ISRUC-III-04,ISRUC-III,557,0,557,test
ISRUC-III-04,ISRUC-III-04,ISRUC-III,558,0,558,test
ISRUC-III-04,ISRUC-III-04,ISRUC-III,559,0,559,test
ISRUC-III-04,ISRUC-III-04,ISRUC-III,560,0,560,test
ISRUC-III-04,ISRUC-III-04,ISRUC-III,561,0,561,test
ISRUC-III-04,ISRUC-III-04,ISRUC-III,562,0,562,test
ISRUC-III-04,ISRUC-III-04,ISRUC-III,563,0,563,test
ISRUC-III-04,ISRUC-III-04,ISRUC-III,564,0,564,test
ISRUC-III-04,ISRUC-III-04,ISRUC-III,565,1,565,test
ISRUC-III-04,ISRUC-III-04,ISRUC-III,566,0,566,test
ISRUC-III-04,ISRUC-III-04,ISRUC-III,567,1,567,test
ISRUC-III-04,ISRUC-III-04,ISRUC-III,568,1,568,test
ISRUC-III-04,ISRUC-III-04,ISRUC-III,569,1,569,test
ISRUC-III-04,ISRUC-III-04,ISRUC-III,570,1,570,test
ISRUC-III-04,ISRUC-III-04,ISRUC-III,571,2,571,test
ISRUC-III-04,ISRUC-III-04,ISRUC-III,572,2,572,test
ISRUC-III-04,ISRUC-III-04,ISRUC-III,573,2,573,test
ISRUC-III-04,ISRUC-III-04,ISRUC-III,574,2,574,test
ISRUC-III-04,ISRUC-III-04,ISRUC-III,575,2,575,test
ISRUC-III-04,ISRUC-III-04,ISRUC-III,576,2,576,test
ISRUC-III-04,ISRUC-III-04,ISRUC-III,577,2,577,test
ISRUC-III-04,ISRUC-III-04,ISRUC-III,578,2,578,test
ISRUC-III-04,ISRUC-III-04,ISRUC-III,579,2,579,test
ISRUC-III-04,ISRUC-III-04,ISRUC-III,580,2,580,test
ISRUC-III-04,ISRUC-III-04,ISRUC-III,581,2,581,test
ISRUC-III-04,ISRUC-III-04,ISRUC-III,582,2,582,test
ISRUC-III-04,ISRUC-III-04,ISRUC-III,583,1,583,test
ISRUC-III-04,ISRUC-III-04,ISRUC-III,584,2,584,test
ISRUC-III-04,ISRUC-III-04,ISRUC-III,585,2,585,test
ISRUC-III-04,ISRUC-III-04,ISRUC-III,586,1,586,test
ISRUC-III-04,ISRUC-III-04,ISRUC-III,587,1,587,test
ISRUC-III-04,ISRUC-III-04,ISRUC-III,588,0,588,test
ISRUC-III-04,ISRUC-III-04,ISRUC-III,589,0,589,test
ISRUC-III-04,ISRUC-III-04,ISRUC-III,590,1,590,test
ISRUC-III-04,ISRUC-III-04,ISRUC-III,591,1,591,test
ISRUC-III-04,ISRUC-III-04,ISRUC-III,592,1,592,test
ISRUC-III-04,ISRUC-III-04,ISRUC-III,593,1,593,test
ISRUC-III-04,ISRUC-III-04,ISRUC-III,594,2,594,test
ISRUC-III-04,ISRUC-III-04,ISRUC-III,595,2,595,test
ISRUC-III-04,ISRUC-III-04,ISRUC-III,596,1,596,test
ISRUC-III-04,ISRUC-III-04,ISRUC-III,597,1,597,test
ISRUC-III-04,ISRUC-III-04,ISRUC-III,598,1,598,test
ISRUC-III-04,ISRUC-III-04,ISRUC-III,599,2,599,test
ISRUC-III-04,ISRUC-III-04,ISRUC-III,600,2,600,test
ISRUC-III-04,ISRUC-III-04,ISRUC-III,601,2,601,test
ISRUC-III-04,ISRUC-III-04,ISRUC-III,602,2,602,test
ISRUC-III-04,ISRUC-III-04,ISRUC-III,603,1,603,test
ISRUC-III-04,ISRUC-III-04,ISRUC-III,604,2,604,test
ISRUC-III-04,ISRUC-III-04,ISRUC-III,605,2,605,test
ISRUC-III-04,ISRUC-III-04,ISRUC-III,606,2,606,test
ISRUC-III-04,ISRUC-III-04,ISRUC-III,607,1,607,test
ISRUC-III-04,ISRUC-III-04,ISRUC-III,608,1,608,test
ISRUC-III-04,ISRUC-III-04,ISRUC-III,609,2,609,test
ISRUC-III-04,ISRUC-III-04,ISRUC-III,610,2,610,test
ISRUC-III-04,ISRUC-III-04,ISRUC-III,611,2,611,test
ISRUC-III-04,ISRUC-III-04,ISRUC-III,612,2,612,test
ISRUC-III-04,ISRUC-III-04,ISRUC-III,613,1,613,test
ISRUC-III-04,ISRUC-III-04,ISRUC-III,614,2,614,test
ISRUC-III-04,ISRUC-III-04,ISRUC-III,615,2,615,test
ISRUC-III-04,ISRUC-III-04,ISRUC-III,616,2,616,test
ISRUC-III-04,ISRUC-III-04,ISRUC-III,617,2,617,test
ISRUC-III-04,ISRUC-III-04,ISRUC-III,618,2,618,test
ISRUC-III-04,ISRUC-III-04,ISRUC-III,619,2,619,test
ISRUC-III-04,ISRUC-III-04,ISRUC-III,620,2,620,test
ISRUC-III-04,ISRUC-III-04,ISRUC-III,621,2,621,test
ISRUC-III-04,ISRUC-III-04,ISRUC-III,622,2,622,test
ISRUC-III-04,ISRUC-III-04,ISRUC-III,623,3,623,test
ISRUC-III-04,ISRUC-III-04,ISRUC-III,624,3,624,test
ISRUC-III-04,ISRUC-III-04,ISRUC-III,625,3,625,test
ISRUC-III-04,ISRUC-III-04,ISRUC-III,626,3,626,test
ISRUC-III-04,ISRUC-III-04,ISRUC-III,627,1,627,test
ISRUC-III-04,ISRUC-III-04,ISRUC-III,628,1,628,test
ISRUC-III-04,ISRUC-III-04,ISRUC-III,629,1,629,test
ISRUC-III-04,ISRUC-III-04,ISRUC-III,630,1,630,test
ISRUC-III-04,ISRUC-III-04,ISRUC-III,631,2,631,test
ISRUC-III-04,ISRUC-III-04,ISRUC-III,632,2,632,test
ISRUC-III-04,ISRUC-III-04,ISRUC-III,633,1,633,test
ISRUC-III-04,ISRUC-III-04,ISRUC-III,634,2,634,test
ISRUC-III-04,ISRUC-III-04,ISRUC-III,635,1,635,test
ISRUC-III-04,ISRUC-III-04,ISRUC-III,636,2,636,test
ISRUC-III-04,ISRUC-III-04,ISRUC-III,637,1,637,test
ISRUC-III-04,ISRUC-III-04,ISRUC-III,638,2,638,test
ISRUC-III-04,ISRUC-III-04,ISRUC-III,639,2,639,test
ISRUC-III-04,ISRUC-III-04,ISRUC-III,640,2,640,test
ISRUC-III-04,ISRUC-III-04,ISRUC-III,641,2,641,test
ISRUC-III-04,ISRUC-III-04,ISRUC-III,642,2,642,test
ISRUC-III-04,ISRUC-III-04,ISRUC-III,643,2,643,test
ISRUC-III-04,ISRUC-III-04,ISRUC-III,644,2,644,test
ISRUC-III-04,ISRUC-III-04,ISRUC-III,645,2,645,test
ISRUC-III-04,ISRUC-III-04,ISRUC-III,646,2,646,test
ISRUC-III-04,ISRUC-III-04,ISRUC-III,647,2,647,test
ISRUC-III-04,ISRUC-III-04,ISRUC-III,648,2,648,test
ISRUC-III-04,ISRUC-III-04,ISRUC-III,649,2,649,test
ISRUC-III-04,ISRUC-III-04,ISRUC-III,650,2,650,test
ISRUC-III-04,ISRUC-III-04,ISRUC-III,651,2,651,test
ISRUC-III-04,ISRUC-III-04,ISRUC-III,652,2,652,test
ISRUC-III-04,ISRUC-III-04,ISRUC-III,653,2,653,test
ISRUC-III-04,ISRUC-III-04,ISRUC-III,654,1,654,test
ISRUC-III-04,ISRUC-III-04,ISRUC-III,655,2,655,test
ISRUC-III-04,ISRUC-III-04,ISRUC-III,656,1,656,test
ISRUC-III-04,ISRUC-III-04,ISRUC-III,657,2,657,test
ISRUC-III-04,ISRUC-III-04,ISRUC-III,658,2,658,test
ISRUC-III-04,ISRUC-III-04,ISRUC-III,659,2,659,test
ISRUC-III-04,ISRUC-III-04,ISRUC-III,660,1,660,test
ISRUC-III-04,ISRUC-III-04,ISRUC-III,661,1,661,test
ISRUC-III-04,ISRUC-III-04,ISRUC-III,662,2,662,test
ISRUC-III-04,ISRUC-III-04,ISRUC-III,663,1,663,test
ISRUC-III-04,ISRUC-III-04,ISRUC-III,664,0,664,test
ISRUC-III-04,ISRUC-III-04,ISRUC-III,665,0,665,test
ISRUC-III-04,ISRUC-III-04,ISRUC-III,666,0,666,test
ISRUC-III-04,ISRUC-III-04,ISRUC-III,667,1,667,test
ISRUC-III-04,ISRUC-III-04,ISRUC-III,668,0,668,test
ISRUC-III-04,ISRUC-III-04,ISRUC-III,669,0,669,test
ISRUC-III-04,ISRUC-III-04,ISRUC-III,670,0,670,test
ISRUC-III-04,ISRUC-III-04,ISRUC-III,671,0,671,test
ISRUC-III-04,ISRUC-III-04,ISRUC-III,672,1,672,test
ISRUC-III-04,ISRUC-III-04,ISRUC-III,673,0,673,test
ISRUC-III-04,ISRUC-III-04,ISRUC-III,674,1,674,test
ISRUC-III-04,ISRUC-III-04,ISRUC-III,675,1,675,test
ISRUC-III-04,ISRUC-III-04,ISRUC-III,676,1,676,test
ISRUC-III-04,ISRUC-III-04,ISRUC-III,677,1,677,test
ISRUC-III-04,ISRUC-III-04,ISRUC-III,678,2,678,test
ISRUC-III-04,ISRUC-III-04,ISRUC-III,679,1,679,test
ISRUC-III-04,ISRUC-III-04,ISRUC-III,680,1,680,test
ISRUC-III-04,ISRUC-III-04,ISRUC-III,681,2,681,test
ISRUC-III-04,ISRUC-III-04,ISRUC-III,682,2,682,test
ISRUC-III-04,ISRUC-III-04,ISRUC-III,683,2,683,test
ISRUC-III-04,ISRUC-III-04,ISRUC-III,684,2,684,test
ISRUC-III-04,ISRUC-III-04,ISRUC-III,685,1,685,test
ISRUC-III-04,ISRUC-III-04,ISRUC-III,686,1,686,test
ISRUC-III-04,ISRUC-III-04,ISRUC-III,687,1,687,test
ISRUC-III-04,ISRUC-III-04,ISRUC-III,688,1,688,test
ISRUC-III-04,ISRUC-III-04,ISRUC-III,689,4,689,test
ISRUC-III-04,ISRUC-III-04,ISRUC-III,690,4,690,test
ISRUC-III-04,ISRUC-III-04,ISRUC-III,691,4,691,test
ISRUC-III-04,ISRUC-III-04,ISRUC-III,692,4,692,test
ISRUC-III-04,ISRUC-III-04,ISRUC-III,693,4,693,test
ISRUC-III-04,ISRUC-III-04,ISRUC-III,694,4,694,test
ISRUC-III-04,ISRUC-III-04,ISRUC-III,695,4,695,test
ISRUC-III-04,ISRUC-III-04,ISRUC-III,696,1,696,test
ISRUC-III-04,ISRUC-III-04,ISRUC-III,697,2,697,test
ISRUC-III-04,ISRUC-III-04,ISRUC-III,698,2,698,test
ISRUC-III-04,ISRUC-III-04,ISRUC-III,699,0,699,test
ISRUC-III-04,ISRUC-III-04,ISRUC-III,700,4,700,test
ISRUC-III-04,ISRUC-III-04,ISRUC-III,701,4,701,test
ISRUC-III-04,ISRUC-III-04,ISRUC-III,702,4,702,test
ISRUC-III-04,ISRUC-III-04,ISRUC-III,703,4,703,test
ISRUC-III-04,ISRUC-III-04,ISRUC-III,704,4,704,test
ISRUC-III-04,ISRUC-III-04,ISRUC-III,705,4,705,test
ISRUC-III-04,ISRUC-III-04,ISRUC-III,706,4,706,test
ISRUC-III-04,ISRUC-III-04,ISRUC-III,707,4,707,test
ISRUC-III-04,ISRUC-III-04,ISRUC-III,708,4,708,test
ISRUC-III-04,ISRUC-III-04,ISRUC-III,709,0,709,test
ISRUC-III-04,ISRUC-III-04,ISRUC-III,710,0,710,test
ISRUC-III-04,ISRUC-III-04,ISRUC-III,711,0,711,test
ISRUC-III-04,ISRUC-III-04,ISRUC-III,712,0,712,test
ISRUC-III-04,ISRUC-III-04,ISRUC-III,713,0,713,test
ISRUC-III-04,ISRUC-III-04,ISRUC-III,714,0,714,test
ISRUC-III-04,ISRUC-III-04,ISRUC-III,715,0,715,test
ISRUC-III-04,ISRUC-III-04,ISRUC-III,716,0,716,test
ISRUC-III-04,ISRUC-III-04,ISRUC-III,717,0,717,test
ISRUC-III-04,ISRUC-III-04,ISRUC-III,718,0,718,test
ISRUC-III-04,ISRUC-III-04,ISRUC-III,719,0,719,test
ISRUC-III-04,ISRUC-III-04,ISRUC-III,720,0,720,test
ISRUC-III-04,ISRUC-III-04,ISRUC-III,721,0,721,test
ISRUC-III-04,ISRUC-III-04,ISRUC-III,722,0,722,test
ISRUC-III-04,ISRUC-III-04,ISRUC-III,723,0,723,test
ISRUC-III-04,ISRUC-III-04,ISRUC-III,724,0,724,test
ISRUC-III-04,ISRUC-III-04,ISRUC-III,725,0,725,test
ISRUC-III-04,ISRUC-III-04,ISRUC-III,726,0,726,test
ISRUC-III-04,ISRUC-III-04,ISRUC-III,727,0,727,test
ISRUC-III-04,ISRUC-III-04,ISRUC-III,728,0,728,test
ISRUC-III-04,ISRUC-III-04,ISRUC-III,729,0,729,test
ISRUC-III-04,ISRUC-III-04,ISRUC-III,730,0,730,test
ISRUC-III-04,ISRUC-III-04,ISRUC-III,731,0,731,test
ISRUC-III-04,ISRUC-III-04,ISRUC-III,732,0,732,test
ISRUC-III-04,ISRUC-III-04,ISRUC-III,733,0,733,test
ISRUC-III-04,ISRUC-III-04,ISRUC-III,734,0,734,test
ISRUC-III-04,ISRUC-III-04,ISRUC-III,735,0,735,test
ISRUC-III-04,ISRUC-III-04,ISRUC-III,736,0,736,test
ISRUC-III-04,ISRUC-III-04,ISRUC-III,737,0,737,test
ISRUC-III-04,ISRUC-III-04,ISRUC-III,738,0,738,test
ISRUC-III-04,ISRUC-III-04,ISRUC-III,739,0,739,test
ISRUC-III-04,ISRUC-III-04,ISRUC-III,740,0,740,test
ISRUC-III-04,ISRUC-III-04,ISRUC-III,741,0,741,test
ISRUC-III-04,ISRUC-III-04,ISRUC-III,742,0,742,test
ISRUC-III-04,ISRUC-III-04,ISRUC-III,743,0,743,test
ISRUC-III-04,ISRUC-III-04,ISRUC-III,744,0,744,test
ISRUC-III-04,ISRUC-III-04,ISRUC-III,745,0,745,test
ISRUC-III-04,ISRUC-III-04,ISRUC-III,746,0,746,test
ISRUC-III-04,ISRUC-III-04,ISRUC-III,747,0,747,test
ISRUC-III-04,ISRUC-III-04,ISRUC-III,748,0,748,test
ISRUC-III-04,ISRUC-III-04,ISRUC-III,749,0,749,test
ISRUC-III-04,ISRUC-III-04,ISRUC-III,750,0,750,test
ISRUC-III-04,ISRUC-III-04,ISRUC-III,751,0,751,test
ISRUC-III-04,ISRUC-III-04,ISRUC-III,752,0,752,test
ISRUC-III-04,ISRUC-III-04,ISRUC-III,753,0,753,test
ISRUC-III-04,ISRUC-III-04,ISRUC-III,754,0,754,test
ISRUC-III-04,ISRUC-III-04,ISRUC-III,755,0,755,test
ISRUC-III-04,ISRUC-III-04,ISRUC-III,756,0,756,test
ISRUC-III-04,ISRUC-III-04,ISRUC-III,757,0,757,test
ISRUC-III-04,ISRUC-III-04,ISRUC-III,758,0,758,test
ISRUC-III-04,ISRUC-III-04,ISRUC-III,759,0,759,test
ISRUC-III-04,ISRUC-III-04,ISRUC-III,760,0,760,test
ISRUC-III-04,ISRUC-III-04,ISRUC-III,761,0,761,test
ISRUC-III-04,ISRUC-III-04,ISRUC-III,762,0,762,test
ISRUC-III-04,ISRUC-III-04,ISRUC-III,763,0,763,test
ISRUC-III-05,ISRUC-III-05,ISRUC-III,0,0,0,test
ISRUC-III-05,ISRUC-III-05,ISRUC-III,1,0,1,test
ISRUC-III-05,ISRUC-III-05,ISRUC-III,2,0,2,test
ISRUC-III-05,ISRUC-III-05,ISRUC-III,3,0,3,test
ISRUC-III-05,ISRUC-III-05,ISRUC-III,4,0,4,test
ISRUC-III-05,ISRUC-III-05,ISRUC-III,5,0,5,test
ISRUC-III-05,ISRUC-III-05,ISRUC-III,6,0,6,test
ISRUC-III-05,ISRUC-III-05,ISRUC-III,7,0,7,test
ISRUC-III-05,ISRUC-III-05,ISRUC-III,8,0,8,test
ISRUC-III-05,ISRUC-III-05,ISRUC-III,9,0,9,test
ISRUC-III-05,ISRUC-III-05,ISRUC-III,10,0,10,test
ISRUC-III-05,ISRUC-III-05,ISRUC-III,11,0,11,test
ISRUC-III-05,ISRUC-III-05,ISRUC-III,12,0,12,test
ISRUC-III-05,ISRUC-III-05,ISRUC-III,13,0,13,test
ISRUC-III-05,ISRUC-III-05,ISRUC-III,14,0,14,test
ISRUC-III-05,ISRUC-III-05,ISRUC-III,15,0,15,test
ISRUC-III-05,ISRUC-III-05,ISRUC-III,16,0,16,test
ISRUC-III-05,ISRUC-III-05,ISRUC-III,17,0,17,test
ISRUC-III-05,ISRUC-III-05,ISRUC-III,18,0,18,test
ISRUC-III-05,ISRUC-III-05,ISRUC-III,19,0,19,test
ISRUC-III-05,ISRUC-III-05,ISRUC-III,20,0,20,test
ISRUC-III-05,ISRUC-III-05,ISRUC-III,21,0,21,test
ISRUC-III-05,ISRUC-III-05,ISRUC-III,22,0,22,test
ISRUC-III-05,ISRUC-III-05,ISRUC-III,23,0,23,test
ISRUC-III-05,ISRUC-III-05,ISRUC-III,24,0,24,test
ISRUC-III-05,ISRUC-III-05,ISRUC-III,25,0,25,test
ISRUC-III-05,ISRUC-III-05,ISRUC-III,26,0,26,test
ISRUC-III-05,ISRUC-III-05,ISRUC-III,27,0,27,test
ISRUC-III-05,ISRUC-III-05,ISRUC-III,28,0,28,test
ISRUC-III-05,ISRUC-III-05,ISRUC-III,29,0,29,test
ISRUC-III-05,ISRUC-III-05,ISRUC-III,30,0,30,test
ISRUC-III-05,ISRUC-III-05,ISRUC-III,31,0,31,test
ISRUC-III-05,ISRUC-III-05,ISRUC-III,32,0,32,test
ISRUC-III-05,ISRUC-III-05,ISRUC-III,33,0,33,test
ISRUC-III-05,ISRUC-III-05,ISRUC-III,34,0,34,test
ISRUC-III-05,ISRUC-III-05,ISRUC-III,35,0,35,test
ISRUC-III-05,ISRUC-III-05,ISRUC-III,36,0,36,test
ISRUC-III-05,ISRUC-III-05,ISRUC-III,37,0,37,test
ISRUC-III-05,ISRUC-III-05,ISRUC-III,38,0,38,test
ISRUC-III-05,ISRUC-III-05,ISRUC-III,39,0,39,test
ISRUC-III-05,ISRUC-III-05,ISRUC-III,40,1,40,test
ISRUC-III-05,ISRUC-III-05,ISRUC-III,41,0,41,test
ISRUC-III-05,ISRUC-III-05,ISRUC-III,42,0,42,test
ISRUC-III-05,ISRUC-III-05,ISRUC-III,43,0,43,test
ISRUC-III-05,ISRUC-III-05,ISRUC-III,44,0,44,test
ISRUC-III-05,ISRUC-III-05,ISRUC-III,45,0,45,test
ISRUC-III-05,ISRUC-III-05,ISRUC-III,46,1,46,test
ISRUC-III-05,ISRUC-III-05,ISRUC-III,47,1,47,test
ISRUC-III-05,ISRUC-III-05,ISRUC-III,48,1,48,test
ISRUC-III-05,ISRUC-III-05,ISRUC-III,49,0,49,test
ISRUC-III-05,ISRUC-III-05,ISRUC-III,50,0,50,test
ISRUC-III-05,ISRUC-III-05,ISRUC-III,51,0,51,test
ISRUC-III-05,ISRUC-III-05,ISRUC-III,52,0,52,test
ISRUC-III-05,ISRUC-III-05,ISRUC-III,53,0,53,test
ISRUC-III-05,ISRUC-III-05,ISRUC-III,54,0,54,test
ISRUC-III-05,ISRUC-III-05,ISRUC-III,55,0,55,test
ISRUC-III-05,ISRUC-III-05,ISRUC-III,56,0,56,test
ISRUC-III-05,ISRUC-III-05,ISRUC-III,57,0,57,test
ISRUC-III-05,ISRUC-III-05,ISRUC-III,58,0,58,test
ISRUC-III-05,ISRUC-III-05,ISRUC-III,59,0,59,test
ISRUC-III-05,ISRUC-III-05,ISRUC-III,60,0,60,test
ISRUC-III-05,ISRUC-III-05,ISRUC-III,61,0,61,test
ISRUC-III-05,ISRUC-III-05,ISRUC-III,62,0,62,test
ISRUC-III-05,ISRUC-III-05,ISRUC-III,63,0,63,test
ISRUC-III-05,ISRUC-III-05,ISRUC-III,64,0,64,test
ISRUC-III-05,ISRUC-III-05,ISRUC-III,65,0,65,test
ISRUC-III-05,ISRUC-III-05,ISRUC-III,66,0,66,test
ISRUC-III-05,ISRUC-III-05,ISRUC-III,67,1,67,test
ISRUC-III-05,ISRUC-III-05,ISRUC-III,68,0,68,test
ISRUC-III-05,ISRUC-III-05,ISRUC-III,69,0,69,test
ISRUC-III-05,ISRUC-III-05,ISRUC-III,70,0,70,test
ISRUC-III-05,ISRUC-III-05,ISRUC-III,71,0,71,test
ISRUC-III-05,ISRUC-III-05,ISRUC-III,72,0,72,test
ISRUC-III-05,ISRUC-III-05,ISRUC-III,73,0,73,test
ISRUC-III-05,ISRUC-III-05,ISRUC-III,74,0,74,test
ISRUC-III-05,ISRUC-III-05,ISRUC-III,75,0,75,test
ISRUC-III-05,ISRUC-III-05,ISRUC-III,76,0,76,test
ISRUC-III-05,ISRUC-III-05,ISRUC-III,77,0,77,test
ISRUC-III-05,ISRUC-III-05,ISRUC-III,78,0,78,test
ISRUC-III-05,ISRUC-III-05,ISRUC-III,79,0,79,test
ISRUC-III-05,ISRUC-III-05,ISRUC-III,80,0,80,test
ISRUC-III-05,ISRUC-III-05,ISRUC-III,81,0,81,test
ISRUC-III-05,ISRUC-III-05,ISRUC-III,82,0,82,test
ISRUC-III-05,ISRUC-III-05,ISRUC-III,83,0,83,test
ISRUC-III-05,ISRUC-III-05,ISRUC-III,84,0,84,test
ISRUC-III-05,ISRUC-III-05,ISRUC-III,85,0,85,test
ISRUC-III-05,ISRUC-III-05,ISRUC-III,86,1,86,test
ISRUC-III-05,ISRUC-III-05,ISRUC-III,87,2,87,test
ISRUC-III-05,ISRUC-III-05,ISRUC-III,88,2,88,test
ISRUC-III-05,ISRUC-III-05,ISRUC-III,89,2,89,test
ISRUC-III-05,ISRUC-III-05,ISRUC-III,90,2,90,test
ISRUC-III-05,ISRUC-III-05,ISRUC-III,91,2,91,test
ISRUC-III-05,ISRUC-III-05,ISRUC-III,92,2,92,test
ISRUC-III-05,ISRUC-III-05,ISRUC-III,93,2,93,test
ISRUC-III-05,ISRUC-III-05,ISRUC-III,94,2,94,test
ISRUC-III-05,ISRUC-III-05,ISRUC-III,95,2,95,test
ISRUC-III-05,ISRUC-III-05,ISRUC-III,96,2,96,test
ISRUC-III-05,ISRUC-III-05,ISRUC-III,97,2,97,test
ISRUC-III-05,ISRUC-III-05,ISRUC-III,98,2,98,test
ISRUC-III-05,ISRUC-III-05,ISRUC-III,99,2,99,test
ISRUC-III-05,ISRUC-III-05,ISRUC-III,100,2,100,test
ISRUC-III-05,ISRUC-III-05,ISRUC-III,101,0,101,test
ISRUC-III-05,ISRUC-III-05,ISRUC-III,102,0,102,test
ISRUC-III-05,ISRUC-III-05,ISRUC-III,103,1,103,test
ISRUC-III-05,ISRUC-III-05,ISRUC-III,104,1,104,test
ISRUC-III-05,ISRUC-III-05,ISRUC-III,105,2,105,test
ISRUC-III-05,ISRUC-III-05,ISRUC-III,106,2,106,test
ISRUC-III-05,ISRUC-III-05,ISRUC-III,107,2,107,test
ISRUC-III-05,ISRUC-III-05,ISRUC-III,108,2,108,test
ISRUC-III-05,ISRUC-III-05,ISRUC-III,109,2,109,test
ISRUC-III-05,ISRUC-III-05,ISRUC-III,110,2,110,test
ISRUC-III-05,ISRUC-III-05,ISRUC-III,111,2,111,test
ISRUC-III-05,ISRUC-III-05,ISRUC-III,112,2,112,test
ISRUC-III-05,ISRUC-III-05,ISRUC-III,113,2,113,test
ISRUC-III-05,ISRUC-III-05,ISRUC-III,114,2,114,test
ISRUC-III-05,ISRUC-III-05,ISRUC-III,115,3,115,test
ISRUC-III-05,ISRUC-III-05,ISRUC-III,116,3,116,test
ISRUC-III-05,ISRUC-III-05,ISRUC-III,117,3,117,test
ISRUC-III-05,ISRUC-III-05,ISRUC-III,118,3,118,test
ISRUC-III-05,ISRUC-III-05,ISRUC-III,119,3,119,test
ISRUC-III-05,ISRUC-III-05,ISRUC-III,120,3,120,test
ISRUC-III-05,ISRUC-III-05,ISRUC-III,121,3,121,test
ISRUC-III-05,ISRUC-III-05,ISRUC-III,122,3,122,test
ISRUC-III-05,ISRUC-III-05,ISRUC-III,123,3,123,test
ISRUC-III-05,ISRUC-III-05,ISRUC-III,124,3,124,test
ISRUC-III-05,ISRUC-III-05,ISRUC-III,125,3,125,test
ISRUC-III-05,ISRUC-III-05,ISRUC-III,126,3,126,test
ISRUC-III-05,ISRUC-III-05,ISRUC-III,127,3,127,test
ISRUC-III-05,ISRUC-III-05,ISRUC-III,128,3,128,test
ISRUC-III-05,ISRUC-III-05,ISRUC-III,129,3,129,test
ISRUC-III-05,ISRUC-III-05,ISRUC-III,130,3,130,test
ISRUC-III-05,ISRUC-III-05,ISRUC-III,131,3,131,test
ISRUC-III-05,ISRUC-III-05,ISRUC-III,132,3,132,test
ISRUC-III-05,ISRUC-III-05,ISRUC-III,133,3,133,test
ISRUC-III-05,ISRUC-III-05,ISRUC-III,134,3,134,test
ISRUC-III-05,ISRUC-III-05,ISRUC-III,135,3,135,test
ISRUC-III-05,ISRUC-III-05,ISRUC-III,136,3,136,test
ISRUC-III-05,ISRUC-III-05,ISRUC-III,137,3,137,test
ISRUC-III-05,ISRUC-III-05,ISRUC-III,138,3,138,test
ISRUC-III-05,ISRUC-III-05,ISRUC-III,139,0,139,test
ISRUC-III-05,ISRUC-III-05,ISRUC-III,140,0,140,test
ISRUC-III-05,ISRUC-III-05,ISRUC-III,141,0,141,test
ISRUC-III-05,ISRUC-III-05,ISRUC-III,142,1,142,test
ISRUC-III-05,ISRUC-III-05,ISRUC-III,143,0,143,test
ISRUC-III-05,ISRUC-III-05,ISRUC-III,144,1,144,test
ISRUC-III-05,ISRUC-III-05,ISRUC-III,145,2,145,test
ISRUC-III-05,ISRUC-III-05,ISRUC-III,146,2,146,test
ISRUC-III-05,ISRUC-III-05,ISRUC-III,147,2,147,test
ISRUC-III-05,ISRUC-III-05,ISRUC-III,148,2,148,test
ISRUC-III-05,ISRUC-III-05,ISRUC-III,149,0,149,test
ISRUC-III-05,ISRUC-III-05,ISRUC-III,150,0,150,test
ISRUC-III-05,ISRUC-III-05,ISRUC-III,151,2,151,test
ISRUC-III-05,ISRUC-III-05,ISRUC-III,152,0,152,test
ISRUC-III-05,ISRUC-III-05,ISRUC-III,153,0,153,test
ISRUC-III-05,ISRUC-III-05,ISRUC-III,154,1,154,test
ISRUC-III-05,ISRUC-III-05,ISRUC-III,155,2,155,test
ISRUC-III-05,ISRUC-III-05,ISRUC-III,156,2,156,test
ISRUC-III-05,ISRUC-III-05,ISRUC-III,157,0,157,test
ISRUC-III-05,ISRUC-III-05,ISRUC-III,158,0,158,test
ISRUC-III-05,ISRUC-III-05,ISRUC-III,159,0,159,test
ISRUC-III-05,ISRUC-III-05,ISRUC-III,160,0,160,test
ISRUC-III-05,ISRUC-III-05,ISRUC-III,161,0,161,test
ISRUC-III-05,ISRUC-III-05,ISRUC-III,162,0,162,test
ISRUC-III-05,ISRUC-III-05,ISRUC-III,163,0,163,test
ISRUC-III-05,ISRUC-III-05,ISRUC-III,164,0,164,test
ISRUC-III-05,ISRUC-III-05,ISRUC-III,165,0,165,test
ISRUC-III-05,ISRUC-III-05,ISRUC-III,166,1,166,test
ISRUC-III-05,ISRUC-III-05,ISRUC-III,167,2,167,test
ISRUC-III-05,ISRUC-III-05,ISRUC-III,168,2,168,test
ISRUC-III-05,ISRUC-III-05,ISRUC-III,169,2,169,test
ISRUC-III-05,ISRUC-III-05,ISRUC-III,170,2,170,test
ISRUC-III-05,ISRUC-III-05,ISRUC-III,171,1,171,test
ISRUC-III-05,ISRUC-III-05,ISRUC-III,172,1,172,test
ISRUC-III-05,ISRUC-III-05,ISRUC-III,173,0,173,test
ISRUC-III-05,ISRUC-III-05,ISRUC-III,174,0,174,test
ISRUC-III-05,ISRUC-III-05,ISRUC-III,175,0,175,test
ISRUC-III-05,ISRUC-III-05,ISRUC-III,176,0,176,test
ISRUC-III-05,ISRUC-III-05,ISRUC-III,177,0,177,test
ISRUC-III-05,ISRUC-III-05,ISRUC-III,178,0,178,test
ISRUC-III-05,ISRUC-III-05,ISRUC-III,179,0,179,test
ISRUC-III-05,ISRUC-III-05,ISRUC-III,180,0,180,test
ISRUC-III-05,ISRUC-III-05,ISRUC-III,181,0,181,test
ISRUC-III-05,ISRUC-III-05,ISRUC-III,182,0,182,test
ISRUC-III-05,ISRUC-III-05,ISRUC-III,183,0,183,test
ISRUC-III-05,ISRUC-III-05,ISRUC-III,184,0,184,test
ISRUC-III-05,ISRUC-III-05,ISRUC-III,185,0,185,test
ISRUC-III-05,ISRUC-III-05,ISRUC-III,186,0,186,test
ISRUC-III-05,ISRUC-III-05,ISRUC-III,187,0,187,test
ISRUC-III-05,ISRUC-III-05,ISRUC-III,188,0,188,test
ISRUC-III-05,ISRUC-III-05,ISRUC-III,189,0,189,test
ISRUC-III-05,ISRUC-III-05,ISRUC-III,190,2,190,test
ISRUC-III-05,ISRUC-III-05,ISRUC-III,191,2,191,test
ISRUC-III-05,ISRUC-III-05,ISRUC-III,192,0,192,test
ISRUC-III-05,ISRUC-III-05,ISRUC-III,193,0,193,test
ISRUC-III-05,ISRUC-III-05,ISRUC-III,194,0,194,test
ISRUC-III-05,ISRUC-III-05,ISRUC-III,195,0,195,test
ISRUC-III-05,ISRUC-III-05,ISRUC-III,196,0,196,test
ISRUC-III-05,ISRUC-III-05,ISRUC-III,197,0,197,test
ISRUC-III-05,ISRUC-III-05,ISRUC-III,198,1,198,test
ISRUC-III-05,ISRUC-III-05,ISRUC-III,199,2,199,test
ISRUC-III-05,ISRUC-III-05,ISRUC-III,200,2,200,test
ISRUC-III-05,ISRUC-III-05,ISRUC-III,201,2,201,test
ISRUC-III-05,ISRUC-III-05,ISRUC-III,202,2,202,test
ISRUC-III-05,ISRUC-III-05,ISRUC-III,203,2,203,test
ISRUC-III-05,ISRUC-III-05,ISRUC-III,204,2,204,test
ISRUC-III-05,ISRUC-III-05,ISRUC-III,205,2,205,test
ISRUC-III-05,ISRUC-III-05,ISRUC-III,206,2,206,test
ISRUC-III-05,ISRUC-III-05,ISRUC-III,207,0,207,test
ISRUC-III-05,ISRUC-III-05,ISRUC-III,208,2,208,test
ISRUC-III-05,ISRUC-III-05,ISRUC-III,209,0,209,test
ISRUC-III-05,ISRUC-III-05,ISRUC-III,210,0,210,test
ISRUC-III-05,ISRUC-III-05,ISRUC-III,211,0,211,test
ISRUC-III-05,ISRUC-III-05,ISRUC-III,212,0,212,test
ISRUC-III-05,ISRUC-III-05,ISRUC-III,213,0,213,test
ISRUC-III-05,ISRUC-III-05,ISRUC-III,214,0,214,test
ISRUC-III-05,ISRUC-III-05,ISRUC-III,215,0,215,test
ISRUC-III-05,ISRUC-III-05,ISRUC-III,216,2,216,test
ISRUC-III-05,ISRUC-III-05,ISRUC-III,217,2,217,test
ISRUC-III-05,ISRUC-III-05,ISRUC-III,218,2,218,test
ISRUC-III-05,ISRUC-III-05,ISRUC-III,219,2,219,test
ISRUC-III-05,ISRUC-III-05,ISRUC-III,220,2,220,test
ISRUC-III-05,ISRUC-III-05,ISRUC-III,221,2,221,test
ISRUC-III-05,ISRUC-III-05,ISRUC-III,222,2,222,test
ISRUC-III-05,ISRUC-III-05,ISRUC-III,223,2,223,test
ISRUC-III-05,ISRUC-III-05,ISRUC-III,224,2,224,test
ISRUC-III-05,ISRUC-III-05,ISRUC-III,225,3,225,test
ISRUC-III-05,ISRUC-III-05,ISRUC-III,226,3,226,test
ISRUC-III-05,ISRUC-III-05,ISRUC-III,227,3,227,test
ISRUC-III-05,ISRUC-III-05,ISRUC-III,228,3,228,test
ISRUC-III-05,ISRUC-III-05,ISRUC-III,229,3,229,test
ISRUC-III-05,ISRUC-III-05,ISRUC-III,230,3,230,test
ISRUC-III-05,ISRUC-III-05,ISRUC-III,231,3,231,test
ISRUC-III-05,ISRUC-III-05,ISRUC-III,232,3,232,test
ISRUC-III-05,ISRUC-III-05,ISRUC-III,233,3,233,test
ISRUC-III-05,ISRUC-III-05,ISRUC-III,234,3,234,test
ISRUC-III-05,ISRUC-III-05,ISRUC-III,235,2,235,test
ISRUC-III-05,ISRUC-III-05,ISRUC-III,236,2,236,test
ISRUC-III-05,ISRUC-III-05,ISRUC-III,237,2,237,test
ISRUC-III-05,ISRUC-III-05,ISRUC-III,238,3,238,test
ISRUC-III-05,ISRUC-III-05,ISRUC-III,239,3,239,test
ISRUC-III-05,ISRUC-III-05,ISRUC-III,240,3,240,test
ISRUC-III-05,ISRUC-III-05,ISRUC-III,241,3,241,test
ISRUC-III-05,ISRUC-III-05,ISRUC-III,242,3,242,test
ISRUC-III-05,ISRUC-III-05,ISRUC-III,243,3,243,test
ISRUC-III-05,ISRUC-III-05,ISRUC-III,244,3,244,test
ISRUC-III-05,ISRUC-III-05,ISRUC-III,245,3,245,test
ISRUC-III-05,ISRUC-III-05,ISRUC-III,246,3,246,test
ISRUC-III-05,ISRUC-III-05,ISRUC-III,247,3,247,test
ISRUC-III-05,ISRUC-III-05,ISRUC-III,248,3,248,test
ISRUC-III-05,ISRUC-III-05,ISRUC-III,249,3,249,test
ISRUC-III-05,ISRUC-III-05,ISRUC-III,250,3,250,test
ISRUC-III-05,ISRUC-III-05,ISRUC-III,251,3,251,test
ISRUC-III-05,ISRUC-III-05,ISRUC-III,252,3,252,test
ISRUC-III-05,ISRUC-III-05,ISRUC-III,253,3,253,test
ISRUC-III-05,ISRUC-III-05,ISRUC-III,254,3,254,test
ISRUC-III-05,ISRUC-III-05,ISRUC-III,255,3,255,test
ISRUC-III-05,ISRUC-III-05,ISRUC-III,256,3,256,test
ISRUC-III-05,ISRUC-III-05,ISRUC-III,257,3,257,test
ISRUC-III-05,ISRUC-III-05,ISRUC-III,258,3,258,test
ISRUC-III-05,ISRUC-III-05,ISRUC-III,259,3,259,test
ISRUC-III-05,ISRUC-III-05,ISRUC-III,260,3,260,test
ISRUC-III-05,ISRUC-III-05,ISRUC-III,261,3,261,test
ISRUC-III-05,ISRUC-III-05,ISRUC-III,262,3,262,test
ISRUC-III-05,ISRUC-III-05,ISRUC-III,263,3,263,test
ISRUC-III-05,ISRUC-III-05,ISRUC-III,264,3,264,test
ISRUC-III-05,ISRUC-III-05,ISRUC-III,265,3,265,test
ISRUC-III-05,ISRUC-III-05,ISRUC-III,266,3,266,test
ISRUC-III-05,ISRUC-III-05,ISRUC-III,267,3,267,test
ISRUC-III-05,ISRUC-III-05,ISRUC-III,268,3,268,test
ISRUC-III-05,ISRUC-III-05,ISRUC-III,269,3,269,test
ISRUC-III-05,ISRUC-III-05,ISRUC-III,270,3,270,test
ISRUC-III-05,ISRUC-III-05,ISRUC-III,271,3,271,test
ISRUC-III-05,ISRUC-III-05,ISRUC-III,272,3,272,test
ISRUC-III-05,ISRUC-III-05,ISRUC-III,273,3,273,test
ISRUC-III-05,ISRUC-III-05,ISRUC-III,274,3,274,test
ISRUC-III-05,ISRUC-III-05,ISRUC-III,275,3,275,test
ISRUC-III-05,ISRUC-III-05,ISRUC-III,276,3,276,test
ISRUC-III-05,ISRUC-III-05,ISRUC-III,277,3,277,test
ISRUC-III-05,ISRUC-III-05,ISRUC-III,278,3,278,test
ISRUC-III-05,ISRUC-III-05,ISRUC-III,279,3,279,test
ISRUC-III-05,ISRUC-III-05,ISRUC-III,280,3,280,test
ISRUC-III-05,ISRUC-III-05,ISRUC-III,281,3,281,test
ISRUC-III-05,ISRUC-III-05,ISRUC-III,282,3,282,test
ISRUC-III-05,ISRUC-III-05,ISRUC-III,283,3,283,test
ISRUC-III-05,ISRUC-III-05,ISRUC-III,284,3,284,test
ISRUC-III-05,ISRUC-III-05,ISRUC-III,285,3,285,test
ISRUC-III-05,ISRUC-III-05,ISRUC-III,286,3,286,test
ISRUC-III-05,ISRUC-III-05,ISRUC-III,287,3,287,test
ISRUC-III-05,ISRUC-III-05,ISRUC-III,288,3,288,test
ISRUC-III-05,ISRUC-III-05,ISRUC-III,289,3,289,test
ISRUC-III-05,ISRUC-III-05,ISRUC-III,290,3,290,test
ISRUC-III-05,ISRUC-III-05,ISRUC-III,291,0,291,test
ISRUC-III-05,ISRUC-III-05,ISRUC-III,292,0,292,test
ISRUC-III-05,ISRUC-III-05,ISRUC-III,293,2,293,test
ISRUC-III-05,ISRUC-III-05,ISRUC-III,294,2,294,test
ISRUC-III-05,ISRUC-III-05,ISRUC-III,295,2,295,test
ISRUC-III-05,ISRUC-III-05,ISRUC-III,296,2,296,test
ISRUC-III-05,ISRUC-III-05,ISRUC-III,297,2,297,test
ISRUC-III-05,ISRUC-III-05,ISRUC-III,298,3,298,test
ISRUC-III-05,ISRUC-III-05,ISRUC-III,299,3,299,test
ISRUC-III-05,ISRUC-III-05,ISRUC-III,300,3,300,test
ISRUC-III-05,ISRUC-III-05,ISRUC-III,301,3,301,test
ISRUC-III-05,ISRUC-III-05,ISRUC-III,302,3,302,test
ISRUC-III-05,ISRUC-III-05,ISRUC-III,303,3,303,test
ISRUC-III-05,ISRUC-III-05,ISRUC-III,304,1,304,test
ISRUC-III-05,ISRUC-III-05,ISRUC-III,305,2,305,test
ISRUC-III-05,ISRUC-III-05,ISRUC-III,306,2,306,test
ISRUC-III-05,ISRUC-III-05,ISRUC-III,307,3,307,test
ISRUC-III-05,ISRUC-III-05,ISRUC-III,308,2,308,test
ISRUC-III-05,ISRUC-III-05,ISRUC-III,309,3,309,test
ISRUC-III-05,ISRUC-III-05,ISRUC-III,310,3,310,test
ISRUC-III-05,ISRUC-III-05,ISRUC-III,311,3,311,test
ISRUC-III-05,ISRUC-III-05,ISRUC-III,312,0,312,test
ISRUC-III-05,ISRUC-III-05,ISRUC-III,313,2,313,test
ISRUC-III-05,ISRUC-III-05,ISRUC-III,314,1,314,test
ISRUC-III-05,ISRUC-III-05,ISRUC-III,315,2,315,test
ISRUC-III-05,ISRUC-III-05,ISRUC-III,316,2,316,test
ISRUC-III-05,ISRUC-III-05,ISRUC-III,317,2,317,test
ISRUC-III-05,ISRUC-III-05,ISRUC-III,318,2,318,test
ISRUC-III-05,ISRUC-III-05,ISRUC-III,319,2,319,test
ISRUC-III-05,ISRUC-III-05,ISRUC-III,320,3,320,test
ISRUC-III-05,ISRUC-III-05,ISRUC-III,321,3,321,test
ISRUC-III-05,ISRUC-III-05,ISRUC-III,322,3,322,test
ISRUC-III-05,ISRUC-III-05,ISRUC-III,323,2,323,test
ISRUC-III-05,ISRUC-III-05,ISRUC-III,324,2,324,test
ISRUC-III-05,ISRUC-III-05,ISRUC-III,325,3,325,test
ISRUC-III-05,ISRUC-III-05,ISRUC-III,326,3,326,test
ISRUC-III-05,ISRUC-III-05,ISRUC-III,327,3,327,test
ISRUC-III-05,ISRUC-III-05,ISRUC-III,328,3,328,test
ISRUC-III-05,ISRUC-III-05,ISRUC-III,329,3,329,test
ISRUC-III-05,ISRUC-III-05,ISRUC-III,330,3,330,test
ISRUC-III-05,ISRUC-III-05,ISRUC-III,331,0,331,test
ISRUC-III-05,ISRUC-III-05,ISRUC-III,332,0,332,test
ISRUC-III-05,ISRUC-III-05,ISRUC-III,333,0,333,test
ISRUC-III-05,ISRUC-III-05,ISRUC-III,334,0,334,test
ISRUC-III-05,ISRUC-III-05,ISRUC-III,335,0,335,test
ISRUC-III-05,ISRUC-III-05,ISRUC-III,336,0,336,test
ISRUC-III-05,ISRUC-III-05,ISRUC-III,337,0,337,test
ISRUC-III-05,ISRUC-III-05,ISRUC-III,338,0,338,test
ISRUC-III-05,ISRUC-III-05,ISRUC-III,339,0,339,test
ISRUC-III-05,ISRUC-III-05,ISRUC-III,340,1,340,test
ISRUC-III-05,ISRUC-III-05,ISRUC-III,341,1,341,test
ISRUC-III-05,ISRUC-III-05,ISRUC-III,342,0,342,test
ISRUC-III-05,ISRUC-III-05,ISRUC-III,343,0,343,test
ISRUC-III-05,ISRUC-III-05,ISRUC-III,344,0,344,test
ISRUC-III-05,ISRUC-III-05,ISRUC-III,345,1,345,test
ISRUC-III-05,ISRUC-III-05,ISRUC-III,346,0,346,test
ISRUC-III-05,ISRUC-III-05,ISRUC-III,347,0,347,test
ISRUC-III-05,ISRUC-III-05,ISRUC-III,348,0,348,test
ISRUC-III-05,ISRUC-III-05,ISRUC-III,349,2,349,test
ISRUC-III-05,ISRUC-III-05,ISRUC-III,350,2,350,test
ISRUC-III-05,ISRUC-III-05,ISRUC-III,351,2,351,test
ISRUC-III-05,ISRUC-III-05,ISRUC-III,352,1,352,test
ISRUC-III-05,ISRUC-III-05,ISRUC-III,353,2,353,test
ISRUC-III-05,ISRUC-III-05,ISRUC-III,354,2,354,test
ISRUC-III-05,ISRUC-III-05,ISRUC-III,355,2,355,test
ISRUC-III-05,ISRUC-III-05,ISRUC-III,356,2,356,test
ISRUC-III-05,ISRUC-III-05,ISRUC-III,357,2,357,test
ISRUC-III-05,ISRUC-III-05,ISRUC-III,358,2,358,test
ISRUC-III-05,ISRUC-III-05,ISRUC-III,359,2,359,test
ISRUC-III-05,ISRUC-III-05,ISRUC-III,360,2,360,test
ISRUC-III-05,ISRUC-III-05,ISRUC-III,361,2,361,test
ISRUC-III-05,ISRUC-III-05,ISRUC-III,362,2,362,test
ISRUC-III-05,ISRUC-III-05,ISRUC-III,363,4,363,test
ISRUC-III-05,ISRUC-III-05,ISRUC-III,364,4,364,test
ISRUC-III-05,ISRUC-III-05,ISRUC-III,365,4,365,test
ISRUC-III-05,ISRUC-III-05,ISRUC-III,366,1,366,test
ISRUC-III-05,ISRUC-III-05,ISRUC-III,367,4,367,test
ISRUC-III-05,ISRUC-III-05,ISRUC-III,368,4,368,test
ISRUC-III-05,ISRUC-III-05,ISRUC-III,369,4,369,test
ISRUC-III-05,ISRUC-III-05,ISRUC-III,370,4,370,test
ISRUC-III-05,ISRUC-III-05,ISRUC-III,371,4,371,test
ISRUC-III-05,ISRUC-III-05,ISRUC-III,372,4,372,test
ISRUC-III-05,ISRUC-III-05,ISRUC-III,373,4,373,test
ISRUC-III-05,ISRUC-III-05,ISRUC-III,374,4,374,test
ISRUC-III-05,ISRUC-III-05,ISRUC-III,375,4,375,test
ISRUC-III-05,ISRUC-III-05,ISRUC-III,376,4,376,test
ISRUC-III-05,ISRUC-III-05,ISRUC-III,377,4,377,test
ISRUC-III-05,ISRUC-III-05,ISRUC-III,378,4,378,test
ISRUC-III-05,ISRUC-III-05,ISRUC-III,379,4,379,test
ISRUC-III-05,ISRUC-III-05,ISRUC-III,380,1,380,test
ISRUC-III-05,ISRUC-III-05,ISRUC-III,381,4,381,test
ISRUC-III-05,ISRUC-III-05,ISRUC-III,382,4,382,test
ISRUC-III-05,ISRUC-III-05,ISRUC-III,383,4,383,test
ISRUC-III-05,ISRUC-III-05,ISRUC-III,384,0,384,test
ISRUC-III-05,ISRUC-III-05,ISRUC-III,385,0,385,test
ISRUC-III-05,ISRUC-III-05,ISRUC-III,386,1,386,test
ISRUC-III-05,ISRUC-III-05,ISRUC-III,387,1,387,test
ISRUC-III-05,ISRUC-III-05,ISRUC-III,388,2,388,test
ISRUC-III-05,ISRUC-III-05,ISRUC-III,389,4,389,test
ISRUC-III-05,ISRUC-III-05,ISRUC-III,390,0,390,test
ISRUC-III-05,ISRUC-III-05,ISRUC-III,391,0,391,test
ISRUC-III-05,ISRUC-III-05,ISRUC-III,392,1,392,test
ISRUC-III-05,ISRUC-III-05,ISRUC-III,393,2,393,test
ISRUC-III-05,ISRUC-III-05,ISRUC-III,394,2,394,test
ISRUC-III-05,ISRUC-III-05,ISRUC-III,395,2,395,test
ISRUC-III-05,ISRUC-III-05,ISRUC-III,396,0,396,test
ISRUC-III-05,ISRUC-III-05,ISRUC-III,397,2,397,test
ISRUC-III-05,ISRUC-III-05,ISRUC-III,398,2,398,test
ISRUC-III-05,ISRUC-III-05,ISRUC-III,399,2,399,test
ISRUC-III-05,ISRUC-III-05,ISRUC-III,400,2,400,test
ISRUC-III-05,ISRUC-III-05,ISRUC-III,401,2,401,test
ISRUC-III-05,ISRUC-III-05,ISRUC-III,402,2,402,test
ISRUC-III-05,ISRUC-III-05,ISRUC-III,403,2,403,test
ISRUC-III-05,ISRUC-III-05,ISRUC-III,404,2,404,test
ISRUC-III-05,ISRUC-III-05,ISRUC-III,405,2,405,test
ISRUC-III-05,ISRUC-III-05,ISRUC-III,406,2,406,test
ISRUC-III-05,ISRUC-III-05,ISRUC-III,407,2,407,test
ISRUC-III-05,ISRUC-III-05,ISRUC-III,408,2,408,test
ISRUC-III-05,ISRUC-III-05,ISRUC-III,409,2,409,test
ISRUC-III-05,ISRUC-III-05,ISRUC-III,410,2,410,test
ISRUC-III-05,ISRUC-III-05,ISRUC-III,411,2,411,test
ISRUC-III-05,ISRUC-III-05,ISRUC-III,412,2,412,test
ISRUC-III-05,ISRUC-III-05,ISRUC-III,413,2,413,test
ISRUC-III-05,ISRUC-III-05,ISRUC-III,414,2,414,test
ISRUC-III-05,ISRUC-III-05,ISRUC-III,415,2,415,test
ISRUC-III-05,ISRUC-III-05,ISRUC-III,416,2,416,test
ISRUC-III-05,ISRUC-III-05,ISRUC-III,417,2,417,test
ISRUC-III-05,ISRUC-III-05,ISRUC-III,418,2,418,test
ISRUC-III-05,ISRUC-III-05,ISRUC-III,419,2,419,test
ISRUC-III-05,ISRUC-III-05,ISRUC-III,420,2,420,test
ISRUC-III-05,ISRUC-III-05,ISRUC-III,421,2,421,test
ISRUC-III-05,ISRUC-III-05,ISRUC-III,422,2,422,test
ISRUC-III-05,ISRUC-III-05,ISRUC-III,423,2,423,test
ISRUC-III-05,ISRUC-III-05,ISRUC-III,424,2,424,test
ISRUC-III-05,ISRUC-III-05,ISRUC-III,425,2,425,test
ISRUC-III-05,ISRUC-III-05,ISRUC-III,426,3,426,test
ISRUC-III-05,ISRUC-III-05,ISRUC-III,427,3,427,test
ISRUC-III-05,ISRUC-III-05,ISRUC-III,428,3,428,test
ISRUC-III-05,ISRUC-III-05,ISRUC-III,429,3,429,test
ISRUC-III-05,ISRUC-III-05,ISRUC-III,430,3,430,test
ISRUC-III-05,ISRUC-III-05,ISRUC-III,431,3,431,test
ISRUC-III-05,ISRUC-III-05,ISRUC-III,432,3,432,test
ISRUC-III-05,ISRUC-III-05,ISRUC-III,433,3,433,test
ISRUC-III-05,ISRUC-III-05,ISRUC-III,434,3,434,test
ISRUC-III-05,ISRUC-III-05,ISRUC-III,435,3,435,test
ISRUC-III-05,ISRUC-III-05,ISRUC-III,436,3,436,test
ISRUC-III-05,ISRUC-III-05,ISRUC-III,437,3,437,test
ISRUC-III-05,ISRUC-III-05,ISRUC-III,438,3,438,test
ISRUC-III-05,ISRUC-III-05,ISRUC-III,439,3,439,test
ISRUC-III-05,ISRUC-III-05,ISRUC-III,440,3,440,test
ISRUC-III-05,ISRUC-III-05,ISRUC-III,441,3,441,test
ISRUC-III-05,ISRUC-III-05,ISRUC-III,442,3,442,test
ISRUC-III-05,ISRUC-III-05,ISRUC-III,443,3,443,test
ISRUC-III-05,ISRUC-III-05,ISRUC-III,444,3,444,test
ISRUC-III-05,ISRUC-III-05,ISRUC-III,445,3,445,test
ISRUC-III-05,ISRUC-III-05,ISRUC-III,446,3,446,test
ISRUC-III-05,ISRUC-III-05,ISRUC-III,447,3,447,test
ISRUC-III-05,ISRUC-III-05,ISRUC-III,448,3,448,test
ISRUC-III-05,ISRUC-III-05,ISRUC-III,449,3,449,test
ISRUC-III-05,ISRUC-III-05,ISRUC-III,450,3,450,test
ISRUC-III-05,ISRUC-III-05,ISRUC-III,451,3,451,test
ISRUC-III-05,ISRUC-III-05,ISRUC-III,452,3,452,test
ISRUC-III-05,ISRUC-III-05,ISRUC-III,453,3,453,test
ISRUC-III-05,ISRUC-III-05,ISRUC-III,454,3,454,test
ISRUC-III-05,ISRUC-III-05,ISRUC-III,455,3,455,test
ISRUC-III-05,ISRUC-III-05,ISRUC-III,456,3,456,test
ISRUC-III-05,ISRUC-III-05,ISRUC-III,457,3,457,test
ISRUC-III-05,ISRUC-III-05,ISRUC-III,458,3,458,test
ISRUC-III-05,ISRUC-III-05,ISRUC-III,459,3,459,test
ISRUC-III-05,ISRUC-III-05,ISRUC-III,460,3,460,test
ISRUC-III-05,ISRUC-III-05,ISRUC-III,461,3,461,test
ISRUC-III-05,ISRUC-III-05,ISRUC-III,462,3,462,test
ISRUC-III-05,ISRUC-III-05,ISRUC-III,463,3,463,test
ISRUC-III-05,ISRUC-III-05,ISRUC-III,464,3,464,test
ISRUC-III-05,ISRUC-III-05,ISRUC-III,465,3,465,test
ISRUC-III-05,ISRUC-III-05,ISRUC-III,466,3,466,test
ISRUC-III-05,ISRUC-III-05,ISRUC-III,467,3,467,test
ISRUC-III-05,ISRUC-III-05,ISRUC-III,468,3,468,test
ISRUC-III-05,ISRUC-III-05,ISRUC-III,469,3,469,test
ISRUC-III-05,ISRUC-III-05,ISRUC-III,470,3,470,test
ISRUC-III-05,ISRUC-III-05,ISRUC-III,471,3,471,test
ISRUC-III-05,ISRUC-III-05,ISRUC-III,472,3,472,test
ISRUC-III-05,ISRUC-III-05,ISRUC-III,473,3,473,test
ISRUC-III-05,ISRUC-III-05,ISRUC-III,474,3,474,test
ISRUC-III-05,ISRUC-III-05,ISRUC-III,475,3,475,test
ISRUC-III-05,ISRUC-III-05,ISRUC-III,476,3,476,test
ISRUC-III-05,ISRUC-III-05,ISRUC-III,477,3,477,test
ISRUC-III-05,ISRUC-III-05,ISRUC-III,478,3,478,test
ISRUC-III-05,ISRUC-III-05,ISRUC-III,479,3,479,test
ISRUC-III-05,ISRUC-III-05,ISRUC-III,480,3,480,test
ISRUC-III-05,ISRUC-III-05,ISRUC-III,481,3,481,test
ISRUC-III-05,ISRUC-III-05,ISRUC-III,482,3,482,test
ISRUC-III-05,ISRUC-III-05,ISRUC-III,483,3,483,test
ISRUC-III-05,ISRUC-III-05,ISRUC-III,484,3,484,test
ISRUC-III-05,ISRUC-III-05,ISRUC-III,485,3,485,test
ISRUC-III-05,ISRUC-III-05,ISRUC-III,486,3,486,test
ISRUC-III-05,ISRUC-III-05,ISRUC-III,487,3,487,test
ISRUC-III-05,ISRUC-III-05,ISRUC-III,488,3,488,test
ISRUC-III-05,ISRUC-III-05,ISRUC-III,489,3,489,test
ISRUC-III-05,ISRUC-III-05,ISRUC-III,490,3,490,test
ISRUC-III-05,ISRUC-III-05,ISRUC-III,491,3,491,test
ISRUC-III-05,ISRUC-III-05,ISRUC-III,492,3,492,test
ISRUC-III-05,ISRUC-III-05,ISRUC-III,493,3,493,test
ISRUC-III-05,ISRUC-III-05,ISRUC-III,494,3,494,test
ISRUC-III-05,ISRUC-III-05,ISRUC-III,495,3,495,test
ISRUC-III-05,ISRUC-III-05,ISRUC-III,496,3,496,test
ISRUC-III-05,ISRUC-III-05,ISRUC-III,497,3,497,test
ISRUC-III-05,ISRUC-III-05,ISRUC-III,498,3,498,test
ISRUC-III-05,ISRUC-III-05,ISRUC-III,499,2,499,test
ISRUC-III-05,ISRUC-III-05,ISRUC-III,500,2,500,test
ISRUC-III-05,ISRUC-III-05,ISRUC-III,501,2,501,test
ISRUC-III-05,ISRUC-III-05,ISRUC-III,502,0,502,test
ISRUC-III-05,ISRUC-III-05,ISRUC-III,503,0,503,test
ISRUC-III-05,ISRUC-III-05,ISRUC-III,504,0,504,test
ISRUC-III-05,ISRUC-III-05,ISRUC-III,505,0,505,test
ISRUC-III-05,ISRUC-III-05,ISRUC-III,506,0,506,test
ISRUC-III-05,ISRUC-III-05,ISRUC-III,507,0,507,test
ISRUC-III-05,ISRUC-III-05,ISRUC-III,508,0,508,test
ISRUC-III-05,ISRUC-III-05,ISRUC-III,509,0,509,test
ISRUC-III-05,ISRUC-III-05,ISRUC-III,510,0,510,test
ISRUC-III-05,ISRUC-III-05,ISRUC-III,511,0,511,test
ISRUC-III-05,ISRUC-III-05,ISRUC-III,512,0,512,test
ISRUC-III-05,ISRUC-III-05,ISRUC-III,513,0,513,test
ISRUC-III-05,ISRUC-III-05,ISRUC-III,514,0,514,test
ISRUC-III-05,ISRUC-III-05,ISRUC-III,515,2,515,test
ISRUC-III-05,ISRUC-III-05,ISRUC-III,516,2,516,test
ISRUC-III-05,ISRUC-III-05,ISRUC-III,517,2,517,test
ISRUC-III-05,ISRUC-III-05,ISRUC-III,518,2,518,test
ISRUC-III-05,ISRUC-III-05,ISRUC-III,519,2,519,test
ISRUC-III-05,ISRUC-III-05,ISRUC-III,520,2,520,test
ISRUC-III-05,ISRUC-III-05,ISRUC-III,521,0,521,test
ISRUC-III-05,ISRUC-III-05,ISRUC-III,522,2,522,test
ISRUC-III-05,ISRUC-III-05,ISRUC-III,523,1,523,test
ISRUC-III-05,ISRUC-III-05,ISRUC-III,524,2,524,test
ISRUC-III-05,ISRUC-III-05,ISRUC-III,525,2,525,test
ISRUC-III-05,ISRUC-III-05,ISRUC-III,526,2,526,test
ISRUC-III-05,ISRUC-III-05,ISRUC-III,527,0,527,test
ISRUC-III-05,ISRUC-III-05,ISRUC-III,528,0,528,test
ISRUC-III-05,ISRUC-III-05,ISRUC-III,529,0,529,test
ISRUC-III-05,ISRUC-III-05,ISRUC-III,530,0,530,test
ISRUC-III-05,ISRUC-III-05,ISRUC-III,531,0,531,test
ISRUC-III-05,ISRUC-III-05,ISRUC-III,532,0,532,test
ISRUC-III-05,ISRUC-III-05,ISRUC-III,533,0,533,test
ISRUC-III-05,ISRUC-III-05,ISRUC-III,534,0,534,test
ISRUC-III-05,ISRUC-III-05,ISRUC-III,535,0,535,test
ISRUC-III-05,ISRUC-III-05,ISRUC-III,536,0,536,test
ISRUC-III-05,ISRUC-III-05,ISRUC-III,537,0,537,test
ISRUC-III-05,ISRUC-III-05,ISRUC-III,538,0,538,test
ISRUC-III-05,ISRUC-III-05,ISRUC-III,539,0,539,test
ISRUC-III-05,ISRUC-III-05,ISRUC-III,540,0,540,test
ISRUC-III-05,ISRUC-III-05,ISRUC-III,541,0,541,test
ISRUC-III-05,ISRUC-III-05,ISRUC-III,542,0,542,test
ISRUC-III-05,ISRUC-III-05,ISRUC-III,543,0,543,test
ISRUC-III-05,ISRUC-III-05,ISRUC-III,544,0,544,test
ISRUC-III-05,ISRUC-III-05,ISRUC-III,545,0,545,test
ISRUC-III-05,ISRUC-III-05,ISRUC-III,546,0,546,test
ISRUC-III-05,ISRUC-III-05,ISRUC-III,547,0,547,test
ISRUC-III-05,ISRUC-III-05,ISRUC-III,548,0,548,test
ISRUC-III-05,ISRUC-III-05,ISRUC-III,549,0,549,test
ISRUC-III-05,ISRUC-III-05,ISRUC-III,550,0,550,test
ISRUC-III-05,ISRUC-III-05,ISRUC-III,551,0,551,test
ISRUC-III-05,ISRUC-III-05,ISRUC-III,552,0,552,test
ISRUC-III-05,ISRUC-III-05,ISRUC-III,553,0,553,test
ISRUC-III-05,ISRUC-III-05,ISRUC-III,554,0,554,test
ISRUC-III-05,ISRUC-III-05,ISRUC-III,555,0,555,test
ISRUC-III-05,ISRUC-III-05,ISRUC-III,556,0,556,test
ISRUC-III-05,ISRUC-III-05,ISRUC-III,557,0,557,test
ISRUC-III-05,ISRUC-III-05,ISRUC-III,558,0,558,test
ISRUC-III-05,ISRUC-III-05,ISRUC-III,559,0,559,test
ISRUC-III-05,ISRUC-III-05,ISRUC-III,560,0,560,test
ISRUC-III-05,ISRUC-III-05,ISRUC-III,561,0,561,test
ISRUC-III-05,ISRUC-III-05,ISRUC-III,562,0,562,test
ISRUC-III-05,ISRUC-III-05,ISRUC-III,563,0,563,test
ISRUC-III-05,ISRUC-III-05,ISRUC-III,564,0,564,test
ISRUC-III-05,ISRUC-III-05,ISRUC-III,565,0,565,test
ISRUC-III-05,ISRUC-III-05,ISRUC-III,566,0,566,test
ISRUC-III-05,ISRUC-III-05,ISRUC-III,567,0,567,test
ISRUC-III-05,ISRUC-III-05,ISRUC-III,568,0,568,test
ISRUC-III-05,ISRUC-III-05,ISRUC-III,569,0,569,test
ISRUC-III-05,ISRUC-III-05,ISRUC-III,570,0,570,test
ISRUC-III-05,ISRUC-III-05,ISRUC-III,571,0,571,test
ISRUC-III-05,ISRUC-III-05,ISRUC-III,572,0,572,test
ISRUC-III-05,ISRUC-III-05,ISRUC-III,573,0,573,test
ISRUC-III-05,ISRUC-III-05,ISRUC-III,574,1,574,test
ISRUC-III-05,ISRUC-III-05,ISRUC-III,575,0,575,test
ISRUC-III-05,ISRUC-III-05,ISRUC-III,576,1,576,test
ISRUC-III-05,ISRUC-III-05,ISRUC-III,577,0,577,test
ISRUC-III-05,ISRUC-III-05,ISRUC-III,578,0,578,test
ISRUC-III-05,ISRUC-III-05,ISRUC-III,579,0,579,test
ISRUC-III-05,ISRUC-III-05,ISRUC-III,580,0,580,test
ISRUC-III-05,ISRUC-III-05,ISRUC-III,581,0,581,test
ISRUC-III-05,ISRUC-III-05,ISRUC-III,582,0,582,test
ISRUC-III-05,ISRUC-III-05,ISRUC-III,583,0,583,test
ISRUC-III-05,ISRUC-III-05,ISRUC-III,584,0,584,test
ISRUC-III-05,ISRUC-III-05,ISRUC-III,585,0,585,test
ISRUC-III-05,ISRUC-III-05,ISRUC-III,586,0,586,test
ISRUC-III-05,ISRUC-III-05,ISRUC-III,587,0,587,test
ISRUC-III-05,ISRUC-III-05,ISRUC-III,588,0,588,test
ISRUC-III-05,ISRUC-III-05,ISRUC-III,589,0,589,test
ISRUC-III-05,ISRUC-III-05,ISRUC-III,590,0,590,test
ISRUC-III-05,ISRUC-III-05,ISRUC-III,591,0,591,test
ISRUC-III-05,ISRUC-III-05,ISRUC-III,592,0,592,test
ISRUC-III-05,ISRUC-III-05,ISRUC-III,593,0,593,test
ISRUC-III-05,ISRUC-III-05,ISRUC-III,594,0,594,test
ISRUC-III-05,ISRUC-III-05,ISRUC-III,595,0,595,test
ISRUC-III-05,ISRUC-III-05,ISRUC-III,596,0,596,test
ISRUC-III-05,ISRUC-III-05,ISRUC-III,597,1,597,test
ISRUC-III-05,ISRUC-III-05,ISRUC-III,598,1,598,test
ISRUC-III-05,ISRUC-III-05,ISRUC-III,599,2,599,test
ISRUC-III-05,ISRUC-III-05,ISRUC-III,600,2,600,test
ISRUC-III-05,ISRUC-III-05,ISRUC-III,601,2,601,test
ISRUC-III-05,ISRUC-III-05,ISRUC-III,602,2,602,test
ISRUC-III-05,ISRUC-III-05,ISRUC-III,603,2,603,test
ISRUC-III-05,ISRUC-III-05,ISRUC-III,604,2,604,test
ISRUC-III-05,ISRUC-III-05,ISRUC-III,605,2,605,test
ISRUC-III-05,ISRUC-III-05,ISRUC-III,606,2,606,test
ISRUC-III-05,ISRUC-III-05,ISRUC-III,607,2,607,test
ISRUC-III-05,ISRUC-III-05,ISRUC-III,608,2,608,test
ISRUC-III-05,ISRUC-III-05,ISRUC-III,609,2,609,test
ISRUC-III-05,ISRUC-III-05,ISRUC-III,610,2,610,test
ISRUC-III-05,ISRUC-III-05,ISRUC-III,611,2,611,test
ISRUC-III-05,ISRUC-III-05,ISRUC-III,612,2,612,test
ISRUC-III-05,ISRUC-III-05,ISRUC-III,613,2,613,test
ISRUC-III-05,ISRUC-III-05,ISRUC-III,614,2,614,test
ISRUC-III-05,ISRUC-III-05,ISRUC-III,615,1,615,test
ISRUC-III-05,ISRUC-III-05,ISRUC-III,616,2,616,test
ISRUC-III-05,ISRUC-III-05,ISRUC-III,617,0,617,test
ISRUC-III-05,ISRUC-III-05,ISRUC-III,618,1,618,test
ISRUC-III-05,ISRUC-III-05,ISRUC-III,619,2,619,test
ISRUC-III-05,ISRUC-III-05,ISRUC-III,620,2,620,test
ISRUC-III-05,ISRUC-III-05,ISRUC-III,621,2,621,test
ISRUC-III-05,ISRUC-III-05,ISRUC-III,622,2,622,test
ISRUC-III-05,ISRUC-III-05,ISRUC-III,623,2,623,test
ISRUC-III-05,ISRUC-III-05,ISRUC-III,624,2,624,test
ISRUC-III-05,ISRUC-III-05,ISRUC-III,625,2,625,test
ISRUC-III-05,ISRUC-III-05,ISRUC-III,626,2,626,test
ISRUC-III-05,ISRUC-III-05,ISRUC-III,627,2,627,test
ISRUC-III-05,ISRUC-III-05,ISRUC-III,628,2,628,test
ISRUC-III-05,ISRUC-III-05,ISRUC-III,629,2,629,test
ISRUC-III-05,ISRUC-III-05,ISRUC-III,630,2,630,test
ISRUC-III-05,ISRUC-III-05,ISRUC-III,631,2,631,test
ISRUC-III-05,ISRUC-III-05,ISRUC-III,632,2,632,test
ISRUC-III-05,ISRUC-III-05,ISRUC-III,633,2,633,test
ISRUC-III-05,ISRUC-III-05,ISRUC-III,634,2,634,test
ISRUC-III-05,ISRUC-III-05,ISRUC-III,635,2,635,test
ISRUC-III-05,ISRUC-III-05,ISRUC-III,636,2,636,test
ISRUC-III-05,ISRUC-III-05,ISRUC-III,637,2,637,test
ISRUC-III-05,ISRUC-III-05,ISRUC-III,638,2,638,test
ISRUC-III-05,ISRUC-III-05,ISRUC-III,639,2,639,test
ISRUC-III-05,ISRUC-III-05,ISRUC-III,640,2,640,test
ISRUC-III-05,ISRUC-III-05,ISRUC-III,641,2,641,test
ISRUC-III-05,ISRUC-III-05,ISRUC-III,642,2,642,test
ISRUC-III-05,ISRUC-III-05,ISRUC-III,643,2,643,test
ISRUC-III-05,ISRUC-III-05,ISRUC-III,644,2,644,test
ISRUC-III-05,ISRUC-III-05,ISRUC-III,645,2,645,test
ISRUC-III-05,ISRUC-III-05,ISRUC-III,646,2,646,test
ISRUC-III-05,ISRUC-III-05,ISRUC-III,647,2,647,test
ISRUC-III-05,ISRUC-III-05,ISRUC-III,648,2,648,test
ISRUC-III-05,ISRUC-III-05,ISRUC-III,649,2,649,test
ISRUC-III-05,ISRUC-III-05,ISRUC-III,650,2,650,test
ISRUC-III-05,ISRUC-III-05,ISRUC-III,651,2,651,test
ISRUC-III-05,ISRUC-III-05,ISRUC-III,652,2,652,test
ISRUC-III-05,ISRUC-III-05,ISRUC-III,653,2,653,test
ISRUC-III-05,ISRUC-III-05,ISRUC-III,654,2,654,test
ISRUC-III-05,ISRUC-III-05,ISRUC-III,655,2,655,test
ISRUC-III-05,ISRUC-III-05,ISRUC-III,656,2,656,test
ISRUC-III-05,ISRUC-III-05,ISRUC-III,657,2,657,test
ISRUC-III-05,ISRUC-III-05,ISRUC-III,658,2,658,test
ISRUC-III-05,ISRUC-III-05,ISRUC-III,659,2,659,test
ISRUC-III-05,ISRUC-III-05,ISRUC-III,660,2,660,test
ISRUC-III-05,ISRUC-III-05,ISRUC-III,661,2,661,test
ISRUC-III-05,ISRUC-III-05,ISRUC-III,662,2,662,test
ISRUC-III-05,ISRUC-III-05,ISRUC-III,663,2,663,test
ISRUC-III-05,ISRUC-III-05,ISRUC-III,664,0,664,test
ISRUC-III-05,ISRUC-III-05,ISRUC-III,665,0,665,test
ISRUC-III-05,ISRUC-III-05,ISRUC-III,666,1,666,test
ISRUC-III-05,ISRUC-III-05,ISRUC-III,667,1,667,test
ISRUC-III-05,ISRUC-III-05,ISRUC-III,668,4,668,test
ISRUC-III-05,ISRUC-III-05,ISRUC-III,669,1,669,test
ISRUC-III-05,ISRUC-III-05,ISRUC-III,670,1,670,test
ISRUC-III-05,ISRUC-III-05,ISRUC-III,671,1,671,test
ISRUC-III-05,ISRUC-III-05,ISRUC-III,672,4,672,test
ISRUC-III-05,ISRUC-III-05,ISRUC-III,673,0,673,test
ISRUC-III-05,ISRUC-III-05,ISRUC-III,674,0,674,test
ISRUC-III-05,ISRUC-III-05,ISRUC-III,675,0,675,test
ISRUC-III-05,ISRUC-III-05,ISRUC-III,676,0,676,test
ISRUC-III-05,ISRUC-III-05,ISRUC-III,677,1,677,test
ISRUC-III-05,ISRUC-III-05,ISRUC-III,678,1,678,test
ISRUC-III-05,ISRUC-III-05,ISRUC-III,679,1,679,test
ISRUC-III-05,ISRUC-III-05,ISRUC-III,680,4,680,test
ISRUC-III-05,ISRUC-III-05,ISRUC-III,681,0,681,test
ISRUC-III-05,ISRUC-III-05,ISRUC-III,682,0,682,test
ISRUC-III-05,ISRUC-III-05,ISRUC-III,683,0,683,test
ISRUC-III-05,ISRUC-III-05,ISRUC-III,684,0,684,test
ISRUC-III-05,ISRUC-III-05,ISRUC-III,685,0,685,test
ISRUC-III-05,ISRUC-III-05,ISRUC-III,686,0,686,test
ISRUC-III-05,ISRUC-III-05,ISRUC-III,687,0,687,test
ISRUC-III-05,ISRUC-III-05,ISRUC-III,688,0,688,test
ISRUC-III-05,ISRUC-III-05,ISRUC-III,689,0,689,test
ISRUC-III-05,ISRUC-III-05,ISRUC-III,690,0,690,test
ISRUC-III-05,ISRUC-III-05,ISRUC-III,691,0,691,test
ISRUC-III-05,ISRUC-III-05,ISRUC-III,692,0,692,test
ISRUC-III-05,ISRUC-III-05,ISRUC-III,693,0,693,test
ISRUC-III-05,ISRUC-III-05,ISRUC-III,694,0,694,test
ISRUC-III-05,ISRUC-III-05,ISRUC-III,695,0,695,test
ISRUC-III-05,ISRUC-III-05,ISRUC-III,696,0,696,test
ISRUC-III-05,ISRUC-III-05,ISRUC-III,697,0,697,test
ISRUC-III-05,ISRUC-III-05,ISRUC-III,698,0,698,test
ISRUC-III-05,ISRUC-III-05,ISRUC-III,699,0,699,test
ISRUC-III-05,ISRUC-III-05,ISRUC-III,700,0,700,test
ISRUC-III-05,ISRUC-III-05,ISRUC-III,701,0,701,test
ISRUC-III-05,ISRUC-III-05,ISRUC-III,702,0,702,test
ISRUC-III-05,ISRUC-III-05,ISRUC-III,703,0,703,test
ISRUC-III-05,ISRUC-III-05,ISRUC-III,704,0,704,test
ISRUC-III-05,ISRUC-III-05,ISRUC-III,705,0,705,test
ISRUC-III-05,ISRUC-III-05,ISRUC-III,706,0,706,test
ISRUC-III-05,ISRUC-III-05,ISRUC-III,707,0,707,test
ISRUC-III-05,ISRUC-III-05,ISRUC-III,708,0,708,test
ISRUC-III-05,ISRUC-III-05,ISRUC-III,709,1,709,test
ISRUC-III-05,ISRUC-III-05,ISRUC-III,710,2,710,test
ISRUC-III-05,ISRUC-III-05,ISRUC-III,711,2,711,test
ISRUC-III-05,ISRUC-III-05,ISRUC-III,712,2,712,test
ISRUC-III-05,ISRUC-III-05,ISRUC-III,713,1,713,test
ISRUC-III-05,ISRUC-III-05,ISRUC-III,714,2,714,test
ISRUC-III-05,ISRUC-III-05,ISRUC-III,715,2,715,test
ISRUC-III-05,ISRUC-III-05,ISRUC-III,716,2,716,test
ISRUC-III-05,ISRUC-III-05,ISRUC-III,717,2,717,test
ISRUC-III-05,ISRUC-III-05,ISRUC-III,718,2,718,test
ISRUC-III-05,ISRUC-III-05,ISRUC-III,719,0,719,test
ISRUC-III-05,ISRUC-III-05,ISRUC-III,720,0,720,test
ISRUC-III-05,ISRUC-III-05,ISRUC-III,721,1,721,test
ISRUC-III-05,ISRUC-III-05,ISRUC-III,722,2,722,test
ISRUC-III-05,ISRUC-III-05,ISRUC-III,723,2,723,test
ISRUC-III-05,ISRUC-III-05,ISRUC-III,724,2,724,test
ISRUC-III-05,ISRUC-III-05,ISRUC-III,725,2,725,test
ISRUC-III-05,ISRUC-III-05,ISRUC-III,726,2,726,test
ISRUC-III-05,ISRUC-III-05,ISRUC-III,727,2,727,test
ISRUC-III-05,ISRUC-III-05,ISRUC-III,728,2,728,test
ISRUC-III-05,ISRUC-III-05,ISRUC-III,729,2,729,test
ISRUC-III-05,ISRUC-III-05,ISRUC-III,730,2,730,test
ISRUC-III-05,ISRUC-III-05,ISRUC-III,731,2,731,test
ISRUC-III-05,ISRUC-III-05,ISRUC-III,732,2,732,test
ISRUC-III-05,ISRUC-III-05,ISRUC-III,733,2,733,test
ISRUC-III-05,ISRUC-III-05,ISRUC-III,734,2,734,test
ISRUC-III-05,ISRUC-III-05,ISRUC-III,735,2,735,test
ISRUC-III-05,ISRUC-III-05,ISRUC-III,736,2,736,test
ISRUC-III-05,ISRUC-III-05,ISRUC-III,737,2,737,test
ISRUC-III-05,ISRUC-III-05,ISRUC-III,738,2,738,test
ISRUC-III-05,ISRUC-III-05,ISRUC-III,739,2,739,test
ISRUC-III-05,ISRUC-III-05,ISRUC-III,740,2,740,test
ISRUC-III-05,ISRUC-III-05,ISRUC-III,741,2,741,test
ISRUC-III-05,ISRUC-III-05,ISRUC-III,742,2,742,test
ISRUC-III-05,ISRUC-III-05,ISRUC-III,743,2,743,test
ISRUC-III-05,ISRUC-III-05,ISRUC-III,744,2,744,test
ISRUC-III-05,ISRUC-III-05,ISRUC-III,745,2,745,test
ISRUC-III-05,ISRUC-III-05,ISRUC-III,746,2,746,test
ISRUC-III-05,ISRUC-III-05,ISRUC-III,747,2,747,test
ISRUC-III-05,ISRUC-III-05,ISRUC-III,748,2,748,test
ISRUC-III-05,ISRUC-III-05,ISRUC-III,749,2,749,test
ISRUC-III-05,ISRUC-III-05,ISRUC-III,750,2,750,test
ISRUC-III-05,ISRUC-III-05,ISRUC-III,751,2,751,test
ISRUC-III-05,ISRUC-III-05,ISRUC-III,752,2,752,test
ISRUC-III-05,ISRUC-III-05,ISRUC-III,753,2,753,test
ISRUC-III-05,ISRUC-III-05,ISRUC-III,754,2,754,test
ISRUC-III-05,ISRUC-III-05,ISRUC-III,755,2,755,test
ISRUC-III-05,ISRUC-III-05,ISRUC-III,756,3,756,test
ISRUC-III-05,ISRUC-III-05,ISRUC-III,757,3,757,test
ISRUC-III-05,ISRUC-III-05,ISRUC-III,758,3,758,test
ISRUC-III-05,ISRUC-III-05,ISRUC-III,759,3,759,test
ISRUC-III-05,ISRUC-III-05,ISRUC-III,760,3,760,test
ISRUC-III-05,ISRUC-III-05,ISRUC-III,761,3,761,test
ISRUC-III-05,ISRUC-III-05,ISRUC-III,762,3,762,test
ISRUC-III-05,ISRUC-III-05,ISRUC-III,763,3,763,test
ISRUC-III-05,ISRUC-III-05,ISRUC-III,764,3,764,test
ISRUC-III-05,ISRUC-III-05,ISRUC-III,765,3,765,test
ISRUC-III-05,ISRUC-III-05,ISRUC-III,766,3,766,test
ISRUC-III-05,ISRUC-III-05,ISRUC-III,767,3,767,test
ISRUC-III-05,ISRUC-III-05,ISRUC-III,768,3,768,test
ISRUC-III-05,ISRUC-III-05,ISRUC-III,769,3,769,test
ISRUC-III-05,ISRUC-III-05,ISRUC-III,770,3,770,test
ISRUC-III-05,ISRUC-III-05,ISRUC-III,771,3,771,test
ISRUC-III-05,ISRUC-III-05,ISRUC-III,772,2,772,test
ISRUC-III-05,ISRUC-III-05,ISRUC-III,773,2,773,test
ISRUC-III-05,ISRUC-III-05,ISRUC-III,774,4,774,test
ISRUC-III-05,ISRUC-III-05,ISRUC-III,775,4,775,test
ISRUC-III-05,ISRUC-III-05,ISRUC-III,776,4,776,test
ISRUC-III-05,ISRUC-III-05,ISRUC-III,777,4,777,test
ISRUC-III-05,ISRUC-III-05,ISRUC-III,778,4,778,test
ISRUC-III-05,ISRUC-III-05,ISRUC-III,779,1,779,test
ISRUC-III-05,ISRUC-III-05,ISRUC-III,780,4,780,test
ISRUC-III-05,ISRUC-III-05,ISRUC-III,781,4,781,test
ISRUC-III-05,ISRUC-III-05,ISRUC-III,782,4,782,test
ISRUC-III-05,ISRUC-III-05,ISRUC-III,783,4,783,test
ISRUC-III-05,ISRUC-III-05,ISRUC-III,784,4,784,test
ISRUC-III-05,ISRUC-III-05,ISRUC-III,785,4,785,test
ISRUC-III-05,ISRUC-III-05,ISRUC-III,786,4,786,test
ISRUC-III-05,ISRUC-III-05,ISRUC-III,787,4,787,test
ISRUC-III-05,ISRUC-III-05,ISRUC-III,788,4,788,test
ISRUC-III-05,ISRUC-III-05,ISRUC-III,789,4,789,test
ISRUC-III-05,ISRUC-III-05,ISRUC-III,790,0,790,test
ISRUC-III-05,ISRUC-III-05,ISRUC-III,791,0,791,test
ISRUC-III-05,ISRUC-III-05,ISRUC-III,792,1,792,test
ISRUC-III-05,ISRUC-III-05,ISRUC-III,793,4,793,test
ISRUC-III-05,ISRUC-III-05,ISRUC-III,794,4,794,test
ISRUC-III-05,ISRUC-III-05,ISRUC-III,795,4,795,test
ISRUC-III-05,ISRUC-III-05,ISRUC-III,796,4,796,test
ISRUC-III-05,ISRUC-III-05,ISRUC-III,797,4,797,test
ISRUC-III-05,ISRUC-III-05,ISRUC-III,798,4,798,test
ISRUC-III-05,ISRUC-III-05,ISRUC-III,799,4,799,test
ISRUC-III-05,ISRUC-III-05,ISRUC-III,800,4,800,test
ISRUC-III-05,ISRUC-III-05,ISRUC-III,801,4,801,test
ISRUC-III-05,ISRUC-III-05,ISRUC-III,802,4,802,test
ISRUC-III-05,ISRUC-III-05,ISRUC-III,803,4,803,test
ISRUC-III-05,ISRUC-III-05,ISRUC-III,804,4,804,test
ISRUC-III-05,ISRUC-III-05,ISRUC-III,805,4,805,test
ISRUC-III-05,ISRUC-III-05,ISRUC-III,806,4,806,test
ISRUC-III-05,ISRUC-III-05,ISRUC-III,807,4,807,test
ISRUC-III-05,ISRUC-III-05,ISRUC-III,808,4,808,test
ISRUC-III-05,ISRUC-III-05,ISRUC-III,809,4,809,test
ISRUC-III-05,ISRUC-III-05,ISRUC-III,810,4,810,test
ISRUC-III-05,ISRUC-III-05,ISRUC-III,811,4,811,test
ISRUC-III-05,ISRUC-III-05,ISRUC-III,812,4,812,test
ISRUC-III-05,ISRUC-III-05,ISRUC-III,813,4,813,test
ISRUC-III-05,ISRUC-III-05,ISRUC-III,814,4,814,test
ISRUC-III-05,ISRUC-III-05,ISRUC-III,815,4,815,test
ISRUC-III-05,ISRUC-III-05,ISRUC-III,816,4,816,test
ISRUC-III-05,ISRUC-III-05,ISRUC-III,817,1,817,test
ISRUC-III-05,ISRUC-III-05,ISRUC-III,818,4,818,test
ISRUC-III-05,ISRUC-III-05,ISRUC-III,819,4,819,test
ISRUC-III-05,ISRUC-III-05,ISRUC-III,820,0,820,test
ISRUC-III-05,ISRUC-III-05,ISRUC-III,821,1,821,test
ISRUC-III-05,ISRUC-III-05,ISRUC-III,822,1,822,test
ISRUC-III-05,ISRUC-III-05,ISRUC-III,823,4,823,test
ISRUC-III-05,ISRUC-III-05,ISRUC-III,824,4,824,test
ISRUC-III-05,ISRUC-III-05,ISRUC-III,825,4,825,test
ISRUC-III-05,ISRUC-III-05,ISRUC-III,826,1,826,test
ISRUC-III-05,ISRUC-III-05,ISRUC-III,827,4,827,test
ISRUC-III-05,ISRUC-III-05,ISRUC-III,828,4,828,test
ISRUC-III-05,ISRUC-III-05,ISRUC-III,829,1,829,test
ISRUC-III-05,ISRUC-III-05,ISRUC-III,830,1,830,test
ISRUC-III-05,ISRUC-III-05,ISRUC-III,831,4,831,test
ISRUC-III-05,ISRUC-III-05,ISRUC-III,832,4,832,test
ISRUC-III-05,ISRUC-III-05,ISRUC-III,833,4,833,test
ISRUC-III-05,ISRUC-III-05,ISRUC-III,834,4,834,test
ISRUC-III-05,ISRUC-III-05,ISRUC-III,835,4,835,test
ISRUC-III-05,ISRUC-III-05,ISRUC-III,836,1,836,test
ISRUC-III-05,ISRUC-III-05,ISRUC-III,837,1,837,test
ISRUC-III-05,ISRUC-III-05,ISRUC-III,838,1,838,test
ISRUC-III-05,ISRUC-III-05,ISRUC-III,839,1,839,test
ISRUC-III-05,ISRUC-III-05,ISRUC-III,840,1,840,test
ISRUC-III-05,ISRUC-III-05,ISRUC-III,841,4,841,test
ISRUC-III-05,ISRUC-III-05,ISRUC-III,842,4,842,test
ISRUC-III-05,ISRUC-III-05,ISRUC-III,843,4,843,test
ISRUC-III-05,ISRUC-III-05,ISRUC-III,844,4,844,test
ISRUC-III-05,ISRUC-III-05,ISRUC-III,845,4,845,test
ISRUC-III-05,ISRUC-III-05,ISRUC-III,846,4,846,test
ISRUC-III-05,ISRUC-III-05,ISRUC-III,847,4,847,test
ISRUC-III-05,ISRUC-III-05,ISRUC-III,848,0,848,test
ISRUC-III-05,ISRUC-III-05,ISRUC-III,849,1,849,test
ISRUC-III-05,ISRUC-III-05,ISRUC-III,850,1,850,test
ISRUC-III-05,ISRUC-III-05,ISRUC-III,851,1,851,test
ISRUC-III-05,ISRUC-III-05,ISRUC-III,852,2,852,test
ISRUC-III-05,ISRUC-III-05,ISRUC-III,853,2,853,test
ISRUC-III-05,ISRUC-III-05,ISRUC-III,854,1,854,test
ISRUC-III-05,ISRUC-III-05,ISRUC-III,855,1,855,test
ISRUC-III-05,ISRUC-III-05,ISRUC-III,856,2,856,test
ISRUC-III-05,ISRUC-III-05,ISRUC-III,857,2,857,test
ISRUC-III-05,ISRUC-III-05,ISRUC-III,858,2,858,test
ISRUC-III-05,ISRUC-III-05,ISRUC-III,859,2,859,test
ISRUC-III-05,ISRUC-III-05,ISRUC-III,860,2,860,test
ISRUC-III-05,ISRUC-III-05,ISRUC-III,861,2,861,test
ISRUC-III-05,ISRUC-III-05,ISRUC-III,862,1,862,test
ISRUC-III-05,ISRUC-III-05,ISRUC-III,863,2,863,test
ISRUC-III-05,ISRUC-III-05,ISRUC-III,864,2,864,test
ISRUC-III-05,ISRUC-III-05,ISRUC-III,865,2,865,test
ISRUC-III-05,ISRUC-III-05,ISRUC-III,866,2,866,test
ISRUC-III-05,ISRUC-III-05,ISRUC-III,867,2,867,test
ISRUC-III-05,ISRUC-III-05,ISRUC-III,868,2,868,test
ISRUC-III-05,ISRUC-III-05,ISRUC-III,869,2,869,test
ISRUC-III-05,ISRUC-III-05,ISRUC-III,870,2,870,test
ISRUC-III-05,ISRUC-III-05,ISRUC-III,871,2,871,test
ISRUC-III-05,ISRUC-III-05,ISRUC-III,872,2,872,test
ISRUC-III-05,ISRUC-III-05,ISRUC-III,873,2,873,test
ISRUC-III-05,ISRUC-III-05,ISRUC-III,874,2,874,test
ISRUC-III-05,ISRUC-III-05,ISRUC-III,875,2,875,test
ISRUC-III-05,ISRUC-III-05,ISRUC-III,876,0,876,test
ISRUC-III-05,ISRUC-III-05,ISRUC-III,877,2,877,test
ISRUC-III-05,ISRUC-III-05,ISRUC-III,878,2,878,test
ISRUC-III-05,ISRUC-III-05,ISRUC-III,879,2,879,test
ISRUC-III-05,ISRUC-III-05,ISRUC-III,880,0,880,test
ISRUC-III-05,ISRUC-III-05,ISRUC-III,881,0,881,test
ISRUC-III-05,ISRUC-III-05,ISRUC-III,882,0,882,test
ISRUC-III-05,ISRUC-III-05,ISRUC-III,883,0,883,test
ISRUC-III-05,ISRUC-III-05,ISRUC-III,884,0,884,test
ISRUC-III-05,ISRUC-III-05,ISRUC-III,885,0,885,test
ISRUC-III-05,ISRUC-III-05,ISRUC-III,886,0,886,test
ISRUC-III-05,ISRUC-III-05,ISRUC-III,887,0,887,test
ISRUC-III-05,ISRUC-III-05,ISRUC-III,888,0,888,test
ISRUC-III-05,ISRUC-III-05,ISRUC-III,889,0,889,test
ISRUC-III-05,ISRUC-III-05,ISRUC-III,890,1,890,test
ISRUC-III-05,ISRUC-III-05,ISRUC-III,891,1,891,test
ISRUC-III-05,ISRUC-III-05,ISRUC-III,892,0,892,test
ISRUC-III-05,ISRUC-III-05,ISRUC-III,893,0,893,test
ISRUC-III-05,ISRUC-III-05,ISRUC-III,894,0,894,test
ISRUC-III-05,ISRUC-III-05,ISRUC-III,895,1,895,test
ISRUC-III-05,ISRUC-III-05,ISRUC-III,896,1,896,test
ISRUC-III-05,ISRUC-III-05,ISRUC-III,897,1,897,test
ISRUC-III-05,ISRUC-III-05,ISRUC-III,898,2,898,test
ISRUC-III-05,ISRUC-III-05,ISRUC-III,899,1,899,test
ISRUC-III-05,ISRUC-III-05,ISRUC-III,900,0,900,test
ISRUC-III-05,ISRUC-III-05,ISRUC-III,901,0,901,test
ISRUC-III-05,ISRUC-III-05,ISRUC-III,902,0,902,test
ISRUC-III-05,ISRUC-III-05,ISRUC-III,903,1,903,test
ISRUC-III-05,ISRUC-III-05,ISRUC-III,904,2,904,test
ISRUC-III-05,ISRUC-III-05,ISRUC-III,905,0,905,test
ISRUC-III-05,ISRUC-III-05,ISRUC-III,906,0,906,test
ISRUC-III-05,ISRUC-III-05,ISRUC-III,907,0,907,test
ISRUC-III-05,ISRUC-III-05,ISRUC-III,908,0,908,test
ISRUC-III-05,ISRUC-III-05,ISRUC-III,909,0,909,test
ISRUC-III-05,ISRUC-III-05,ISRUC-III,910,0,910,test
ISRUC-III-05,ISRUC-III-05,ISRUC-III,911,0,911,test
ISRUC-III-05,ISRUC-III-05,ISRUC-III,912,2,912,test
ISRUC-III-05,ISRUC-III-05,ISRUC-III,913,2,913,test
ISRUC-III-06,ISRUC-III-06,ISRUC-III,0,0,0,train
ISRUC-III-06,ISRUC-III-06,ISRUC-III,1,0,1,train
ISRUC-III-06,ISRUC-III-06,ISRUC-III,2,0,2,train
ISRUC-III-06,ISRUC-III-06,ISRUC-III,3,0,3,train
ISRUC-III-06,ISRUC-III-06,ISRUC-III,4,0,4,train
ISRUC-III-06,ISRUC-III-06,ISRUC-III,5,0,5,train
ISRUC-III-06,ISRUC-III-06,ISRUC-III,6,0,6,train
ISRUC-III-06,ISRUC-III-06,ISRUC-III,7,1,7,train
ISRUC-III-06,ISRUC-III-06,ISRUC-III,8,1,8,train
ISRUC-III-06,ISRUC-III-06,ISRUC-III,9,0,9,train
ISRUC-III-06,ISRUC-III-06,ISRUC-III,10,0,10,train
ISRUC-III-06,ISRUC-III-06,ISRUC-III,11,1,11,train
ISRUC-III-06,ISRUC-III-06,ISRUC-III,12,2,12,train
ISRUC-III-06,ISRUC-III-06,ISRUC-III,13,2,13,train
ISRUC-III-06,ISRUC-III-06,ISRUC-III,14,2,14,train
ISRUC-III-06,ISRUC-III-06,ISRUC-III,15,2,15,train
ISRUC-III-06,ISRUC-III-06,ISRUC-III,16,2,16,train
ISRUC-III-06,ISRUC-III-06,ISRUC-III,17,2,17,train
ISRUC-III-06,ISRUC-III-06,ISRUC-III,18,2,18,train
ISRUC-III-06,ISRUC-III-06,ISRUC-III,19,2,19,train
ISRUC-III-06,ISRUC-III-06,ISRUC-III,20,2,20,train
ISRUC-III-06,ISRUC-III-06,ISRUC-III,21,2,21,train
ISRUC-III-06,ISRUC-III-06,ISRUC-III,22,2,22,train
ISRUC-III-06,ISRUC-III-06,ISRUC-III,23,0,23,train
ISRUC-III-06,ISRUC-III-06,ISRUC-III,24,0,24,train
ISRUC-III-06,ISRUC-III-06,ISRUC-III,25,2,25,train
ISRUC-III-06,ISRUC-III-06,ISRUC-III,26,2,26,train
ISRUC-III-06,ISRUC-III-06,ISRUC-III,27,2,27,train
ISRUC-III-06,ISRUC-III-06,ISRUC-III,28,2,28,train
ISRUC-III-06,ISRUC-III-06,ISRUC-III,29,1,29,train
ISRUC-III-06,ISRUC-III-06,ISRUC-III,30,2,30,train
ISRUC-III-06,ISRUC-III-06,ISRUC-III,31,0,31,train
ISRUC-III-06,ISRUC-III-06,ISRUC-III,32,0,32,train
ISRUC-III-06,ISRUC-III-06,ISRUC-III,33,1,33,train
ISRUC-III-06,ISRUC-III-06,ISRUC-III,34,0,34,train
ISRUC-III-06,ISRUC-III-06,ISRUC-III,35,1,35,train
ISRUC-III-06,ISRUC-III-06,ISRUC-III,36,2,36,train
ISRUC-III-06,ISRUC-III-06,ISRUC-III,37,2,37,train
ISRUC-III-06,ISRUC-III-06,ISRUC-III,38,2,38,train
ISRUC-III-06,ISRUC-III-06,ISRUC-III,39,2,39,train
ISRUC-III-06,ISRUC-III-06,ISRUC-III,40,2,40,train
ISRUC-III-06,ISRUC-III-06,ISRUC-III,41,2,41,train
ISRUC-III-06,ISRUC-III-06,ISRUC-III,42,2,42,train
ISRUC-III-06,ISRUC-III-06,ISRUC-III,43,3,43,train
ISRUC-III-06,ISRUC-III-06,ISRUC-III,44,3,44,train
ISRUC-III-06,ISRUC-III-06,ISRUC-III,45,3,45,train
ISRUC-III-06,ISRUC-III-06,ISRUC-III,46,3,46,train
ISRUC-III-06,ISRUC-III-06,ISRUC-III,47,3,47,train
ISRUC-III-06,ISRUC-III-06,ISRUC-III,48,3,48,train
ISRUC-III-06,ISRUC-III-06,ISRUC-III,49,3,49,train
ISRUC-III-06,ISRUC-III-06,ISRUC-III,50,3,50,train
ISRUC-III-06,ISRUC-III-06,ISRUC-III,51,3,51,train
ISRUC-III-06,ISRUC-III-06,ISRUC-III,52,3,52,train
ISRUC-III-06,ISRUC-III-06,ISRUC-III,53,3,53,train
ISRUC-III-06,ISRUC-III-06,ISRUC-III,54,3,54,train
ISRUC-III-06,ISRUC-III-06,ISRUC-III,55,3,55,train
ISRUC-III-06,ISRUC-III-06,ISRUC-III,56,3,56,train
ISRUC-III-06,ISRUC-III-06,ISRUC-III,57,3,57,train
ISRUC-III-06,ISRUC-III-06,ISRUC-III,58,3,58,train
ISRUC-III-06,ISRUC-III-06,ISRUC-III,59,3,59,train
ISRUC-III-06,ISRUC-III-06,ISRUC-III,60,3,60,train
ISRUC-III-06,ISRUC-III-06,ISRUC-III,61,3,61,train
ISRUC-III-06,ISRUC-III-06,ISRUC-III,62,3,62,train
ISRUC-III-06,ISRUC-III-06,ISRUC-III,63,3,63,train
ISRUC-III-06,ISRUC-III-06,ISRUC-III,64,3,64,train
ISRUC-III-06,ISRUC-III-06,ISRUC-III,65,3,65,train
ISRUC-III-06,ISRUC-III-06,ISRUC-III,66,3,66,train
ISRUC-III-06,ISRUC-III-06,ISRUC-III,67,0,67,train
ISRUC-III-06,ISRUC-III-06,ISRUC-III,68,0,68,train
ISRUC-III-06,ISRUC-III-06,ISRUC-III,69,0,69,train
ISRUC-III-06,ISRUC-III-06,ISRUC-III,70,1,70,train
ISRUC-III-06,ISRUC-III-06,ISRUC-III,71,2,71,train
ISRUC-III-06,ISRUC-III-06,ISRUC-III,72,2,72,train
ISRUC-III-06,ISRUC-III-06,ISRUC-III,73,2,73,train
ISRUC-III-06,ISRUC-III-06,ISRUC-III,74,2,74,train
ISRUC-III-06,ISRUC-III-06,ISRUC-III,75,3,75,train
ISRUC-III-06,ISRUC-III-06,ISRUC-III,76,2,76,train
ISRUC-III-06,ISRUC-III-06,ISRUC-III,77,2,77,train
ISRUC-III-06,ISRUC-III-06,ISRUC-III,78,2,78,train
ISRUC-III-06,ISRUC-III-06,ISRUC-III,79,2,79,train
ISRUC-III-06,ISRUC-III-06,ISRUC-III,80,2,80,train
ISRUC-III-06,ISRUC-III-06,ISRUC-III,81,2,81,train
ISRUC-III-06,ISRUC-III-06,ISRUC-III,82,2,82,train
ISRUC-III-06,ISRUC-III-06,ISRUC-III,83,2,83,train
ISRUC-III-06,ISRUC-III-06,ISRUC-III,84,2,84,train
ISRUC-III-06,ISRUC-III-06,ISRUC-III,85,3,85,train
ISRUC-III-06,ISRUC-III-06,ISRUC-III,86,3,86,train
ISRUC-III-06,ISRUC-III-06,ISRUC-III,87,3,87,train
ISRUC-III-06,ISRUC-III-06,ISRUC-III,88,3,88,train
ISRUC-III-06,ISRUC-III-06,ISRUC-III,89,3,89,train
ISRUC-III-06,ISRUC-III-06,ISRUC-III,90,3,90,train
ISRUC-III-06,ISRUC-III-06,ISRUC-III,91,3,91,train
ISRUC-III-06,ISRUC-III-06,ISRUC-III,92,3,92,train
ISRUC-III-06,ISRUC-III-06,ISRUC-III,93,3,93,train
ISRUC-III-06,ISRUC-III-06,ISRUC-III,94,3,94,train
ISRUC-III-06,ISRUC-III-06,ISRUC-III,95,3,95,train
ISRUC-III-06,ISRUC-III-06,ISRUC-III,96,3,96,train
ISRUC-III-06,ISRUC-III-06,ISRUC-III,97,3,97,train
ISRUC-III-06,ISRUC-III-06,ISRUC-III,98,3,98,train
ISRUC-III-06,ISRUC-III-06,ISRUC-III,99,3,99,train
ISRUC-III-06,ISRUC-III-06,ISRUC-III,100,3,100,train
ISRUC-III-06,ISRUC-III-06,ISRUC-III,101,3,101,train
ISRUC-III-06,ISRUC-III-06,ISRUC-III,102,3,102,train
ISRUC-III-06,ISRUC-III-06,ISRUC-III,103,3,103,train
ISRUC-III-06,ISRUC-III-06,ISRUC-III,104,3,104,train
ISRUC-III-06,ISRUC-III-06,ISRUC-III,105,3,105,train
ISRUC-III-06,ISRUC-III-06,ISRUC-III,106,3,106,train
ISRUC-III-06,ISRUC-III-06,ISRUC-III,107,3,107,train
ISRUC-III-06,ISRUC-III-06,ISRUC-III,108,3,108,train
ISRUC-III-06,ISRUC-III-06,ISRUC-III,109,3,109,train
ISRUC-III-06,ISRUC-III-06,ISRUC-III,110,3,110,train
ISRUC-III-06,ISRUC-III-06,ISRUC-III,111,3,111,train
ISRUC-III-06,ISRUC-III-06,ISRUC-III,112,3,112,train
ISRUC-III-06,ISRUC-III-06,ISRUC-III,113,3,113,train
ISRUC-III-06,ISRUC-III-06,ISRUC-III,114,3,114,train
ISRUC-III-06,ISRUC-III-06,ISRUC-III,115,3,115,train
ISRUC-III-06,ISRUC-III-06,ISRUC-III,116,3,116,train
ISRUC-III-06,ISRUC-III-06,ISRUC-III,117,3,117,train
ISRUC-III-06,ISRUC-III-06,ISRUC-III,118,3,118,train
ISRUC-III-06,ISRUC-III-06,ISRUC-III,119,3,119,train
ISRUC-III-06,ISRUC-III-06,ISRUC-III,120,3,120,train
ISRUC-III-06,ISRUC-III-06,ISRUC-III,121,3,121,train
ISRUC-III-06,ISRUC-III-06,ISRUC-III,122,3,122,train
ISRUC-III-06,ISRUC-III-06,ISRUC-III,123,3,123,train
ISRUC-III-06,ISRUC-III-06,ISRUC-III,124,3,124,train
ISRUC-III-06,ISRUC-III-06,ISRUC-III,125,3,125,train
ISRUC-III-06,ISRUC-III-06,ISRUC-III,126,3,126,train
ISRUC-III-06,ISRUC-III-06,ISRUC-III,127,3,127,train
ISRUC-III-06,ISRUC-III-06,ISRUC-III,128,3,128,train
ISRUC-III-06,ISRUC-III-06,ISRUC-III,129,3,129,train
ISRUC-III-06,ISRUC-III-06,ISRUC-III,130,3,130,train
ISRUC-III-06,ISRUC-III-06,ISRUC-III,131,3,131,train
ISRUC-III-06,ISRUC-III-06,ISRUC-III,132,3,132,train
ISRUC-III-06,ISRUC-III-06,ISRUC-III,133,3,133,train
ISRUC-III-06,ISRUC-III-06,ISRUC-III,134,3,134,train
ISRUC-III-06,ISRUC-III-06,ISRUC-III,135,3,135,train
ISRUC-III-06,ISRUC-III-06,ISRUC-III,136,3,136,train
ISRUC-III-06,ISRUC-III-06,ISRUC-III,137,3,137,train
ISRUC-III-06,ISRUC-III-06,ISRUC-III,138,3,138,train
ISRUC-III-06,ISRUC-III-06,ISRUC-III,139,3,139,train
ISRUC-III-06,ISRUC-III-06,ISRUC-III,140,3,140,train
ISRUC-III-06,ISRUC-III-06,ISRUC-III,141,3,141,train
ISRUC-III-06,ISRUC-III-06,ISRUC-III,142,3,142,train
ISRUC-III-06,ISRUC-III-06,ISRUC-III,143,3,143,train
ISRUC-III-06,ISRUC-III-06,ISRUC-III,144,3,144,train
ISRUC-III-06,ISRUC-III-06,ISRUC-III,145,3,145,train
ISRUC-III-06,ISRUC-III-06,ISRUC-III,146,3,146,train
ISRUC-III-06,ISRUC-III-06,ISRUC-III,147,3,147,train
ISRUC-III-06,ISRUC-III-06,ISRUC-III,148,3,148,train
ISRUC-III-06,ISRUC-III-06,ISRUC-III,149,3,149,train
ISRUC-III-06,ISRUC-III-06,ISRUC-III,150,3,150,train
ISRUC-III-06,ISRUC-III-06,ISRUC-III,151,3,151,train
ISRUC-III-06,ISRUC-III-06,ISRUC-III,152,3,152,train
ISRUC-III-06,ISRUC-III-06,ISRUC-III,153,3,153,train
ISRUC-III-06,ISRUC-III-06,ISRUC-III,154,3,154,train
ISRUC-III-06,ISRUC-III-06,ISRUC-III,155,2,155,train
ISRUC-III-06,ISRUC-III-06,ISRUC-III,156,2,156,train
ISRUC-III-06,ISRUC-III-06,ISRUC-III,157,2,157,train
ISRUC-III-06,ISRUC-III-06,ISRUC-III,158,2,158,train
ISRUC-III-06,ISRUC-III-06,ISRUC-III,159,2,159,train
ISRUC-III-06,ISRUC-III-06,ISRUC-III,160,2,160,train
ISRUC-III-06,ISRUC-III-06,ISRUC-III,161,2,161,train
ISRUC-III-06,ISRUC-III-06,ISRUC-III,162,2,162,train
ISRUC-III-06,ISRUC-III-06,ISRUC-III,163,2,163,train
ISRUC-III-06,ISRUC-III-06,ISRUC-III,164,2,164,train
ISRUC-III-06,ISRUC-III-06,ISRUC-III,165,2,165,train
ISRUC-III-06,ISRUC-III-06,ISRUC-III,166,2,166,train
ISRUC-III-06,ISRUC-III-06,ISRUC-III,167,2,167,train
ISRUC-III-06,ISRUC-III-06,ISRUC-III,168,4,168,train
ISRUC-III-06,ISRUC-III-06,ISRUC-III,169,4,169,train
ISRUC-III-06,ISRUC-III-06,ISRUC-III,170,2,170,train
ISRUC-III-06,ISRUC-III-06,ISRUC-III,171,2,171,train
ISRUC-III-06,ISRUC-III-06,ISRUC-III,172,2,172,train
ISRUC-III-06,ISRUC-III-06,ISRUC-III,173,2,173,train
ISRUC-III-06,ISRUC-III-06,ISRUC-III,174,2,174,train
ISRUC-III-06,ISRUC-III-06,ISRUC-III,175,4,175,train
ISRUC-III-06,ISRUC-III-06,ISRUC-III,176,4,176,train
ISRUC-III-06,ISRUC-III-06,ISRUC-III,177,4,177,train
ISRUC-III-06,ISRUC-III-06,ISRUC-III,178,4,178,train
ISRUC-III-06,ISRUC-III-06,ISRUC-III,179,4,179,train
ISRUC-III-06,ISRUC-III-06,ISRUC-III,180,4,180,train
ISRUC-III-06,ISRUC-III-06,ISRUC-III,181,4,181,train
ISRUC-III-06,ISRUC-III-06,ISRUC-III,182,4,182,train
ISRUC-III-06,ISRUC-III-06,ISRUC-III,183,1,183,train
ISRUC-III-06,ISRUC-III-06,ISRUC-III,184,4,184,train
ISRUC-III-06,ISRUC-III-06,ISRUC-III,185,4,185,train
ISRUC-III-06,ISRUC-III-06,ISRUC-III,186,4,186,train
ISRUC-III-06,ISRUC-III-06,ISRUC-III,187,4,187,train
ISRUC-III-06,ISRUC-III-06,ISRUC-III,188,4,188,train
ISRUC-III-06,ISRUC-III-06,ISRUC-III,189,4,189,train
ISRUC-III-06,ISRUC-III-06,ISRUC-III,190,0,190,train
ISRUC-III-06,ISRUC-III-06,ISRUC-III,191,0,191,train
ISRUC-III-06,ISRUC-III-06,ISRUC-III,192,1,192,train
ISRUC-III-06,ISRUC-III-06,ISRUC-III,193,1,193,train
ISRUC-III-06,ISRUC-III-06,ISRUC-III,194,2,194,train
ISRUC-III-06,ISRUC-III-06,ISRUC-III,195,2,195,train
ISRUC-III-06,ISRUC-III-06,ISRUC-III,196,2,196,train
ISRUC-III-06,ISRUC-III-06,ISRUC-III,197,2,197,train
ISRUC-III-06,ISRUC-III-06,ISRUC-III,198,2,198,train
ISRUC-III-06,ISRUC-III-06,ISRUC-III,199,2,199,train
ISRUC-III-06,ISRUC-III-06,ISRUC-III,200,2,200,train
ISRUC-III-06,ISRUC-III-06,ISRUC-III,201,2,201,train
ISRUC-III-06,ISRUC-III-06,ISRUC-III,202,2,202,train
ISRUC-III-06,ISRUC-III-06,ISRUC-III,203,2,203,train
ISRUC-III-06,ISRUC-III-06,ISRUC-III,204,2,204,train
ISRUC-III-06,ISRUC-III-06,ISRUC-III,205,2,205,train
ISRUC-III-06,ISRUC-III-06,ISRUC-III,206,2,206,train
ISRUC-III-06,ISRUC-III-06,ISRUC-III,207,2,207,train
ISRUC-III-06,ISRUC-III-06,ISRUC-III,208,2,208,train
ISRUC-III-06,ISRUC-III-06,ISRUC-III,209,2,209,train
ISRUC-III-06,ISRUC-III-06,ISRUC-III,210,2,210,train
ISRUC-III-06,ISRUC-III-06,ISRUC-III,211,2,211,train
ISRUC-III-06,ISRUC-III-06,ISRUC-III,212,2,212,train
ISRUC-III-06,ISRUC-III-06,ISRUC-III,213,2,213,train
ISRUC-III-06,ISRUC-III-06,ISRUC-III,214,2,214,train
ISRUC-III-06,ISRUC-III-06,ISRUC-III,215,2,215,train
ISRUC-III-06,ISRUC-III-06,ISRUC-III,216,2,216,train
ISRUC-III-06,ISRUC-III-06,ISRUC-III,217,2,217,train
ISRUC-III-06,ISRUC-III-06,ISRUC-III,218,2,218,train
ISRUC-III-06,ISRUC-III-06,ISRUC-III,219,2,219,train
ISRUC-III-06,ISRUC-III-06,ISRUC-III,220,2,220,train
ISRUC-III-06,ISRUC-III-06,ISRUC-III,221,3,221,train
ISRUC-III-06,ISRUC-III-06,ISRUC-III,222,3,222,train
ISRUC-III-06,ISRUC-III-06,ISRUC-III,223,3,223,train
ISRUC-III-06,ISRUC-III-06,ISRUC-III,224,3,224,train
ISRUC-III-06,ISRUC-III-06,ISRUC-III,225,3,225,train
ISRUC-III-06,ISRUC-III-06,ISRUC-III,226,3,226,train
ISRUC-III-06,ISRUC-III-06,ISRUC-III,227,3,227,train
ISRUC-III-06,ISRUC-III-06,ISRUC-III,228,3,228,train
ISRUC-III-06,ISRUC-III-06,ISRUC-III,229,3,229,train
ISRUC-III-06,ISRUC-III-06,ISRUC-III,230,3,230,train
ISRUC-III-06,ISRUC-III-06,ISRUC-III,231,3,231,train
ISRUC-III-06,ISRUC-III-06,ISRUC-III,232,3,232,train
ISRUC-III-06,ISRUC-III-06,ISRUC-III,233,3,233,train
ISRUC-III-06,ISRUC-III-06,ISRUC-III,234,2,234,train
ISRUC-III-06,ISRUC-III-06,ISRUC-III,235,1,235,train
ISRUC-III-06,ISRUC-III-06,ISRUC-III,236,2,236,train
ISRUC-III-06,ISRUC-III-06,ISRUC-III,237,2,237,train
ISRUC-III-06,ISRUC-III-06,ISRUC-III,238,2,238,train
ISRUC-III-06,ISRUC-III-06,ISRUC-III,239,2,239,train
ISRUC-III-06,ISRUC-III-06,ISRUC-III,240,2,240,train
ISRUC-III-06,ISRUC-III-06,ISRUC-III,241,2,241,train
ISRUC-III-06,ISRUC-III-06,ISRUC-III,242,2,242,train
ISRUC-III-06,ISRUC-III-06,ISRUC-III,243,2,243,train
ISRUC-III-06,ISRUC-III-06,ISRUC-III,244,2,244,train
ISRUC-III-06,ISRUC-III-06,ISRUC-III,245,2,245,train
ISRUC-III-06,ISRUC-III-06,ISRUC-III,246,2,246,train
ISRUC-III-06,ISRUC-III-06,ISRUC-III,247,2,247,train
ISRUC-III-06,ISRUC-III-06,ISRUC-III,248,2,248,train
ISRUC-III-06,ISRUC-III-06,ISRUC-III,249,1,249,train
ISRUC-III-06,ISRUC-III-06,ISRUC-III,250,1,250,train
ISRUC-III-06,ISRUC-III-06,ISRUC-III,251,1,251,train
ISRUC-III-06,ISRUC-III-06,ISRUC-III,252,2,252,train
ISRUC-III-06,ISRUC-III-06,ISRUC-III,253,2,253,train
ISRUC-III-06,ISRUC-III-06,ISRUC-III,254,2,254,train
ISRUC-III-06,ISRUC-III-06,ISRUC-III,255,2,255,train
ISRUC-III-06,ISRUC-III-06,ISRUC-III,256,0,256,train
ISRUC-III-06,ISRUC-III-06,ISRUC-III,257,1,257,train
ISRUC-III-06,ISRUC-III-06,ISRUC-III,258,2,258,train
ISRUC-III-06,ISRUC-III-06,ISRUC-III,259,2,259,train
ISRUC-III-06,ISRUC-III-06,ISRUC-III,260,2,260,train
ISRUC-III-06,ISRUC-III-06,ISRUC-III,261,2,261,train
ISRUC-III-06,ISRUC-III-06,ISRUC-III,262,2,262,train
ISRUC-III-06,ISRUC-III-06,ISRUC-III,263,2,263,train
ISRUC-III-06,ISRUC-III-06,ISRUC-III,264,2,264,train
ISRUC-III-06,ISRUC-III-06,ISRUC-III,265,1,265,train
ISRUC-III-06,ISRUC-III-06,ISRUC-III,266,2,266,train
ISRUC-III-06,ISRUC-III-06,ISRUC-III,267,2,267,train
ISRUC-III-06,ISRUC-III-06,ISRUC-III,268,2,268,train
ISRUC-III-06,ISRUC-III-06,ISRUC-III,269,2,269,train
ISRUC-III-06,ISRUC-III-06,ISRUC-III,270,0,270,train
ISRUC-III-06,ISRUC-III-06,ISRUC-III,271,2,271,train
ISRUC-III-06,ISRUC-III-06,ISRUC-III,272,0,272,train
ISRUC-III-06,ISRUC-III-06,ISRUC-III,273,0,273,train
ISRUC-III-06,ISRUC-III-06,ISRUC-III,274,1,274,train
ISRUC-III-06,ISRUC-III-06,ISRUC-III,275,2,275,train
ISRUC-III-06,ISRUC-III-06,ISRUC-III,276,2,276,train
ISRUC-III-06,ISRUC-III-06,ISRUC-III,277,2,277,train
ISRUC-III-06,ISRUC-III-06,ISRUC-III,278,2,278,train
ISRUC-III-06,ISRUC-III-06,ISRUC-III,279,2,279,train
ISRUC-III-06,ISRUC-III-06,ISRUC-III,280,2,280,train
ISRUC-III-06,ISRUC-III-06,ISRUC-III,281,2,281,train
ISRUC-III-06,ISRUC-III-06,ISRUC-III,282,2,282,train
ISRUC-III-06,ISRUC-III-06,ISRUC-III,283,2,283,train
ISRUC-III-06,ISRUC-III-06,ISRUC-III,284,2,284,train
ISRUC-III-06,ISRUC-III-06,ISRUC-III,285,2,285,train
ISRUC-III-06,ISRUC-III-06,ISRUC-III,286,3,286,train
ISRUC-III-06,ISRUC-III-06,ISRUC-III,287,2,287,train
ISRUC-III-06,ISRUC-III-06,ISRUC-III,288,3,288,train
ISRUC-III-06,ISRUC-III-06,ISRUC-III,289,3,289,train
ISRUC-III-06,ISRUC-III-06,ISRUC-III,290,3,290,train
ISRUC-III-06,ISRUC-III-06,ISRUC-III,291,3,291,train
ISRUC-III-06,ISRUC-III-06,ISRUC-III,292,3,292,train
ISRUC-III-06,ISRUC-III-06,ISRUC-III,293,2,293,train
ISRUC-III-06,ISRUC-III-06,ISRUC-III,294,2,294,train
ISRUC-III-06,ISRUC-III-06,ISRUC-III,295,3,295,train
ISRUC-III-06,ISRUC-III-06,ISRUC-III,296,0,296,train
ISRUC-III-06,ISRUC-III-06,ISRUC-III,297,2,297,train
ISRUC-III-06,ISRUC-III-06,ISRUC-III,298,2,298,train
ISRUC-III-06,ISRUC-III-06,ISRUC-III,299,2,299,train
ISRUC-III-06,ISRUC-III-06,ISRUC-III,300,2,300,train
ISRUC-III-06,ISRUC-III-06,ISRUC-III,301,2,301,train
ISRUC-III-06,ISRUC-III-06,ISRUC-III,302,2,302,train
ISRUC-III-06,ISRUC-III-06,ISRUC-III,303,2,303,train
ISRUC-III-06,ISRUC-III-06,ISRUC-III,304,2,304,train
ISRUC-III-06,ISRUC-III-06,ISRUC-III,305,2,305,train
ISRUC-III-06,ISRUC-III-06,ISRUC-III,306,3,306,train
ISRUC-III-06,ISRUC-III-06,ISRUC-III,307,3,307,train
ISRUC-III-06,ISRUC-III-06,ISRUC-III,308,3,308,train
ISRUC-III-06,ISRUC-III-06,ISRUC-III,309,3,309,train
ISRUC-III-06,ISRUC-III-06,ISRUC-III,310,3,310,train
ISRUC-III-06,ISRUC-III-06,ISRUC-III,311,3,311,train
ISRUC-III-06,ISRUC-III-06,ISRUC-III,312,3,312,train
ISRUC-III-06,ISRUC-III-06,ISRUC-III,313,3,313,train
ISRUC-III-06,ISRUC-III-06,ISRUC-III,314,3,314,train
ISRUC-III-06,ISRUC-III-06,ISRUC-III,315,3,315,train
ISRUC-III-06,ISRUC-III-06,ISRUC-III,316,3,316,train
ISRUC-III-06,ISRUC-III-06,ISRUC-III,317,3,317,train
ISRUC-III-06,ISRUC-III-06,ISRUC-III,318,3,318,train
ISRUC-III-06,ISRUC-III-06,ISRUC-III,319,3,319,train
ISRUC-III-06,ISRUC-III-06,ISRUC-III,320,3,320,train
ISRUC-III-06,ISRUC-III-06,ISRUC-III,321,2,321,train
ISRUC-III-06,ISRUC-III-06,ISRUC-III,322,2,322,train
ISRUC-III-06,ISRUC-III-06,ISRUC-III,323,2,323,train
ISRUC-III-06,ISRUC-III-06,ISRUC-III,324,2,324,train
ISRUC-III-06,ISRUC-III-06,ISRUC-III,325,2,325,train
ISRUC-III-06,ISRUC-III-06,ISRUC-III,326,2,326,train
ISRUC-III-06,ISRUC-III-06,ISRUC-III,327,2,327,train
ISRUC-III-06,ISRUC-III-06,ISRUC-III,328,2,328,train
ISRUC-III-06,ISRUC-III-06,ISRUC-III,329,2,329,train
ISRUC-III-06,ISRUC-III-06,ISRUC-III,330,3,330,train
ISRUC-III-06,ISRUC-III-06,ISRUC-III,331,3,331,train
ISRUC-III-06,ISRUC-III-06,ISRUC-III,332,3,332,train
ISRUC-III-06,ISRUC-III-06,ISRUC-III,333,3,333,train
ISRUC-III-06,ISRUC-III-06,ISRUC-III,334,3,334,train
ISRUC-III-06,ISRUC-III-06,ISRUC-III,335,3,335,train
ISRUC-III-06,ISRUC-III-06,ISRUC-III,336,3,336,train
ISRUC-III-06,ISRUC-III-06,ISRUC-III,337,2,337,train
ISRUC-III-06,ISRUC-III-06,ISRUC-III,338,2,338,train
ISRUC-III-06,ISRUC-III-06,ISRUC-III,339,2,339,train
ISRUC-III-06,ISRUC-III-06,ISRUC-III,340,3,340,train
ISRUC-III-06,ISRUC-III-06,ISRUC-III,341,2,341,train
ISRUC-III-06,ISRUC-III-06,ISRUC-III,342,2,342,train
ISRUC-III-06,ISRUC-III-06,ISRUC-III,343,2,343,train
ISRUC-III-06,ISRUC-III-06,ISRUC-III,344,2,344,train
ISRUC-III-06,ISRUC-III-06,ISRUC-III,345,3,345,train
ISRUC-III-06,ISRUC-III-06,ISRUC-III,346,3,346,train
ISRUC-III-06,ISRUC-III-06,ISRUC-III,347,3,347,train
ISRUC-III-06,ISRUC-III-06,ISRUC-III,348,3,348,train
ISRUC-III-06,ISRUC-III-06,ISRUC-III,349,3,349,train
ISRUC-III-06,ISRUC-III-06,ISRUC-III,350,3,350,train
ISRUC-III-06,ISRUC-III-06,ISRUC-III,351,3,351,train
ISRUC-III-06,ISRUC-III-06,ISRUC-III,352,3,352,train
ISRUC-III-06,ISRUC-III-06,ISRUC-III,353,3,353,train
ISRUC-III-06,ISRUC-III-06,ISRUC-III,354,3,354,train
ISRUC-III-06,ISRUC-III-06,ISRUC-III,355,3,355,train
ISRUC-III-06,ISRUC-III-06,ISRUC-III,356,3,356,train
ISRUC-III-06,ISRUC-III-06,ISRUC-III,357,3,357,train
ISRUC-III-06,ISRUC-III-06,ISRUC-III,358,3,358,train
ISRUC-III-06,ISRUC-III-06,ISRUC-III,359,3,359,train
ISRUC-III-06,ISRUC-III-06,ISRUC-III,360,3,360,train
ISRUC-III-06,ISRUC-III-06,ISRUC-III,361,2,361,train
ISRUC-III-06,ISRUC-III-06,ISRUC-III,362,2,362,train
ISRUC-III-06,ISRUC-III-06,ISRUC-III,363,2,363,train
ISRUC-III-06,ISRUC-III-06,ISRUC-III,364,2,364,train
ISRUC-III-06,ISRUC-III-06,ISRUC-III,365,2,365,train
ISRUC-III-06,ISRUC-III-06,ISRUC-III,366,3,366,train
ISRUC-III-06,ISRUC-III-06,ISRUC-III,367,3,367,train
ISRUC-III-06,ISRUC-III-06,ISRUC-III,368,2,368,train
ISRUC-III-06,ISRUC-III-06,ISRUC-III,369,0,369,train
ISRUC-III-06,ISRUC-III-06,ISRUC-III,370,0,370,train
ISRUC-III-06,ISRUC-III-06,ISRUC-III,371,1,371,train
ISRUC-III-06,ISRUC-III-06,ISRUC-III,372,2,372,train
ISRUC-III-06,ISRUC-III-06,ISRUC-III,373,1,373,train
ISRUC-III-06,ISRUC-III-06,ISRUC-III,374,2,374,train
ISRUC-III-06,ISRUC-III-06,ISRUC-III,375,2,375,train
ISRUC-III-06,ISRUC-III-06,ISRUC-III,376,0,376,train
ISRUC-III-06,ISRUC-III-06,ISRUC-III,377,2,377,train
ISRUC-III-06,ISRUC-III-06,ISRUC-III,378,0,378,train
ISRUC-III-06,ISRUC-III-06,ISRUC-III,379,1,379,train
ISRUC-III-06,ISRUC-III-06,ISRUC-III,380,2,380,train
ISRUC-III-06,ISRUC-III-06,ISRUC-III,381,2,381,train
ISRUC-III-06,ISRUC-III-06,ISRUC-III,382,1,382,train
ISRUC-III-06,ISRUC-III-06,ISRUC-III,383,2,383,train
ISRUC-III-06,ISRUC-III-06,ISRUC-III,384,2,384,train
ISRUC-III-06,ISRUC-III-06,ISRUC-III,385,4,385,train
ISRUC-III-06,ISRUC-III-06,ISRUC-III,386,1,386,train
ISRUC-III-06,ISRUC-III-06,ISRUC-III,387,1,387,train
ISRUC-III-06,ISRUC-III-06,ISRUC-III,388,1,388,train
ISRUC-III-06,ISRUC-III-06,ISRUC-III,389,1,389,train
ISRUC-III-06,ISRUC-III-06,ISRUC-III,390,1,390,train
ISRUC-III-06,ISRUC-III-06,ISRUC-III,391,1,391,train
ISRUC-III-06,ISRUC-III-06,ISRUC-III,392,1,392,train
ISRUC-III-06,ISRUC-III-06,ISRUC-III,393,1,393,train
ISRUC-III-06,ISRUC-III-06,ISRUC-III,394,1,394,train
ISRUC-III-06,ISRUC-III-06,ISRUC-III,395,4,395,train
ISRUC-III-06,ISRUC-III-06,ISRUC-III,396,4,396,train
ISRUC-III-06,ISRUC-III-06,ISRUC-III,397,4,397,train
ISRUC-III-06,ISRUC-III-06,ISRUC-III,398,4,398,train
ISRUC-III-06,ISRUC-III-06,ISRUC-III,399,4,399,train
ISRUC-III-06,ISRUC-III-06,ISRUC-III,400,4,400,train
ISRUC-III-06,ISRUC-III-06,ISRUC-III,401,4,401,train
ISRUC-III-06,ISRUC-III-06,ISRUC-III,402,4,402,train
ISRUC-III-06,ISRUC-III-06,ISRUC-III,403,4,403,train
ISRUC-III-06,ISRUC-III-06,ISRUC-III,404,4,404,train
ISRUC-III-06,ISRUC-III-06,ISRUC-III,405,4,405,train
ISRUC-III-06,ISRUC-III-06,ISRUC-III,406,1,406,train
ISRUC-III-06,ISRUC-III-06,ISRUC-III,407,4,407,train
ISRUC-III-06,ISRUC-III-06,ISRUC-III,408,4,408,train
ISRUC-III-06,ISRUC-III-06,ISRUC-III,409,4,409,train
ISRUC-III-06,ISRUC-III-06,ISRUC-III,410,1,410,train
ISRUC-III-06,ISRUC-III-06,ISRUC-III,411,0,411,train
ISRUC-III-06,ISRUC-III-06,ISRUC-III,412,0,412,train
ISRUC-III-06,ISRUC-III-06,ISRUC-III,413,1,413,train
ISRUC-III-06,ISRUC-III-06,ISRUC-III,414,1,414,train
ISRUC-III-06,ISRUC-III-06,ISRUC-III,415,1,415,train
ISRUC-III-06,ISRUC-III-06,ISRUC-III,416,0,416,train
ISRUC-III-06,ISRUC-III-06,ISRUC-III,417,1,417,train
ISRUC-III-06,ISRUC-III-06,ISRUC-III,418,0,418,train
ISRUC-III-06,ISRUC-III-06,ISRUC-III,419,1,419,train
ISRUC-III-06,ISRUC-III-06,ISRUC-III,420,2,420,train
ISRUC-III-06,ISRUC-III-06,ISRUC-III,421,2,421,train
ISRUC-III-06,ISRUC-III-06,ISRUC-III,422,1,422,train
ISRUC-III-06,ISRUC-III-06,ISRUC-III,423,0,423,train
ISRUC-III-06,ISRUC-III-06,ISRUC-III,424,1,424,train
ISRUC-III-06,ISRUC-III-06,ISRUC-III,425,1,425,train
ISRUC-III-06,ISRUC-III-06,ISRUC-III,426,1,426,train
ISRUC-III-06,ISRUC-III-06,ISRUC-III,427,1,427,train
ISRUC-III-06,ISRUC-III-06,ISRUC-III,428,1,428,train
ISRUC-III-06,ISRUC-III-06,ISRUC-III,429,2,429,train
ISRUC-III-06,ISRUC-III-06,ISRUC-III,430,1,430,train
ISRUC-III-06,ISRUC-III-06,ISRUC-III,431,2,431,train
ISRUC-III-06,ISRUC-III-06,ISRUC-III,432,0,432,train
ISRUC-III-06,ISRUC-III-06,ISRUC-III,433,1,433,train
ISRUC-III-06,ISRUC-III-06,ISRUC-III,434,1,434,train
ISRUC-III-06,ISRUC-III-06,ISRUC-III,435,1,435,train
ISRUC-III-06,ISRUC-III-06,ISRUC-III,436,2,436,train
ISRUC-III-06,ISRUC-III-06,ISRUC-III,437,1,437,train
ISRUC-III-06,ISRUC-III-06,ISRUC-III,438,2,438,train
ISRUC-III-06,ISRUC-III-06,ISRUC-III,439,2,439,train
ISRUC-III-06,ISRUC-III-06,ISRUC-III,440,1,440,train
ISRUC-III-06,ISRUC-III-06,ISRUC-III,441,2,441,train
ISRUC-III-06,ISRUC-III-06,ISRUC-III,442,2,442,train
ISRUC-III-06,ISRUC-III-06,ISRUC-III,443,2,443,train
ISRUC-III-06,ISRUC-III-06,ISRUC-III,444,0,444,train
ISRUC-III-06,ISRUC-III-06,ISRUC-III,445,1,445,train
ISRUC-III-06,ISRUC-III-06,ISRUC-III,446,0,446,train
ISRUC-III-06,ISRUC-III-06,ISRUC-III,447,1,447,train
ISRUC-III-06,ISRUC-III-06,ISRUC-III,448,0,448,train
ISRUC-III-06,ISRUC-III-06,ISRUC-III,449,0,449,train
ISRUC-III-06,ISRUC-III-06,ISRUC-III,450,1,450,train
ISRUC-III-06,ISRUC-III-06,ISRUC-III,451,0,451,train
ISRUC-III-06,ISRUC-III-06,ISRUC-III,452,1,452,train
ISRUC-III-06,ISRUC-III-06,ISRUC-III,453,0,453,train
ISRUC-III-06,ISRUC-III-06,ISRUC-III,454,1,454,train
ISRUC-III-06,ISRUC-III-06,ISRUC-III,455,0,455,train
ISRUC-III-06,ISRUC-III-06,ISRUC-III,456,1,456,train
ISRUC-III-06,ISRUC-III-06,ISRUC-III,457,0,457,train
ISRUC-III-06,ISRUC-III-06,ISRUC-III,458,0,458,train
ISRUC-III-06,ISRUC-III-06,ISRUC-III,459,0,459,train
ISRUC-III-06,ISRUC-III-06,ISRUC-III,460,1,460,train
ISRUC-III-06,ISRUC-III-06,ISRUC-III,461,1,461,train
ISRUC-III-06,ISRUC-III-06,ISRUC-III,462,2,462,train
ISRUC-III-06,ISRUC-III-06,ISRUC-III,463,2,463,train
ISRUC-III-06,ISRUC-III-06,ISRUC-III,464,2,464,train
ISRUC-III-06,ISRUC-III-06,ISRUC-III,465,2,465,train
ISRUC-III-06,ISRUC-III-06,ISRUC-III,466,2,466,train
ISRUC-III-06,ISRUC-III-06,ISRUC-III,467,2,467,train
ISRUC-III-06,ISRUC-III-06,ISRUC-III,468,2,468,train
ISRUC-III-06,ISRUC-III-06,ISRUC-III,469,2,469,train
ISRUC-III-06,ISRUC-III-06,ISRUC-III,470,2,470,train
ISRUC-III-06,ISRUC-III-06,ISRUC-III,471,2,471,train
ISRUC-III-06,ISRUC-III-06,ISRUC-III,472,2,472,train
ISRUC-III-06,ISRUC-III-06,ISRUC-III,473,2,473,train
ISRUC-III-06,ISRUC-III-06,ISRUC-III,474,2,474,train
ISRUC-III-06,ISRUC-III-06,ISRUC-III,475,2,475,train
ISRUC-III-06,ISRUC-III-06,ISRUC-III,476,2,476,train
ISRUC-III-06,ISRUC-III-06,ISRUC-III,477,2,477,train
ISRUC-III-06,ISRUC-III-06,ISRUC-III,478,2,478,train
ISRUC-III-06,ISRUC-III-06,ISRUC-III,479,2,479,train
ISRUC-III-06,ISRUC-III-06,ISRUC-III,480,2,480,train
ISRUC-III-06,ISRUC-III-06,ISRUC-III,481,2,481,train
ISRUC-III-06,ISRUC-III-06,ISRUC-III,482,2,482,train
ISRUC-III-06,ISRUC-III-06,ISRUC-III,483,2,483,train
ISRUC-III-06,ISRUC-III-06,ISRUC-III,484,2,484,train
ISRUC-III-06,ISRUC-III-06,ISRUC-III,485,2,485,train
ISRUC-III-06,ISRUC-III-06,ISRUC-III,486,3,486,train
ISRUC-III-06,ISRUC-III-06,ISRUC-III,487,3,487,train
ISRUC-III-06,ISRUC-III-06,ISRUC-III,488,3,488,train
ISRUC-III-06,ISRUC-III-06,ISRUC-III,489,3,489,train
ISRUC-III-06,ISRUC-III-06,ISRUC-III,490,3,490,train
ISRUC-III-06,ISRUC-III-06,ISRUC-III,491,3,491,train
ISRUC-III-06,ISRUC-III-06,ISRUC-III,492,3,492,train
ISRUC-III-06,ISRUC-III-06,ISRUC-III,493,3,493,train
ISRUC-III-06,ISRUC-III-06,ISRUC-III,494,3,494,train
ISRUC-III-06,ISRUC-III-06,ISRUC-III,495,3,495,train
ISRUC-III-06,ISRUC-III-06,ISRUC-III,496,3,496,train
ISRUC-III-06,ISRUC-III-06,ISRUC-III,497,3,497,train
ISRUC-III-06,ISRUC-III-06,ISRUC-III,498,3,498,train
ISRUC-III-06,ISRUC-III-06,ISRUC-III,499,2,499,train
ISRUC-III-06,ISRUC-III-06,ISRUC-III,500,2,500,train
ISRUC-III-06,ISRUC-III-06,ISRUC-III,501,2,501,train
ISRUC-III-06,ISRUC-III-06,ISRUC-III,502,2,502,train
ISRUC-III-06,ISRUC-III-06,ISRUC-III,503,2,503,train
ISRUC-III-06,ISRUC-III-06,ISRUC-III,504,2,504,train
ISRUC-III-06,ISRUC-III-06,ISRUC-III,505,2,505,train
ISRUC-III-06,ISRUC-III-06,ISRUC-III,506,3,506,train
ISRUC-III-06,ISRUC-III-06,ISRUC-III,507,3,507,train
ISRUC-III-06,ISRUC-III-06,ISRUC-III,508,3,508,train
ISRUC-III-06,ISRUC-III-06,ISRUC-III,509,3,509,train
ISRUC-III-06,ISRUC-III-06,ISRUC-III,510,3,510,train
ISRUC-III-06,ISRUC-III-06,ISRUC-III,511,3,511,train
ISRUC-III-06,ISRUC-III-06,ISRUC-III,512,3,512,train
ISRUC-III-06,ISRUC-III-06,ISRUC-III,513,3,513,train
ISRUC-III-06,ISRUC-III-06,ISRUC-III,514,3,514,train
ISRUC-III-06,ISRUC-III-06,ISRUC-III,515,3,515,train
ISRUC-III-06,ISRUC-III-06,ISRUC-III,516,3,516,train
ISRUC-III-06,ISRUC-III-06,ISRUC-III,517,3,517,train
ISRUC-III-06,ISRUC-III-06,ISRUC-III,518,3,518,train
ISRUC-III-06,ISRUC-III-06,ISRUC-III,519,3,519,train
ISRUC-III-06,ISRUC-III-06,ISRUC-III,520,3,520,train
ISRUC-III-06,ISRUC-III-06,ISRUC-III,521,3,521,train
ISRUC-III-06,ISRUC-III-06,ISRUC-III,522,3,522,train
ISRUC-III-06,ISRUC-III-06,ISRUC-III,523,3,523,train
ISRUC-III-06,ISRUC-III-06,ISRUC-III,524,3,524,train
ISRUC-III-06,ISRUC-III-06,ISRUC-III,525,3,525,train
ISRUC-III-06,ISRUC-III-06,ISRUC-III,526,3,526,train
ISRUC-III-06,ISRUC-III-06,ISRUC-III,527,3,527,train
ISRUC-III-06,ISRUC-III-06,ISRUC-III,528,3,528,train
ISRUC-III-06,ISRUC-III-06,ISRUC-III,529,3,529,train
ISRUC-III-06,ISRUC-III-06,ISRUC-III,530,3,530,train
ISRUC-III-06,ISRUC-III-06,ISRUC-III,531,3,531,train
ISRUC-III-06,ISRUC-III-06,ISRUC-III,532,3,532,train
ISRUC-III-06,ISRUC-III-06,ISRUC-III,533,3,533,train
ISRUC-III-06,ISRUC-III-06,ISRUC-III,534,3,534,train
ISRUC-III-06,ISRUC-III-06,ISRUC-III,535,3,535,train
ISRUC-III-06,ISRUC-III-06,ISRUC-III,536,3,536,train
ISRUC-III-06,ISRUC-III-06,ISRUC-III,537,3,537,train
ISRUC-III-06,ISRUC-III-06,ISRUC-III,538,3,538,train
ISRUC-III-06,ISRUC-III-06,ISRUC-III,539,3,539,train
ISRUC-III-06,ISRUC-III-06,ISRUC-III,540,3,540,train
ISRUC-III-06,ISRUC-III-06,ISRUC-III,541,3,541,train
ISRUC-III-06,ISRUC-III-06,ISRUC-III,542,3,542,train
ISRUC-III-06,ISRUC-III-06,ISRUC-III,543,3,543,train
ISRUC-III-06,ISRUC-III-06,ISRUC-III,544,3,544,train
ISRUC-III-06,ISRUC-III-06,ISRUC-III,545,3,545,train
ISRUC-III-06,ISRUC-III-06,ISRUC-III,546,3,546,train
ISRUC-III-06,ISRUC-III-06,ISRUC-III,547,3,547,train
ISRUC-III-06,ISRUC-III-06,ISRUC-III,548,3,548,train
ISRUC-III-06,ISRUC-III-06,ISRUC-III,549,3,549,train
ISRUC-III-06,ISRUC-III-06,ISRUC-III,550,3,550,train
ISRUC-III-06,ISRUC-III-06,ISRUC-III,551,3,551,train
ISRUC-III-06,ISRUC-III-06,ISRUC-III,552,3,552,train
ISRUC-III-06,ISRUC-III-06,ISRUC-III,553,3,553,train
ISRUC-III-06,ISRUC-III-06,ISRUC-III,554,3,554,train
ISRUC-III-06,ISRUC-III-06,ISRUC-III,555,3,555,train
ISRUC-III-06,ISRUC-III-06,ISRUC-III,556,3,556,train
ISRUC-III-06,ISRUC-III-06,ISRUC-III,557,3,557,train
ISRUC-III-06,ISRUC-III-06,ISRUC-III,558,3,558,train
ISRUC-III-06,ISRUC-III-06,ISRUC-III,559,3,559,train
ISRUC-III-06,ISRUC-III-06,ISRUC-III,560,3,560,train
ISRUC-III-06,ISRUC-III-06,ISRUC-III,561,3,561,train
ISRUC-III-06,ISRUC-III-06,ISRUC-III,562,3,562,train
ISRUC-III-06,ISRUC-III-06,ISRUC-III,563,3,563,train
ISRUC-III-06,ISRUC-III-06,ISRUC-III,564,3,564,train
ISRUC-III-06,ISRUC-III-06,ISRUC-III,565,3,565,train
ISRUC-III-06,ISRUC-III-06,ISRUC-III,566,3,566,train
ISRUC-III-06,ISRUC-III-06,ISRUC-III,567,3,567,train
ISRUC-III-06,ISRUC-III-06,ISRUC-III,568,3,568,train
ISRUC-III-06,ISRUC-III-06,ISRUC-III,569,3,569,train
ISRUC-III-06,ISRUC-III-06,ISRUC-III,570,3,570,train
ISRUC-III-06,ISRUC-III-06,ISRUC-III,571,3,571,train
ISRUC-III-06,ISRUC-III-06,ISRUC-III,572,3,572,train
ISRUC-III-06,ISRUC-III-06,ISRUC-III,573,3,573,train
ISRUC-III-06,ISRUC-III-06,ISRUC-III,574,3,574,train
ISRUC-III-06,ISRUC-III-06,ISRUC-III,575,3,575,train
ISRUC-III-06,ISRUC-III-06,ISRUC-III,576,3,576,train
ISRUC-III-06,ISRUC-III-06,ISRUC-III,577,3,577,train
ISRUC-III-06,ISRUC-III-06,ISRUC-III,578,3,578,train
ISRUC-III-06,ISRUC-III-06,ISRUC-III,579,3,579,train
ISRUC-III-06,ISRUC-III-06,ISRUC-III,580,3,580,train
ISRUC-III-06,ISRUC-III-06,ISRUC-III,581,3,581,train
ISRUC-III-06,ISRUC-III-06,ISRUC-III,582,3,582,train
ISRUC-III-06,ISRUC-III-06,ISRUC-III,583,3,583,train
ISRUC-III-06,ISRUC-III-06,ISRUC-III,584,2,584,train
ISRUC-III-06,ISRUC-III-06,ISRUC-III,585,4,585,train
ISRUC-III-06,ISRUC-III-06,ISRUC-III,586,4,586,train
ISRUC-III-06,ISRUC-III-06,ISRUC-III,587,4,587,train
ISRUC-III-06,ISRUC-III-06,ISRUC-III,588,4,588,train
ISRUC-III-06,ISRUC-III-06,ISRUC-III,589,1,589,train
ISRUC-III-06,ISRUC-III-06,ISRUC-III,590,4,590,train
ISRUC-III-06,ISRUC-III-06,ISRUC-III,591,4,591,train
ISRUC-III-06,ISRUC-III-06,ISRUC-III,592,4,592,train
ISRUC-III-06,ISRUC-III-06,ISRUC-III,593,4,593,train
ISRUC-III-06,ISRUC-III-06,ISRUC-III,594,0,594,train
ISRUC-III-06,ISRUC-III-06,ISRUC-III,595,1,595,train
ISRUC-III-06,ISRUC-III-06,ISRUC-III,596,1,596,train
ISRUC-III-06,ISRUC-III-06,ISRUC-III,597,1,597,train
ISRUC-III-06,ISRUC-III-06,ISRUC-III,598,1,598,train
ISRUC-III-06,ISRUC-III-06,ISRUC-III,599,1,599,train
ISRUC-III-06,ISRUC-III-06,ISRUC-III,600,1,600,train
ISRUC-III-06,ISRUC-III-06,ISRUC-III,601,1,601,train
ISRUC-III-06,ISRUC-III-06,ISRUC-III,602,1,602,train
ISRUC-III-06,ISRUC-III-06,ISRUC-III,603,1,603,train
ISRUC-III-06,ISRUC-III-06,ISRUC-III,604,1,604,train
ISRUC-III-06,ISRUC-III-06,ISRUC-III,605,1,605,train
ISRUC-III-06,ISRUC-III-06,ISRUC-III,606,1,606,train
ISRUC-III-06,ISRUC-III-06,ISRUC-III,607,2,607,train
ISRUC-III-06,ISRUC-III-06,ISRUC-III,608,1,608,train
ISRUC-III-06,ISRUC-III-06,ISRUC-III,609,1,609,train
ISRUC-III-06,ISRUC-III-06,ISRUC-III,610,1,610,train
ISRUC-III-06,ISRUC-III-06,ISRUC-III,611,1,611,train
ISRUC-III-06,ISRUC-III-06,ISRUC-III,612,0,612,train
ISRUC-III-06,ISRUC-III-06,ISRUC-III,613,2,613,train
ISRUC-III-06,ISRUC-III-06,ISRUC-III,614,1,614,train
ISRUC-III-06,ISRUC-III-06,ISRUC-III,615,1,615,train
ISRUC-III-06,ISRUC-III-06,ISRUC-III,616,0,616,train
ISRUC-III-06,ISRUC-III-06,ISRUC-III,617,1,617,train
ISRUC-III-06,ISRUC-III-06,ISRUC-III,618,2,618,train
ISRUC-III-06,ISRUC-III-06,ISRUC-III,619,2,619,train
ISRUC-III-06,ISRUC-III-06,ISRUC-III,620,1,620,train
ISRUC-III-06,ISRUC-III-06,ISRUC-III,621,1,621,train
ISRUC-III-06,ISRUC-III-06,ISRUC-III,622,2,622,train
ISRUC-III-06,ISRUC-III-06,ISRUC-III,623,1,623,train
ISRUC-III-06,ISRUC-III-06,ISRUC-III,624,2,624,train
ISRUC-III-06,ISRUC-III-06,ISRUC-III,625,2,625,train
ISRUC-III-06,ISRUC-III-06,ISRUC-III,626,2,626,train
ISRUC-III-06,ISRUC-III-06,ISRUC-III,627,2,627,train
ISRUC-III-06,ISRUC-III-06,ISRUC-III,628,2,628,train
ISRUC-III-06,ISRUC-III-06,ISRUC-III,629,2,629,train
ISRUC-III-06,ISRUC-III-06,ISRUC-III,630,2,630,train
ISRUC-III-06,ISRUC-III-06,ISRUC-III,631,2,631,train
ISRUC-III-06,ISRUC-III-06,ISRUC-III,632,2,632,train
ISRUC-III-06,ISRUC-III-06,ISRUC-III,633,2,633,train
ISRUC-III-06,ISRUC-III-06,ISRUC-III,634,2,634,train
ISRUC-III-06,ISRUC-III-06,ISRUC-III,635,2,635,train
ISRUC-III-06,ISRUC-III-06,ISRUC-III,636,0,636,train
ISRUC-III-06,ISRUC-III-06,ISRUC-III,637,0,637,train
ISRUC-III-06,ISRUC-III-06,ISRUC-III,638,0,638,train
ISRUC-III-06,ISRUC-III-06,ISRUC-III,639,0,639,train
ISRUC-III-06,ISRUC-III-06,ISRUC-III,640,1,640,train
ISRUC-III-06,ISRUC-III-06,ISRUC-III,641,1,641,train
ISRUC-III-06,ISRUC-III-06,ISRUC-III,642,0,642,train
ISRUC-III-06,ISRUC-III-06,ISRUC-III,643,1,643,train
ISRUC-III-06,ISRUC-III-06,ISRUC-III,644,2,644,train
ISRUC-III-06,ISRUC-III-06,ISRUC-III,645,2,645,train
ISRUC-III-06,ISRUC-III-06,ISRUC-III,646,2,646,train
ISRUC-III-06,ISRUC-III-06,ISRUC-III,647,2,647,train
ISRUC-III-06,ISRUC-III-06,ISRUC-III,648,2,648,train
ISRUC-III-06,ISRUC-III-06,ISRUC-III,649,2,649,train
ISRUC-III-06,ISRUC-III-06,ISRUC-III,650,2,650,train
ISRUC-III-06,ISRUC-III-06,ISRUC-III,651,2,651,train
ISRUC-III-06,ISRUC-III-06,ISRUC-III,652,2,652,train
ISRUC-III-06,ISRUC-III-06,ISRUC-III,653,2,653,train
ISRUC-III-06,ISRUC-III-06,ISRUC-III,654,2,654,train
ISRUC-III-06,ISRUC-III-06,ISRUC-III,655,2,655,train
ISRUC-III-06,ISRUC-III-06,ISRUC-III,656,2,656,train
ISRUC-III-06,ISRUC-III-06,ISRUC-III,657,0,657,train
ISRUC-III-06,ISRUC-III-06,ISRUC-III,658,1,658,train
ISRUC-III-06,ISRUC-III-06,ISRUC-III,659,1,659,train
ISRUC-III-06,ISRUC-III-06,ISRUC-III,660,2,660,train
ISRUC-III-06,ISRUC-III-06,ISRUC-III,661,2,661,train
ISRUC-III-06,ISRUC-III-06,ISRUC-III,662,2,662,train
ISRUC-III-06,ISRUC-III-06,ISRUC-III,663,2,663,train
ISRUC-III-06,ISRUC-III-06,ISRUC-III,664,2,664,train
ISRUC-III-06,ISRUC-III-06,ISRUC-III,665,2,665,train
ISRUC-III-06,ISRUC-III-06,ISRUC-III,666,2,666,train
ISRUC-III-06,ISRUC-III-06,ISRUC-III,667,2,667,train
ISRUC-III-06,ISRUC-III-06,ISRUC-III,668,2,668,train
ISRUC-III-06,ISRUC-III-06,ISRUC-III,669,2,669,train
ISRUC-III-06,ISRUC-III-06,ISRUC-III,670,2,670,train
ISRUC-III-06,ISRUC-III-06,ISRUC-III,671,2,671,train
ISRUC-III-06,ISRUC-III-06,ISRUC-III,672,2,672,train
ISRUC-III-06,ISRUC-III-06,ISRUC-III,673,2,673,train
ISRUC-III-06,ISRUC-III-06,ISRUC-III,674,2,674,train
ISRUC-III-06,ISRUC-III-06,ISRUC-III,675,1,675,train
ISRUC-III-06,ISRUC-III-06,ISRUC-III,676,2,676,train
ISRUC-III-06,ISRUC-III-06,ISRUC-III,677,2,677,train
ISRUC-III-06,ISRUC-III-06,ISRUC-III,678,2,678,train
ISRUC-III-06,ISRUC-III-06,ISRUC-III,679,2,679,train
ISRUC-III-06,ISRUC-III-06,ISRUC-III,680,2,680,train
ISRUC-III-06,ISRUC-III-06,ISRUC-III,681,2,681,train
ISRUC-III-06,ISRUC-III-06,ISRUC-III,682,2,682,train
ISRUC-III-06,ISRUC-III-06,ISRUC-III,683,2,683,train
ISRUC-III-06,ISRUC-III-06,ISRUC-III,684,1,684,train
ISRUC-III-06,ISRUC-III-06,ISRUC-III,685,4,685,train
ISRUC-III-06,ISRUC-III-06,ISRUC-III,686,4,686,train
ISRUC-III-06,ISRUC-III-06,ISRUC-III,687,4,687,train
ISRUC-III-06,ISRUC-III-06,ISRUC-III,688,4,688,train
ISRUC-III-06,ISRUC-III-06,ISRUC-III,689,4,689,train
ISRUC-III-06,ISRUC-III-06,ISRUC-III,690,4,690,train
ISRUC-III-06,ISRUC-III-06,ISRUC-III,691,4,691,train
ISRUC-III-06,ISRUC-III-06,ISRUC-III,692,4,692,train
ISRUC-III-06,ISRUC-III-06,ISRUC-III,693,4,693,train
ISRUC-III-06,ISRUC-III-06,ISRUC-III,694,4,694,train
ISRUC-III-06,ISRUC-III-06,ISRUC-III,695,4,695,train
ISRUC-III-06,ISRUC-III-06,ISRUC-III,696,1,696,train
ISRUC-III-06,ISRUC-III-06,ISRUC-III,697,0,697,train
ISRUC-III-06,ISRUC-III-06,ISRUC-III,698,1,698,train
ISRUC-III-06,ISRUC-III-06,ISRUC-III,699,1,699,train
ISRUC-III-06,ISRUC-III-06,ISRUC-III,700,1,700,train
ISRUC-III-06,ISRUC-III-06,ISRUC-III,701,1,701,train
ISRUC-III-06,ISRUC-III-06,ISRUC-III,702,1,702,train
ISRUC-III-06,ISRUC-III-06,ISRUC-III,703,4,703,train
ISRUC-III-06,ISRUC-III-06,ISRUC-III,704,4,704,train
ISRUC-III-06,ISRUC-III-06,ISRUC-III,705,4,705,train
ISRUC-III-06,ISRUC-III-06,ISRUC-III,706,1,706,train
ISRUC-III-06,ISRUC-III-06,ISRUC-III,707,4,707,train
ISRUC-III-06,ISRUC-III-06,ISRUC-III,708,1,708,train
ISRUC-III-06,ISRUC-III-06,ISRUC-III,709,1,709,train
ISRUC-III-06,ISRUC-III-06,ISRUC-III,710,1,710,train
ISRUC-III-06,ISRUC-III-06,ISRUC-III,711,1,711,train
ISRUC-III-06,ISRUC-III-06,ISRUC-III,712,1,712,train
ISRUC-III-06,ISRUC-III-06,ISRUC-III,713,1,713,train
ISRUC-III-06,ISRUC-III-06,ISRUC-III,714,1,714,train
ISRUC-III-06,ISRUC-III-06,ISRUC-III,715,2,715,train
ISRUC-III-06,ISRUC-III-06,ISRUC-III,716,2,716,train
ISRUC-III-06,ISRUC-III-06,ISRUC-III,717,1,717,train
ISRUC-III-06,ISRUC-III-06,ISRUC-III,718,1,718,train
ISRUC-III-06,ISRUC-III-06,ISRUC-III,719,1,719,train
ISRUC-III-06,ISRUC-III-06,ISRUC-III,720,1,720,train
ISRUC-III-06,ISRUC-III-06,ISRUC-III,721,1,721,train
ISRUC-III-06,ISRUC-III-06,ISRUC-III,722,1,722,train
ISRUC-III-06,ISRUC-III-06,ISRUC-III,723,4,723,train
ISRUC-III-06,ISRUC-III-06,ISRUC-III,724,1,724,train
ISRUC-III-06,ISRUC-III-06,ISRUC-III,725,4,725,train
ISRUC-III-06,ISRUC-III-06,ISRUC-III,726,4,726,train
ISRUC-III-06,ISRUC-III-06,ISRUC-III,727,4,727,train
ISRUC-III-06,ISRUC-III-06,ISRUC-III,728,4,728,train
ISRUC-III-06,ISRUC-III-06,ISRUC-III,729,4,729,train
ISRUC-III-06,ISRUC-III-06,ISRUC-III,730,4,730,train
ISRUC-III-06,ISRUC-III-06,ISRUC-III,731,4,731,train
ISRUC-III-06,ISRUC-III-06,ISRUC-III,732,4,732,train
ISRUC-III-06,ISRUC-III-06,ISRUC-III,733,1,733,train
ISRUC-III-06,ISRUC-III-06,ISRUC-III,734,1,734,train
ISRUC-III-06,ISRUC-III-06,ISRUC-III,735,1,735,train
ISRUC-III-06,ISRUC-III-06,ISRUC-III,736,4,736,train
ISRUC-III-06,ISRUC-III-06,ISRUC-III,737,4,737,train
ISRUC-III-06,ISRUC-III-06,ISRUC-III,738,4,738,train
ISRUC-III-06,ISRUC-III-06,ISRUC-III,739,4,739,train
ISRUC-III-06,ISRUC-III-06,ISRUC-III,740,4,740,train
ISRUC-III-06,ISRUC-III-06,ISRUC-III,741,4,741,train
ISRUC-III-06,ISRUC-III-06,ISRUC-III,742,4,742,train
ISRUC-III-06,ISRUC-III-06,ISRUC-III,743,4,743,train
ISRUC-III-06,ISRUC-III-06,ISRUC-III,744,4,744,train
ISRUC-III-06,ISRUC-III-06,ISRUC-III,745,4,745,train
ISRUC-III-06,ISRUC-III-06,ISRUC-III,746,4,746,train
ISRUC-III-06,ISRUC-III-06,ISRUC-III,747,4,747,train
ISRUC-III-06,ISRUC-III-06,ISRUC-III,748,4,748,train
ISRUC-III-06,ISRUC-III-06,ISRUC-III,749,4,749,train
ISRUC-III-06,ISRUC-III-06,ISRUC-III,750,4,750,train
ISRUC-III-06,ISRUC-III-06,ISRUC-III,751,4,751,train
ISRUC-III-06,ISRUC-III-06,ISRUC-III,752,4,752,train
ISRUC-III-06,ISRUC-III-06,ISRUC-III,753,1,753,train
ISRUC-III-06,ISRUC-III-06,ISRUC-III,754,4,754,train
ISRUC-III-06,ISRUC-III-06,ISRUC-III,755,4,755,train
ISRUC-III-06,ISRUC-III-06,ISRUC-III,756,4,756,train
ISRUC-III-06,ISRUC-III-06,ISRUC-III,757,1,757,train
ISRUC-III-06,ISRUC-III-06,ISRUC-III,758,1,758,train
ISRUC-III-06,ISRUC-III-06,ISRUC-III,759,1,759,train
ISRUC-III-06,ISRUC-III-06,ISRUC-III,760,1,760,train
ISRUC-III-06,ISRUC-III-06,ISRUC-III,761,4,761,train
ISRUC-III-06,ISRUC-III-06,ISRUC-III,762,1,762,train
ISRUC-III-06,ISRUC-III-06,ISRUC-III,763,4,763,train
ISRUC-III-06,ISRUC-III-06,ISRUC-III,764,4,764,train
ISRUC-III-06,ISRUC-III-06,ISRUC-III,765,4,765,train
ISRUC-III-06,ISRUC-III-06,ISRUC-III,766,4,766,train
ISRUC-III-06,ISRUC-III-06,ISRUC-III,767,1,767,train
ISRUC-III-06,ISRUC-III-06,ISRUC-III,768,1,768,train
ISRUC-III-06,ISRUC-III-06,ISRUC-III,769,1,769,train
ISRUC-III-06,ISRUC-III-06,ISRUC-III,770,1,770,train
ISRUC-III-06,ISRUC-III-06,ISRUC-III,771,4,771,train
ISRUC-III-06,ISRUC-III-06,ISRUC-III,772,1,772,train
ISRUC-III-06,ISRUC-III-06,ISRUC-III,773,1,773,train
ISRUC-III-06,ISRUC-III-06,ISRUC-III,774,2,774,train
ISRUC-III-06,ISRUC-III-06,ISRUC-III,775,2,775,train
ISRUC-III-06,ISRUC-III-06,ISRUC-III,776,4,776,train
ISRUC-III-06,ISRUC-III-06,ISRUC-III,777,4,777,train
ISRUC-III-06,ISRUC-III-06,ISRUC-III,778,4,778,train
ISRUC-III-06,ISRUC-III-06,ISRUC-III,779,1,779,train
ISRUC-III-06,ISRUC-III-06,ISRUC-III,780,1,780,train
ISRUC-III-06,ISRUC-III-06,ISRUC-III,781,1,781,train
ISRUC-III-06,ISRUC-III-06,ISRUC-III,782,1,782,train
ISRUC-III-06,ISRUC-III-06,ISRUC-III,783,4,783,train
ISRUC-III-06,ISRUC-III-06,ISRUC-III,784,4,784,train
ISRUC-III-06,ISRUC-III-06,ISRUC-III,785,4,785,train
ISRUC-III-06,ISRUC-III-06,ISRUC-III,786,4,786,train
ISRUC-III-06,ISRUC-III-06,ISRUC-III,787,1,787,train
ISRUC-III-06,ISRUC-III-06,ISRUC-III,788,1,788,train
ISRUC-III-06,ISRUC-III-06,ISRUC-III,789,2,789,train
ISRUC-III-06,ISRUC-III-06,ISRUC-III,790,2,790,train
ISRUC-III-06,ISRUC-III-06,ISRUC-III,791,2,791,train
ISRUC-III-06,ISRUC-III-06,ISRUC-III,792,2,792,train
ISRUC-III-06,ISRUC-III-06,ISRUC-III,793,2,793,train
ISRUC-III-06,ISRUC-III-06,ISRUC-III,794,2,794,train
ISRUC-III-06,ISRUC-III-06,ISRUC-III,795,2,795,train
ISRUC-III-06,ISRUC-III-06,ISRUC-III,796,2,796,train
ISRUC-III-06,ISRUC-III-06,ISRUC-III,797,2,797,train
ISRUC-III-06,ISRUC-III-06,ISRUC-III,798,2,798,train
ISRUC-III-06,ISRUC-III-06,ISRUC-III,799,2,799,train
ISRUC-III-06,ISRUC-III-06,ISRUC-III,800,2,800,train
ISRUC-III-06,ISRUC-III-06,ISRUC-III,801,2,801,train
ISRUC-III-06,ISRUC-III-06,ISRUC-III,802,2,802,train
ISRUC-III-06,ISRUC-III-06,ISRUC-III,803,2,803,train
ISRUC-III-06,ISRUC-III-06,ISRUC-III,804,2,804,train
ISRUC-III-06,ISRUC-III-06,ISRUC-III,805,2,805,train
ISRUC-III-06,ISRUC-III-06,ISRUC-III,806,2,806,train
ISRUC-III-06,ISRUC-III-06,ISRUC-III,807,2,807,train
ISRUC-III-06,ISRUC-III-06,ISRUC-III,808,2,808,train
ISRUC-III-06,ISRUC-III-06,ISRUC-III,809,0,809,train
ISRUC-III-06,ISRUC-III-06,ISRUC-III,810,0,810,train
ISRUC-III-06,ISRUC-III-06,ISRUC-III,811,0,811,train
ISRUC-III-06,ISRUC-III-06,ISRUC-III,812,1,812,train
ISRUC-III-06,ISRUC-III-06,ISRUC-III,813,1,813,train
ISRUC-III-06,ISRUC-III-06,ISRUC-III,814,2,814,train
ISRUC-III-06,ISRUC-III-06,ISRUC-III,815,2,815,train
ISRUC-III-06,ISRUC-III-06,ISRUC-III,816,1,816,train
ISRUC-III-06,ISRUC-III-06,ISRUC-III,817,2,817,train
ISRUC-III-06,ISRUC-III-06,ISRUC-III,818,2,818,train
ISRUC-III-06,ISRUC-III-06,ISRUC-III,819,2,819,train
ISRUC-III-06,ISRUC-III-06,ISRUC-III,820,2,820,train
ISRUC-III-06,ISRUC-III-06,ISRUC-III,821,1,821,train
ISRUC-III-06,ISRUC-III-06,ISRUC-III,822,2,822,train
ISRUC-III-07,ISRUC-III-07,ISRUC-III,0,0,0,train
ISRUC-III-07,ISRUC-III-07,ISRUC-III,1,0,1,train
ISRUC-III-07,ISRUC-III-07,ISRUC-III,2,0,2,train
ISRUC-III-07,ISRUC-III-07,ISRUC-III,3,0,3,train
ISRUC-III-07,ISRUC-III-07,ISRUC-III,4,0,4,train
ISRUC-III-07,ISRUC-III-07,ISRUC-III,5,0,5,train
ISRUC-III-07,ISRUC-III-07,ISRUC-III,6,0,6,train
ISRUC-III-07,ISRUC-III-07,ISRUC-III,7,0,7,train
ISRUC-III-07,ISRUC-III-07,ISRUC-III,8,0,8,train
ISRUC-III-07,ISRUC-III-07,ISRUC-III,9,0,9,train
ISRUC-III-07,ISRUC-III-07,ISRUC-III,10,0,10,train
ISRUC-III-07,ISRUC-III-07,ISRUC-III,11,0,11,train
ISRUC-III-07,ISRUC-III-07,ISRUC-III,12,0,12,train
ISRUC-III-07,ISRUC-III-07,ISRUC-III,13,0,13,train
ISRUC-III-07,ISRUC-III-07,ISRUC-III,14,0,14,train
ISRUC-III-07,ISRUC-III-07,ISRUC-III,15,0,15,train
ISRUC-III-07,ISRUC-III-07,ISRUC-III,16,0,16,train
ISRUC-III-07,ISRUC-III-07,ISRUC-III,17,0,17,train
ISRUC-III-07,ISRUC-III-07,ISRUC-III,18,0,18,train
ISRUC-III-07,ISRUC-III-07,ISRUC-III,19,0,19,train
ISRUC-III-07,ISRUC-III-07,ISRUC-III,20,0,20,train
ISRUC-III-07,ISRUC-III-07,ISRUC-III,21,0,21,train
ISRUC-III-07,ISRUC-III-07,ISRUC-III,22,0,22,train
ISRUC-III-07,ISRUC-III-07,ISRUC-III,23,0,23,train
ISRUC-III-07,ISRUC-III-07,ISRUC-III,24,0,24,train
ISRUC-III-07,ISRUC-III-07,ISRUC-III,25,0,25,train
ISRUC-III-07,ISRUC-III-07,ISRUC-III,26,0,26,train
ISRUC-III-07,ISRUC-III-07,ISRUC-III,27,0,27,train
ISRUC-III-07,ISRUC-III-07,ISRUC-III,28,0,28,train
ISRUC-III-07,ISRUC-III-07,ISRUC-III,29,0,29,train
ISRUC-III-07,ISRUC-III-07,ISRUC-III,30,0,30,train
ISRUC-III-07,ISRUC-III-07,ISRUC-III,31,0,31,train
ISRUC-III-07,ISRUC-III-07,ISRUC-III,32,0,32,train
ISRUC-III-07,ISRUC-III-07,ISRUC-III,33,0,33,train
ISRUC-III-07,ISRUC-III-07,ISRUC-III,34,0,34,train
ISRUC-III-07,ISRUC-III-07,ISRUC-III,35,0,35,train
ISRUC-III-07,ISRUC-III-07,ISRUC-III,36,0,36,train
ISRUC-III-07,ISRUC-III-07,ISRUC-III,37,0,37,train
ISRUC-III-07,ISRUC-III-07,ISRUC-III,38,0,38,train
ISRUC-III-07,ISRUC-III-07,ISRUC-III,39,0,39,train
ISRUC-III-07,ISRUC-III-07,ISRUC-III,40,1,40,train
ISRUC-III-07,ISRUC-III-07,ISRUC-III,41,0,41,train
ISRUC-III-07,ISRUC-III-07,ISRUC-III,42,0,42,train
ISRUC-III-07,ISRUC-III-07,ISRUC-III,43,0,43,train
ISRUC-III-07,ISRUC-III-07,ISRUC-III,44,0,44,train
ISRUC-III-07,ISRUC-III-07,ISRUC-III,45,0,45,train
ISRUC-III-07,ISRUC-III-07,ISRUC-III,46,0,46,train
ISRUC-III-07,ISRUC-III-07,ISRUC-III,47,0,47,train
ISRUC-III-07,ISRUC-III-07,ISRUC-III,48,1,48,train
ISRUC-III-07,ISRUC-III-07,ISRUC-III,49,0,49,train
ISRUC-III-07,ISRUC-III-07,ISRUC-III,50,0,50,train
ISRUC-III-07,ISRUC-III-07,ISRUC-III,51,1,51,train
ISRUC-III-07,ISRUC-III-07,ISRUC-III,52,0,52,train
ISRUC-III-07,ISRUC-III-07,ISRUC-III,53,1,53,train
ISRUC-III-07,ISRUC-III-07,ISRUC-III,54,0,54,train
ISRUC-III-07,ISRUC-III-07,ISRUC-III,55,0,55,train
ISRUC-III-07,ISRUC-III-07,ISRUC-III,56,1,56,train
ISRUC-III-07,ISRUC-III-07,ISRUC-III,57,1,57,train
ISRUC-III-07,ISRUC-III-07,ISRUC-III,58,0,58,train
ISRUC-III-07,ISRUC-III-07,ISRUC-III,59,0,59,train
ISRUC-III-07,ISRUC-III-07,ISRUC-III,60,0,60,train
ISRUC-III-07,ISRUC-III-07,ISRUC-III,61,0,61,train
ISRUC-III-07,ISRUC-III-07,ISRUC-III,62,0,62,train
ISRUC-III-07,ISRUC-III-07,ISRUC-III,63,0,63,train
ISRUC-III-07,ISRUC-III-07,ISRUC-III,64,0,64,train
ISRUC-III-07,ISRUC-III-07,ISRUC-III,65,0,65,train
ISRUC-III-07,ISRUC-III-07,ISRUC-III,66,0,66,train
ISRUC-III-07,ISRUC-III-07,ISRUC-III,67,0,67,train
ISRUC-III-07,ISRUC-III-07,ISRUC-III,68,0,68,train
ISRUC-III-07,ISRUC-III-07,ISRUC-III,69,0,69,train
ISRUC-III-07,ISRUC-III-07,ISRUC-III,70,0,70,train
ISRUC-III-07,ISRUC-III-07,ISRUC-III,71,0,71,train
ISRUC-III-07,ISRUC-III-07,ISRUC-III,72,0,72,train
ISRUC-III-07,ISRUC-III-07,ISRUC-III,73,1,73,train
ISRUC-III-07,ISRUC-III-07,ISRUC-III,74,0,74,train
ISRUC-III-07,ISRUC-III-07,ISRUC-III,75,0,75,train
ISRUC-III-07,ISRUC-III-07,ISRUC-III,76,1,76,train
ISRUC-III-07,ISRUC-III-07,ISRUC-III,77,0,77,train
ISRUC-III-07,ISRUC-III-07,ISRUC-III,78,0,78,train
ISRUC-III-07,ISRUC-III-07,ISRUC-III,79,0,79,train
ISRUC-III-07,ISRUC-III-07,ISRUC-III,80,0,80,train
ISRUC-III-07,ISRUC-III-07,ISRUC-III,81,0,81,train
ISRUC-III-07,ISRUC-III-07,ISRUC-III,82,0,82,train
ISRUC-III-07,ISRUC-III-07,ISRUC-III,83,0,83,train
ISRUC-III-07,ISRUC-III-07,ISRUC-III,84,1,84,train
ISRUC-III-07,ISRUC-III-07,ISRUC-III,85,0,85,train
ISRUC-III-07,ISRUC-III-07,ISRUC-III,86,0,86,train
ISRUC-III-07,ISRUC-III-07,ISRUC-III,87,0,87,train
ISRUC-III-07,ISRUC-III-07,ISRUC-III,88,0,88,train
ISRUC-III-07,ISRUC-III-07,ISRUC-III,89,0,89,train
ISRUC-III-07,ISRUC-III-07,ISRUC-III,90,0,90,train
ISRUC-III-07,ISRUC-III-07,ISRUC-III,91,0,91,train
ISRUC-III-07,ISRUC-III-07,ISRUC-III,92,0,92,train
ISRUC-III-07,ISRUC-III-07,ISRUC-III,93,0,93,train
ISRUC-III-07,ISRUC-III-07,ISRUC-III,94,2,94,train
ISRUC-III-07,ISRUC-III-07,ISRUC-III,95,2,95,train
ISRUC-III-07,ISRUC-III-07,ISRUC-III,96,2,96,train
ISRUC-III-07,ISRUC-III-07,ISRUC-III,97,2,97,train
ISRUC-III-07,ISRUC-III-07,ISRUC-III,98,2,98,train
ISRUC-III-07,ISRUC-III-07,ISRUC-III,99,0,99,train
ISRUC-III-07,ISRUC-III-07,ISRUC-III,100,1,100,train
ISRUC-III-07,ISRUC-III-07,ISRUC-III,101,2,101,train
ISRUC-III-07,ISRUC-III-07,ISRUC-III,102,2,102,train
ISRUC-III-07,ISRUC-III-07,ISRUC-III,103,2,103,train
ISRUC-III-07,ISRUC-III-07,ISRUC-III,104,1,104,train
ISRUC-III-07,ISRUC-III-07,ISRUC-III,105,2,105,train
ISRUC-III-07,ISRUC-III-07,ISRUC-III,106,2,106,train
ISRUC-III-07,ISRUC-III-07,ISRUC-III,107,2,107,train
ISRUC-III-07,ISRUC-III-07,ISRUC-III,108,1,108,train
ISRUC-III-07,ISRUC-III-07,ISRUC-III,109,2,109,train
ISRUC-III-07,ISRUC-III-07,ISRUC-III,110,2,110,train
ISRUC-III-07,ISRUC-III-07,ISRUC-III,111,0,111,train
ISRUC-III-07,ISRUC-III-07,ISRUC-III,112,0,112,train
ISRUC-III-07,ISRUC-III-07,ISRUC-III,113,0,113,train
ISRUC-III-07,ISRUC-III-07,ISRUC-III,114,0,114,train
ISRUC-III-07,ISRUC-III-07,ISRUC-III,115,0,115,train
ISRUC-III-07,ISRUC-III-07,ISRUC-III,116,0,116,train
ISRUC-III-07,ISRUC-III-07,ISRUC-III,117,0,117,train
ISRUC-III-07,ISRUC-III-07,ISRUC-III,118,0,118,train
ISRUC-III-07,ISRUC-III-07,ISRUC-III,119,0,119,train
ISRUC-III-07,ISRUC-III-07,ISRUC-III,120,0,120,train
ISRUC-III-07,ISRUC-III-07,ISRUC-III,121,0,121,train
ISRUC-III-07,ISRUC-III-07,ISRUC-III,122,0,122,train
ISRUC-III-07,ISRUC-III-07,ISRUC-III,123,0,123,train
ISRUC-III-07,ISRUC-III-07,ISRUC-III,124,0,124,train
ISRUC-III-07,ISRUC-III-07,ISRUC-III,125,0,125,train
ISRUC-III-07,ISRUC-III-07,ISRUC-III,126,0,126,train
ISRUC-III-07,ISRUC-III-07,ISRUC-III,127,0,127,train
ISRUC-III-07,ISRUC-III-07,ISRUC-III,128,1,128,train
ISRUC-III-07,ISRUC-III-07,ISRUC-III,129,0,129,train
ISRUC-III-07,ISRUC-III-07,ISRUC-III,130,0,130,train
ISRUC-III-07,ISRUC-III-07,ISRUC-III,131,0,131,train
ISRUC-III-07,ISRUC-III-07,ISRUC-III,132,0,132,train
ISRUC-III-07,ISRUC-III-07,ISRUC-III,133,1,133,train
ISRUC-III-07,ISRUC-III-07,ISRUC-III,134,1,134,train
ISRUC-III-07,ISRUC-III-07,ISRUC-III,135,0,135,train
ISRUC-III-07,ISRUC-III-07,ISRUC-III,136,0,136,train
ISRUC-III-07,ISRUC-III-07,ISRUC-III,137,0,137,train
ISRUC-III-07,ISRUC-III-07,ISRUC-III,138,1,138,train
ISRUC-III-07,ISRUC-III-07,ISRUC-III,139,1,139,train
ISRUC-III-07,ISRUC-III-07,ISRUC-III,140,0,140,train
ISRUC-III-07,ISRUC-III-07,ISRUC-III,141,0,141,train
ISRUC-III-07,ISRUC-III-07,ISRUC-III,142,0,142,train
ISRUC-III-07,ISRUC-III-07,ISRUC-III,143,0,143,train
ISRUC-III-07,ISRUC-III-07,ISRUC-III,144,0,144,train
ISRUC-III-07,ISRUC-III-07,ISRUC-III,145,0,145,train
ISRUC-III-07,ISRUC-III-07,ISRUC-III,146,0,146,train
ISRUC-III-07,ISRUC-III-07,ISRUC-III,147,0,147,train
ISRUC-III-07,ISRUC-III-07,ISRUC-III,148,0,148,train
ISRUC-III-07,ISRUC-III-07,ISRUC-III,149,0,149,train
ISRUC-III-07,ISRUC-III-07,ISRUC-III,150,0,150,train
ISRUC-III-07,ISRUC-III-07,ISRUC-III,151,0,151,train
ISRUC-III-07,ISRUC-III-07,ISRUC-III,152,0,152,train
ISRUC-III-07,ISRUC-III-07,ISRUC-III,153,0,153,train
ISRUC-III-07,ISRUC-III-07,ISRUC-III,154,0,154,train
ISRUC-III-07,ISRUC-III-07,ISRUC-III,155,1,155,train
ISRUC-III-07,ISRUC-III-07,ISRUC-III,156,2,156,train
ISRUC-III-07,ISRUC-III-07,ISRUC-III,157,0,157,train
ISRUC-III-07,ISRUC-III-07,ISRUC-III,158,0,158,train
ISRUC-III-07,ISRUC-III-07,ISRUC-III,159,0,159,train
ISRUC-III-07,ISRUC-III-07,ISRUC-III,160,0,160,train
ISRUC-III-07,ISRUC-III-07,ISRUC-III,161,1,161,train
ISRUC-III-07,ISRUC-III-07,ISRUC-III,162,0,162,train
ISRUC-III-07,ISRUC-III-07,ISRUC-III,163,2,163,train
ISRUC-III-07,ISRUC-III-07,ISRUC-III,164,2,164,train
ISRUC-III-07,ISRUC-III-07,ISRUC-III,165,0,165,train
ISRUC-III-07,ISRUC-III-07,ISRUC-III,166,0,166,train
ISRUC-III-07,ISRUC-III-07,ISRUC-III,167,2,167,train
ISRUC-III-07,ISRUC-III-07,ISRUC-III,168,0,168,train
ISRUC-III-07,ISRUC-III-07,ISRUC-III,169,0,169,train
ISRUC-III-07,ISRUC-III-07,ISRUC-III,170,0,170,train
ISRUC-III-07,ISRUC-III-07,ISRUC-III,171,0,171,train
ISRUC-III-07,ISRUC-III-07,ISRUC-III,172,1,172,train
ISRUC-III-07,ISRUC-III-07,ISRUC-III,173,2,173,train
ISRUC-III-07,ISRUC-III-07,ISRUC-III,174,2,174,train
ISRUC-III-07,ISRUC-III-07,ISRUC-III,175,0,175,train
ISRUC-III-07,ISRUC-III-07,ISRUC-III,176,0,176,train
ISRUC-III-07,ISRUC-III-07,ISRUC-III,177,0,177,train
ISRUC-III-07,ISRUC-III-07,ISRUC-III,178,0,178,train
ISRUC-III-07,ISRUC-III-07,ISRUC-III,179,0,179,train
ISRUC-III-07,ISRUC-III-07,ISRUC-III,180,2,180,train
ISRUC-III-07,ISRUC-III-07,ISRUC-III,181,2,181,train
ISRUC-III-07,ISRUC-III-07,ISRUC-III,182,2,182,train
ISRUC-III-07,ISRUC-III-07,ISRUC-III,183,2,183,train
ISRUC-III-07,ISRUC-III-07,ISRUC-III,184,2,184,train
ISRUC-III-07,ISRUC-III-07,ISRUC-III,185,2,185,train
ISRUC-III-07,ISRUC-III-07,ISRUC-III,186,2,186,train
ISRUC-III-07,ISRUC-III-07,ISRUC-III,187,1,187,train
ISRUC-III-07,ISRUC-III-07,ISRUC-III,188,2,188,train
ISRUC-III-07,ISRUC-III-07,ISRUC-III,189,2,189,train
ISRUC-III-07,ISRUC-III-07,ISRUC-III,190,2,190,train
ISRUC-III-07,ISRUC-III-07,ISRUC-III,191,1,191,train
ISRUC-III-07,ISRUC-III-07,ISRUC-III,192,2,192,train
ISRUC-III-07,ISRUC-III-07,ISRUC-III,193,2,193,train
ISRUC-III-07,ISRUC-III-07,ISRUC-III,194,2,194,train
ISRUC-III-07,ISRUC-III-07,ISRUC-III,195,2,195,train
ISRUC-III-07,ISRUC-III-07,ISRUC-III,196,2,196,train
ISRUC-III-07,ISRUC-III-07,ISRUC-III,197,2,197,train
ISRUC-III-07,ISRUC-III-07,ISRUC-III,198,2,198,train
ISRUC-III-07,ISRUC-III-07,ISRUC-III,199,2,199,train
ISRUC-III-07,ISRUC-III-07,ISRUC-III,200,2,200,train
ISRUC-III-07,ISRUC-III-07,ISRUC-III,201,3,201,train
ISRUC-III-07,ISRUC-III-07,ISRUC-III,202,3,202,train
ISRUC-III-07,ISRUC-III-07,ISRUC-III,203,3,203,train
ISRUC-III-07,ISRUC-III-07,ISRUC-III,204,3,204,train
ISRUC-III-07,ISRUC-III-07,ISRUC-III,205,3,205,train
ISRUC-III-07,ISRUC-III-07,ISRUC-III,206,3,206,train
ISRUC-III-07,ISRUC-III-07,ISRUC-III,207,3,207,train
ISRUC-III-07,ISRUC-III-07,ISRUC-III,208,3,208,train
ISRUC-III-07,ISRUC-III-07,ISRUC-III,209,3,209,train
ISRUC-III-07,ISRUC-III-07,ISRUC-III,210,3,210,train
ISRUC-III-07,ISRUC-III-07,ISRUC-III,211,3,211,train
ISRUC-III-07,ISRUC-III-07,ISRUC-III,212,3,212,train
ISRUC-III-07,ISRUC-III-07,ISRUC-III,213,3,213,train
ISRUC-III-07,ISRUC-III-07,ISRUC-III,214,3,214,train
ISRUC-III-07,ISRUC-III-07,ISRUC-III,215,3,215,train
ISRUC-III-07,ISRUC-III-07,ISRUC-III,216,3,216,train
ISRUC-III-07,ISRUC-III-07,ISRUC-III,217,3,217,train
ISRUC-III-07,ISRUC-III-07,ISRUC-III,218,3,218,train
ISRUC-III-07,ISRUC-III-07,ISRUC-III,219,0,219,train
ISRUC-III-07,ISRUC-III-07,ISRUC-III,220,0,220,train
ISRUC-III-07,ISRUC-III-07,ISRUC-III,221,0,221,train
ISRUC-III-07,ISRUC-III-07,ISRUC-III,222,0,222,train
ISRUC-III-07,ISRUC-III-07,ISRUC-III,223,0,223,train
ISRUC-III-07,ISRUC-III-07,ISRUC-III,224,0,224,train
ISRUC-III-07,ISRUC-III-07,ISRUC-III,225,0,225,train
ISRUC-III-07,ISRUC-III-07,ISRUC-III,226,0,226,train
ISRUC-III-07,ISRUC-III-07,ISRUC-III,227,0,227,train
ISRUC-III-07,ISRUC-III-07,ISRUC-III,228,0,228,train
ISRUC-III-07,ISRUC-III-07,ISRUC-III,229,0,229,train
ISRUC-III-07,ISRUC-III-07,ISRUC-III,230,0,230,train
ISRUC-III-07,ISRUC-III-07,ISRUC-III,231,0,231,train
ISRUC-III-07,ISRUC-III-07,ISRUC-III,232,0,232,train
ISRUC-III-07,ISRUC-III-07,ISRUC-III,233,0,233,train
ISRUC-III-07,ISRUC-III-07,ISRUC-III,234,0,234,train
ISRUC-III-07,ISRUC-III-07,ISRUC-III,235,0,235,train
ISRUC-III-07,ISRUC-III-07,ISRUC-III,236,0,236,train
ISRUC-III-07,ISRUC-III-07,ISRUC-III,237,0,237,train
ISRUC-III-07,ISRUC-III-07,ISRUC-III,238,0,238,train
ISRUC-III-07,ISRUC-III-07,ISRUC-III,239,0,239,train
ISRUC-III-07,ISRUC-III-07,ISRUC-III,240,1,240,train
ISRUC-III-07,ISRUC-III-07,ISRUC-III,241,1,241,train
ISRUC-III-07,ISRUC-III-07,ISRUC-III,242,2,242,train
ISRUC-III-07,ISRUC-III-07,ISRUC-III,243,0,243,train
ISRUC-III-07,ISRUC-III-07,ISRUC-III,244,1,244,train
ISRUC-III-07,ISRUC-III-07,ISRUC-III,245,1,245,train
ISRUC-III-07,ISRUC-III-07,ISRUC-III,246,0,246,train
ISRUC-III-07,ISRUC-III-07,ISRUC-III,247,1,247,train
ISRUC-III-07,ISRUC-III-07,ISRUC-III,248,0,248,train
ISRUC-III-07,ISRUC-III-07,ISRUC-III,249,0,249,train
ISRUC-III-07,ISRUC-III-07,ISRUC-III,250,0,250,train
ISRUC-III-07,ISRUC-III-07,ISRUC-III,251,1,251,train
ISRUC-III-07,ISRUC-III-07,ISRUC-III,252,1,252,train
ISRUC-III-07,ISRUC-III-07,ISRUC-III,253,2,253,train
ISRUC-III-07,ISRUC-III-07,ISRUC-III,254,2,254,train
ISRUC-III-07,ISRUC-III-07,ISRUC-III,255,0,255,train
ISRUC-III-07,ISRUC-III-07,ISRUC-III,256,0,256,train
ISRUC-III-07,ISRUC-III-07,ISRUC-III,257,0,257,train
ISRUC-III-07,ISRUC-III-07,ISRUC-III,258,0,258,train
ISRUC-III-07,ISRUC-III-07,ISRUC-III,259,1,259,train
ISRUC-III-07,ISRUC-III-07,ISRUC-III,260,0,260,train
ISRUC-III-07,ISRUC-III-07,ISRUC-III,261,1,261,train
ISRUC-III-07,ISRUC-III-07,ISRUC-III,262,0,262,train
ISRUC-III-07,ISRUC-III-07,ISRUC-III,263,0,263,train
ISRUC-III-07,ISRUC-III-07,ISRUC-III,264,0,264,train
ISRUC-III-07,ISRUC-III-07,ISRUC-III,265,1,265,train
ISRUC-III-07,ISRUC-III-07,ISRUC-III,266,1,266,train
ISRUC-III-07,ISRUC-III-07,ISRUC-III,267,1,267,train
ISRUC-III-07,ISRUC-III-07,ISRUC-III,268,1,268,train
ISRUC-III-07,ISRUC-III-07,ISRUC-III,269,0,269,train
ISRUC-III-07,ISRUC-III-07,ISRUC-III,270,2,270,train
ISRUC-III-07,ISRUC-III-07,ISRUC-III,271,2,271,train
ISRUC-III-07,ISRUC-III-07,ISRUC-III,272,2,272,train
ISRUC-III-07,ISRUC-III-07,ISRUC-III,273,2,273,train
ISRUC-III-07,ISRUC-III-07,ISRUC-III,274,2,274,train
ISRUC-III-07,ISRUC-III-07,ISRUC-III,275,2,275,train
ISRUC-III-07,ISRUC-III-07,ISRUC-III,276,2,276,train
ISRUC-III-07,ISRUC-III-07,ISRUC-III,277,3,277,train
ISRUC-III-07,ISRUC-III-07,ISRUC-III,278,2,278,train
ISRUC-III-07,ISRUC-III-07,ISRUC-III,279,3,279,train
ISRUC-III-07,ISRUC-III-07,ISRUC-III,280,2,280,train
ISRUC-III-07,ISRUC-III-07,ISRUC-III,281,3,281,train
ISRUC-III-07,ISRUC-III-07,ISRUC-III,282,3,282,train
ISRUC-III-07,ISRUC-III-07,ISRUC-III,283,2,283,train
ISRUC-III-07,ISRUC-III-07,ISRUC-III,284,3,284,train
ISRUC-III-07,ISRUC-III-07,ISRUC-III,285,3,285,train
ISRUC-III-07,ISRUC-III-07,ISRUC-III,286,3,286,train
ISRUC-III-07,ISRUC-III-07,ISRUC-III,287,3,287,train
ISRUC-III-07,ISRUC-III-07,ISRUC-III,288,3,288,train
ISRUC-III-07,ISRUC-III-07,ISRUC-III,289,3,289,train
ISRUC-III-07,ISRUC-III-07,ISRUC-III,290,3,290,train
ISRUC-III-07,ISRUC-III-07,ISRUC-III,291,3,291,train
ISRUC-III-07,ISRUC-III-07,ISRUC-III,292,3,292,train
ISRUC-III-07,ISRUC-III-07,ISRUC-III,293,3,293,train
ISRUC-III-07,ISRUC-III-07,ISRUC-III,294,3,294,train
ISRUC-III-07,ISRUC-III-07,ISRUC-III,295,3,295,train
ISRUC-III-07,ISRUC-III-07,ISRUC-III,296,3,296,train
ISRUC-III-07,ISRUC-III-07,ISRUC-III,297,3,297,train
ISRUC-III-07,ISRUC-III-07,ISRUC-III,298,3,298,train
ISRUC-III-07,ISRUC-III-07,ISRUC-III,299,3,299,train
ISRUC-III-07,ISRUC-III-07,ISRUC-III,300,3,300,train
ISRUC-III-07,ISRUC-III-07,ISRUC-III,301,3,301,train
ISRUC-III-07,ISRUC-III-07,ISRUC-III,302,3,302,train
ISRUC-III-07,ISRUC-III-07,ISRUC-III,303,3,303,train
ISRUC-III-07,ISRUC-III-07,ISRUC-III,304,3,304,train
ISRUC-III-07,ISRUC-III-07,ISRUC-III,305,3,305,train
ISRUC-III-07,ISRUC-III-07,ISRUC-III,306,3,306,train
ISRUC-III-07,ISRUC-III-07,ISRUC-III,307,3,307,train
ISRUC-III-07,ISRUC-III-07,ISRUC-III,308,3,308,train
ISRUC-III-07,ISRUC-III-07,ISRUC-III,309,3,309,train
ISRUC-III-07,ISRUC-III-07,ISRUC-III,310,3,310,train
ISRUC-III-07,ISRUC-III-07,ISRUC-III,311,3,311,train
ISRUC-III-07,ISRUC-III-07,ISRUC-III,312,3,312,train
ISRUC-III-07,ISRUC-III-07,ISRUC-III,313,3,313,train
ISRUC-III-07,ISRUC-III-07,ISRUC-III,314,3,314,train
ISRUC-III-07,ISRUC-III-07,ISRUC-III,315,3,315,train
ISRUC-III-07,ISRUC-III-07,ISRUC-III,316,3,316,train
ISRUC-III-07,ISRUC-III-07,ISRUC-III,317,3,317,train
ISRUC-III-07,ISRUC-III-07,ISRUC-III,318,3,318,train
ISRUC-III-07,ISRUC-III-07,ISRUC-III,319,3,319,train
ISRUC-III-07,ISRUC-III-07,ISRUC-III,320,3,320,train
ISRUC-III-07,ISRUC-III-07,ISRUC-III,321,3,321,train
ISRUC-III-07,ISRUC-III-07,ISRUC-III,322,3,322,train
ISRUC-III-07,ISRUC-III-07,ISRUC-III,323,3,323,train
ISRUC-III-07,ISRUC-III-07,ISRUC-III,324,3,324,train
ISRUC-III-07,ISRUC-III-07,ISRUC-III,325,3,325,train
ISRUC-III-07,ISRUC-III-07,ISRUC-III,326,3,326,train
ISRUC-III-07,ISRUC-III-07,ISRUC-III,327,3,327,train
ISRUC-III-07,ISRUC-III-07,ISRUC-III,328,3,328,train
ISRUC-III-07,ISRUC-III-07,ISRUC-III,329,3,329,train
ISRUC-III-07,ISRUC-III-07,ISRUC-III,330,3,330,train
ISRUC-III-07,ISRUC-III-07,ISRUC-III,331,3,331,train
ISRUC-III-07,ISRUC-III-07,ISRUC-III,332,3,332,train
ISRUC-III-07,ISRUC-III-07,ISRUC-III,333,3,333,train
ISRUC-III-07,ISRUC-III-07,ISRUC-III,334,3,334,train
ISRUC-III-07,ISRUC-III-07,ISRUC-III,335,3,335,train
ISRUC-III-07,ISRUC-III-07,ISRUC-III,336,3,336,train
ISRUC-III-07,ISRUC-III-07,ISRUC-III,337,0,337,train
ISRUC-III-07,ISRUC-III-07,ISRUC-III,338,0,338,train
ISRUC-III-07,ISRUC-III-07,ISRUC-III,339,2,339,train
ISRUC-III-07,ISRUC-III-07,ISRUC-III,340,2,340,train
ISRUC-III-07,ISRUC-III-07,ISRUC-III,341,0,341,train
ISRUC-III-07,ISRUC-III-07,ISRUC-III,342,2,342,train
ISRUC-III-07,ISRUC-III-07,ISRUC-III,343,2,343,train
ISRUC-III-07,ISRUC-III-07,ISRUC-III,344,2,344,train
ISRUC-III-07,ISRUC-III-07,ISRUC-III,345,2,345,train
ISRUC-III-07,ISRUC-III-07,ISRUC-III,346,2,346,train
ISRUC-III-07,ISRUC-III-07,ISRUC-III,347,2,347,train
ISRUC-III-07,ISRUC-III-07,ISRUC-III,348,2,348,train
ISRUC-III-07,ISRUC-III-07,ISRUC-III,349,2,349,train
ISRUC-III-07,ISRUC-III-07,ISRUC-III,350,2,350,train
ISRUC-III-07,ISRUC-III-07,ISRUC-III,351,2,351,train
ISRUC-III-07,ISRUC-III-07,ISRUC-III,352,3,352,train
ISRUC-III-07,ISRUC-III-07,ISRUC-III,353,2,353,train
ISRUC-III-07,ISRUC-III-07,ISRUC-III,354,3,354,train
ISRUC-III-07,ISRUC-III-07,ISRUC-III,355,3,355,train
ISRUC-III-07,ISRUC-III-07,ISRUC-III,356,3,356,train
ISRUC-III-07,ISRUC-III-07,ISRUC-III,357,2,357,train
ISRUC-III-07,ISRUC-III-07,ISRUC-III,358,2,358,train
ISRUC-III-07,ISRUC-III-07,ISRUC-III,359,2,359,train
ISRUC-III-07,ISRUC-III-07,ISRUC-III,360,3,360,train
ISRUC-III-07,ISRUC-III-07,ISRUC-III,361,2,361,train
ISRUC-III-07,ISRUC-III-07,ISRUC-III,362,2,362,train
ISRUC-III-07,ISRUC-III-07,ISRUC-III,363,3,363,train
ISRUC-III-07,ISRUC-III-07,ISRUC-III,364,2,364,train
ISRUC-III-07,ISRUC-III-07,ISRUC-III,365,2,365,train
ISRUC-III-07,ISRUC-III-07,ISRUC-III,366,2,366,train
ISRUC-III-07,ISRUC-III-07,ISRUC-III,367,4,367,train
ISRUC-III-07,ISRUC-III-07,ISRUC-III,368,4,368,train
ISRUC-III-07,ISRUC-III-07,ISRUC-III,369,4,369,train
ISRUC-III-07,ISRUC-III-07,ISRUC-III,370,4,370,train
ISRUC-III-07,ISRUC-III-07,ISRUC-III,371,4,371,train
ISRUC-III-07,ISRUC-III-07,ISRUC-III,372,4,372,train
ISRUC-III-07,ISRUC-III-07,ISRUC-III,373,4,373,train
ISRUC-III-07,ISRUC-III-07,ISRUC-III,374,4,374,train
ISRUC-III-07,ISRUC-III-07,ISRUC-III,375,4,375,train
ISRUC-III-07,ISRUC-III-07,ISRUC-III,376,0,376,train
ISRUC-III-07,ISRUC-III-07,ISRUC-III,377,0,377,train
ISRUC-III-07,ISRUC-III-07,ISRUC-III,378,0,378,train
ISRUC-III-07,ISRUC-III-07,ISRUC-III,379,0,379,train
ISRUC-III-07,ISRUC-III-07,ISRUC-III,380,0,380,train
ISRUC-III-07,ISRUC-III-07,ISRUC-III,381,0,381,train
ISRUC-III-07,ISRUC-III-07,ISRUC-III,382,1,382,train
ISRUC-III-07,ISRUC-III-07,ISRUC-III,383,1,383,train
ISRUC-III-07,ISRUC-III-07,ISRUC-III,384,1,384,train
ISRUC-III-07,ISRUC-III-07,ISRUC-III,385,2,385,train
ISRUC-III-07,ISRUC-III-07,ISRUC-III,386,2,386,train
ISRUC-III-07,ISRUC-III-07,ISRUC-III,387,2,387,train
ISRUC-III-07,ISRUC-III-07,ISRUC-III,388,2,388,train
ISRUC-III-07,ISRUC-III-07,ISRUC-III,389,0,389,train
ISRUC-III-07,ISRUC-III-07,ISRUC-III,390,0,390,train
ISRUC-III-07,ISRUC-III-07,ISRUC-III,391,1,391,train
ISRUC-III-07,ISRUC-III-07,ISRUC-III,392,0,392,train
ISRUC-III-07,ISRUC-III-07,ISRUC-III,393,1,393,train
ISRUC-III-07,ISRUC-III-07,ISRUC-III,394,0,394,train
ISRUC-III-07,ISRUC-III-07,ISRUC-III,395,1,395,train
ISRUC-III-07,ISRUC-III-07,ISRUC-III,396,2,396,train
ISRUC-III-07,ISRUC-III-07,ISRUC-III,397,2,397,train
ISRUC-III-07,ISRUC-III-07,ISRUC-III,398,2,398,train
ISRUC-III-07,ISRUC-III-07,ISRUC-III,399,2,399,train
ISRUC-III-07,ISRUC-III-07,ISRUC-III,400,2,400,train
ISRUC-III-07,ISRUC-III-07,ISRUC-III,401,2,401,train
ISRUC-III-07,ISRUC-III-07,ISRUC-III,402,2,402,train
ISRUC-III-07,ISRUC-III-07,ISRUC-III,403,2,403,train
ISRUC-III-07,ISRUC-III-07,ISRUC-III,404,3,404,train
ISRUC-III-07,ISRUC-III-07,ISRUC-III,405,3,405,train
ISRUC-III-07,ISRUC-III-07,ISRUC-III,406,3,406,train
ISRUC-III-07,ISRUC-III-07,ISRUC-III,407,3,407,train
ISRUC-III-07,ISRUC-III-07,ISRUC-III,408,3,408,train
ISRUC-III-07,ISRUC-III-07,ISRUC-III,409,3,409,train
ISRUC-III-07,ISRUC-III-07,ISRUC-III,410,3,410,train
ISRUC-III-07,ISRUC-III-07,ISRUC-III,411,3,411,train
ISRUC-III-07,ISRUC-III-07,ISRUC-III,412,3,412,train
ISRUC-III-07,ISRUC-III-07,ISRUC-III,413,3,413,train
ISRUC-III-07,ISRUC-III-07,ISRUC-III,414,3,414,train
ISRUC-III-07,ISRUC-III-07,ISRUC-III,415,3,415,train
ISRUC-III-07,ISRUC-III-07,ISRUC-III,416,3,416,train
ISRUC-III-07,ISRUC-III-07,ISRUC-III,417,3,417,train
ISRUC-III-07,ISRUC-III-07,ISRUC-III,418,3,418,train
ISRUC-III-07,ISRUC-III-07,ISRUC-III,419,3,419,train
ISRUC-III-07,ISRUC-III-07,ISRUC-III,420,3,420,train
ISRUC-III-07,ISRUC-III-07,ISRUC-III,421,3,421,train
ISRUC-III-07,ISRUC-III-07,ISRUC-III,422,3,422,train
ISRUC-III-07,ISRUC-III-07,ISRUC-III,423,3,423,train
ISRUC-III-07,ISRUC-III-07,ISRUC-III,424,3,424,train
ISRUC-III-07,ISRUC-III-07,ISRUC-III,425,3,425,train
ISRUC-III-07,ISRUC-III-07,ISRUC-III,426,3,426,train
ISRUC-III-07,ISRUC-III-07,ISRUC-III,427,3,427,train
ISRUC-III-07,ISRUC-III-07,ISRUC-III,428,3,428,train
ISRUC-III-07,ISRUC-III-07,ISRUC-III,429,3,429,train
ISRUC-III-07,ISRUC-III-07,ISRUC-III,430,3,430,train
ISRUC-III-07,ISRUC-III-07,ISRUC-III,431,3,431,train
ISRUC-III-07,ISRUC-III-07,ISRUC-III,432,3,432,train
ISRUC-III-07,ISRUC-III-07,ISRUC-III,433,3,433,train
ISRUC-III-07,ISRUC-III-07,ISRUC-III,434,3,434,train
ISRUC-III-07,ISRUC-III-07,ISRUC-III,435,3,435,train
ISRUC-III-07,ISRUC-III-07,ISRUC-III,436,3,436,train
ISRUC-III-07,ISRUC-III-07,ISRUC-III,437,3,437,train
ISRUC-III-07,ISRUC-III-07,ISRUC-III,438,3,438,train
ISRUC-III-07,ISRUC-III-07,ISRUC-III,439,3,439,train
ISRUC-III-07,ISRUC-III-07,ISRUC-III,440,3,440,train
ISRUC-III-07,ISRUC-III-07,ISRUC-III,441,3,441,train
ISRUC-III-07,ISRUC-III-07,ISRUC-III,442,3,442,train
ISRUC-III-07,ISRUC-III-07,ISRUC-III,443,3,443,train
ISRUC-III-07,ISRUC-III-07,ISRUC-III,444,0,444,train
ISRUC-III-07,ISRUC-III-07,ISRUC-III,445,3,445,train
ISRUC-III-07,ISRUC-III-07,ISRUC-III,446,3,446,train
ISRUC-III-07,ISRUC-III-07,ISRUC-III,447,3,447,train
ISRUC-III-07,ISRUC-III-07,ISRUC-III,448,2,448,train
ISRUC-III-07,ISRUC-III-07,ISRUC-III,449,2,449,train
ISRUC-III-07,ISRUC-III-07,ISRUC-III,450,2,450,train
ISRUC-III-07,ISRUC-III-07,ISRUC-III,451,2,451,train
ISRUC-III-07,ISRUC-III-07,ISRUC-III,452,3,452,train
ISRUC-III-07,ISRUC-III-07,ISRUC-III,453,3,453,train
ISRUC-III-07,ISRUC-III-07,ISRUC-III,454,3,454,train
ISRUC-III-07,ISRUC-III-07,ISRUC-III,455,2,455,train
ISRUC-III-07,ISRUC-III-07,ISRUC-III,456,2,456,train
ISRUC-III-07,ISRUC-III-07,ISRUC-III,457,3,457,train
ISRUC-III-07,ISRUC-III-07,ISRUC-III,458,3,458,train
ISRUC-III-07,ISRUC-III-07,ISRUC-III,459,3,459,train
ISRUC-III-07,ISRUC-III-07,ISRUC-III,460,3,460,train
ISRUC-III-07,ISRUC-III-07,ISRUC-III,461,3,461,train
ISRUC-III-07,ISRUC-III-07,ISRUC-III,462,3,462,train
ISRUC-III-07,ISRUC-III-07,ISRUC-III,463,3,463,train
ISRUC-III-07,ISRUC-III-07,ISRUC-III,464,3,464,train
ISRUC-III-07,ISRUC-III-07,ISRUC-III,465,3,465,train
ISRUC-III-07,ISRUC-III-07,ISRUC-III,466,3,466,train
ISRUC-III-07,ISRUC-III-07,ISRUC-III,467,3,467,train
ISRUC-III-07,ISRUC-III-07,ISRUC-III,468,3,468,train
ISRUC-III-07,ISRUC-III-07,ISRUC-III,469,3,469,train
ISRUC-III-07,ISRUC-III-07,ISRUC-III,470,3,470,train
ISRUC-III-07,ISRUC-III-07,ISRUC-III,471,3,471,train
ISRUC-III-07,ISRUC-III-07,ISRUC-III,472,3,472,train
ISRUC-III-07,ISRUC-III-07,ISRUC-III,473,3,473,train
ISRUC-III-07,ISRUC-III-07,ISRUC-III,474,3,474,train
ISRUC-III-07,ISRUC-III-07,ISRUC-III,475,3,475,train
ISRUC-III-07,ISRUC-III-07,ISRUC-III,476,3,476,train
ISRUC-III-07,ISRUC-III-07,ISRUC-III,477,3,477,train
ISRUC-III-07,ISRUC-III-07,ISRUC-III,478,3,478,train
ISRUC-III-07,ISRUC-III-07,ISRUC-III,479,3,479,train
ISRUC-III-07,ISRUC-III-07,ISRUC-III,480,3,480,train
ISRUC-III-07,ISRUC-III-07,ISRUC-III,481,3,481,train
ISRUC-III-07,ISRUC-III-07,ISRUC-III,482,2,482,train
ISRUC-III-07,ISRUC-III-07,ISRUC-III,483,3,483,train
ISRUC-III-07,ISRUC-III-07,ISRUC-III,484,3,484,train
ISRUC-III-07,ISRUC-III-07,ISRUC-III,485,3,485,train
ISRUC-III-07,ISRUC-III-07,ISRUC-III,486,2,486,train
ISRUC-III-07,ISRUC-III-07,ISRUC-III,487,2,487,train
ISRUC-III-07,ISRUC-III-07,ISRUC-III,488,2,488,train
ISRUC-III-07,ISRUC-III-07,ISRUC-III,489,2,489,train
ISRUC-III-07,ISRUC-III-07,ISRUC-III,490,3,490,train
ISRUC-III-07,ISRUC-III-07,ISRUC-III,491,2,491,train
ISRUC-III-07,ISRUC-III-07,ISRUC-III,492,3,492,train
ISRUC-III-07,ISRUC-III-07,ISRUC-III,493,2,493,train
ISRUC-III-07,ISRUC-III-07,ISRUC-III,494,3,494,train
ISRUC-III-07,ISRUC-III-07,ISRUC-III,495,4,495,train
ISRUC-III-07,ISRUC-III-07,ISRUC-III,496,4,496,train
ISRUC-III-07,ISRUC-III-07,ISRUC-III,497,4,497,train
ISRUC-III-07,ISRUC-III-07,ISRUC-III,498,4,498,train
ISRUC-III-07,ISRUC-III-07,ISRUC-III,499,1,499,train
ISRUC-III-07,ISRUC-III-07,ISRUC-III,500,4,500,train
ISRUC-III-07,ISRUC-III-07,ISRUC-III,501,4,501,train
ISRUC-III-07,ISRUC-III-07,ISRUC-III,502,4,502,train
ISRUC-III-07,ISRUC-III-07,ISRUC-III,503,4,503,train
ISRUC-III-07,ISRUC-III-07,ISRUC-III,504,4,504,train
ISRUC-III-07,ISRUC-III-07,ISRUC-III,505,0,505,train
ISRUC-III-07,ISRUC-III-07,ISRUC-III,506,4,506,train
ISRUC-III-07,ISRUC-III-07,ISRUC-III,507,4,507,train
ISRUC-III-07,ISRUC-III-07,ISRUC-III,508,4,508,train
ISRUC-III-07,ISRUC-III-07,ISRUC-III,509,4,509,train
ISRUC-III-07,ISRUC-III-07,ISRUC-III,510,4,510,train
ISRUC-III-07,ISRUC-III-07,ISRUC-III,511,4,511,train
ISRUC-III-07,ISRUC-III-07,ISRUC-III,512,0,512,train
ISRUC-III-07,ISRUC-III-07,ISRUC-III,513,0,513,train
ISRUC-III-07,ISRUC-III-07,ISRUC-III,514,0,514,train
ISRUC-III-07,ISRUC-III-07,ISRUC-III,515,1,515,train
ISRUC-III-07,ISRUC-III-07,ISRUC-III,516,1,516,train
ISRUC-III-07,ISRUC-III-07,ISRUC-III,517,1,517,train
ISRUC-III-07,ISRUC-III-07,ISRUC-III,518,1,518,train
ISRUC-III-07,ISRUC-III-07,ISRUC-III,519,1,519,train
ISRUC-III-07,ISRUC-III-07,ISRUC-III,520,0,520,train
ISRUC-III-07,ISRUC-III-07,ISRUC-III,521,0,521,train
ISRUC-III-07,ISRUC-III-07,ISRUC-III,522,0,522,train
ISRUC-III-07,ISRUC-III-07,ISRUC-III,523,0,523,train
ISRUC-III-07,ISRUC-III-07,ISRUC-III,524,0,524,train
ISRUC-III-07,ISRUC-III-07,ISRUC-III,525,0,525,train
ISRUC-III-07,ISRUC-III-07,ISRUC-III,526,1,526,train
ISRUC-III-07,ISRUC-III-07,ISRUC-III,527,2,527,train
ISRUC-III-07,ISRUC-III-07,ISRUC-III,528,2,528,train
ISRUC-III-07,ISRUC-III-07,ISRUC-III,529,2,529,train
ISRUC-III-07,ISRUC-III-07,ISRUC-III,530,2,530,train
ISRUC-III-07,ISRUC-III-07,ISRUC-III,531,2,531,train
ISRUC-III-07,ISRUC-III-07,ISRUC-III,532,2,532,train
ISRUC-III-07,ISRUC-III-07,ISRUC-III,533,2,533,train
ISRUC-III-07,ISRUC-III-07,ISRUC-III,534,2,534,train
ISRUC-III-07,ISRUC-III-07,ISRUC-III,535,2,535,train
ISRUC-III-07,ISRUC-III-07,ISRUC-III,536,1,536,train
ISRUC-III-07,ISRUC-III-07,ISRUC-III,537,4,537,train
ISRUC-III-07,ISRUC-III-07,ISRUC-III,538,4,538,train
ISRUC-III-07,ISRUC-III-07,ISRUC-III,539,4,539,train
ISRUC-III-07,ISRUC-III-07,ISRUC-III,540,4,540,train
ISRUC-III-07,ISRUC-III-07,ISRUC-III,541,4,541,train
ISRUC-III-07,ISRUC-III-07,ISRUC-III,542,4,542,train
ISRUC-III-07,ISRUC-III-07,ISRUC-III,543,4,543,train
ISRUC-III-07,ISRUC-III-07,ISRUC-III,544,4,544,train
ISRUC-III-07,ISRUC-III-07,ISRUC-III,545,4,545,train
ISRUC-III-07,ISRUC-III-07,ISRUC-III,546,4,546,train
ISRUC-III-07,ISRUC-III-07,ISRUC-III,547,4,547,train
ISRUC-III-07,ISRUC-III-07,ISRUC-III,548,4,548,train
ISRUC-III-07,ISRUC-III-07,ISRUC-III,549,4,549,train
ISRUC-III-07,ISRUC-III-07,ISRUC-III,550,4,550,train
ISRUC-III-07,ISRUC-III-07,ISRUC-III,551,4,551,train
ISRUC-III-07,ISRUC-III-07,ISRUC-III,552,4,552,train
ISRUC-III-07,ISRUC-III-07,ISRUC-III,553,4,553,train
ISRUC-III-07,ISRUC-III-07,ISRUC-III,554,4,554,train
ISRUC-III-07,ISRUC-III-07,ISRUC-III,555,4,555,train
ISRUC-III-07,ISRUC-III-07,ISRUC-III,556,4,556,train
ISRUC-III-07,ISRUC-III-07,ISRUC-III,557,4,557,train
ISRUC-III-07,ISRUC-III-07,ISRUC-III,558,4,558,train
ISRUC-III-07,ISRUC-III-07,ISRUC-III,559,4,559,train
ISRUC-III-07,ISRUC-III-07,ISRUC-III,560,4,560,train
ISRUC-III-07,ISRUC-III-07,ISRUC-III,561,4,561,train
ISRUC-III-07,ISRUC-III-07,ISRUC-III,562,4,562,train
ISRUC-III-07,ISRUC-III-07,ISRUC-III,563,4,563,train
ISRUC-III-07,ISRUC-III-07,ISRUC-III,564,4,564,train
ISRUC-III-07,ISRUC-III-07,ISRUC-III,565,4,565,train
ISRUC-III-07,ISRUC-III-07,ISRUC-III,566,4,566,train
ISRUC-III-07,ISRUC-III-07,ISRUC-III,567,4,567,train
ISRUC-III-07,ISRUC-III-07,ISRUC-III,568,4,568,train
ISRUC-III-07,ISRUC-III-07,ISRUC-III,569,4,569,train
ISRUC-III-07,ISRUC-III-07,ISRUC-III,570,4,570,train
ISRUC-III-07,ISRUC-III-07,ISRUC-III,571,4,571,train
ISRUC-III-07,ISRUC-III-07,ISRUC-III,572,4,572,train
ISRUC-III-07,ISRUC-III-07,ISRUC-III,573,4,573,train
ISRUC-III-07,ISRUC-III-07,ISRUC-III,574,4,574,train
ISRUC-III-07,ISRUC-III-07,ISRUC-III,575,4,575,train
ISRUC-III-07,ISRUC-III-07,ISRUC-III,576,4,576,train
ISRUC-III-07,ISRUC-III-07,ISRUC-III,577,4,577,train
ISRUC-III-07,ISRUC-III-07,ISRUC-III,578,4,578,train
ISRUC-III-07,ISRUC-III-07,ISRUC-III,579,4,579,train
ISRUC-III-07,ISRUC-III-07,ISRUC-III,580,4,580,train
ISRUC-III-07,ISRUC-III-07,ISRUC-III,581,4,581,train
ISRUC-III-07,ISRUC-III-07,ISRUC-III,582,4,582,train
ISRUC-III-07,ISRUC-III-07,ISRUC-III,583,4,583,train
ISRUC-III-07,ISRUC-III-07,ISRUC-III,584,1,584,train
ISRUC-III-07,ISRUC-III-07,ISRUC-III,585,4,585,train
ISRUC-III-07,ISRUC-III-07,ISRUC-III,586,4,586,train
ISRUC-III-07,ISRUC-III-07,ISRUC-III,587,4,587,train
ISRUC-III-07,ISRUC-III-07,ISRUC-III,588,4,588,train
ISRUC-III-07,ISRUC-III-07,ISRUC-III,589,4,589,train
ISRUC-III-07,ISRUC-III-07,ISRUC-III,590,4,590,train
ISRUC-III-07,ISRUC-III-07,ISRUC-III,591,0,591,train
ISRUC-III-07,ISRUC-III-07,ISRUC-III,592,1,592,train
ISRUC-III-07,ISRUC-III-07,ISRUC-III,593,1,593,train
ISRUC-III-07,ISRUC-III-07,ISRUC-III,594,2,594,train
ISRUC-III-07,ISRUC-III-07,ISRUC-III,595,2,595,train
ISRUC-III-07,ISRUC-III-07,ISRUC-III,596,2,596,train
ISRUC-III-07,ISRUC-III-07,ISRUC-III,597,2,597,train
ISRUC-III-07,ISRUC-III-07,ISRUC-III,598,2,598,train
ISRUC-III-07,ISRUC-III-07,ISRUC-III,599,2,599,train
ISRUC-III-07,ISRUC-III-07,ISRUC-III,600,2,600,train
ISRUC-III-07,ISRUC-III-07,ISRUC-III,601,2,601,train
ISRUC-III-07,ISRUC-III-07,ISRUC-III,602,3,602,train
ISRUC-III-07,ISRUC-III-07,ISRUC-III,603,3,603,train
ISRUC-III-07,ISRUC-III-07,ISRUC-III,604,3,604,train
ISRUC-III-07,ISRUC-III-07,ISRUC-III,605,3,605,train
ISRUC-III-07,ISRUC-III-07,ISRUC-III,606,3,606,train
ISRUC-III-07,ISRUC-III-07,ISRUC-III,607,3,607,train
ISRUC-III-07,ISRUC-III-07,ISRUC-III,608,3,608,train
ISRUC-III-07,ISRUC-III-07,ISRUC-III,609,3,609,train
ISRUC-III-07,ISRUC-III-07,ISRUC-III,610,3,610,train
ISRUC-III-07,ISRUC-III-07,ISRUC-III,611,3,611,train
ISRUC-III-07,ISRUC-III-07,ISRUC-III,612,3,612,train
ISRUC-III-07,ISRUC-III-07,ISRUC-III,613,3,613,train
ISRUC-III-07,ISRUC-III-07,ISRUC-III,614,3,614,train
ISRUC-III-07,ISRUC-III-07,ISRUC-III,615,3,615,train
ISRUC-III-07,ISRUC-III-07,ISRUC-III,616,3,616,train
ISRUC-III-07,ISRUC-III-07,ISRUC-III,617,3,617,train
ISRUC-III-07,ISRUC-III-07,ISRUC-III,618,3,618,train
ISRUC-III-07,ISRUC-III-07,ISRUC-III,619,3,619,train
ISRUC-III-07,ISRUC-III-07,ISRUC-III,620,3,620,train
ISRUC-III-07,ISRUC-III-07,ISRUC-III,621,3,621,train
ISRUC-III-07,ISRUC-III-07,ISRUC-III,622,3,622,train
ISRUC-III-07,ISRUC-III-07,ISRUC-III,623,3,623,train
ISRUC-III-07,ISRUC-III-07,ISRUC-III,624,3,624,train
ISRUC-III-07,ISRUC-III-07,ISRUC-III,625,3,625,train
ISRUC-III-07,ISRUC-III-07,ISRUC-III,626,3,626,train
ISRUC-III-07,ISRUC-III-07,ISRUC-III,627,3,627,train
ISRUC-III-07,ISRUC-III-07,ISRUC-III,628,3,628,train
ISRUC-III-07,ISRUC-III-07,ISRUC-III,629,3,629,train
ISRUC-III-07,ISRUC-III-07,ISRUC-III,630,3,630,train
ISRUC-III-07,ISRUC-III-07,ISRUC-III,631,3,631,train
ISRUC-III-07,ISRUC-III-07,ISRUC-III,632,3,632,train
ISRUC-III-07,ISRUC-III-07,ISRUC-III,633,3,633,train
ISRUC-III-07,ISRUC-III-07,ISRUC-III,634,3,634,train
ISRUC-III-07,ISRUC-III-07,ISRUC-III,635,3,635,train
ISRUC-III-07,ISRUC-III-07,ISRUC-III,636,3,636,train
ISRUC-III-07,ISRUC-III-07,ISRUC-III,637,3,637,train
ISRUC-III-07,ISRUC-III-07,ISRUC-III,638,3,638,train
ISRUC-III-07,ISRUC-III-07,ISRUC-III,639,3,639,train
ISRUC-III-07,ISRUC-III-07,ISRUC-III,640,3,640,train
ISRUC-III-07,ISRUC-III-07,ISRUC-III,641,3,641,train
ISRUC-III-07,ISRUC-III-07,ISRUC-III,642,3,642,train
ISRUC-III-07,ISRUC-III-07,ISRUC-III,643,3,643,train
ISRUC-III-07,ISRUC-III-07,ISRUC-III,644,3,644,train
ISRUC-III-07,ISRUC-III-07,ISRUC-III,645,3,645,train
ISRUC-III-07,ISRUC-III-07,ISRUC-III,646,3,646,train
ISRUC-III-07,ISRUC-III-07,ISRUC-III,647,3,647,train
ISRUC-III-07,ISRUC-III-07,ISRUC-III,648,3,648,train
ISRUC-III-07,ISRUC-III-07,ISRUC-III,649,3,649,train
ISRUC-III-07,ISRUC-III-07,ISRUC-III,650,3,650,train
ISRUC-III-07,ISRUC-III-07,ISRUC-III,651,3,651,train
ISRUC-III-07,ISRUC-III-07,ISRUC-III,652,3,652,train
ISRUC-III-07,ISRUC-III-07,ISRUC-III,653,3,653,train
ISRUC-III-07,ISRUC-III-07,ISRUC-III,654,3,654,train
ISRUC-III-07,ISRUC-III-07,ISRUC-III,655,3,655,train
ISRUC-III-07,ISRUC-III-07,ISRUC-III,656,3,656,train
ISRUC-III-07,ISRUC-III-07,ISRUC-III,657,3,657,train
ISRUC-III-07,ISRUC-III-07,ISRUC-III,658,3,658,train
ISRUC-III-07,ISRUC-III-07,ISRUC-III,659,3,659,train
ISRUC-III-07,ISRUC-III-07,ISRUC-III,660,3,660,train
ISRUC-III-07,ISRUC-III-07,ISRUC-III,661,3,661,train
ISRUC-III-07,ISRUC-III-07,ISRUC-III,662,3,662,train
ISRUC-III-07,ISRUC-III-07,ISRUC-III,663,3,663,train
ISRUC-III-07,ISRUC-III-07,ISRUC-III,664,3,664,train
ISRUC-III-07,ISRUC-III-07,ISRUC-III,665,3,665,train
ISRUC-III-07,ISRUC-III-07,ISRUC-III,666,3,666,train
ISRUC-III-07,ISRUC-III-07,ISRUC-III,667,3,667,train
ISRUC-III-07,ISRUC-III-07,ISRUC-III,668,3,668,train
ISRUC-III-07,ISRUC-III-07,ISRUC-III,669,3,669,train
ISRUC-III-07,ISRUC-III-07,ISRUC-III,670,3,670,train
ISRUC-III-07,ISRUC-III-07,ISRUC-III,671,3,671,train
ISRUC-III-07,ISRUC-III-07,ISRUC-III,672,3,672,train
ISRUC-III-07,ISRUC-III-07,ISRUC-III,673,3,673,train
ISRUC-III-07,ISRUC-III-07,ISRUC-III,674,3,674,train
ISRUC-III-07,ISRUC-III-07,ISRUC-III,675,0,675,train
ISRUC-III-07,ISRUC-III-07,ISRUC-III,676,0,676,train
ISRUC-III-07,ISRUC-III-07,ISRUC-III,677,2,677,train
ISRUC-III-07,ISRUC-III-07,ISRUC-III,678,2,678,train
ISRUC-III-07,ISRUC-III-07,ISRUC-III,679,2,679,train
ISRUC-III-07,ISRUC-III-07,ISRUC-III,680,2,680,train
ISRUC-III-07,ISRUC-III-07,ISRUC-III,681,2,681,train
ISRUC-III-07,ISRUC-III-07,ISRUC-III,682,0,682,train
ISRUC-III-07,ISRUC-III-07,ISRUC-III,683,1,683,train
ISRUC-III-07,ISRUC-III-07,ISRUC-III,684,0,684,train
ISRUC-III-07,ISRUC-III-07,ISRUC-III,685,2,685,train
ISRUC-III-07,ISRUC-III-07,ISRUC-III,686,2,686,train
ISRUC-III-07,ISRUC-III-07,ISRUC-III,687,2,687,train
ISRUC-III-07,ISRUC-III-07,ISRUC-III,688,2,688,train
ISRUC-III-07,ISRUC-III-07,ISRUC-III,689,2,689,train
ISRUC-III-07,ISRUC-III-07,ISRUC-III,690,2,690,train
ISRUC-III-07,ISRUC-III-07,ISRUC-III,691,2,691,train
ISRUC-III-07,ISRUC-III-07,ISRUC-III,692,2,692,train
ISRUC-III-07,ISRUC-III-07,ISRUC-III,693,2,693,train
ISRUC-III-07,ISRUC-III-07,ISRUC-III,694,2,694,train
ISRUC-III-07,ISRUC-III-07,ISRUC-III,695,2,695,train
ISRUC-III-07,ISRUC-III-07,ISRUC-III,696,2,696,train
ISRUC-III-07,ISRUC-III-07,ISRUC-III,697,2,697,train
ISRUC-III-07,ISRUC-III-07,ISRUC-III,698,2,698,train
ISRUC-III-07,ISRUC-III-07,ISRUC-III,699,2,699,train
ISRUC-III-07,ISRUC-III-07,ISRUC-III,700,2,700,train
ISRUC-III-07,ISRUC-III-07,ISRUC-III,701,2,701,train
ISRUC-III-07,ISRUC-III-07,ISRUC-III,702,2,702,train
ISRUC-III-07,ISRUC-III-07,ISRUC-III,703,2,703,train
ISRUC-III-07,ISRUC-III-07,ISRUC-III,704,2,704,train
ISRUC-III-07,ISRUC-III-07,ISRUC-III,705,2,705,train
ISRUC-III-07,ISRUC-III-07,ISRUC-III,706,2,706,train
ISRUC-III-07,ISRUC-III-07,ISRUC-III,707,2,707,train
ISRUC-III-07,ISRUC-III-07,ISRUC-III,708,2,708,train
ISRUC-III-07,ISRUC-III-07,ISRUC-III,709,2,709,train
ISRUC-III-07,ISRUC-III-07,ISRUC-III,710,2,710,train
ISRUC-III-07,ISRUC-III-07,ISRUC-III,711,2,711,train
ISRUC-III-07,ISRUC-III-07,ISRUC-III,712,2,712,train
ISRUC-III-07,ISRUC-III-07,ISRUC-III,713,3,713,train
ISRUC-III-07,ISRUC-III-07,ISRUC-III,714,3,714,train
ISRUC-III-07,ISRUC-III-07,ISRUC-III,715,3,715,train
ISRUC-III-07,ISRUC-III-07,ISRUC-III,716,3,716,train
ISRUC-III-07,ISRUC-III-07,ISRUC-III,717,3,717,train
ISRUC-III-07,ISRUC-III-07,ISRUC-III,718,3,718,train
ISRUC-III-07,ISRUC-III-07,ISRUC-III,719,3,719,train
ISRUC-III-07,ISRUC-III-07,ISRUC-III,720,3,720,train
ISRUC-III-07,ISRUC-III-07,ISRUC-III,721,3,721,train
ISRUC-III-07,ISRUC-III-07,ISRUC-III,722,3,722,train
ISRUC-III-07,ISRUC-III-07,ISRUC-III,723,3,723,train
ISRUC-III-07,ISRUC-III-07,ISRUC-III,724,3,724,train
ISRUC-III-07,ISRUC-III-07,ISRUC-III,725,3,725,train
ISRUC-III-07,ISRUC-III-07,ISRUC-III,726,3,726,train
ISRUC-III-07,ISRUC-III-07,ISRUC-III,727,0,727,train
ISRUC-III-07,ISRUC-III-07,ISRUC-III,728,2,728,train
ISRUC-III-07,ISRUC-III-07,ISRUC-III,729,2,729,train
ISRUC-III-07,ISRUC-III-07,ISRUC-III,730,3,730,train
ISRUC-III-07,ISRUC-III-07,ISRUC-III,731,2,731,train
ISRUC-III-07,ISRUC-III-07,ISRUC-III,732,2,732,train
ISRUC-III-07,ISRUC-III-07,ISRUC-III,733,2,733,train
ISRUC-III-07,ISRUC-III-07,ISRUC-III,734,2,734,train
ISRUC-III-07,ISRUC-III-07,ISRUC-III,735,2,735,train
ISRUC-III-07,ISRUC-III-07,ISRUC-III,736,3,736,train
ISRUC-III-07,ISRUC-III-07,ISRUC-III,737,3,737,train
ISRUC-III-07,ISRUC-III-07,ISRUC-III,738,3,738,train
ISRUC-III-07,ISRUC-III-07,ISRUC-III,739,3,739,train
ISRUC-III-07,ISRUC-III-07,ISRUC-III,740,3,740,train
ISRUC-III-07,ISRUC-III-07,ISRUC-III,741,3,741,train
ISRUC-III-07,ISRUC-III-07,ISRUC-III,742,3,742,train
ISRUC-III-07,ISRUC-III-07,ISRUC-III,743,3,743,train
ISRUC-III-07,ISRUC-III-07,ISRUC-III,744,3,744,train
ISRUC-III-07,ISRUC-III-07,ISRUC-III,745,3,745,train
ISRUC-III-07,ISRUC-III-07,ISRUC-III,746,3,746,train
ISRUC-III-07,ISRUC-III-07,ISRUC-III,747,3,747,train
ISRUC-III-07,ISRUC-III-07,ISRUC-III,748,3,748,train
ISRUC-III-07,ISRUC-III-07,ISRUC-III,749,3,749,train
ISRUC-III-07,ISRUC-III-07,ISRUC-III,750,3,750,train
ISRUC-III-07,ISRUC-III-07,ISRUC-III,751,3,751,train
ISRUC-III-07,ISRUC-III-07,ISRUC-III,752,4,752,train
ISRUC-III-07,ISRUC-III-07,ISRUC-III,753,2,753,train
ISRUC-III-07,ISRUC-III-07,ISRUC-III,754,4,754,train
ISRUC-III-07,ISRUC-III-07,ISRUC-III,755,4,755,train
ISRUC-III-07,ISRUC-III-07,ISRUC-III,756,4,756,train
ISRUC-III-07,ISRUC-III-07,ISRUC-III,757,4,757,train
ISRUC-III-07,ISRUC-III-07,ISRUC-III,758,4,758,train
ISRUC-III-07,ISRUC-III-07,ISRUC-III,759,1,759,train
ISRUC-III-07,ISRUC-III-07,ISRUC-III,760,1,760,train
ISRUC-III-07,ISRUC-III-07,ISRUC-III,761,4,761,train
ISRUC-III-07,ISRUC-III-07,ISRUC-III,762,1,762,train
ISRUC-III-07,ISRUC-III-07,ISRUC-III,763,4,763,train
ISRUC-III-07,ISRUC-III-07,ISRUC-III,764,4,764,train
ISRUC-III-07,ISRUC-III-07,ISRUC-III,765,4,765,train
ISRUC-III-07,ISRUC-III-07,ISRUC-III,766,4,766,train
ISRUC-III-07,ISRUC-III-07,ISRUC-III,767,4,767,train
ISRUC-III-07,ISRUC-III-07,ISRUC-III,768,4,768,train
ISRUC-III-07,ISRUC-III-07,ISRUC-III,769,4,769,train
ISRUC-III-07,ISRUC-III-07,ISRUC-III,770,4,770,train
ISRUC-III-07,ISRUC-III-07,ISRUC-III,771,4,771,train
ISRUC-III-07,ISRUC-III-07,ISRUC-III,772,1,772,train
ISRUC-III-07,ISRUC-III-07,ISRUC-III,773,1,773,train
ISRUC-III-07,ISRUC-III-07,ISRUC-III,774,1,774,train
ISRUC-III-07,ISRUC-III-07,ISRUC-III,775,1,775,train
ISRUC-III-07,ISRUC-III-07,ISRUC-III,776,4,776,train
ISRUC-III-07,ISRUC-III-07,ISRUC-III,777,4,777,train
ISRUC-III-07,ISRUC-III-07,ISRUC-III,778,4,778,train
ISRUC-III-07,ISRUC-III-07,ISRUC-III,779,1,779,train
ISRUC-III-07,ISRUC-III-07,ISRUC-III,780,1,780,train
ISRUC-III-07,ISRUC-III-07,ISRUC-III,781,1,781,train
ISRUC-III-07,ISRUC-III-07,ISRUC-III,782,4,782,train
ISRUC-III-07,ISRUC-III-07,ISRUC-III,783,4,783,train
ISRUC-III-08,ISRUC-III-08,ISRUC-III,0,0,0,train
ISRUC-III-08,ISRUC-III-08,ISRUC-III,1,0,1,train
ISRUC-III-08,ISRUC-III-08,ISRUC-III,2,0,2,train
ISRUC-III-08,ISRUC-III-08,ISRUC-III,3,0,3,train
ISRUC-III-08,ISRUC-III-08,ISRUC-III,4,0,4,train
ISRUC-III-08,ISRUC-III-08,ISRUC-III,5,0,5,train
ISRUC-III-08,ISRUC-III-08,ISRUC-III,6,0,6,train
ISRUC-III-08,ISRUC-III-08,ISRUC-III,7,0,7,train
ISRUC-III-08,ISRUC-III-08,ISRUC-III,8,0,8,train
ISRUC-III-08,ISRUC-III-08,ISRUC-III,9,0,9,train
ISRUC-III-08,ISRUC-III-08,ISRUC-III,10,0,10,train
ISRUC-III-08,ISRUC-III-08,ISRUC-III,11,0,11,train
ISRUC-III-08,ISRUC-III-08,ISRUC-III,12,0,12,train
ISRUC-III-08,ISRUC-III-08,ISRUC-III,13,0,13,train
ISRUC-III-08,ISRUC-III-08,ISRUC-III,14,0,14,train
ISRUC-III-08,ISRUC-III-08,ISRUC-III,15,0,15,train
ISRUC-III-08,ISRUC-III-08,ISRUC-III,16,0,16,train
ISRUC-III-08,ISRUC-III-08,ISRUC-III,17,0,17,train
ISRUC-III-08,ISRUC-III-08,ISRUC-III,18,0,18,train
ISRUC-III-08,ISRUC-III-08,ISRUC-III,19,0,19,train
ISRUC-III-08,ISRUC-III-08,ISRUC-III,20,0,20,train
ISRUC-III-08,ISRUC-III-08,ISRUC-III,21,0,21,train
ISRUC-III-08,ISRUC-III-08,ISRUC-III,22,0,22,train
ISRUC-III-08,ISRUC-III-08,ISRUC-III,23,0,23,train
ISRUC-III-08,ISRUC-III-08,ISRUC-III,24,0,24,train
ISRUC-III-08,ISRUC-III-08,ISRUC-III,25,0,25,train
ISRUC-III-08,ISRUC-III-08,ISRUC-III,26,0,26,train
ISRUC-III-08,ISRUC-III-08,ISRUC-III,27,0,27,train
ISRUC-III-08,ISRUC-III-08,ISRUC-III,28,0,28,train
ISRUC-III-08,ISRUC-III-08,ISRUC-III,29,0,29,train
ISRUC-III-08,ISRUC-III-08,ISRUC-III,30,0,30,train
ISRUC-III-08,ISRUC-III-08,ISRUC-III,31,0,31,train
ISRUC-III-08,ISRUC-III-08,ISRUC-III,32,0,32,train
ISRUC-III-08,ISRUC-III-08,ISRUC-III,33,0,33,train
ISRUC-III-08,ISRUC-III-08,ISRUC-III,34,0,34,train
ISRUC-III-08,ISRUC-III-08,ISRUC-III,35,0,35,train
ISRUC-III-08,ISRUC-III-08,ISRUC-III,36,0,36,train
ISRUC-III-08,ISRUC-III-08,ISRUC-III,37,0,37,train
ISRUC-III-08,ISRUC-III-08,ISRUC-III,38,0,38,train
ISRUC-III-08,ISRUC-III-08,ISRUC-III,39,0,39,train
ISRUC-III-08,ISRUC-III-08,ISRUC-III,40,0,40,train
ISRUC-III-08,ISRUC-III-08,ISRUC-III,41,0,41,train
ISRUC-III-08,ISRUC-III-08,ISRUC-III,42,1,42,train
ISRUC-III-08,ISRUC-III-08,ISRUC-III,43,0,43,train
ISRUC-III-08,ISRUC-III-08,ISRUC-III,44,0,44,train
ISRUC-III-08,ISRUC-III-08,ISRUC-III,45,0,45,train
ISRUC-III-08,ISRUC-III-08,ISRUC-III,46,0,46,train
ISRUC-III-08,ISRUC-III-08,ISRUC-III,47,0,47,train
ISRUC-III-08,ISRUC-III-08,ISRUC-III,48,1,48,train
ISRUC-III-08,ISRUC-III-08,ISRUC-III,49,1,49,train
ISRUC-III-08,ISRUC-III-08,ISRUC-III,50,0,50,train
ISRUC-III-08,ISRUC-III-08,ISRUC-III,51,1,51,train
ISRUC-III-08,ISRUC-III-08,ISRUC-III,52,1,52,train
ISRUC-III-08,ISRUC-III-08,ISRUC-III,53,1,53,train
ISRUC-III-08,ISRUC-III-08,ISRUC-III,54,1,54,train
ISRUC-III-08,ISRUC-III-08,ISRUC-III,55,1,55,train
ISRUC-III-08,ISRUC-III-08,ISRUC-III,56,1,56,train
ISRUC-III-08,ISRUC-III-08,ISRUC-III,57,0,57,train
ISRUC-III-08,ISRUC-III-08,ISRUC-III,58,0,58,train
ISRUC-III-08,ISRUC-III-08,ISRUC-III,59,0,59,train
ISRUC-III-08,ISRUC-III-08,ISRUC-III,60,0,60,train
ISRUC-III-08,ISRUC-III-08,ISRUC-III,61,0,61,train
ISRUC-III-08,ISRUC-III-08,ISRUC-III,62,0,62,train
ISRUC-III-08,ISRUC-III-08,ISRUC-III,63,0,63,train
ISRUC-III-08,ISRUC-III-08,ISRUC-III,64,0,64,train
ISRUC-III-08,ISRUC-III-08,ISRUC-III,65,0,65,train
ISRUC-III-08,ISRUC-III-08,ISRUC-III,66,0,66,train
ISRUC-III-08,ISRUC-III-08,ISRUC-III,67,0,67,train
ISRUC-III-08,ISRUC-III-08,ISRUC-III,68,0,68,train
ISRUC-III-08,ISRUC-III-08,ISRUC-III,69,0,69,train
ISRUC-III-08,ISRUC-III-08,ISRUC-III,70,0,70,train
ISRUC-III-08,ISRUC-III-08,ISRUC-III,71,0,71,train
ISRUC-III-08,ISRUC-III-08,ISRUC-III,72,0,72,train
ISRUC-III-08,ISRUC-III-08,ISRUC-III,73,0,73,train
ISRUC-III-08,ISRUC-III-08,ISRUC-III,74,0,74,train
ISRUC-III-08,ISRUC-III-08,ISRUC-III,75,0,75,train
ISRUC-III-08,ISRUC-III-08,ISRUC-III,76,0,76,train
ISRUC-III-08,ISRUC-III-08,ISRUC-III,77,0,77,train
ISRUC-III-08,ISRUC-III-08,ISRUC-III,78,0,78,train
ISRUC-III-08,ISRUC-III-08,ISRUC-III,79,0,79,train
ISRUC-III-08,ISRUC-III-08,ISRUC-III,80,0,80,train
ISRUC-III-08,ISRUC-III-08,ISRUC-III,81,0,81,train
ISRUC-III-08,ISRUC-III-08,ISRUC-III,82,0,82,train
ISRUC-III-08,ISRUC-III-08,ISRUC-III,83,0,83,train
ISRUC-III-08,ISRUC-III-08,ISRUC-III,84,0,84,train
ISRUC-III-08,ISRUC-III-08,ISRUC-III,85,0,85,train
ISRUC-III-08,ISRUC-III-08,ISRUC-III,86,0,86,train
ISRUC-III-08,ISRUC-III-08,ISRUC-III,87,0,87,train
ISRUC-III-08,ISRUC-III-08,ISRUC-III,88,0,88,train
ISRUC-III-08,ISRUC-III-08,ISRUC-III,89,0,89,train
ISRUC-III-08,ISRUC-III-08,ISRUC-III,90,0,90,train
ISRUC-III-08,ISRUC-III-08,ISRUC-III,91,0,91,train
ISRUC-III-08,ISRUC-III-08,ISRUC-III,92,0,92,train
ISRUC-III-08,ISRUC-III-08,ISRUC-III,93,0,93,train
ISRUC-III-08,ISRUC-III-08,ISRUC-III,94,0,94,train
ISRUC-III-08,ISRUC-III-08,ISRUC-III,95,0,95,train
ISRUC-III-08,ISRUC-III-08,ISRUC-III,96,0,96,train
ISRUC-III-08,ISRUC-III-08,ISRUC-III,97,0,97,train
ISRUC-III-08,ISRUC-III-08,ISRUC-III,98,0,98,train
ISRUC-III-08,ISRUC-III-08,ISRUC-III,99,0,99,train
ISRUC-III-08,ISRUC-III-08,ISRUC-III,100,0,100,train
ISRUC-III-08,ISRUC-III-08,ISRUC-III,101,0,101,train
ISRUC-III-08,ISRUC-III-08,ISRUC-III,102,0,102,train
ISRUC-III-08,ISRUC-III-08,ISRUC-III,103,0,103,train
ISRUC-III-08,ISRUC-III-08,ISRUC-III,104,0,104,train
ISRUC-III-08,ISRUC-III-08,ISRUC-III,105,0,105,train
ISRUC-III-08,ISRUC-III-08,ISRUC-III,106,0,106,train
ISRUC-III-08,ISRUC-III-08,ISRUC-III,107,0,107,train
ISRUC-III-08,ISRUC-III-08,ISRUC-III,108,0,108,train
ISRUC-III-08,ISRUC-III-08,ISRUC-III,109,0,109,train
ISRUC-III-08,ISRUC-III-08,ISRUC-III,110,0,110,train
ISRUC-III-08,ISRUC-III-08,ISRUC-III,111,0,111,train
ISRUC-III-08,ISRUC-III-08,ISRUC-III,112,0,112,train
ISRUC-III-08,ISRUC-III-08,ISRUC-III,113,1,113,train
ISRUC-III-08,ISRUC-III-08,ISRUC-III,114,0,114,train
ISRUC-III-08,ISRUC-III-08,ISRUC-III,115,1,115,train
ISRUC-III-08,ISRUC-III-08,ISRUC-III,116,1,116,train
ISRUC-III-08,ISRUC-III-08,ISRUC-III,117,1,117,train
ISRUC-III-08,ISRUC-III-08,ISRUC-III,118,1,118,train
ISRUC-III-08,ISRUC-III-08,ISRUC-III,119,0,119,train
ISRUC-III-08,ISRUC-III-08,ISRUC-III,120,0,120,train
ISRUC-III-08,ISRUC-III-08,ISRUC-III,121,0,121,train
ISRUC-III-08,ISRUC-III-08,ISRUC-III,122,0,122,train
ISRUC-III-08,ISRUC-III-08,ISRUC-III,123,0,123,train
ISRUC-III-08,ISRUC-III-08,ISRUC-III,124,0,124,train
ISRUC-III-08,ISRUC-III-08,ISRUC-III,125,0,125,train
ISRUC-III-08,ISRUC-III-08,ISRUC-III,126,0,126,train
ISRUC-III-08,ISRUC-III-08,ISRUC-III,127,0,127,train
ISRUC-III-08,ISRUC-III-08,ISRUC-III,128,0,128,train
ISRUC-III-08,ISRUC-III-08,ISRUC-III,129,0,129,train
ISRUC-III-08,ISRUC-III-08,ISRUC-III,130,0,130,train
ISRUC-III-08,ISRUC-III-08,ISRUC-III,131,0,131,train
ISRUC-III-08,ISRUC-III-08,ISRUC-III,132,0,132,train
ISRUC-III-08,ISRUC-III-08,ISRUC-III,133,0,133,train
ISRUC-III-08,ISRUC-III-08,ISRUC-III,134,0,134,train
ISRUC-III-08,ISRUC-III-08,ISRUC-III,135,0,135,train
ISRUC-III-08,ISRUC-III-08,ISRUC-III,136,0,136,train
ISRUC-III-08,ISRUC-III-08,ISRUC-III,137,0,137,train
ISRUC-III-08,ISRUC-III-08,ISRUC-III,138,0,138,train
ISRUC-III-08,ISRUC-III-08,ISRUC-III,139,0,139,train
ISRUC-III-08,ISRUC-III-08,ISRUC-III,140,0,140,train
ISRUC-III-08,ISRUC-III-08,ISRUC-III,141,0,141,train
ISRUC-III-08,ISRUC-III-08,ISRUC-III,142,0,142,train
ISRUC-III-08,ISRUC-III-08,ISRUC-III,143,0,143,train
ISRUC-III-08,ISRUC-III-08,ISRUC-III,144,0,144,train
ISRUC-III-08,ISRUC-III-08,ISRUC-III,145,1,145,train
ISRUC-III-08,ISRUC-III-08,ISRUC-III,146,1,146,train
ISRUC-III-08,ISRUC-III-08,ISRUC-III,147,1,147,train
ISRUC-III-08,ISRUC-III-08,ISRUC-III,148,1,148,train
ISRUC-III-08,ISRUC-III-08,ISRUC-III,149,1,149,train
ISRUC-III-08,ISRUC-III-08,ISRUC-III,150,2,150,train
ISRUC-III-08,ISRUC-III-08,ISRUC-III,151,2,151,train
ISRUC-III-08,ISRUC-III-08,ISRUC-III,152,1,152,train
ISRUC-III-08,ISRUC-III-08,ISRUC-III,153,2,153,train
ISRUC-III-08,ISRUC-III-08,ISRUC-III,154,2,154,train
ISRUC-III-08,ISRUC-III-08,ISRUC-III,155,2,155,train
ISRUC-III-08,ISRUC-III-08,ISRUC-III,156,0,156,train
ISRUC-III-08,ISRUC-III-08,ISRUC-III,157,0,157,train
ISRUC-III-08,ISRUC-III-08,ISRUC-III,158,0,158,train
ISRUC-III-08,ISRUC-III-08,ISRUC-III,159,0,159,train
ISRUC-III-08,ISRUC-III-08,ISRUC-III,160,0,160,train
ISRUC-III-08,ISRUC-III-08,ISRUC-III,161,0,161,train
ISRUC-III-08,ISRUC-III-08,ISRUC-III,162,0,162,train
ISRUC-III-08,ISRUC-III-08,ISRUC-III,163,0,163,train
ISRUC-III-08,ISRUC-III-08,ISRUC-III,164,0,164,train
ISRUC-III-08,ISRUC-III-08,ISRUC-III,165,0,165,train
ISRUC-III-08,ISRUC-III-08,ISRUC-III,166,0,166,train
ISRUC-III-08,ISRUC-III-08,ISRUC-III,167,0,167,train
ISRUC-III-08,ISRUC-III-08,ISRUC-III,168,0,168,train
ISRUC-III-08,ISRUC-III-08,ISRUC-III,169,0,169,train
ISRUC-III-08,ISRUC-III-08,ISRUC-III,170,0,170,train
ISRUC-III-08,ISRUC-III-08,ISRUC-III,171,0,171,train
ISRUC-III-08,ISRUC-III-08,ISRUC-III,172,0,172,train
ISRUC-III-08,ISRUC-III-08,ISRUC-III,173,0,173,train
ISRUC-III-08,ISRUC-III-08,ISRUC-III,174,0,174,train
ISRUC-III-08,ISRUC-III-08,ISRUC-III,175,0,175,train
ISRUC-III-08,ISRUC-III-08,ISRUC-III,176,0,176,train
ISRUC-III-08,ISRUC-III-08,ISRUC-III,177,0,177,train
ISRUC-III-08,ISRUC-III-08,ISRUC-III,178,0,178,train
ISRUC-III-08,ISRUC-III-08,ISRUC-III,179,0,179,train
ISRUC-III-08,ISRUC-III-08,ISRUC-III,180,0,180,train
ISRUC-III-08,ISRUC-III-08,ISRUC-III,181,0,181,train
ISRUC-III-08,ISRUC-III-08,ISRUC-III,182,0,182,train
ISRUC-III-08,ISRUC-III-08,ISRUC-III,183,0,183,train
ISRUC-III-08,ISRUC-III-08,ISRUC-III,184,0,184,train
ISRUC-III-08,ISRUC-III-08,ISRUC-III,185,0,185,train
ISRUC-III-08,ISRUC-III-08,ISRUC-III,186,0,186,train
ISRUC-III-08,ISRUC-III-08,ISRUC-III,187,0,187,train
ISRUC-III-08,ISRUC-III-08,ISRUC-III,188,0,188,train
ISRUC-III-08,ISRUC-III-08,ISRUC-III,189,0,189,train
ISRUC-III-08,ISRUC-III-08,ISRUC-III,190,0,190,train
ISRUC-III-08,ISRUC-III-08,ISRUC-III,191,0,191,train
ISRUC-III-08,ISRUC-III-08,ISRUC-III,192,0,192,train
ISRUC-III-08,ISRUC-III-08,ISRUC-III,193,0,193,train
ISRUC-III-08,ISRUC-III-08,ISRUC-III,194,0,194,train
ISRUC-III-08,ISRUC-III-08,ISRUC-III,195,0,195,train
ISRUC-III-08,ISRUC-III-08,ISRUC-III,196,0,196,train
ISRUC-III-08,ISRUC-III-08,ISRUC-III,197,0,197,train
ISRUC-III-08,ISRUC-III-08,ISRUC-III,198,0,198,train
ISRUC-III-08,ISRUC-III-08,ISRUC-III,199,0,199,train
ISRUC-III-08,ISRUC-III-08,ISRUC-III,200,0,200,train
ISRUC-III-08,ISRUC-III-08,ISRUC-III,201,0,201,train
ISRUC-III-08,ISRUC-III-08,ISRUC-III,202,0,202,train
ISRUC-III-08,ISRUC-III-08,ISRUC-III,203,0,203,train
ISRUC-III-08,ISRUC-III-08,ISRUC-III,204,0,204,train
ISRUC-III-08,ISRUC-III-08,ISRUC-III,205,0,205,train
ISRUC-III-08,ISRUC-III-08,ISRUC-III,206,0,206,train
ISRUC-III-08,ISRUC-III-08,ISRUC-III,207,0,207,train
ISRUC-III-08,ISRUC-III-08,ISRUC-III,208,0,208,train
ISRUC-III-08,ISRUC-III-08,ISRUC-III,209,0,209,train
ISRUC-III-08,ISRUC-III-08,ISRUC-III,210,0,210,train
ISRUC-III-08,ISRUC-III-08,ISRUC-III,211,0,211,train
ISRUC-III-08,ISRUC-III-08,ISRUC-III,212,0,212,train
ISRUC-III-08,ISRUC-III-08,ISRUC-III,213,0,213,train
ISRUC-III-08,ISRUC-III-08,ISRUC-III,214,0,214,train
ISRUC-III-08,ISRUC-III-08,ISRUC-III,215,0,215,train
ISRUC-III-08,ISRUC-III-08,ISRUC-III,216,0,216,train
ISRUC-III-08,ISRUC-III-08,ISRUC-III,217,0,217,train
ISRUC-III-08,ISRUC-III-08,ISRUC-III,218,0,218,train
ISRUC-III-08,ISRUC-III-08,ISRUC-III,219,0,219,train
ISRUC-III-08,ISRUC-III-08,ISRUC-III,220,0,220,train
ISRUC-III-08,ISRUC-III-08,ISRUC-III,221,0,221,train
ISRUC-III-08,ISRUC-III-08,ISRUC-III,222,0,222,train
ISRUC-III-08,ISRUC-III-08,ISRUC-III,223,0,223,train
ISRUC-III-08,ISRUC-III-08,ISRUC-III,224,0,224,train
ISRUC-III-08,ISRUC-III-08,ISRUC-III,225,0,225,train
ISRUC-III-08,ISRUC-III-08,ISRUC-III,226,0,226,train
ISRUC-III-08,ISRUC-III-08,ISRUC-III,227,0,227,train
ISRUC-III-08,ISRUC-III-08,ISRUC-III,228,0,228,train
ISRUC-III-08,ISRUC-III-08,ISRUC-III,229,0,229,train
ISRUC-III-08,ISRUC-III-08,ISRUC-III,230,0,230,train
ISRUC-III-08,ISRUC-III-08,ISRUC-III,231,0,231,train
ISRUC-III-08,ISRUC-III-08,ISRUC-III,232,0,232,train
ISRUC-III-08,ISRUC-III-08,ISRUC-III,233,0,233,train
ISRUC-III-08,ISRUC-III-08,ISRUC-III,234,0,234,train
ISRUC-III-08,ISRUC-III-08,ISRUC-III,235,0,235,train
ISRUC-III-08,ISRUC-III-08,ISRUC-III,236,0,236,train
ISRUC-III-08,ISRUC-III-08,ISRUC-III,237,0,237,train
ISRUC-III-08,ISRUC-III-08,ISRUC-III,238,0,238,train
ISRUC-III-08,ISRUC-III-08,ISRUC-III,239,0,239,train
ISRUC-III-08,ISRUC-III-08,ISRUC-III,240,0,240,train
ISRUC-III-08,ISRUC-III-08,ISRUC-III,241,0,241,train
ISRUC-III-08,ISRUC-III-08,ISRUC-III,242,0,242,train
ISRUC-III-08,ISRUC-III-08,ISRUC-III,243,0,243,train
ISRUC-III-08,ISRUC-III-08,ISRUC-III,244,0,244,train
ISRUC-III-08,ISRUC-III-08,ISRUC-III,245,0,245,train
ISRUC-III-08,ISRUC-III-08,ISRUC-III,246,0,246,train
ISRUC-III-08,ISRUC-III-08,ISRUC-III,247,0,247,train
ISRUC-III-08,ISRUC-III-08,ISRUC-III,248,0,248,train
ISRUC-III-08,ISRUC-III-08,ISRUC-III,249,0,249,train
ISRUC-III-08,ISRUC-III-08,ISRUC-III,250,0,250,train
ISRUC-III-08,ISRUC-III-08,ISRUC-III,251,0,251,train
ISRUC-III-08,ISRUC-III-08,ISRUC-III,252,0,252,train
ISRUC-III-08,ISRUC-III-08,ISRUC-III,253,0,253,train
ISRUC-III-08,ISRUC-III-08,ISRUC-III,254,0,254,train
ISRUC-III-08,ISRUC-III-08,ISRUC-III,255,0,255,train
ISRUC-III-08,ISRUC-III-08,ISRUC-III,256,0,256,train
ISRUC-III-08,ISRUC-III-08,ISRUC-III,257,0,257,train
ISRUC-III-08,ISRUC-III-08,ISRUC-III,258,0,258,train
ISRUC-III-08,ISRUC-III-08,ISRUC-III,259,0,259,train
ISRUC-III-08,ISRUC-III-08,ISRUC-III,260,0,260,train
ISRUC-III-08,ISRUC-III-08,ISRUC-III,261,0,261,train
ISRUC-III-08,ISRUC-III-08,ISRUC-III,262,0,262,train
ISRUC-III-08,ISRUC-III-08,ISRUC-III,263,0,263,train
ISRUC-III-08,ISRUC-III-08,ISRUC-III,264,0,264,train
ISRUC-III-08,ISRUC-III-08,ISRUC-III,265,0,265,train
ISRUC-III-08,ISRUC-III-08,ISRUC-III,266,0,266,train
ISRUC-III-08,ISRUC-III-08,ISRUC-III,267,0,267,train
ISRUC-III-08,ISRUC-III-08,ISRUC-III,268,0,268,train
ISRUC-III-08,ISRUC-III-08,ISRUC-III,269,0,269,train
ISRUC-III-08,ISRUC-III-08,ISRUC-III,270,0,270,train
ISRUC-III-08,ISRUC-III-08,ISRUC-III,271,0,271,train
ISRUC-III-08,ISRUC-III-08,ISRUC-III,272,0,272,train
ISRUC-III-08,ISRUC-III-08,ISRUC-III,273,0,273,train
ISRUC-III-08,ISRUC-III-08,ISRUC-III,274,0,274,train
ISRUC-III-08,ISRUC-III-08,ISRUC-III,275,0,275,train
ISRUC-III-08,ISRUC-III-08,ISRUC-III,276,0,276,train
ISRUC-III-08,ISRUC-III-08,ISRUC-III,277,0,277,train
ISRUC-III-08,ISRUC-III-08,ISRUC-III,278,0,278,train
ISRUC-III-08,ISRUC-III-08,ISRUC-III,279,0,279,train
ISRUC-III-08,ISRUC-III-08,ISRUC-III,280,0,280,train
ISRUC-III-08,ISRUC-III-08,ISRUC-III,281,0,281,train
ISRUC-III-08,ISRUC-III-08,ISRUC-III,282,0,282,train
ISRUC-III-08,ISRUC-III-08,ISRUC-III,283,0,283,train
ISRUC-III-08,ISRUC-III-08,ISRUC-III,284,0,284,train
ISRUC-III-08,ISRUC-III-08,ISRUC-III,285,0,285,train
ISRUC-III-08,ISRUC-III-08,ISRUC-III,286,0,286,train
ISRUC-III-08,ISRUC-III-08,ISRUC-III,287,0,287,train
ISRUC-III-08,ISRUC-III-08,ISRUC-III,288,0,288,train
ISRUC-III-08,ISRUC-III-08,ISRUC-III,289,0,289,train
ISRUC-III-08,ISRUC-III-08,ISRUC-III,290,0,290,train
ISRUC-III-08,ISRUC-III-08,ISRUC-III,291,0,291,train
ISRUC-III-08,ISRUC-III-08,ISRUC-III,292,0,292,train
ISRUC-III-08,ISRUC-III-08,ISRUC-III,293,0,293,train
ISRUC-III-08,ISRUC-III-08,ISRUC-III,294,0,294,train
ISRUC-III-08,ISRUC-III-08,ISRUC-III,295,0,295,train
ISRUC-III-08,ISRUC-III-08,ISRUC-III,296,0,296,train
ISRUC-III-08,ISRUC-III-08,ISRUC-III,297,0,297,train
ISRUC-III-08,ISRUC-III-08,ISRUC-III,298,0,298,train
ISRUC-III-08,ISRUC-III-08,ISRUC-III,299,0,299,train
ISRUC-III-08,ISRUC-III-08,ISRUC-III,300,0,300,train
ISRUC-III-08,ISRUC-III-08,ISRUC-III,301,1,301,train
ISRUC-III-08,ISRUC-III-08,ISRUC-III,302,1,302,train
ISRUC-III-08,ISRUC-III-08,ISRUC-III,303,1,303,train
ISRUC-III-08,ISRUC-III-08,ISRUC-III,304,0,304,train
ISRUC-III-08,ISRUC-III-08,ISRUC-III,305,0,305,train
ISRUC-III-08,ISRUC-III-08,ISRUC-III,306,0,306,train
ISRUC-III-08,ISRUC-III-08,ISRUC-III,307,0,307,train
ISRUC-III-08,ISRUC-III-08,ISRUC-III,308,0,308,train
ISRUC-III-08,ISRUC-III-08,ISRUC-III,309,0,309,train
ISRUC-III-08,ISRUC-III-08,ISRUC-III,310,0,310,train
ISRUC-III-08,ISRUC-III-08,ISRUC-III,311,0,311,train
ISRUC-III-08,ISRUC-III-08,ISRUC-III,312,0,312,train
ISRUC-III-08,ISRUC-III-08,ISRUC-III,313,0,313,train
ISRUC-III-08,ISRUC-III-08,ISRUC-III,314,0,314,train
ISRUC-III-08,ISRUC-III-08,ISRUC-III,315,0,315,train
ISRUC-III-08,ISRUC-III-08,ISRUC-III,316,0,316,train
ISRUC-III-08,ISRUC-III-08,ISRUC-III,317,0,317,train
ISRUC-III-08,ISRUC-III-08,ISRUC-III,318,0,318,train
ISRUC-III-08,ISRUC-III-08,ISRUC-III,319,0,319,train
ISRUC-III-08,ISRUC-III-08,ISRUC-III,320,0,320,train
ISRUC-III-08,ISRUC-III-08,ISRUC-III,321,0,321,train
ISRUC-III-08,ISRUC-III-08,ISRUC-III,322,0,322,train
ISRUC-III-08,ISRUC-III-08,ISRUC-III,323,1,323,train
ISRUC-III-08,ISRUC-III-08,ISRUC-III,324,0,324,train
ISRUC-III-08,ISRUC-III-08,ISRUC-III,325,0,325,train
ISRUC-III-08,ISRUC-III-08,ISRUC-III,326,1,326,train
ISRUC-III-08,ISRUC-III-08,ISRUC-III,327,0,327,train
ISRUC-III-08,ISRUC-III-08,ISRUC-III,328,1,328,train
ISRUC-III-08,ISRUC-III-08,ISRUC-III,329,1,329,train
ISRUC-III-08,ISRUC-III-08,ISRUC-III,330,1,330,train
ISRUC-III-08,ISRUC-III-08,ISRUC-III,331,1,331,train
ISRUC-III-08,ISRUC-III-08,ISRUC-III,332,1,332,train
ISRUC-III-08,ISRUC-III-08,ISRUC-III,333,1,333,train
ISRUC-III-08,ISRUC-III-08,ISRUC-III,334,2,334,train
ISRUC-III-08,ISRUC-III-08,ISRUC-III,335,2,335,train
ISRUC-III-08,ISRUC-III-08,ISRUC-III,336,2,336,train
ISRUC-III-08,ISRUC-III-08,ISRUC-III,337,2,337,train
ISRUC-III-08,ISRUC-III-08,ISRUC-III,338,2,338,train
ISRUC-III-08,ISRUC-III-08,ISRUC-III,339,2,339,train
ISRUC-III-08,ISRUC-III-08,ISRUC-III,340,2,340,train
ISRUC-III-08,ISRUC-III-08,ISRUC-III,341,2,341,train
ISRUC-III-08,ISRUC-III-08,ISRUC-III,342,2,342,train
ISRUC-III-08,ISRUC-III-08,ISRUC-III,343,2,343,train
ISRUC-III-08,ISRUC-III-08,ISRUC-III,344,2,344,train
ISRUC-III-08,ISRUC-III-08,ISRUC-III,345,2,345,train
ISRUC-III-08,ISRUC-III-08,ISRUC-III,346,2,346,train
ISRUC-III-08,ISRUC-III-08,ISRUC-III,347,2,347,train
ISRUC-III-08,ISRUC-III-08,ISRUC-III,348,2,348,train
ISRUC-III-08,ISRUC-III-08,ISRUC-III,349,2,349,train
ISRUC-III-08,ISRUC-III-08,ISRUC-III,350,2,350,train
ISRUC-III-08,ISRUC-III-08,ISRUC-III,351,2,351,train
ISRUC-III-08,ISRUC-III-08,ISRUC-III,352,3,352,train
ISRUC-III-08,ISRUC-III-08,ISRUC-III,353,3,353,train
ISRUC-III-08,ISRUC-III-08,ISRUC-III,354,3,354,train
ISRUC-III-08,ISRUC-III-08,ISRUC-III,355,3,355,train
ISRUC-III-08,ISRUC-III-08,ISRUC-III,356,3,356,train
ISRUC-III-08,ISRUC-III-08,ISRUC-III,357,3,357,train
ISRUC-III-08,ISRUC-III-08,ISRUC-III,358,3,358,train
ISRUC-III-08,ISRUC-III-08,ISRUC-III,359,3,359,train
ISRUC-III-08,ISRUC-III-08,ISRUC-III,360,3,360,train
ISRUC-III-08,ISRUC-III-08,ISRUC-III,361,3,361,train
ISRUC-III-08,ISRUC-III-08,ISRUC-III,362,3,362,train
ISRUC-III-08,ISRUC-III-08,ISRUC-III,363,3,363,train
ISRUC-III-08,ISRUC-III-08,ISRUC-III,364,3,364,train
ISRUC-III-08,ISRUC-III-08,ISRUC-III,365,0,365,train
ISRUC-III-08,ISRUC-III-08,ISRUC-III,366,0,366,train
ISRUC-III-08,ISRUC-III-08,ISRUC-III,367,0,367,train
ISRUC-III-08,ISRUC-III-08,ISRUC-III,368,0,368,train
ISRUC-III-08,ISRUC-III-08,ISRUC-III,369,0,369,train
ISRUC-III-08,ISRUC-III-08,ISRUC-III,370,1,370,train
ISRUC-III-08,ISRUC-III-08,ISRUC-III,371,1,371,train
ISRUC-III-08,ISRUC-III-08,ISRUC-III,372,2,372,train
ISRUC-III-08,ISRUC-III-08,ISRUC-III,373,2,373,train
ISRUC-III-08,ISRUC-III-08,ISRUC-III,374,2,374,train
ISRUC-III-08,ISRUC-III-08,ISRUC-III,375,2,375,train
ISRUC-III-08,ISRUC-III-08,ISRUC-III,376,2,376,train
ISRUC-III-08,ISRUC-III-08,ISRUC-III,377,2,377,train
ISRUC-III-08,ISRUC-III-08,ISRUC-III,378,2,378,train
ISRUC-III-08,ISRUC-III-08,ISRUC-III,379,2,379,train
ISRUC-III-08,ISRUC-III-08,ISRUC-III,380,2,380,train
ISRUC-III-08,ISRUC-III-08,ISRUC-III,381,2,381,train
ISRUC-III-08,ISRUC-III-08,ISRUC-III,382,2,382,train
ISRUC-III-08,ISRUC-III-08,ISRUC-III,383,2,383,train
ISRUC-III-08,ISRUC-III-08,ISRUC-III,384,2,384,train
ISRUC-III-08,ISRUC-III-08,ISRUC-III,385,3,385,train
ISRUC-III-08,ISRUC-III-08,ISRUC-III,386,3,386,train
ISRUC-III-08,ISRUC-III-08,ISRUC-III,387,3,387,train
ISRUC-III-08,ISRUC-III-08,ISRUC-III,388,3,388,train
ISRUC-III-08,ISRUC-III-08,ISRUC-III,389,3,389,train
ISRUC-III-08,ISRUC-III-08,ISRUC-III,390,3,390,train
ISRUC-III-08,ISRUC-III-08,ISRUC-III,391,3,391,train
ISRUC-III-08,ISRUC-III-08,ISRUC-III,392,3,392,train
ISRUC-III-08,ISRUC-III-08,ISRUC-III,393,3,393,train
ISRUC-III-08,ISRUC-III-08,ISRUC-III,394,3,394,train
ISRUC-III-08,ISRUC-III-08,ISRUC-III,395,3,395,train
ISRUC-III-08,ISRUC-III-08,ISRUC-III,396,3,396,train
ISRUC-III-08,ISRUC-III-08,ISRUC-III,397,3,397,train
ISRUC-III-08,ISRUC-III-08,ISRUC-III,398,3,398,train
ISRUC-III-08,ISRUC-III-08,ISRUC-III,399,3,399,train
ISRUC-III-08,ISRUC-III-08,ISRUC-III,400,3,400,train
ISRUC-III-08,ISRUC-III-08,ISRUC-III,401,3,401,train
ISRUC-III-08,ISRUC-III-08,ISRUC-III,402,3,402,train
ISRUC-III-08,ISRUC-III-08,ISRUC-III,403,3,403,train
ISRUC-III-08,ISRUC-III-08,ISRUC-III,404,3,404,train
ISRUC-III-08,ISRUC-III-08,ISRUC-III,405,3,405,train
ISRUC-III-08,ISRUC-III-08,ISRUC-III,406,3,406,train
ISRUC-III-08,ISRUC-III-08,ISRUC-III,407,3,407,train
ISRUC-III-08,ISRUC-III-08,ISRUC-III,408,3,408,train
ISRUC-III-08,ISRUC-III-08,ISRUC-III,409,3,409,train
ISRUC-III-08,ISRUC-III-08,ISRUC-III,410,3,410,train
ISRUC-III-08,ISRUC-III-08,ISRUC-III,411,3,411,train
ISRUC-III-08,ISRUC-III-08,ISRUC-III,412,3,412,train
ISRUC-III-08,ISRUC-III-08,ISRUC-III,413,3,413,train
ISRUC-III-08,ISRUC-III-08,ISRUC-III,414,3,414,train
ISRUC-III-08,ISRUC-III-08,ISRUC-III,415,3,415,train
ISRUC-III-08,ISRUC-III-08,ISRUC-III,416,3,416,train
ISRUC-III-08,ISRUC-III-08,ISRUC-III,417,3,417,train
ISRUC-III-08,ISRUC-III-08,ISRUC-III,418,3,418,train
ISRUC-III-08,ISRUC-III-08,ISRUC-III,419,3,419,train
ISRUC-III-08,ISRUC-III-08,ISRUC-III,420,3,420,train
ISRUC-III-08,ISRUC-III-08,ISRUC-III,421,3,421,train
ISRUC-III-08,ISRUC-III-08,ISRUC-III,422,3,422,train
ISRUC-III-08,ISRUC-III-08,ISRUC-III,423,3,423,train
ISRUC-III-08,ISRUC-III-08,ISRUC-III,424,3,424,train
ISRUC-III-08,ISRUC-III-08,ISRUC-III,425,3,425,train
ISRUC-III-08,ISRUC-III-08,ISRUC-III,426,3,426,train
ISRUC-III-08,ISRUC-III-08,ISRUC-III,427,3,427,train
ISRUC-III-08,ISRUC-III-08,ISRUC-III,428,3,428,train
ISRUC-III-08,ISRUC-III-08,ISRUC-III,429,3,429,train
ISRUC-III-08,ISRUC-III-08,ISRUC-III,430,3,430,train
ISRUC-III-08,ISRUC-III-08,ISRUC-III,431,3,431,train
ISRUC-III-08,ISRUC-III-08,ISRUC-III,432,3,432,train
ISRUC-III-08,ISRUC-III-08,ISRUC-III,433,3,433,train
ISRUC-III-08,ISRUC-III-08,ISRUC-III,434,3,434,train
ISRUC-III-08,ISRUC-III-08,ISRUC-III,435,3,435,train
ISRUC-III-08,ISRUC-III-08,ISRUC-III,436,2,436,train
ISRUC-III-08,ISRUC-III-08,ISRUC-III,437,2,437,train
ISRUC-III-08,ISRUC-III-08,ISRUC-III,438,2,438,train
ISRUC-III-08,ISRUC-III-08,ISRUC-III,439,1,439,train
ISRUC-III-08,ISRUC-III-08,ISRUC-III,440,2,440,train
ISRUC-III-08,ISRUC-III-08,ISRUC-III,441,2,441,train
ISRUC-III-08,ISRUC-III-08,ISRUC-III,442,2,442,train
ISRUC-III-08,ISRUC-III-08,ISRUC-III,443,2,443,train
ISRUC-III-08,ISRUC-III-08,ISRUC-III,444,2,444,train
ISRUC-III-08,ISRUC-III-08,ISRUC-III,445,4,445,train
ISRUC-III-08,ISRUC-III-08,ISRUC-III,446,4,446,train
ISRUC-III-08,ISRUC-III-08,ISRUC-III,447,4,447,train
ISRUC-III-08,ISRUC-III-08,ISRUC-III,448,4,448,train
ISRUC-III-08,ISRUC-III-08,ISRUC-III,449,4,449,train
ISRUC-III-08,ISRUC-III-08,ISRUC-III,450,4,450,train
ISRUC-III-08,ISRUC-III-08,ISRUC-III,451,4,451,train
ISRUC-III-08,ISRUC-III-08,ISRUC-III,452,4,452,train
ISRUC-III-08,ISRUC-III-08,ISRUC-III,453,4,453,train
ISRUC-III-08,ISRUC-III-08,ISRUC-III,454,4,454,train
ISRUC-III-08,ISRUC-III-08,ISRUC-III,455,4,455,train
ISRUC-III-08,ISRUC-III-08,ISRUC-III,456,4,456,train
ISRUC-III-08,ISRUC-III-08,ISRUC-III,457,4,457,train
ISRUC-III-08,ISRUC-III-08,ISRUC-III,458,4,458,train
ISRUC-III-08,ISRUC-III-08,ISRUC-III,459,4,459,train
ISRUC-III-08,ISRUC-III-08,ISRUC-III,460,4,460,train
ISRUC-III-08,ISRUC-III-08,ISRUC-III,461,4,461,train
ISRUC-III-08,ISRUC-III-08,ISRUC-III,462,4,462,train
ISRUC-III-08,ISRUC-III-08,ISRUC-III,463,4,463,train
ISRUC-III-08,ISRUC-III-08,ISRUC-III,464,4,464,train
ISRUC-III-08,ISRUC-III-08,ISRUC-III,465,4,465,train
ISRUC-III-08,ISRUC-III-08,ISRUC-III,466,4,466,train
ISRUC-III-08,ISRUC-III-08,ISRUC-III,467,4,467,train
ISRUC-III-08,ISRUC-III-08,ISRUC-III,468,4,468,train
ISRUC-III-08,ISRUC-III-08,ISRUC-III,469,4,469,train
ISRUC-III-08,ISRUC-III-08,ISRUC-III,470,4,470,train
ISRUC-III-08,ISRUC-III-08,ISRUC-III,471,4,471,train
ISRUC-III-08,ISRUC-III-08,ISRUC-III,472,4,472,train
ISRUC-III-08,ISRUC-III-08,ISRUC-III,473,4,473,train
ISRUC-III-08,ISRUC-III-08,ISRUC-III,474,4,474,train
ISRUC-III-08,ISRUC-III-08,ISRUC-III,475,4,475,train
ISRUC-III-08,ISRUC-III-08,ISRUC-III,476,4,476,train
ISRUC-III-08,ISRUC-III-08,ISRUC-III,477,4,477,train
ISRUC-III-08,ISRUC-III-08,ISRUC-III,478,4,478,train
ISRUC-III-08,ISRUC-III-08,ISRUC-III,479,4,479,train
ISRUC-III-08,ISRUC-III-08,ISRUC-III,480,0,480,train
ISRUC-III-08,ISRUC-III-08,ISRUC-III,481,0,481,train
ISRUC-III-08,ISRUC-III-08,ISRUC-III,482,0,482,train
ISRUC-III-08,ISRUC-III-08,ISRUC-III,483,0,483,train
ISRUC-III-08,ISRUC-III-08,ISRUC-III,484,0,484,train
ISRUC-III-08,ISRUC-III-08,ISRUC-III,485,0,485,train
ISRUC-III-08,ISRUC-III-08,ISRUC-III,486,0,486,train
ISRUC-III-08,ISRUC-III-08,ISRUC-III,487,0,487,train
ISRUC-III-08,ISRUC-III-08,ISRUC-III,488,0,488,train
ISRUC-III-08,ISRUC-III-08,ISRUC-III,489,0,489,train
ISRUC-III-08,ISRUC-III-08,ISRUC-III,490,0,490,train
ISRUC-III-08,ISRUC-III-08,ISRUC-III,491,1,491,train
ISRUC-III-08,ISRUC-III-08,ISRUC-III,492,0,492,train
ISRUC-III-08,ISRUC-III-08,ISRUC-III,493,1,493,train
ISRUC-III-08,ISRUC-III-08,ISRUC-III,494,1,494,train
ISRUC-III-08,ISRUC-III-08,ISRUC-III,495,1,495,train
ISRUC-III-08,ISRUC-III-08,ISRUC-III,496,1,496,train
ISRUC-III-08,ISRUC-III-08,ISRUC-III,497,2,497,train
ISRUC-III-08,ISRUC-III-08,ISRUC-III,498,2,498,train
ISRUC-III-08,ISRUC-III-08,ISRUC-III,499,2,499,train
ISRUC-III-08,ISRUC-III-08,ISRUC-III,500,2,500,train
ISRUC-III-08,ISRUC-III-08,ISRUC-III,501,2,501,train
ISRUC-III-08,ISRUC-III-08,ISRUC-III,502,2,502,train
ISRUC-III-08,ISRUC-III-08,ISRUC-III,503,2,503,train
ISRUC-III-08,ISRUC-III-08,ISRUC-III,504,2,504,train
ISRUC-III-08,ISRUC-III-08,ISRUC-III,505,2,505,train
ISRUC-III-08,ISRUC-III-08,ISRUC-III,506,2,506,train
ISRUC-III-08,ISRUC-III-08,ISRUC-III,507,2,507,train
ISRUC-III-08,ISRUC-III-08,ISRUC-III,508,2,508,train
ISRUC-III-08,ISRUC-III-08,ISRUC-III,509,2,509,train
ISRUC-III-08,ISRUC-III-08,ISRUC-III,510,2,510,train
ISRUC-III-08,ISRUC-III-08,ISRUC-III,511,2,511,train
ISRUC-III-08,ISRUC-III-08,ISRUC-III,512,2,512,train
ISRUC-III-08,ISRUC-III-08,ISRUC-III,513,2,513,train
ISRUC-III-08,ISRUC-III-08,ISRUC-III,514,2,514,train
ISRUC-III-08,ISRUC-III-08,ISRUC-III,515,2,515,train
ISRUC-III-08,ISRUC-III-08,ISRUC-III,516,2,516,train
ISRUC-III-08,ISRUC-III-08,ISRUC-III,517,2,517,train
ISRUC-III-08,ISRUC-III-08,ISRUC-III,518,2,518,train
ISRUC-III-08,ISRUC-III-08,ISRUC-III,519,2,519,train
ISRUC-III-08,ISRUC-III-08,ISRUC-III,520,2,520,train
ISRUC-III-08,ISRUC-III-08,ISRUC-III,521,2,521,train
ISRUC-III-08,ISRUC-III-08,ISRUC-III,522,2,522,train
ISRUC-III-08,ISRUC-III-08,ISRUC-III,523,3,523,train
ISRUC-III-08,ISRUC-III-08,ISRUC-III,524,3,524,train
ISRUC-III-08,ISRUC-III-08,ISRUC-III,525,3,525,train
ISRUC-III-08,ISRUC-III-08,ISRUC-III,526,3,526,train
ISRUC-III-08,ISRUC-III-08,ISRUC-III,527,3,527,train
ISRUC-III-08,ISRUC-III-08,ISRUC-III,528,3,528,train
ISRUC-III-08,ISRUC-III-08,ISRUC-III,529,3,529,train
ISRUC-III-08,ISRUC-III-08,ISRUC-III,530,3,530,train
ISRUC-III-08,ISRUC-III-08,ISRUC-III,531,3,531,train
ISRUC-III-08,ISRUC-III-08,ISRUC-III,532,3,532,train
ISRUC-III-08,ISRUC-III-08,ISRUC-III,533,3,533,train
ISRUC-III-08,ISRUC-III-08,ISRUC-III,534,3,534,train
ISRUC-III-08,ISRUC-III-08,ISRUC-III,535,3,535,train
ISRUC-III-08,ISRUC-III-08,ISRUC-III,536,3,536,train
ISRUC-III-08,ISRUC-III-08,ISRUC-III,537,3,537,train
ISRUC-III-08,ISRUC-III-08,ISRUC-III,538,3,538,train
ISRUC-III-08,ISRUC-III-08,ISRUC-III,539,3,539,train
ISRUC-III-08,ISRUC-III-08,ISRUC-III,540,3,540,train
ISRUC-III-08,ISRUC-III-08,ISRUC-III,541,3,541,train
ISRUC-III-08,ISRUC-III-08,ISRUC-III,542,3,542,train
ISRUC-III-08,ISRUC-III-08,ISRUC-III,543,3,543,train
ISRUC-III-08,ISRUC-III-08,ISRUC-III,544,3,544,train
ISRUC-III-08,ISRUC-III-08,ISRUC-III,545,3,545,train
ISRUC-III-08,ISRUC-III-08,ISRUC-III,546,3,546,train
ISRUC-III-08,ISRUC-III-08,ISRUC-III,547,3,547,train
ISRUC-III-08,ISRUC-III-08,ISRUC-III,548,3,548,train
ISRUC-III-08,ISRUC-III-08,ISRUC-III,549,3,549,train
ISRUC-III-08,ISRUC-III-08,ISRUC-III,550,3,550,train
ISRUC-III-08,ISRUC-III-08,ISRUC-III,551,3,551,train
ISRUC-III-08,ISRUC-III-08,ISRUC-III,552,3,552,train
ISRUC-III-08,ISRUC-III-08,ISRUC-III,553,3,553,train
ISRUC-III-08,ISRUC-III-08,ISRUC-III,554,3,554,train
ISRUC-III-08,ISRUC-III-08,ISRUC-III,555,3,555,train
ISRUC-III-08,ISRUC-III-08,ISRUC-III,556,3,556,train
ISRUC-III-08,ISRUC-III-08,ISRUC-III,557,3,557,train
ISRUC-III-08,ISRUC-III-08,ISRUC-III,558,3,558,train
ISRUC-III-08,ISRUC-III-08,ISRUC-III,559,3,559,train
ISRUC-III-08,ISRUC-III-08,ISRUC-III,560,3,560,train
ISRUC-III-08,ISRUC-III-08,ISRUC-III,561,3,561,train
ISRUC-III-08,ISRUC-III-08,ISRUC-III,562,3,562,train
ISRUC-III-08,ISRUC-III-08,ISRUC-III,563,3,563,train
ISRUC-III-08,ISRUC-III-08,ISRUC-III,564,3,564,train
ISRUC-III-08,ISRUC-III-08,ISRUC-III,565,3,565,train
ISRUC-III-08,ISRUC-III-08,ISRUC-III,566,3,566,train
ISRUC-III-08,ISRUC-III-08,ISRUC-III,567,3,567,train
ISRUC-III-08,ISRUC-III-08,ISRUC-III,568,3,568,train
ISRUC-III-08,ISRUC-III-08,ISRUC-III,569,3,569,train
ISRUC-III-08,ISRUC-III-08,ISRUC-III,570,3,570,train
ISRUC-III-08,ISRUC-III-08,ISRUC-III,571,3,571,train
ISRUC-III-08,ISRUC-III-08,ISRUC-III,572,3,572,train
ISRUC-III-08,ISRUC-III-08,ISRUC-III,573,3,573,train
ISRUC-III-08,ISRUC-III-08,ISRUC-III,574,3,574,train
ISRUC-III-08,ISRUC-III-08,ISRUC-III,575,0,575,train
ISRUC-III-08,ISRUC-III-08,ISRUC-III,576,0,576,train
ISRUC-III-08,ISRUC-III-08,ISRUC-III,577,0,577,train
ISRUC-III-08,ISRUC-III-08,ISRUC-III,578,0,578,train
ISRUC-III-08,ISRUC-III-08,ISRUC-III,579,0,579,train
ISRUC-III-08,ISRUC-III-08,ISRUC-III,580,0,580,train
ISRUC-III-08,ISRUC-III-08,ISRUC-III,581,1,581,train
ISRUC-III-08,ISRUC-III-08,ISRUC-III,582,2,582,train
ISRUC-III-08,ISRUC-III-08,ISRUC-III,583,2,583,train
ISRUC-III-08,ISRUC-III-08,ISRUC-III,584,2,584,train
ISRUC-III-08,ISRUC-III-08,ISRUC-III,585,2,585,train
ISRUC-III-08,ISRUC-III-08,ISRUC-III,586,2,586,train
ISRUC-III-08,ISRUC-III-08,ISRUC-III,587,2,587,train
ISRUC-III-08,ISRUC-III-08,ISRUC-III,588,2,588,train
ISRUC-III-08,ISRUC-III-08,ISRUC-III,589,1,589,train
ISRUC-III-08,ISRUC-III-08,ISRUC-III,590,2,590,train
ISRUC-III-08,ISRUC-III-08,ISRUC-III,591,2,591,train
ISRUC-III-08,ISRUC-III-08,ISRUC-III,592,2,592,train
ISRUC-III-08,ISRUC-III-08,ISRUC-III,593,2,593,train
ISRUC-III-08,ISRUC-III-08,ISRUC-III,594,0,594,train
ISRUC-III-08,ISRUC-III-08,ISRUC-III,595,1,595,train
ISRUC-III-08,ISRUC-III-08,ISRUC-III,596,1,596,train
ISRUC-III-08,ISRUC-III-08,ISRUC-III,597,2,597,train
ISRUC-III-08,ISRUC-III-08,ISRUC-III,598,0,598,train
ISRUC-III-08,ISRUC-III-08,ISRUC-III,599,1,599,train
ISRUC-III-08,ISRUC-III-08,ISRUC-III,600,1,600,train
ISRUC-III-08,ISRUC-III-08,ISRUC-III,601,1,601,train
ISRUC-III-08,ISRUC-III-08,ISRUC-III,602,4,602,train
ISRUC-III-08,ISRUC-III-08,ISRUC-III,603,4,603,train
ISRUC-III-08,ISRUC-III-08,ISRUC-III,604,4,604,train
ISRUC-III-08,ISRUC-III-08,ISRUC-III,605,0,605,train
ISRUC-III-08,ISRUC-III-08,ISRUC-III,606,0,606,train
ISRUC-III-08,ISRUC-III-08,ISRUC-III,607,0,607,train
ISRUC-III-08,ISRUC-III-08,ISRUC-III,608,0,608,train
ISRUC-III-08,ISRUC-III-08,ISRUC-III,609,0,609,train
ISRUC-III-08,ISRUC-III-08,ISRUC-III,610,1,610,train
ISRUC-III-08,ISRUC-III-08,ISRUC-III,611,1,611,train
ISRUC-III-08,ISRUC-III-08,ISRUC-III,612,1,612,train
ISRUC-III-08,ISRUC-III-08,ISRUC-III,613,1,613,train
ISRUC-III-08,ISRUC-III-08,ISRUC-III,614,1,614,train
ISRUC-III-08,ISRUC-III-08,ISRUC-III,615,1,615,train
ISRUC-III-08,ISRUC-III-08,ISRUC-III,616,2,616,train
ISRUC-III-08,ISRUC-III-08,ISRUC-III,617,0,617,train
ISRUC-III-08,ISRUC-III-08,ISRUC-III,618,1,618,train
ISRUC-III-08,ISRUC-III-08,ISRUC-III,619,2,619,train
ISRUC-III-08,ISRUC-III-08,ISRUC-III,620,1,620,train
ISRUC-III-08,ISRUC-III-08,ISRUC-III,621,2,621,train
ISRUC-III-08,ISRUC-III-08,ISRUC-III,622,1,622,train
ISRUC-III-08,ISRUC-III-08,ISRUC-III,623,1,623,train
ISRUC-III-08,ISRUC-III-08,ISRUC-III,624,2,624,train
ISRUC-III-08,ISRUC-III-08,ISRUC-III,625,2,625,train
ISRUC-III-08,ISRUC-III-08,ISRUC-III,626,1,626,train
ISRUC-III-08,ISRUC-III-08,ISRUC-III,627,2,627,train
ISRUC-III-08,ISRUC-III-08,ISRUC-III,628,1,628,train
ISRUC-III-08,ISRUC-III-08,ISRUC-III,629,1,629,train
ISRUC-III-08,ISRUC-III-08,ISRUC-III,630,1,630,train
ISRUC-III-08,ISRUC-III-08,ISRUC-III,631,1,631,train
ISRUC-III-08,ISRUC-III-08,ISRUC-III,632,2,632,train
ISRUC-III-08,ISRUC-III-08,ISRUC-III,633,1,633,train
ISRUC-III-08,ISRUC-III-08,ISRUC-III,634,1,634,train
ISRUC-III-08,ISRUC-III-08,ISRUC-III,635,1,635,train
ISRUC-III-08,ISRUC-III-08,ISRUC-III,636,1,636,train
ISRUC-III-08,ISRUC-III-08,ISRUC-III,637,1,637,train
ISRUC-III-08,ISRUC-III-08,ISRUC-III,638,1,638,train
ISRUC-III-08,ISRUC-III-08,ISRUC-III,639,2,639,train
ISRUC-III-08,ISRUC-III-08,ISRUC-III,640,2,640,train
ISRUC-III-08,ISRUC-III-08,ISRUC-III,641,1,641,train
ISRUC-III-08,ISRUC-III-08,ISRUC-III,642,2,642,train
ISRUC-III-08,ISRUC-III-08,ISRUC-III,643,2,643,train
ISRUC-III-08,ISRUC-III-08,ISRUC-III,644,1,644,train
ISRUC-III-08,ISRUC-III-08,ISRUC-III,645,2,645,train
ISRUC-III-08,ISRUC-III-08,ISRUC-III,646,2,646,train
ISRUC-III-08,ISRUC-III-08,ISRUC-III,647,2,647,train
ISRUC-III-08,ISRUC-III-08,ISRUC-III,648,2,648,train
ISRUC-III-08,ISRUC-III-08,ISRUC-III,649,2,649,train
ISRUC-III-08,ISRUC-III-08,ISRUC-III,650,2,650,train
ISRUC-III-08,ISRUC-III-08,ISRUC-III,651,0,651,train
ISRUC-III-08,ISRUC-III-08,ISRUC-III,652,1,652,train
ISRUC-III-08,ISRUC-III-08,ISRUC-III,653,1,653,train
ISRUC-III-08,ISRUC-III-08,ISRUC-III,654,2,654,train
ISRUC-III-08,ISRUC-III-08,ISRUC-III,655,2,655,train
ISRUC-III-08,ISRUC-III-08,ISRUC-III,656,2,656,train
ISRUC-III-08,ISRUC-III-08,ISRUC-III,657,2,657,train
ISRUC-III-08,ISRUC-III-08,ISRUC-III,658,2,658,train
ISRUC-III-08,ISRUC-III-08,ISRUC-III,659,2,659,train
ISRUC-III-08,ISRUC-III-08,ISRUC-III,660,2,660,train
ISRUC-III-08,ISRUC-III-08,ISRUC-III,661,2,661,train
ISRUC-III-08,ISRUC-III-08,ISRUC-III,662,2,662,train
ISRUC-III-08,ISRUC-III-08,ISRUC-III,663,2,663,train
ISRUC-III-08,ISRUC-III-08,ISRUC-III,664,2,664,train
ISRUC-III-08,ISRUC-III-08,ISRUC-III,665,2,665,train
ISRUC-III-08,ISRUC-III-08,ISRUC-III,666,2,666,train
ISRUC-III-08,ISRUC-III-08,ISRUC-III,667,2,667,train
ISRUC-III-08,ISRUC-III-08,ISRUC-III,668,2,668,train
ISRUC-III-08,ISRUC-III-08,ISRUC-III,669,1,669,train
ISRUC-III-08,ISRUC-III-08,ISRUC-III,670,1,670,train
ISRUC-III-08,ISRUC-III-08,ISRUC-III,671,4,671,train
ISRUC-III-08,ISRUC-III-08,ISRUC-III,672,4,672,train
ISRUC-III-08,ISRUC-III-08,ISRUC-III,673,4,673,train
ISRUC-III-08,ISRUC-III-08,ISRUC-III,674,4,674,train
ISRUC-III-08,ISRUC-III-08,ISRUC-III,675,4,675,train
ISRUC-III-08,ISRUC-III-08,ISRUC-III,676,4,676,train
ISRUC-III-08,ISRUC-III-08,ISRUC-III,677,4,677,train
ISRUC-III-08,ISRUC-III-08,ISRUC-III,678,4,678,train
ISRUC-III-08,ISRUC-III-08,ISRUC-III,679,4,679,train
ISRUC-III-08,ISRUC-III-08,ISRUC-III,680,4,680,train
ISRUC-III-08,ISRUC-III-08,ISRUC-III,681,4,681,train
ISRUC-III-08,ISRUC-III-08,ISRUC-III,682,4,682,train
ISRUC-III-08,ISRUC-III-08,ISRUC-III,683,4,683,train
ISRUC-III-08,ISRUC-III-08,ISRUC-III,684,4,684,train
ISRUC-III-08,ISRUC-III-08,ISRUC-III,685,4,685,train
ISRUC-III-08,ISRUC-III-08,ISRUC-III,686,4,686,train
ISRUC-III-08,ISRUC-III-08,ISRUC-III,687,4,687,train
ISRUC-III-08,ISRUC-III-08,ISRUC-III,688,4,688,train
ISRUC-III-08,ISRUC-III-08,ISRUC-III,689,4,689,train
ISRUC-III-08,ISRUC-III-08,ISRUC-III,690,4,690,train
ISRUC-III-08,ISRUC-III-08,ISRUC-III,691,4,691,train
ISRUC-III-08,ISRUC-III-08,ISRUC-III,692,4,692,train
ISRUC-III-08,ISRUC-III-08,ISRUC-III,693,4,693,train
ISRUC-III-08,ISRUC-III-08,ISRUC-III,694,4,694,train
ISRUC-III-08,ISRUC-III-08,ISRUC-III,695,4,695,train
ISRUC-III-08,ISRUC-III-08,ISRUC-III,696,4,696,train
ISRUC-III-08,ISRUC-III-08,ISRUC-III,697,4,697,train
ISRUC-III-08,ISRUC-III-08,ISRUC-III,698,4,698,train
ISRUC-III-08,ISRUC-III-08,ISRUC-III,699,4,699,train
ISRUC-III-08,ISRUC-III-08,ISRUC-III,700,4,700,train
ISRUC-III-08,ISRUC-III-08,ISRUC-III,701,4,701,train
ISRUC-III-08,ISRUC-III-08,ISRUC-III,702,4,702,train
ISRUC-III-08,ISRUC-III-08,ISRUC-III,703,4,703,train
ISRUC-III-08,ISRUC-III-08,ISRUC-III,704,4,704,train
ISRUC-III-08,ISRUC-III-08,ISRUC-III,705,4,705,train
ISRUC-III-08,ISRUC-III-08,ISRUC-III,706,4,706,train
ISRUC-III-08,ISRUC-III-08,ISRUC-III,707,4,707,train
ISRUC-III-08,ISRUC-III-08,ISRUC-III,708,4,708,train
ISRUC-III-08,ISRUC-III-08,ISRUC-III,709,4,709,train
ISRUC-III-08,ISRUC-III-08,ISRUC-III,710,4,710,train
ISRUC-III-08,ISRUC-III-08,ISRUC-III,711,4,711,train
ISRUC-III-08,ISRUC-III-08,ISRUC-III,712,4,712,train
ISRUC-III-08,ISRUC-III-08,ISRUC-III,713,4,713,train
ISRUC-III-08,ISRUC-III-08,ISRUC-III,714,4,714,train
ISRUC-III-08,ISRUC-III-08,ISRUC-III,715,4,715,train
ISRUC-III-08,ISRUC-III-08,ISRUC-III,716,4,716,train
ISRUC-III-08,ISRUC-III-08,ISRUC-III,717,4,717,train
ISRUC-III-08,ISRUC-III-08,ISRUC-III,718,4,718,train
ISRUC-III-08,ISRUC-III-08,ISRUC-III,719,4,719,train
ISRUC-III-08,ISRUC-III-08,ISRUC-III,720,4,720,train
ISRUC-III-08,ISRUC-III-08,ISRUC-III,721,4,721,train
ISRUC-III-08,ISRUC-III-08,ISRUC-III,722,4,722,train
ISRUC-III-08,ISRUC-III-08,ISRUC-III,723,4,723,train
ISRUC-III-08,ISRUC-III-08,ISRUC-III,724,4,724,train
ISRUC-III-08,ISRUC-III-08,ISRUC-III,725,4,725,train
ISRUC-III-08,ISRUC-III-08,ISRUC-III,726,4,726,train
ISRUC-III-08,ISRUC-III-08,ISRUC-III,727,4,727,train
ISRUC-III-08,ISRUC-III-08,ISRUC-III,728,4,728,train
ISRUC-III-08,ISRUC-III-08,ISRUC-III,729,4,729,train
ISRUC-III-08,ISRUC-III-08,ISRUC-III,730,4,730,train
ISRUC-III-08,ISRUC-III-08,ISRUC-III,731,4,731,train
ISRUC-III-08,ISRUC-III-08,ISRUC-III,732,4,732,train
ISRUC-III-08,ISRUC-III-08,ISRUC-III,733,4,733,train
ISRUC-III-08,ISRUC-III-08,ISRUC-III,734,4,734,train
ISRUC-III-08,ISRUC-III-08,ISRUC-III,735,4,735,train
ISRUC-III-08,ISRUC-III-08,ISRUC-III,736,4,736,train
ISRUC-III-08,ISRUC-III-08,ISRUC-III,737,0,737,train
ISRUC-III-08,ISRUC-III-08,ISRUC-III,738,0,738,train
ISRUC-III-08,ISRUC-III-08,ISRUC-III,739,0,739,train
ISRUC-III-08,ISRUC-III-08,ISRUC-III,740,0,740,train
ISRUC-III-08,ISRUC-III-08,ISRUC-III,741,0,741,train
ISRUC-III-08,ISRUC-III-08,ISRUC-III,742,0,742,train
ISRUC-III-08,ISRUC-III-08,ISRUC-III,743,0,743,train
ISRUC-III-08,ISRUC-III-08,ISRUC-III,744,0,744,train
ISRUC-III-08,ISRUC-III-08,ISRUC-III,745,0,745,train
ISRUC-III-08,ISRUC-III-08,ISRUC-III,746,0,746,train
ISRUC-III-08,ISRUC-III-08,ISRUC-III,747,0,747,train
ISRUC-III-08,ISRUC-III-08,ISRUC-III,748,0,748,train
ISRUC-III-08,ISRUC-III-08,ISRUC-III,749,0,749,train
ISRUC-III-08,ISRUC-III-08,ISRUC-III,750,0,750,train
ISRUC-III-08,ISRUC-III-08,ISRUC-III,751,0,751,train
ISRUC-III-08,ISRUC-III-08,ISRUC-III,752,0,752,train
ISRUC-III-08,ISRUC-III-08,ISRUC-III,753,0,753,train
ISRUC-III-08,ISRUC-III-08,ISRUC-III,754,0,754,train
ISRUC-III-08,ISRUC-III-08,ISRUC-III,755,0,755,train
ISRUC-III-08,ISRUC-III-08,ISRUC-III,756,0,756,train
ISRUC-III-08,ISRUC-III-08,ISRUC-III,757,0,757,train
ISRUC-III-08,ISRUC-III-08,ISRUC-III,758,0,758,train
ISRUC-III-08,ISRUC-III-08,ISRUC-III,759,0,759,train
ISRUC-III-08,ISRUC-III-08,ISRUC-III,760,0,760,train
ISRUC-III-08,ISRUC-III-08,ISRUC-III,761,0,761,train
ISRUC-III-08,ISRUC-III-08,ISRUC-III,762,0,762,train
ISRUC-III-08,ISRUC-III-08,ISRUC-III,763,0,763,train
ISRUC-III-08,ISRUC-III-08,ISRUC-III,764,0,764,train
ISRUC-III-08,ISRUC-III-08,ISRUC-III,765,0,765,train
ISRUC-III-08,ISRUC-III-08,ISRUC-III,766,0,766,train
ISRUC-III-08,ISRUC-III-08,ISRUC-III,767,0,767,train
ISRUC-III-08,ISRUC-III-08,ISRUC-III,768,0,768,train
ISRUC-III-08,ISRUC-III-08,ISRUC-III,769,0,769,train
ISRUC-III-08,ISRUC-III-08,ISRUC-III,770,0,770,train
ISRUC-III-08,ISRUC-III-08,ISRUC-III,771,0,771,train
ISRUC-III-08,ISRUC-III-08,ISRUC-III,772,0,772,train
ISRUC-III-08,ISRUC-III-08,ISRUC-III,773,0,773,train
ISRUC-III-08,ISRUC-III-08,ISRUC-III,774,1,774,train
ISRUC-III-08,ISRUC-III-08,ISRUC-III,775,1,775,train
ISRUC-III-08,ISRUC-III-08,ISRUC-III,776,1,776,train
ISRUC-III-08,ISRUC-III-08,ISRUC-III,777,1,777,train
ISRUC-III-08,ISRUC-III-08,ISRUC-III,778,1,778,train
ISRUC-III-08,ISRUC-III-08,ISRUC-III,779,2,779,train
ISRUC-III-08,ISRUC-III-08,ISRUC-III,780,2,780,train
ISRUC-III-08,ISRUC-III-08,ISRUC-III,781,2,781,train
ISRUC-III-08,ISRUC-III-08,ISRUC-III,782,2,782,train
ISRUC-III-08,ISRUC-III-08,ISRUC-III,783,2,783,train
ISRUC-III-08,ISRUC-III-08,ISRUC-III,784,2,784,train
ISRUC-III-08,ISRUC-III-08,ISRUC-III,785,2,785,train
ISRUC-III-08,ISRUC-III-08,ISRUC-III,786,2,786,train
ISRUC-III-08,ISRUC-III-08,ISRUC-III,787,2,787,train
ISRUC-III-08,ISRUC-III-08,ISRUC-III,788,2,788,train
ISRUC-III-08,ISRUC-III-08,ISRUC-III,789,2,789,train
ISRUC-III-08,ISRUC-III-08,ISRUC-III,790,2,790,train
ISRUC-III-08,ISRUC-III-08,ISRUC-III,791,2,791,train
ISRUC-III-08,ISRUC-III-08,ISRUC-III,792,2,792,train
ISRUC-III-08,ISRUC-III-08,ISRUC-III,793,2,793,train
ISRUC-III-08,ISRUC-III-08,ISRUC-III,794,2,794,train
ISRUC-III-08,ISRUC-III-08,ISRUC-III,795,2,795,train
ISRUC-III-08,ISRUC-III-08,ISRUC-III,796,2,796,train
ISRUC-III-08,ISRUC-III-08,ISRUC-III,797,2,797,train
ISRUC-III-08,ISRUC-III-08,ISRUC-III,798,2,798,train
ISRUC-III-08,ISRUC-III-08,ISRUC-III,799,2,799,train
ISRUC-III-08,ISRUC-III-08,ISRUC-III,800,2,800,train
ISRUC-III-08,ISRUC-III-08,ISRUC-III,801,2,801,train
ISRUC-III-08,ISRUC-III-08,ISRUC-III,802,2,802,train
ISRUC-III-08,ISRUC-III-08,ISRUC-III,803,2,803,train
ISRUC-III-08,ISRUC-III-08,ISRUC-III,804,2,804,train
ISRUC-III-08,ISRUC-III-08,ISRUC-III,805,2,805,train
ISRUC-III-08,ISRUC-III-08,ISRUC-III,806,2,806,train
ISRUC-III-08,ISRUC-III-08,ISRUC-III,807,2,807,train
ISRUC-III-08,ISRUC-III-08,ISRUC-III,808,2,808,train
ISRUC-III-08,ISRUC-III-08,ISRUC-III,809,0,809,train
ISRUC-III-08,ISRUC-III-08,ISRUC-III,810,1,810,train
ISRUC-III-08,ISRUC-III-08,ISRUC-III,811,1,811,train
ISRUC-III-08,ISRUC-III-08,ISRUC-III,812,2,812,train
ISRUC-III-08,ISRUC-III-08,ISRUC-III,813,2,813,train
ISRUC-III-08,ISRUC-III-08,ISRUC-III,814,2,814,train
ISRUC-III-08,ISRUC-III-08,ISRUC-III,815,2,815,train
ISRUC-III-08,ISRUC-III-08,ISRUC-III,816,2,816,train
ISRUC-III-08,ISRUC-III-08,ISRUC-III,817,2,817,train
ISRUC-III-08,ISRUC-III-08,ISRUC-III,818,2,818,train
ISRUC-III-08,ISRUC-III-08,ISRUC-III,819,2,819,train
ISRUC-III-08,ISRUC-III-08,ISRUC-III,820,2,820,train
ISRUC-III-08,ISRUC-III-08,ISRUC-III,821,2,821,train
ISRUC-III-08,ISRUC-III-08,ISRUC-III,822,2,822,train
ISRUC-III-08,ISRUC-III-08,ISRUC-III,823,2,823,train
ISRUC-III-08,ISRUC-III-08,ISRUC-III,824,1,824,train
ISRUC-III-08,ISRUC-III-08,ISRUC-III,825,1,825,train
ISRUC-III-08,ISRUC-III-08,ISRUC-III,826,2,826,train
ISRUC-III-08,ISRUC-III-08,ISRUC-III,827,2,827,train
ISRUC-III-08,ISRUC-III-08,ISRUC-III,828,2,828,train
ISRUC-III-08,ISRUC-III-08,ISRUC-III,829,2,829,train
ISRUC-III-08,ISRUC-III-08,ISRUC-III,830,2,830,train
ISRUC-III-08,ISRUC-III-08,ISRUC-III,831,2,831,train
ISRUC-III-08,ISRUC-III-08,ISRUC-III,832,2,832,train
ISRUC-III-08,ISRUC-III-08,ISRUC-III,833,2,833,train
ISRUC-III-08,ISRUC-III-08,ISRUC-III,834,2,834,train
ISRUC-III-08,ISRUC-III-08,ISRUC-III,835,2,835,train
ISRUC-III-08,ISRUC-III-08,ISRUC-III,836,2,836,train
ISRUC-III-08,ISRUC-III-08,ISRUC-III,837,2,837,train
ISRUC-III-08,ISRUC-III-08,ISRUC-III,838,2,838,train
ISRUC-III-08,ISRUC-III-08,ISRUC-III,839,2,839,train
ISRUC-III-08,ISRUC-III-08,ISRUC-III,840,2,840,train
ISRUC-III-08,ISRUC-III-08,ISRUC-III,841,2,841,train
ISRUC-III-08,ISRUC-III-08,ISRUC-III,842,2,842,train
ISRUC-III-08,ISRUC-III-08,ISRUC-III,843,2,843,train
ISRUC-III-08,ISRUC-III-08,ISRUC-III,844,2,844,train
ISRUC-III-08,ISRUC-III-08,ISRUC-III,845,2,845,train
ISRUC-III-08,ISRUC-III-08,ISRUC-III,846,2,846,train
ISRUC-III-08,ISRUC-III-08,ISRUC-III,847,2,847,train
ISRUC-III-08,ISRUC-III-08,ISRUC-III,848,2,848,train
ISRUC-III-08,ISRUC-III-08,ISRUC-III,849,2,849,train
ISRUC-III-08,ISRUC-III-08,ISRUC-III,850,2,850,train
ISRUC-III-08,ISRUC-III-08,ISRUC-III,851,2,851,train
ISRUC-III-08,ISRUC-III-08,ISRUC-III,852,2,852,train
ISRUC-III-08,ISRUC-III-08,ISRUC-III,853,3,853,train
ISRUC-III-08,ISRUC-III-08,ISRUC-III,854,3,854,train
ISRUC-III-08,ISRUC-III-08,ISRUC-III,855,3,855,train
ISRUC-III-08,ISRUC-III-08,ISRUC-III,856,3,856,train
ISRUC-III-08,ISRUC-III-08,ISRUC-III,857,3,857,train
ISRUC-III-08,ISRUC-III-08,ISRUC-III,858,3,858,train
ISRUC-III-08,ISRUC-III-08,ISRUC-III,859,3,859,train
ISRUC-III-08,ISRUC-III-08,ISRUC-III,860,3,860,train
ISRUC-III-08,ISRUC-III-08,ISRUC-III,861,3,861,train
ISRUC-III-08,ISRUC-III-08,ISRUC-III,862,3,862,train
ISRUC-III-08,ISRUC-III-08,ISRUC-III,863,3,863,train
ISRUC-III-08,ISRUC-III-08,ISRUC-III,864,3,864,train
ISRUC-III-08,ISRUC-III-08,ISRUC-III,865,3,865,train
ISRUC-III-08,ISRUC-III-08,ISRUC-III,866,3,866,train
ISRUC-III-08,ISRUC-III-08,ISRUC-III,867,3,867,train
ISRUC-III-08,ISRUC-III-08,ISRUC-III,868,3,868,train
ISRUC-III-08,ISRUC-III-08,ISRUC-III,869,3,869,train
ISRUC-III-08,ISRUC-III-08,ISRUC-III,870,3,870,train
ISRUC-III-08,ISRUC-III-08,ISRUC-III,871,3,871,train
ISRUC-III-08,ISRUC-III-08,ISRUC-III,872,3,872,train
ISRUC-III-08,ISRUC-III-08,ISRUC-III,873,3,873,train
ISRUC-III-08,ISRUC-III-08,ISRUC-III,874,3,874,train
ISRUC-III-08,ISRUC-III-08,ISRUC-III,875,3,875,train
ISRUC-III-08,ISRUC-III-08,ISRUC-III,876,3,876,train
ISRUC-III-08,ISRUC-III-08,ISRUC-III,877,3,877,train
ISRUC-III-08,ISRUC-III-08,ISRUC-III,878,2,878,train
ISRUC-III-08,ISRUC-III-08,ISRUC-III,879,2,879,train
ISRUC-III-08,ISRUC-III-08,ISRUC-III,880,3,880,train
ISRUC-III-08,ISRUC-III-08,ISRUC-III,881,3,881,train
ISRUC-III-08,ISRUC-III-08,ISRUC-III,882,2,882,train
ISRUC-III-08,ISRUC-III-08,ISRUC-III,883,2,883,train
ISRUC-III-08,ISRUC-III-08,ISRUC-III,884,2,884,train
ISRUC-III-08,ISRUC-III-08,ISRUC-III,885,0,885,train
ISRUC-III-08,ISRUC-III-08,ISRUC-III,886,1,886,train
ISRUC-III-08,ISRUC-III-08,ISRUC-III,887,1,887,train
ISRUC-III-08,ISRUC-III-08,ISRUC-III,888,1,888,train
ISRUC-III-08,ISRUC-III-08,ISRUC-III,889,1,889,train
ISRUC-III-08,ISRUC-III-08,ISRUC-III,890,0,890,train
ISRUC-III-08,ISRUC-III-08,ISRUC-III,891,1,891,train
ISRUC-III-08,ISRUC-III-08,ISRUC-III,892,1,892,train
ISRUC-III-08,ISRUC-III-08,ISRUC-III,893,1,893,train
ISRUC-III-08,ISRUC-III-08,ISRUC-III,894,1,894,train
ISRUC-III-08,ISRUC-III-08,ISRUC-III,895,1,895,train
ISRUC-III-08,ISRUC-III-08,ISRUC-III,896,1,896,train
ISRUC-III-08,ISRUC-III-08,ISRUC-III,897,0,897,train
ISRUC-III-08,ISRUC-III-08,ISRUC-III,898,1,898,train
ISRUC-III-08,ISRUC-III-08,ISRUC-III,899,1,899,train
ISRUC-III-08,ISRUC-III-08,ISRUC-III,900,1,900,train
ISRUC-III-08,ISRUC-III-08,ISRUC-III,901,2,901,train
ISRUC-III-08,ISRUC-III-08,ISRUC-III,902,2,902,train
ISRUC-III-08,ISRUC-III-08,ISRUC-III,903,1,903,train
ISRUC-III-08,ISRUC-III-08,ISRUC-III,904,1,904,train
ISRUC-III-08,ISRUC-III-08,ISRUC-III,905,4,905,train
ISRUC-III-08,ISRUC-III-08,ISRUC-III,906,4,906,train
ISRUC-III-08,ISRUC-III-08,ISRUC-III,907,4,907,train
ISRUC-III-08,ISRUC-III-08,ISRUC-III,908,4,908,train
ISRUC-III-08,ISRUC-III-08,ISRUC-III,909,4,909,train
ISRUC-III-08,ISRUC-III-08,ISRUC-III,910,4,910,train
ISRUC-III-08,ISRUC-III-08,ISRUC-III,911,4,911,train
ISRUC-III-08,ISRUC-III-08,ISRUC-III,912,1,912,train
ISRUC-III-08,ISRUC-III-08,ISRUC-III,913,1,913,train
ISRUC-III-08,ISRUC-III-08,ISRUC-III,914,4,914,train
ISRUC-III-08,ISRUC-III-08,ISRUC-III,915,4,915,train
ISRUC-III-08,ISRUC-III-08,ISRUC-III,916,1,916,train
ISRUC-III-08,ISRUC-III-08,ISRUC-III,917,4,917,train
ISRUC-III-08,ISRUC-III-08,ISRUC-III,918,4,918,train
ISRUC-III-08,ISRUC-III-08,ISRUC-III,919,4,919,train
ISRUC-III-08,ISRUC-III-08,ISRUC-III,920,0,920,train
ISRUC-III-08,ISRUC-III-08,ISRUC-III,921,1,921,train
ISRUC-III-08,ISRUC-III-08,ISRUC-III,922,4,922,train
ISRUC-III-08,ISRUC-III-08,ISRUC-III,923,4,923,train
ISRUC-III-08,ISRUC-III-08,ISRUC-III,924,4,924,train
ISRUC-III-08,ISRUC-III-08,ISRUC-III,925,4,925,train
ISRUC-III-08,ISRUC-III-08,ISRUC-III,926,4,926,train
ISRUC-III-08,ISRUC-III-08,ISRUC-III,927,4,927,train
ISRUC-III-08,ISRUC-III-08,ISRUC-III,928,4,928,train
ISRUC-III-08,ISRUC-III-08,ISRUC-III,929,4,929,train
ISRUC-III-08,ISRUC-III-08,ISRUC-III,930,4,930,train
ISRUC-III-08,ISRUC-III-08,ISRUC-III,931,4,931,train
ISRUC-III-08,ISRUC-III-08,ISRUC-III,932,4,932,train
ISRUC-III-08,ISRUC-III-08,ISRUC-III,933,4,933,train
ISRUC-III-08,ISRUC-III-08,ISRUC-III,934,0,934,train
ISRUC-III-08,ISRUC-III-08,ISRUC-III,935,0,935,train
ISRUC-III-08,ISRUC-III-08,ISRUC-III,936,1,936,train
ISRUC-III-08,ISRUC-III-08,ISRUC-III,937,1,937,train
ISRUC-III-08,ISRUC-III-08,ISRUC-III,938,1,938,train
ISRUC-III-08,ISRUC-III-08,ISRUC-III,939,1,939,train
ISRUC-III-08,ISRUC-III-08,ISRUC-III,940,1,940,train
ISRUC-III-08,ISRUC-III-08,ISRUC-III,941,2,941,train
ISRUC-III-08,ISRUC-III-08,ISRUC-III,942,2,942,train
ISRUC-III-08,ISRUC-III-08,ISRUC-III,943,1,943,train
ISRUC-III-08,ISRUC-III-08,ISRUC-III,944,2,944,train
ISRUC-III-08,ISRUC-III-08,ISRUC-III,945,2,945,train
ISRUC-III-08,ISRUC-III-08,ISRUC-III,946,4,946,train
ISRUC-III-08,ISRUC-III-08,ISRUC-III,947,4,947,train
ISRUC-III-08,ISRUC-III-08,ISRUC-III,948,4,948,train
ISRUC-III-08,ISRUC-III-08,ISRUC-III,949,4,949,train
ISRUC-III-08,ISRUC-III-08,ISRUC-III,950,4,950,train
ISRUC-III-08,ISRUC-III-08,ISRUC-III,951,4,951,train
ISRUC-III-08,ISRUC-III-08,ISRUC-III,952,4,952,train
ISRUC-III-08,ISRUC-III-08,ISRUC-III,953,4,953,train
ISRUC-III-08,ISRUC-III-08,ISRUC-III,954,4,954,train
ISRUC-III-08,ISRUC-III-08,ISRUC-III,955,4,955,train
ISRUC-III-08,ISRUC-III-08,ISRUC-III,956,4,956,train
ISRUC-III-08,ISRUC-III-08,ISRUC-III,957,4,957,train
ISRUC-III-08,ISRUC-III-08,ISRUC-III,958,0,958,train
ISRUC-III-08,ISRUC-III-08,ISRUC-III,959,1,959,train
ISRUC-III-08,ISRUC-III-08,ISRUC-III,960,1,960,train
ISRUC-III-08,ISRUC-III-08,ISRUC-III,961,4,961,train
ISRUC-III-08,ISRUC-III-08,ISRUC-III,962,4,962,train
ISRUC-III-08,ISRUC-III-08,ISRUC-III,963,4,963,train
ISRUC-III-08,ISRUC-III-08,ISRUC-III,964,4,964,train
ISRUC-III-08,ISRUC-III-08,ISRUC-III,965,4,965,train
ISRUC-III-08,ISRUC-III-08,ISRUC-III,966,4,966,train
ISRUC-III-08,ISRUC-III-08,ISRUC-III,967,4,967,train
ISRUC-III-08,ISRUC-III-08,ISRUC-III,968,4,968,train
ISRUC-III-08,ISRUC-III-08,ISRUC-III,969,4,969,train
ISRUC-III-09,ISRUC-III-09,ISRUC-III,0,0,0,train
ISRUC-III-09,ISRUC-III-09,ISRUC-III,1,0,1,train
ISRUC-III-09,ISRUC-III-09,ISRUC-III,2,0,2,train
ISRUC-III-09,ISRUC-III-09,ISRUC-III,3,0,3,train
ISRUC-III-09,ISRUC-III-09,ISRUC-III,4,0,4,train
ISRUC-III-09,ISRUC-III-09,ISRUC-III,5,0,5,train
ISRUC-III-09,ISRUC-III-09,ISRUC-III,6,0,6,train
ISRUC-III-09,ISRUC-III-09,ISRUC-III,7,0,7,train
ISRUC-III-09,ISRUC-III-09,ISRUC-III,8,0,8,train
ISRUC-III-09,ISRUC-III-09,ISRUC-III,9,1,9,train
ISRUC-III-09,ISRUC-III-09,ISRUC-III,10,1,10,train
ISRUC-III-09,ISRUC-III-09,ISRUC-III,11,1,11,train
ISRUC-III-09,ISRUC-III-09,ISRUC-III,12,0,12,train
ISRUC-III-09,ISRUC-III-09,ISRUC-III,13,0,13,train
ISRUC-III-09,ISRUC-III-09,ISRUC-III,14,0,14,train
ISRUC-III-09,ISRUC-III-09,ISRUC-III,15,0,15,train
ISRUC-III-09,ISRUC-III-09,ISRUC-III,16,1,16,train
ISRUC-III-09,ISRUC-III-09,ISRUC-III,17,1,17,train
ISRUC-III-09,ISRUC-III-09,ISRUC-III,18,1,18,train
ISRUC-III-09,ISRUC-III-09,ISRUC-III,19,1,19,train
ISRUC-III-09,ISRUC-III-09,ISRUC-III,20,1,20,train
ISRUC-III-09,ISRUC-III-09,ISRUC-III,21,1,21,train
ISRUC-III-09,ISRUC-III-09,ISRUC-III,22,2,22,train
ISRUC-III-09,ISRUC-III-09,ISRUC-III,23,2,23,train
ISRUC-III-09,ISRUC-III-09,ISRUC-III,24,2,24,train
ISRUC-III-09,ISRUC-III-09,ISRUC-III,25,2,25,train
ISRUC-III-09,ISRUC-III-09,ISRUC-III,26,2,26,train
ISRUC-III-09,ISRUC-III-09,ISRUC-III,27,0,27,train
ISRUC-III-09,ISRUC-III-09,ISRUC-III,28,1,28,train
ISRUC-III-09,ISRUC-III-09,ISRUC-III,29,1,29,train
ISRUC-III-09,ISRUC-III-09,ISRUC-III,30,1,30,train
ISRUC-III-09,ISRUC-III-09,ISRUC-III,31,2,31,train
ISRUC-III-09,ISRUC-III-09,ISRUC-III,32,1,32,train
ISRUC-III-09,ISRUC-III-09,ISRUC-III,33,1,33,train
ISRUC-III-09,ISRUC-III-09,ISRUC-III,34,1,34,train
ISRUC-III-09,ISRUC-III-09,ISRUC-III,35,2,35,train
ISRUC-III-09,ISRUC-III-09,ISRUC-III,36,2,36,train
ISRUC-III-09,ISRUC-III-09,ISRUC-III,37,1,37,train
ISRUC-III-09,ISRUC-III-09,ISRUC-III,38,1,38,train
ISRUC-III-09,ISRUC-III-09,ISRUC-III,39,2,39,train
ISRUC-III-09,ISRUC-III-09,ISRUC-III,40,2,40,train
ISRUC-III-09,ISRUC-III-09,ISRUC-III,41,2,41,train
ISRUC-III-09,ISRUC-III-09,ISRUC-III,42,0,42,train
ISRUC-III-09,ISRUC-III-09,ISRUC-III,43,1,43,train
ISRUC-III-09,ISRUC-III-09,ISRUC-III,44,2,44,train
ISRUC-III-09,ISRUC-III-09,ISRUC-III,45,0,45,train
ISRUC-III-09,ISRUC-III-09,ISRUC-III,46,1,46,train
ISRUC-III-09,ISRUC-III-09,ISRUC-III,47,1,47,train
ISRUC-III-09,ISRUC-III-09,ISRUC-III,48,1,48,train
ISRUC-III-09,ISRUC-III-09,ISRUC-III,49,1,49,train
ISRUC-III-09,ISRUC-III-09,ISRUC-III,50,1,50,train
ISRUC-III-09,ISRUC-III-09,ISRUC-III,51,1,51,train
ISRUC-III-09,ISRUC-III-09,ISRUC-III,52,1,52,train
ISRUC-III-09,ISRUC-III-09,ISRUC-III,53,0,53,train
ISRUC-III-09,ISRUC-III-09,ISRUC-III,54,1,54,train
ISRUC-III-09,ISRUC-III-09,ISRUC-III,55,1,55,train
ISRUC-III-09,ISRUC-III-09,ISRUC-III,56,2,56,train
ISRUC-III-09,ISRUC-III-09,ISRUC-III,57,0,57,train
ISRUC-III-09,ISRUC-III-09,ISRUC-III,58,1,58,train
ISRUC-III-09,ISRUC-III-09,ISRUC-III,59,1,59,train
ISRUC-III-09,ISRUC-III-09,ISRUC-III,60,2,60,train
ISRUC-III-09,ISRUC-III-09,ISRUC-III,61,2,61,train
ISRUC-III-09,ISRUC-III-09,ISRUC-III,62,2,62,train
ISRUC-III-09,ISRUC-III-09,ISRUC-III,63,2,63,train
ISRUC-III-09,ISRUC-III-09,ISRUC-III,64,2,64,train
ISRUC-III-09,ISRUC-III-09,ISRUC-III,65,2,65,train
ISRUC-III-09,ISRUC-III-09,ISRUC-III,66,2,66,train
ISRUC-III-09,ISRUC-III-09,ISRUC-III,67,2,67,train
ISRUC-III-09,ISRUC-III-09,ISRUC-III,68,1,68,train
ISRUC-III-09,ISRUC-III-09,ISRUC-III,69,1,69,train
ISRUC-III-09,ISRUC-III-09,ISRUC-III,70,1,70,train
ISRUC-III-09,ISRUC-III-09,ISRUC-III,71,1,71,train
ISRUC-III-09,ISRUC-III-09,ISRUC-III,72,1,72,train
ISRUC-III-09,ISRUC-III-09,ISRUC-III,73,2,73,train
ISRUC-III-09,ISRUC-III-09,ISRUC-III,74,2,74,train
ISRUC-III-09,ISRUC-III-09,ISRUC-III,75,1,75,train
ISRUC-III-09,ISRUC-III-09,ISRUC-III,76,2,76,train
ISRUC-III-09,ISRUC-III-09,ISRUC-III,77,1,77,train
ISRUC-III-09,ISRUC-III-09,ISRUC-III,78,2,78,train
ISRUC-III-09,ISRUC-III-09,ISRUC-III,79,1,79,train
ISRUC-III-09,ISRUC-III-09,ISRUC-III,80,1,80,train
ISRUC-III-09,ISRUC-III-09,ISRUC-III,81,1,81,train
ISRUC-III-09,ISRUC-III-09,ISRUC-III,82,1,82,train
ISRUC-III-09,ISRUC-III-09,ISRUC-III,83,1,83,train
ISRUC-III-09,ISRUC-III-09,ISRUC-III,84,2,84,train
ISRUC-III-09,ISRUC-III-09,ISRUC-III,85,1,85,train
ISRUC-III-09,ISRUC-III-09,ISRUC-III,86,2,86,train
ISRUC-III-09,ISRUC-III-09,ISRUC-III,87,2,87,train
ISRUC-III-09,ISRUC-III-09,ISRUC-III,88,2,88,train
ISRUC-III-09,ISRUC-III-09,ISRUC-III,89,3,89,train
ISRUC-III-09,ISRUC-III-09,ISRUC-III,90,3,90,train
ISRUC-III-09,ISRUC-III-09,ISRUC-III,91,3,91,train
ISRUC-III-09,ISRUC-III-09,ISRUC-III,92,3,92,train
ISRUC-III-09,ISRUC-III-09,ISRUC-III,93,3,93,train
ISRUC-III-09,ISRUC-III-09,ISRUC-III,94,3,94,train
ISRUC-III-09,ISRUC-III-09,ISRUC-III,95,3,95,train
ISRUC-III-09,ISRUC-III-09,ISRUC-III,96,3,96,train
ISRUC-III-09,ISRUC-III-09,ISRUC-III,97,3,97,train
ISRUC-III-09,ISRUC-III-09,ISRUC-III,98,3,98,train
ISRUC-III-09,ISRUC-III-09,ISRUC-III,99,3,99,train
ISRUC-III-09,ISRUC-III-09,ISRUC-III,100,3,100,train
ISRUC-III-09,ISRUC-III-09,ISRUC-III,101,3,101,train
ISRUC-III-09,ISRUC-III-09,ISRUC-III,102,3,102,train
ISRUC-III-09,ISRUC-III-09,ISRUC-III,103,3,103,train
ISRUC-III-09,ISRUC-III-09,ISRUC-III,104,3,104,train
ISRUC-III-09,ISRUC-III-09,ISRUC-III,105,3,105,train
ISRUC-III-09,ISRUC-III-09,ISRUC-III,106,0,106,train
ISRUC-III-09,ISRUC-III-09,ISRUC-III,107,0,107,train
ISRUC-III-09,ISRUC-III-09,ISRUC-III,108,0,108,train
ISRUC-III-09,ISRUC-III-09,ISRUC-III,109,0,109,train
ISRUC-III-09,ISRUC-III-09,ISRUC-III,110,0,110,train
ISRUC-III-09,ISRUC-III-09,ISRUC-III,111,0,111,train
ISRUC-III-09,ISRUC-III-09,ISRUC-III,112,1,112,train
ISRUC-III-09,ISRUC-III-09,ISRUC-III,113,0,113,train
ISRUC-III-09,ISRUC-III-09,ISRUC-III,114,1,114,train
ISRUC-III-09,ISRUC-III-09,ISRUC-III,115,1,115,train
ISRUC-III-09,ISRUC-III-09,ISRUC-III,116,1,116,train
ISRUC-III-09,ISRUC-III-09,ISRUC-III,117,1,117,train
ISRUC-III-09,ISRUC-III-09,ISRUC-III,118,0,118,train
ISRUC-III-09,ISRUC-III-09,ISRUC-III,119,0,119,train
ISRUC-III-09,ISRUC-III-09,ISRUC-III,120,1,120,train
ISRUC-III-09,ISRUC-III-09,ISRUC-III,121,1,121,train
ISRUC-III-09,ISRUC-III-09,ISRUC-III,122,1,122,train
ISRUC-III-09,ISRUC-III-09,ISRUC-III,123,1,123,train
ISRUC-III-09,ISRUC-III-09,ISRUC-III,124,1,124,train
ISRUC-III-09,ISRUC-III-09,ISRUC-III,125,2,125,train
ISRUC-III-09,ISRUC-III-09,ISRUC-III,126,0,126,train
ISRUC-III-09,ISRUC-III-09,ISRUC-III,127,0,127,train
ISRUC-III-09,ISRUC-III-09,ISRUC-III,128,1,128,train
ISRUC-III-09,ISRUC-III-09,ISRUC-III,129,2,129,train
ISRUC-III-09,ISRUC-III-09,ISRUC-III,130,0,130,train
ISRUC-III-09,ISRUC-III-09,ISRUC-III,131,0,131,train
ISRUC-III-09,ISRUC-III-09,ISRUC-III,132,1,132,train
ISRUC-III-09,ISRUC-III-09,ISRUC-III,133,2,133,train
ISRUC-III-09,ISRUC-III-09,ISRUC-III,134,2,134,train
ISRUC-III-09,ISRUC-III-09,ISRUC-III,135,2,135,train
ISRUC-III-09,ISRUC-III-09,ISRUC-III,136,2,136,train
ISRUC-III-09,ISRUC-III-09,ISRUC-III,137,2,137,train
ISRUC-III-09,ISRUC-III-09,ISRUC-III,138,0,138,train
ISRUC-III-09,ISRUC-III-09,ISRUC-III,139,1,139,train
ISRUC-III-09,ISRUC-III-09,ISRUC-III,140,2,140,train
ISRUC-III-09,ISRUC-III-09,ISRUC-III,141,1,141,train
ISRUC-III-09,ISRUC-III-09,ISRUC-III,142,2,142,train
ISRUC-III-09,ISRUC-III-09,ISRUC-III,143,2,143,train
ISRUC-III-09,ISRUC-III-09,ISRUC-III,144,3,144,train
ISRUC-III-09,ISRUC-III-09,ISRUC-III,145,3,145,train
ISRUC-III-09,ISRUC-III-09,ISRUC-III,146,3,146,train
ISRUC-III-09,ISRUC-III-09,ISRUC-III,147,3,147,train
ISRUC-III-09,ISRUC-III-09,ISRUC-III,148,3,148,train
ISRUC-III-09,ISRUC-III-09,ISRUC-III,149,3,149,train
ISRUC-III-09,ISRUC-III-09,ISRUC-III,150,3,150,train
ISRUC-III-09,ISRUC-III-09,ISRUC-III,151,3,151,train
ISRUC-III-09,ISRUC-III-09,ISRUC-III,152,3,152,train
ISRUC-III-09,ISRUC-III-09,ISRUC-III,153,3,153,train
ISRUC-III-09,ISRUC-III-09,ISRUC-III,154,3,154,train
ISRUC-III-09,ISRUC-III-09,ISRUC-III,155,3,155,train
ISRUC-III-09,ISRUC-III-09,ISRUC-III,156,3,156,train
ISRUC-III-09,ISRUC-III-09,ISRUC-III,157,3,157,train
ISRUC-III-09,ISRUC-III-09,ISRUC-III,158,3,158,train
ISRUC-III-09,ISRUC-III-09,ISRUC-III,159,3,159,train
ISRUC-III-09,ISRUC-III-09,ISRUC-III,160,3,160,train
ISRUC-III-09,ISRUC-III-09,ISRUC-III,161,3,161,train
ISRUC-III-09,ISRUC-III-09,ISRUC-III,162,3,162,train
ISRUC-III-09,ISRUC-III-09,ISRUC-III,163,3,163,train
ISRUC-III-09,ISRUC-III-09,ISRUC-III,164,3,164,train
ISRUC-III-09,ISRUC-III-09,ISRUC-III,165,3,165,train
ISRUC-III-09,ISRUC-III-09,ISRUC-III,166,3,166,train
ISRUC-III-09,ISRUC-III-09,ISRUC-III,167,3,167,train
ISRUC-III-09,ISRUC-III-09,ISRUC-III,168,3,168,train
ISRUC-III-09,ISRUC-III-09,ISRUC-III,169,3,169,train
ISRUC-III-09,ISRUC-III-09,ISRUC-III,170,3,170,train
ISRUC-III-09,ISRUC-III-09,ISRUC-III,171,3,171,train
ISRUC-III-09,ISRUC-III-09,ISRUC-III,172,3,172,train
ISRUC-III-09,ISRUC-III-09,ISRUC-III,173,3,173,train
ISRUC-III-09,ISRUC-III-09,ISRUC-III,174,3,174,train
ISRUC-III-09,ISRUC-III-09,ISRUC-III,175,3,175,train
ISRUC-III-09,ISRUC-III-09,ISRUC-III,176,3,176,train
ISRUC-III-09,ISRUC-III-09,ISRUC-III,177,3,177,train
ISRUC-III-09,ISRUC-III-09,ISRUC-III,178,3,178,train
ISRUC-III-09,ISRUC-III-09,ISRUC-III,179,3,179,train
ISRUC-III-09,ISRUC-III-09,ISRUC-III,180,3,180,train
ISRUC-III-09,ISRUC-III-09,ISRUC-III,181,3,181,train
ISRUC-III-09,ISRUC-III-09,ISRUC-III,182,3,182,train
ISRUC-III-09,ISRUC-III-09,ISRUC-III,183,3,183,train
ISRUC-III-09,ISRUC-III-09,ISRUC-III,184,3,184,train
ISRUC-III-09,ISRUC-III-09,ISRUC-III,185,3,185,train
ISRUC-III-09,ISRUC-III-09,ISRUC-III,186,3,186,train
ISRUC-III-09,ISRUC-III-09,ISRUC-III,187,3,187,train
ISRUC-III-09,ISRUC-III-09,ISRUC-III,188,3,188,train
ISRUC-III-09,ISRUC-III-09,ISRUC-III,189,3,189,train
ISRUC-III-09,ISRUC-III-09,ISRUC-III,190,3,190,train
ISRUC-III-09,ISRUC-III-09,ISRUC-III,191,3,191,train
ISRUC-III-09,ISRUC-III-09,ISRUC-III,192,3,192,train
ISRUC-III-09,ISRUC-III-09,ISRUC-III,193,3,193,train
ISRUC-III-09,ISRUC-III-09,ISRUC-III,194,3,194,train
ISRUC-III-09,ISRUC-III-09,ISRUC-III,195,3,195,train
ISRUC-III-09,ISRUC-III-09,ISRUC-III,196,3,196,train
ISRUC-III-09,ISRUC-III-09,ISRUC-III,197,3,197,train
ISRUC-III-09,ISRUC-III-09,ISRUC-III,198,3,198,train
ISRUC-III-09,ISRUC-III-09,ISRUC-III,199,3,199,train
ISRUC-III-09,ISRUC-III-09,ISRUC-III,200,3,200,train
ISRUC-III-09,ISRUC-III-09,ISRUC-III,201,3,201,train
ISRUC-III-09,ISRUC-III-09,ISRUC-III,202,3,202,train
ISRUC-III-09,ISRUC-III-09,ISRUC-III,203,3,203,train
ISRUC-III-09,ISRUC-III-09,ISRUC-III,204,3,204,train
ISRUC-III-09,ISRUC-III-09,ISRUC-III,205,3,205,train
ISRUC-III-09,ISRUC-III-09,ISRUC-III,206,3,206,train
ISRUC-III-09,ISRUC-III-09,ISRUC-III,207,3,207,train
ISRUC-III-09,ISRUC-III-09,ISRUC-III,208,3,208,train
ISRUC-III-09,ISRUC-III-09,ISRUC-III,209,3,209,train
ISRUC-III-09,ISRUC-III-09,ISRUC-III,210,3,210,train
ISRUC-III-09,ISRUC-III-09,ISRUC-III,211,3,211,train
ISRUC-III-09,ISRUC-III-09,ISRUC-III,212,3,212,train
ISRUC-III-09,ISRUC-III-09,ISRUC-III,213,3,213,train
ISRUC-III-09,ISRUC-III-09,ISRUC-III,214,3,214,train
ISRUC-III-09,ISRUC-III-09,ISRUC-III,215,0,215,train
ISRUC-III-09,ISRUC-III-09,ISRUC-III,216,0,216,train
ISRUC-III-09,ISRUC-III-09,ISRUC-III,217,0,217,train
ISRUC-III-09,ISRUC-III-09,ISRUC-III,218,0,218,train
ISRUC-III-09,ISRUC-III-09,ISRUC-III,219,0,219,train
ISRUC-III-09,ISRUC-III-09,ISRUC-III,220,1,220,train
ISRUC-III-09,ISRUC-III-09,ISRUC-III,221,2,221,train
ISRUC-III-09,ISRUC-III-09,ISRUC-III,222,2,222,train
ISRUC-III-09,ISRUC-III-09,ISRUC-III,223,2,223,train
ISRUC-III-09,ISRUC-III-09,ISRUC-III,224,2,224,train
ISRUC-III-09,ISRUC-III-09,ISRUC-III,225,2,225,train
ISRUC-III-09,ISRUC-III-09,ISRUC-III,226,2,226,train
ISRUC-III-09,ISRUC-III-09,ISRUC-III,227,2,227,train
ISRUC-III-09,ISRUC-III-09,ISRUC-III,228,1,228,train
ISRUC-III-09,ISRUC-III-09,ISRUC-III,229,2,229,train
ISRUC-III-09,ISRUC-III-09,ISRUC-III,230,2,230,train
ISRUC-III-09,ISRUC-III-09,ISRUC-III,231,2,231,train
ISRUC-III-09,ISRUC-III-09,ISRUC-III,232,1,232,train
ISRUC-III-09,ISRUC-III-09,ISRUC-III,233,2,233,train
ISRUC-III-09,ISRUC-III-09,ISRUC-III,234,2,234,train
ISRUC-III-09,ISRUC-III-09,ISRUC-III,235,2,235,train
ISRUC-III-09,ISRUC-III-09,ISRUC-III,236,2,236,train
ISRUC-III-09,ISRUC-III-09,ISRUC-III,237,2,237,train
ISRUC-III-09,ISRUC-III-09,ISRUC-III,238,2,238,train
ISRUC-III-09,ISRUC-III-09,ISRUC-III,239,1,239,train
ISRUC-III-09,ISRUC-III-09,ISRUC-III,240,2,240,train
ISRUC-III-09,ISRUC-III-09,ISRUC-III,241,2,241,train
ISRUC-III-09,ISRUC-III-09,ISRUC-III,242,2,242,train
ISRUC-III-09,ISRUC-III-09,ISRUC-III,243,2,243,train
ISRUC-III-09,ISRUC-III-09,ISRUC-III,244,1,244,train
ISRUC-III-09,ISRUC-III-09,ISRUC-III,245,2,245,train
ISRUC-III-09,ISRUC-III-09,ISRUC-III,246,2,246,train
ISRUC-III-09,ISRUC-III-09,ISRUC-III,247,1,247,train
ISRUC-III-09,ISRUC-III-09,ISRUC-III,248,2,248,train
ISRUC-III-09,ISRUC-III-09,ISRUC-III,249,1,249,train
ISRUC-III-09,ISRUC-III-09,ISRUC-III,250,2,250,train
ISRUC-III-09,ISRUC-III-09,ISRUC-III,251,2,251,train
ISRUC-III-09,ISRUC-III-09,ISRUC-III,252,2,252,train
ISRUC-III-09,ISRUC-III-09,ISRUC-III,253,2,253,train
ISRUC-III-09,ISRUC-III-09,ISRUC-III,254,2,254,train
ISRUC-III-09,ISRUC-III-09,ISRUC-III,255,2,255,train
ISRUC-III-09,ISRUC-III-09,ISRUC-III,256,2,256,train
ISRUC-III-09,ISRUC-III-09,ISRUC-III,257,2,257,train
ISRUC-III-09,ISRUC-III-09,ISRUC-III,258,2,258,train
ISRUC-III-09,ISRUC-III-09,ISRUC-III,259,2,259,train
ISRUC-III-09,ISRUC-III-09,ISRUC-III,260,2,260,train
ISRUC-III-09,ISRUC-III-09,ISRUC-III,261,2,261,train
ISRUC-III-09,ISRUC-III-09,ISRUC-III,262,4,262,train
ISRUC-III-09,ISRUC-III-09,ISRUC-III,263,4,263,train
ISRUC-III-09,ISRUC-III-09,ISRUC-III,264,4,264,train
ISRUC-III-09,ISRUC-III-09,ISRUC-III,265,4,265,train
ISRUC-III-09,ISRUC-III-09,ISRUC-III,266,2,266,train
ISRUC-III-09,ISRUC-III-09,ISRUC-III,267,2,267,train
ISRUC-III-09,ISRUC-III-09,ISRUC-III,268,4,268,train
ISRUC-III-09,ISRUC-III-09,ISRUC-III,269,4,269,train
ISRUC-III-09,ISRUC-III-09,ISRUC-III,270,2,270,train
ISRUC-III-09,ISRUC-III-09,ISRUC-III,271,2,271,train
ISRUC-III-09,ISRUC-III-09,ISRUC-III,272,2,272,train
ISRUC-III-09,ISRUC-III-09,ISRUC-III,273,2,273,train
ISRUC-III-09,ISRUC-III-09,ISRUC-III,274,2,274,train
ISRUC-III-09,ISRUC-III-09,ISRUC-III,275,2,275,train
ISRUC-III-09,ISRUC-III-09,ISRUC-III,276,2,276,train
ISRUC-III-09,ISRUC-III-09,ISRUC-III,277,2,277,train
ISRUC-III-09,ISRUC-III-09,ISRUC-III,278,0,278,train
ISRUC-III-09,ISRUC-III-09,ISRUC-III,279,0,279,train
ISRUC-III-09,ISRUC-III-09,ISRUC-III,280,0,280,train
ISRUC-III-09,ISRUC-III-09,ISRUC-III,281,0,281,train
ISRUC-III-09,ISRUC-III-09,ISRUC-III,282,0,282,train
ISRUC-III-09,ISRUC-III-09,ISRUC-III,283,0,283,train
ISRUC-III-09,ISRUC-III-09,ISRUC-III,284,0,284,train
ISRUC-III-09,ISRUC-III-09,ISRUC-III,285,0,285,train
ISRUC-III-09,ISRUC-III-09,ISRUC-III,286,0,286,train
ISRUC-III-09,ISRUC-III-09,ISRUC-III,287,1,287,train
ISRUC-III-09,ISRUC-III-09,ISRUC-III,288,1,288,train
ISRUC-III-09,ISRUC-III-09,ISRUC-III,289,2,289,train
ISRUC-III-09,ISRUC-III-09,ISRUC-III,290,2,290,train
ISRUC-III-09,ISRUC-III-09,ISRUC-III,291,2,291,train
ISRUC-III-09,ISRUC-III-09,ISRUC-III,292,2,292,train
ISRUC-III-09,ISRUC-III-09,ISRUC-III,293,2,293,train
ISRUC-III-09,ISRUC-III-09,ISRUC-III,294,2,294,train
ISRUC-III-09,ISRUC-III-09,ISRUC-III,295,2,295,train
ISRUC-III-09,ISRUC-III-09,ISRUC-III,296,2,296,train
ISRUC-III-09,ISRUC-III-09,ISRUC-III,297,2,297,train
ISRUC-III-09,ISRUC-III-09,ISRUC-III,298,2,298,train
ISRUC-III-09,ISRUC-III-09,ISRUC-III,299,2,299,train
ISRUC-III-09,ISRUC-III-09,ISRUC-III,300,2,300,train
ISRUC-III-09,ISRUC-III-09,ISRUC-III,301,2,301,train
ISRUC-III-09,ISRUC-III-09,ISRUC-III,302,2,302,train
ISRUC-III-09,ISRUC-III-09,ISRUC-III,303,2,303,train
ISRUC-III-09,ISRUC-III-09,ISRUC-III,304,2,304,train
ISRUC-III-09,ISRUC-III-09,ISRUC-III,305,2,305,train
ISRUC-III-09,ISRUC-III-09,ISRUC-III,306,2,306,train
ISRUC-III-09,ISRUC-III-09,ISRUC-III,307,2,307,train
ISRUC-III-09,ISRUC-III-09,ISRUC-III,308,2,308,train
ISRUC-III-09,ISRUC-III-09,ISRUC-III,309,2,309,train
ISRUC-III-09,ISRUC-III-09,ISRUC-III,310,2,310,train
ISRUC-III-09,ISRUC-III-09,ISRUC-III,311,3,311,train
ISRUC-III-09,ISRUC-III-09,ISRUC-III,312,3,312,train
ISRUC-III-09,ISRUC-III-09,ISRUC-III,313,3,313,train
ISRUC-III-09,ISRUC-III-09,ISRUC-III,314,3,314,train
ISRUC-III-09,ISRUC-III-09,ISRUC-III,315,3,315,train
ISRUC-III-09,ISRUC-III-09,ISRUC-III,316,3,316,train
ISRUC-III-09,ISRUC-III-09,ISRUC-III,317,0,317,train
ISRUC-III-09,ISRUC-III-09,ISRUC-III,318,1,318,train
ISRUC-III-09,ISRUC-III-09,ISRUC-III,319,2,319,train
ISRUC-III-09,ISRUC-III-09,ISRUC-III,320,2,320,train
ISRUC-III-09,ISRUC-III-09,ISRUC-III,321,2,321,train
ISRUC-III-09,ISRUC-III-09,ISRUC-III,322,2,322,train
ISRUC-III-09,ISRUC-III-09,ISRUC-III,323,2,323,train
ISRUC-III-09,ISRUC-III-09,ISRUC-III,324,2,324,train
ISRUC-III-09,ISRUC-III-09,ISRUC-III,325,3,325,train
ISRUC-III-09,ISRUC-III-09,ISRUC-III,326,3,326,train
ISRUC-III-09,ISRUC-III-09,ISRUC-III,327,3,327,train
ISRUC-III-09,ISRUC-III-09,ISRUC-III,328,3,328,train
ISRUC-III-09,ISRUC-III-09,ISRUC-III,329,3,329,train
ISRUC-III-09,ISRUC-III-09,ISRUC-III,330,3,330,train
ISRUC-III-09,ISRUC-III-09,ISRUC-III,331,3,331,train
ISRUC-III-09,ISRUC-III-09,ISRUC-III,332,3,332,train
ISRUC-III-09,ISRUC-III-09,ISRUC-III,333,3,333,train
ISRUC-III-09,ISRUC-III-09,ISRUC-III,334,3,334,train
ISRUC-III-09,ISRUC-III-09,ISRUC-III,335,3,335,train
ISRUC-III-09,ISRUC-III-09,ISRUC-III,336,3,336,train
ISRUC-III-09,ISRUC-III-09,ISRUC-III,337,2,337,train
ISRUC-III-09,ISRUC-III-09,ISRUC-III,338,2,338,train
ISRUC-III-09,ISRUC-III-09,ISRUC-III,339,2,339,train
ISRUC-III-09,ISRUC-III-09,ISRUC-III,340,3,340,train
ISRUC-III-09,ISRUC-III-09,ISRUC-III,341,3,341,train
ISRUC-III-09,ISRUC-III-09,ISRUC-III,342,3,342,train
ISRUC-III-09,ISRUC-III-09,ISRUC-III,343,3,343,train
ISRUC-III-09,ISRUC-III-09,ISRUC-III,344,3,344,train
ISRUC-III-09,ISRUC-III-09,ISRUC-III,345,3,345,train
ISRUC-III-09,ISRUC-III-09,ISRUC-III,346,3,346,train
ISRUC-III-09,ISRUC-III-09,ISRUC-III,347,3,347,train
ISRUC-III-09,ISRUC-III-09,ISRUC-III,348,3,348,train
ISRUC-III-09,ISRUC-III-09,ISRUC-III,349,2,349,train
ISRUC-III-09,ISRUC-III-09,ISRUC-III,350,2,350,train
ISRUC-III-09,ISRUC-III-09,ISRUC-III,351,0,351,train
ISRUC-III-09,ISRUC-III-09,ISRUC-III,352,0,352,train
ISRUC-III-09,ISRUC-III-09,ISRUC-III,353,0,353,train
ISRUC-III-09,ISRUC-III-09,ISRUC-III,354,1,354,train
ISRUC-III-09,ISRUC-III-09,ISRUC-III,355,0,355,train
ISRUC-III-09,ISRUC-III-09,ISRUC-III,356,1,356,train
ISRUC-III-09,ISRUC-III-09,ISRUC-III,357,0,357,train
ISRUC-III-09,ISRUC-III-09,ISRUC-III,358,1,358,train
ISRUC-III-09,ISRUC-III-09,ISRUC-III,359,1,359,train
ISRUC-III-09,ISRUC-III-09,ISRUC-III,360,2,360,train
ISRUC-III-09,ISRUC-III-09,ISRUC-III,361,0,361,train
ISRUC-III-09,ISRUC-III-09,ISRUC-III,362,1,362,train
ISRUC-III-09,ISRUC-III-09,ISRUC-III,363,1,363,train
ISRUC-III-09,ISRUC-III-09,ISRUC-III,364,1,364,train
ISRUC-III-09,ISRUC-III-09,ISRUC-III,365,2,365,train
ISRUC-III-09,ISRUC-III-09,ISRUC-III,366,2,366,train
ISRUC-III-09,ISRUC-III-09,ISRUC-III,367,2,367,train
ISRUC-III-09,ISRUC-III-09,ISRUC-III,368,2,368,train
ISRUC-III-09,ISRUC-III-09,ISRUC-III,369,2,369,train
ISRUC-III-09,ISRUC-III-09,ISRUC-III,370,2,370,train
ISRUC-III-09,ISRUC-III-09,ISRUC-III,371,0,371,train
ISRUC-III-09,ISRUC-III-09,ISRUC-III,372,0,372,train
ISRUC-III-09,ISRUC-III-09,ISRUC-III,373,0,373,train
ISRUC-III-09,ISRUC-III-09,ISRUC-III,374,2,374,train
ISRUC-III-09,ISRUC-III-09,ISRUC-III,375,1,375,train
ISRUC-III-09,ISRUC-III-09,ISRUC-III,376,1,376,train
ISRUC-III-09,ISRUC-III-09,ISRUC-III,377,2,377,train
ISRUC-III-09,ISRUC-III-09,ISRUC-III,378,0,378,train
ISRUC-III-09,ISRUC-III-09,ISRUC-III,379,0,379,train
ISRUC-III-09,ISRUC-III-09,ISRUC-III,380,0,380,train
ISRUC-III-09,ISRUC-III-09,ISRUC-III,381,1,381,train
ISRUC-III-09,ISRUC-III-09,ISRUC-III,382,1,382,train
ISRUC-III-09,ISRUC-III-09,ISRUC-III,383,1,383,train
ISRUC-III-09,ISRUC-III-09,ISRUC-III,384,0,384,train
ISRUC-III-09,ISRUC-III-09,ISRUC-III,385,0,385,train
ISRUC-III-09,ISRUC-III-09,ISRUC-III,386,0,386,train
ISRUC-III-09,ISRUC-III-09,ISRUC-III,387,1,387,train
ISRUC-III-09,ISRUC-III-09,ISRUC-III,388,1,388,train
ISRUC-III-09,ISRUC-III-09,ISRUC-III,389,2,389,train
ISRUC-III-09,ISRUC-III-09,ISRUC-III,390,2,390,train
ISRUC-III-09,ISRUC-III-09,ISRUC-III,391,2,391,train
ISRUC-III-09,ISRUC-III-09,ISRUC-III,392,2,392,train
ISRUC-III-09,ISRUC-III-09,ISRUC-III,393,1,393,train
ISRUC-III-09,ISRUC-III-09,ISRUC-III,394,2,394,train
ISRUC-III-09,ISRUC-III-09,ISRUC-III,395,2,395,train
ISRUC-III-09,ISRUC-III-09,ISRUC-III,396,2,396,train
ISRUC-III-09,ISRUC-III-09,ISRUC-III,397,2,397,train
ISRUC-III-09,ISRUC-III-09,ISRUC-III,398,2,398,train
ISRUC-III-09,ISRUC-III-09,ISRUC-III,399,2,399,train
ISRUC-III-09,ISRUC-III-09,ISRUC-III,400,1,400,train
ISRUC-III-09,ISRUC-III-09,ISRUC-III,401,2,401,train
ISRUC-III-09,ISRUC-III-09,ISRUC-III,402,2,402,train
ISRUC-III-09,ISRUC-III-09,ISRUC-III,403,2,403,train
ISRUC-III-09,ISRUC-III-09,ISRUC-III,404,2,404,train
ISRUC-III-09,ISRUC-III-09,ISRUC-III,405,2,405,train
ISRUC-III-09,ISRUC-III-09,ISRUC-III,406,3,406,train
ISRUC-III-09,ISRUC-III-09,ISRUC-III,407,3,407,train
ISRUC-III-09,ISRUC-III-09,ISRUC-III,408,3,408,train
ISRUC-III-09,ISRUC-III-09,ISRUC-III,409,2,409,train
ISRUC-III-09,ISRUC-III-09,ISRUC-III,410,2,410,train
ISRUC-III-09,ISRUC-III-09,ISRUC-III,411,2,411,train
ISRUC-III-09,ISRUC-III-09,ISRUC-III,412,2,412,train
ISRUC-III-09,ISRUC-III-09,ISRUC-III,413,2,413,train
ISRUC-III-09,ISRUC-III-09,ISRUC-III,414,2,414,train
ISRUC-III-09,ISRUC-III-09,ISRUC-III,415,2,415,train
ISRUC-III-09,ISRUC-III-09,ISRUC-III,416,1,416,train
ISRUC-III-09,ISRUC-III-09,ISRUC-III,417,2,417,train
ISRUC-III-09,ISRUC-III-09,ISRUC-III,418,2,418,train
ISRUC-III-09,ISRUC-III-09,ISRUC-III,419,2,419,train
ISRUC-III-09,ISRUC-III-09,ISRUC-III,420,2,420,train
ISRUC-III-09,ISRUC-III-09,ISRUC-III,421,2,421,train
ISRUC-III-09,ISRUC-III-09,ISRUC-III,422,0,422,train
ISRUC-III-09,ISRUC-III-09,ISRUC-III,423,0,423,train
ISRUC-III-09,ISRUC-III-09,ISRUC-III,424,0,424,train
ISRUC-III-09,ISRUC-III-09,ISRUC-III,425,0,425,train
ISRUC-III-09,ISRUC-III-09,ISRUC-III,426,1,426,train
ISRUC-III-09,ISRUC-III-09,ISRUC-III,427,2,427,train
ISRUC-III-09,ISRUC-III-09,ISRUC-III,428,2,428,train
ISRUC-III-09,ISRUC-III-09,ISRUC-III,429,2,429,train
ISRUC-III-09,ISRUC-III-09,ISRUC-III,430,1,430,train
ISRUC-III-09,ISRUC-III-09,ISRUC-III,431,2,431,train
ISRUC-III-09,ISRUC-III-09,ISRUC-III,432,2,432,train
ISRUC-III-09,ISRUC-III-09,ISRUC-III,433,0,433,train
ISRUC-III-09,ISRUC-III-09,ISRUC-III,434,1,434,train
ISRUC-III-09,ISRUC-III-09,ISRUC-III,435,2,435,train
ISRUC-III-09,ISRUC-III-09,ISRUC-III,436,2,436,train
ISRUC-III-09,ISRUC-III-09,ISRUC-III,437,2,437,train
ISRUC-III-09,ISRUC-III-09,ISRUC-III,438,2,438,train
ISRUC-III-09,ISRUC-III-09,ISRUC-III,439,2,439,train
ISRUC-III-09,ISRUC-III-09,ISRUC-III,440,3,440,train
ISRUC-III-09,ISRUC-III-09,ISRUC-III,441,2,441,train
ISRUC-III-09,ISRUC-III-09,ISRUC-III,442,2,442,train
ISRUC-III-09,ISRUC-III-09,ISRUC-III,443,2,443,train
ISRUC-III-09,ISRUC-III-09,ISRUC-III,444,2,444,train
ISRUC-III-09,ISRUC-III-09,ISRUC-III,445,3,445,train
ISRUC-III-09,ISRUC-III-09,ISRUC-III,446,3,446,train
ISRUC-III-09,ISRUC-III-09,ISRUC-III,447,3,447,train
ISRUC-III-09,ISRUC-III-09,ISRUC-III,448,3,448,train
ISRUC-III-09,ISRUC-III-09,ISRUC-III,449,3,449,train
ISRUC-III-09,ISRUC-III-09,ISRUC-III,450,3,450,train
ISRUC-III-09,ISRUC-III-09,ISRUC-III,451,3,451,train
ISRUC-III-09,ISRUC-III-09,ISRUC-III,452,3,452,train
ISRUC-III-09,ISRUC-III-09,ISRUC-III,453,3,453,train
ISRUC-III-09,ISRUC-III-09,ISRUC-III,454,3,454,train
ISRUC-III-09,ISRUC-III-09,ISRUC-III,455,3,455,train
ISRUC-III-09,ISRUC-III-09,ISRUC-III,456,3,456,train
ISRUC-III-09,ISRUC-III-09,ISRUC-III,457,3,457,train
ISRUC-III-09,ISRUC-III-09,ISRUC-III,458,3,458,train
ISRUC-III-09,ISRUC-III-09,ISRUC-III,459,3,459,train
ISRUC-III-09,ISRUC-III-09,ISRUC-III,460,3,460,train
ISRUC-III-09,ISRUC-III-09,ISRUC-III,461,3,461,train
ISRUC-III-09,ISRUC-III-09,ISRUC-III,462,3,462,train
ISRUC-III-09,ISRUC-III-09,ISRUC-III,463,3,463,train
ISRUC-III-09,ISRUC-III-09,ISRUC-III,464,3,464,train
ISRUC-III-09,ISRUC-III-09,ISRUC-III,465,3,465,train
ISRUC-III-09,ISRUC-III-09,ISRUC-III,466,3,466,train
ISRUC-III-09,ISRUC-III-09,ISRUC-III,467,3,467,train
ISRUC-III-09,ISRUC-III-09,ISRUC-III,468,3,468,train
ISRUC-III-09,ISRUC-III-09,ISRUC-III,469,3,469,train
ISRUC-III-09,ISRUC-III-09,ISRUC-III,470,3,470,train
ISRUC-III-09,ISRUC-III-09,ISRUC-III,471,3,471,train
ISRUC-III-09,ISRUC-III-09,ISRUC-III,472,3,472,train
ISRUC-III-09,ISRUC-III-09,ISRUC-III,473,3,473,train
ISRUC-III-09,ISRUC-III-09,ISRUC-III,474,3,474,train
ISRUC-III-09,ISRUC-III-09,ISRUC-III,475,3,475,train
ISRUC-III-09,ISRUC-III-09,ISRUC-III,476,3,476,train
ISRUC-III-09,ISRUC-III-09,ISRUC-III,477,3,477,train
ISRUC-III-09,ISRUC-III-09,ISRUC-III,478,3,478,train
ISRUC-III-09,ISRUC-III-09,ISRUC-III,479,3,479,train
ISRUC-III-09,ISRUC-III-09,ISRUC-III,480,3,480,train
ISRUC-III-09,ISRUC-III-09,ISRUC-III,481,3,481,train
ISRUC-III-09,ISRUC-III-09,ISRUC-III,482,3,482,train
ISRUC-III-09,ISRUC-III-09,ISRUC-III,483,1,483,train
ISRUC-III-09,ISRUC-III-09,ISRUC-III,484,2,484,train
ISRUC-III-09,ISRUC-III-09,ISRUC-III,485,2,485,train
ISRUC-III-09,ISRUC-III-09,ISRUC-III,486,2,486,train
ISRUC-III-09,ISRUC-III-09,ISRUC-III,487,2,487,train
ISRUC-III-09,ISRUC-III-09,ISRUC-III,488,2,488,train
ISRUC-III-09,ISRUC-III-09,ISRUC-III,489,3,489,train
ISRUC-III-09,ISRUC-III-09,ISRUC-III,490,3,490,train
ISRUC-III-09,ISRUC-III-09,ISRUC-III,491,3,491,train
ISRUC-III-09,ISRUC-III-09,ISRUC-III,492,3,492,train
ISRUC-III-09,ISRUC-III-09,ISRUC-III,493,3,493,train
ISRUC-III-09,ISRUC-III-09,ISRUC-III,494,3,494,train
ISRUC-III-09,ISRUC-III-09,ISRUC-III,495,4,495,train
ISRUC-III-09,ISRUC-III-09,ISRUC-III,496,4,496,train
ISRUC-III-09,ISRUC-III-09,ISRUC-III,497,4,497,train
ISRUC-III-09,ISRUC-III-09,ISRUC-III,498,4,498,train
ISRUC-III-09,ISRUC-III-09,ISRUC-III,499,4,499,train
ISRUC-III-09,ISRUC-III-09,ISRUC-III,500,4,500,train
ISRUC-III-09,ISRUC-III-09,ISRUC-III,501,4,501,train
ISRUC-III-09,ISRUC-III-09,ISRUC-III,502,4,502,train
ISRUC-III-09,ISRUC-III-09,ISRUC-III,503,0,503,train
ISRUC-III-09,ISRUC-III-09,ISRUC-III,504,1,504,train
ISRUC-III-09,ISRUC-III-09,ISRUC-III,505,1,505,train
ISRUC-III-09,ISRUC-III-09,ISRUC-III,506,4,506,train
ISRUC-III-09,ISRUC-III-09,ISRUC-III,507,4,507,train
ISRUC-III-09,ISRUC-III-09,ISRUC-III,508,4,508,train
ISRUC-III-09,ISRUC-III-09,ISRUC-III,509,4,509,train
ISRUC-III-09,ISRUC-III-09,ISRUC-III,510,4,510,train
ISRUC-III-09,ISRUC-III-09,ISRUC-III,511,4,511,train
ISRUC-III-09,ISRUC-III-09,ISRUC-III,512,4,512,train
ISRUC-III-09,ISRUC-III-09,ISRUC-III,513,4,513,train
ISRUC-III-09,ISRUC-III-09,ISRUC-III,514,4,514,train
ISRUC-III-09,ISRUC-III-09,ISRUC-III,515,4,515,train
ISRUC-III-09,ISRUC-III-09,ISRUC-III,516,4,516,train
ISRUC-III-09,ISRUC-III-09,ISRUC-III,517,4,517,train
ISRUC-III-09,ISRUC-III-09,ISRUC-III,518,4,518,train
ISRUC-III-09,ISRUC-III-09,ISRUC-III,519,1,519,train
ISRUC-III-09,ISRUC-III-09,ISRUC-III,520,4,520,train
ISRUC-III-09,ISRUC-III-09,ISRUC-III,521,0,521,train
ISRUC-III-09,ISRUC-III-09,ISRUC-III,522,0,522,train
ISRUC-III-09,ISRUC-III-09,ISRUC-III,523,0,523,train
ISRUC-III-09,ISRUC-III-09,ISRUC-III,524,1,524,train
ISRUC-III-09,ISRUC-III-09,ISRUC-III,525,0,525,train
ISRUC-III-09,ISRUC-III-09,ISRUC-III,526,1,526,train
ISRUC-III-09,ISRUC-III-09,ISRUC-III,527,1,527,train
ISRUC-III-09,ISRUC-III-09,ISRUC-III,528,0,528,train
ISRUC-III-09,ISRUC-III-09,ISRUC-III,529,0,529,train
ISRUC-III-09,ISRUC-III-09,ISRUC-III,530,0,530,train
ISRUC-III-09,ISRUC-III-09,ISRUC-III,531,0,531,train
ISRUC-III-09,ISRUC-III-09,ISRUC-III,532,0,532,train
ISRUC-III-09,ISRUC-III-09,ISRUC-III,533,0,533,train
ISRUC-III-09,ISRUC-III-09,ISRUC-III,534,0,534,train
ISRUC-III-09,ISRUC-III-09,ISRUC-III,535,1,535,train
ISRUC-III-09,ISRUC-III-09,ISRUC-III,536,1,536,train
ISRUC-III-09,ISRUC-III-09,ISRUC-III,537,1,537,train
ISRUC-III-09,ISRUC-III-09,ISRUC-III,538,1,538,train
ISRUC-III-09,ISRUC-III-09,ISRUC-III,539,0,539,train
ISRUC-III-09,ISRUC-III-09,ISRUC-III,540,1,540,train
ISRUC-III-09,ISRUC-III-09,ISRUC-III,541,1,541,train
ISRUC-III-09,ISRUC-III-09,ISRUC-III,542,0,542,train
ISRUC-III-09,ISRUC-III-09,ISRUC-III,543,0,543,train
ISRUC-III-09,ISRUC-III-09,ISRUC-III,544,0,544,train
ISRUC-III-09,ISRUC-III-09,ISRUC-III,545,0,545,train
ISRUC-III-09,ISRUC-III-09,ISRUC-III,546,0,546,train
ISRUC-III-09,ISRUC-III-09,ISRUC-III,547,1,547,train
ISRUC-III-09,ISRUC-III-09,ISRUC-III,548,1,548,train
ISRUC-III-09,ISRUC-III-09,ISRUC-III,549,1,549,train
ISRUC-III-09,ISRUC-III-09,ISRUC-III,550,1,550,train
ISRUC-III-09,ISRUC-III-09,ISRUC-III,551,2,551,train
ISRUC-III-09,ISRUC-III-09,ISRUC-III,552,1,552,train
ISRUC-III-09,ISRUC-III-09,ISRUC-III,553,2,553,train
ISRUC-III-09,ISRUC-III-09,ISRUC-III,554,2,554,train
ISRUC-III-09,ISRUC-III-09,ISRUC-III,555,1,555,train
ISRUC-III-09,ISRUC-III-09,ISRUC-III,556,0,556,train
ISRUC-III-09,ISRUC-III-09,ISRUC-III,557,0,557,train
ISRUC-III-09,ISRUC-III-09,ISRUC-III,558,1,558,train
ISRUC-III-09,ISRUC-III-09,ISRUC-III,559,1,559,train
ISRUC-III-09,ISRUC-III-09,ISRUC-III,560,1,560,train
ISRUC-III-09,ISRUC-III-09,ISRUC-III,561,1,561,train
ISRUC-III-09,ISRUC-III-09,ISRUC-III,562,2,562,train
ISRUC-III-09,ISRUC-III-09,ISRUC-III,563,2,563,train
ISRUC-III-09,ISRUC-III-09,ISRUC-III,564,1,564,train
ISRUC-III-09,ISRUC-III-09,ISRUC-III,565,2,565,train
ISRUC-III-09,ISRUC-III-09,ISRUC-III,566,2,566,train
ISRUC-III-09,ISRUC-III-09,ISRUC-III,567,2,567,train
ISRUC-III-09,ISRUC-III-09,ISRUC-III,568,0,568,train
ISRUC-III-09,ISRUC-III-09,ISRUC-III,569,0,569,train
ISRUC-III-09,ISRUC-III-09,ISRUC-III,570,1,570,train
ISRUC-III-09,ISRUC-III-09,ISRUC-III,571,2,571,train
ISRUC-III-09,ISRUC-III-09,ISRUC-III,572,2,572,train
ISRUC-III-09,ISRUC-III-09,ISRUC-III,573,2,573,train
ISRUC-III-09,ISRUC-III-09,ISRUC-III,574,0,574,train
ISRUC-III-09,ISRUC-III-09,ISRUC-III,575,2,575,train
ISRUC-III-09,ISRUC-III-09,ISRUC-III,576,2,576,train
ISRUC-III-09,ISRUC-III-09,ISRUC-III,577,2,577,train
ISRUC-III-09,ISRUC-III-09,ISRUC-III,578,2,578,train
ISRUC-III-09,ISRUC-III-09,ISRUC-III,579,2,579,train
ISRUC-III-09,ISRUC-III-09,ISRUC-III,580,2,580,train
ISRUC-III-09,ISRUC-III-09,ISRUC-III,581,1,581,train
ISRUC-III-09,ISRUC-III-09,ISRUC-III,582,0,582,train
ISRUC-III-09,ISRUC-III-09,ISRUC-III,583,1,583,train
ISRUC-III-09,ISRUC-III-09,ISRUC-III,584,1,584,train
ISRUC-III-09,ISRUC-III-09,ISRUC-III,585,2,585,train
ISRUC-III-09,ISRUC-III-09,ISRUC-III,586,1,586,train
ISRUC-III-09,ISRUC-III-09,ISRUC-III,587,1,587,train
ISRUC-III-09,ISRUC-III-09,ISRUC-III,588,2,588,train
ISRUC-III-09,ISRUC-III-09,ISRUC-III,589,2,589,train
ISRUC-III-09,ISRUC-III-09,ISRUC-III,590,2,590,train
ISRUC-III-09,ISRUC-III-09,ISRUC-III,591,2,591,train
ISRUC-III-09,ISRUC-III-09,ISRUC-III,592,2,592,train
ISRUC-III-09,ISRUC-III-09,ISRUC-III,593,2,593,train
ISRUC-III-09,ISRUC-III-09,ISRUC-III,594,2,594,train
ISRUC-III-09,ISRUC-III-09,ISRUC-III,595,2,595,train
ISRUC-III-09,ISRUC-III-09,ISRUC-III,596,2,596,train
ISRUC-III-09,ISRUC-III-09,ISRUC-III,597,2,597,train
ISRUC-III-09,ISRUC-III-09,ISRUC-III,598,2,598,train
ISRUC-III-09,ISRUC-III-09,ISRUC-III,599,2,599,train
ISRUC-III-09,ISRUC-III-09,ISRUC-III,600,2,600,train
ISRUC-III-09,ISRUC-III-09,ISRUC-III,601,2,601,train
ISRUC-III-09,ISRUC-III-09,ISRUC-III,602,2,602,train
ISRUC-III-09,ISRUC-III-09,ISRUC-III,603,2,603,train
ISRUC-III-09,ISRUC-III-09,ISRUC-III,604,2,604,train
ISRUC-III-09,ISRUC-III-09,ISRUC-III,605,2,605,train
ISRUC-III-09,ISRUC-III-09,ISRUC-III,606,2,606,train
ISRUC-III-09,ISRUC-III-09,ISRUC-III,607,2,607,train
ISRUC-III-09,ISRUC-III-09,ISRUC-III,608,2,608,train
ISRUC-III-09,ISRUC-III-09,ISRUC-III,609,2,609,train
ISRUC-III-09,ISRUC-III-09,ISRUC-III,610,3,610,train
ISRUC-III-09,ISRUC-III-09,ISRUC-III,611,3,611,train
ISRUC-III-09,ISRUC-III-09,ISRUC-III,612,3,612,train
ISRUC-III-09,ISRUC-III-09,ISRUC-III,613,3,613,train
ISRUC-III-09,ISRUC-III-09,ISRUC-III,614,3,614,train
ISRUC-III-09,ISRUC-III-09,ISRUC-III,615,3,615,train
ISRUC-III-09,ISRUC-III-09,ISRUC-III,616,3,616,train
ISRUC-III-09,ISRUC-III-09,ISRUC-III,617,3,617,train
ISRUC-III-09,ISRUC-III-09,ISRUC-III,618,3,618,train
ISRUC-III-09,ISRUC-III-09,ISRUC-III,619,3,619,train
ISRUC-III-09,ISRUC-III-09,ISRUC-III,620,3,620,train
ISRUC-III-09,ISRUC-III-09,ISRUC-III,621,3,621,train
ISRUC-III-09,ISRUC-III-09,ISRUC-III,622,3,622,train
ISRUC-III-09,ISRUC-III-09,ISRUC-III,623,3,623,train
ISRUC-III-09,ISRUC-III-09,ISRUC-III,624,3,624,train
ISRUC-III-09,ISRUC-III-09,ISRUC-III,625,3,625,train
ISRUC-III-09,ISRUC-III-09,ISRUC-III,626,3,626,train
ISRUC-III-09,ISRUC-III-09,ISRUC-III,627,3,627,train
ISRUC-III-09,ISRUC-III-09,ISRUC-III,628,3,628,train
ISRUC-III-09,ISRUC-III-09,ISRUC-III,629,3,629,train
ISRUC-III-09,ISRUC-III-09,ISRUC-III,630,3,630,train
ISRUC-III-09,ISRUC-III-09,ISRUC-III,631,3,631,train
ISRUC-III-09,ISRUC-III-09,ISRUC-III,632,3,632,train
ISRUC-III-09,ISRUC-III-09,ISRUC-III,633,3,633,train
ISRUC-III-09,ISRUC-III-09,ISRUC-III,634,3,634,train
ISRUC-III-09,ISRUC-III-09,ISRUC-III,635,3,635,train
ISRUC-III-09,ISRUC-III-09,ISRUC-III,636,3,636,train
ISRUC-III-09,ISRUC-III-09,ISRUC-III,637,3,637,train
ISRUC-III-09,ISRUC-III-09,ISRUC-III,638,3,638,train
ISRUC-III-09,ISRUC-III-09,ISRUC-III,639,3,639,train
ISRUC-III-09,ISRUC-III-09,ISRUC-III,640,3,640,train
ISRUC-III-09,ISRUC-III-09,ISRUC-III,641,3,641,train
ISRUC-III-09,ISRUC-III-09,ISRUC-III,642,3,642,train
ISRUC-III-09,ISRUC-III-09,ISRUC-III,643,3,643,train
ISRUC-III-09,ISRUC-III-09,ISRUC-III,644,3,644,train
ISRUC-III-09,ISRUC-III-09,ISRUC-III,645,3,645,train
ISRUC-III-09,ISRUC-III-09,ISRUC-III,646,3,646,train
ISRUC-III-09,ISRUC-III-09,ISRUC-III,647,3,647,train
ISRUC-III-09,ISRUC-III-09,ISRUC-III,648,3,648,train
ISRUC-III-09,ISRUC-III-09,ISRUC-III,649,3,649,train
ISRUC-III-09,ISRUC-III-09,ISRUC-III,650,3,650,train
ISRUC-III-09,ISRUC-III-09,ISRUC-III,651,3,651,train
ISRUC-III-09,ISRUC-III-09,ISRUC-III,652,3,652,train
ISRUC-III-09,ISRUC-III-09,ISRUC-III,653,3,653,train
ISRUC-III-09,ISRUC-III-09,ISRUC-III,654,3,654,train
ISRUC-III-09,ISRUC-III-09,ISRUC-III,655,3,655,train
ISRUC-III-09,ISRUC-III-09,ISRUC-III,656,3,656,train
ISRUC-III-09,ISRUC-III-09,ISRUC-III,657,3,657,train
ISRUC-III-09,ISRUC-III-09,ISRUC-III,658,3,658,train
ISRUC-III-09,ISRUC-III-09,ISRUC-III,659,3,659,train
ISRUC-III-09,ISRUC-III-09,ISRUC-III,660,3,660,train
ISRUC-III-09,ISRUC-III-09,ISRUC-III,661,3,661,train
ISRUC-III-09,ISRUC-III-09,ISRUC-III,662,3,662,train
ISRUC-III-09,ISRUC-III-09,ISRUC-III,663,3,663,train
ISRUC-III-09,ISRUC-III-09,ISRUC-III,664,3,664,train
ISRUC-III-09,ISRUC-III-09,ISRUC-III,665,3,665,train
ISRUC-III-09,ISRUC-III-09,ISRUC-III,666,3,666,train
ISRUC-III-09,ISRUC-III-09,ISRUC-III,667,3,667,train
ISRUC-III-09,ISRUC-III-09,ISRUC-III,668,0,668,train
ISRUC-III-09,ISRUC-III-09,ISRUC-III,669,3,669,train
ISRUC-III-09,ISRUC-III-09,ISRUC-III,670,2,670,train
ISRUC-III-09,ISRUC-III-09,ISRUC-III,671,2,671,train
ISRUC-III-09,ISRUC-III-09,ISRUC-III,672,3,672,train
ISRUC-III-09,ISRUC-III-09,ISRUC-III,673,3,673,train
ISRUC-III-09,ISRUC-III-09,ISRUC-III,674,3,674,train
ISRUC-III-09,ISRUC-III-09,ISRUC-III,675,1,675,train
ISRUC-III-09,ISRUC-III-09,ISRUC-III,676,4,676,train
ISRUC-III-09,ISRUC-III-09,ISRUC-III,677,4,677,train
ISRUC-III-09,ISRUC-III-09,ISRUC-III,678,4,678,train
ISRUC-III-09,ISRUC-III-09,ISRUC-III,679,4,679,train
ISRUC-III-09,ISRUC-III-09,ISRUC-III,680,1,680,train
ISRUC-III-09,ISRUC-III-09,ISRUC-III,681,4,681,train
ISRUC-III-09,ISRUC-III-09,ISRUC-III,682,4,682,train
ISRUC-III-09,ISRUC-III-09,ISRUC-III,683,4,683,train
ISRUC-III-09,ISRUC-III-09,ISRUC-III,684,4,684,train
ISRUC-III-09,ISRUC-III-09,ISRUC-III,685,1,685,train
ISRUC-III-09,ISRUC-III-09,ISRUC-III,686,4,686,train
ISRUC-III-09,ISRUC-III-09,ISRUC-III,687,1,687,train
ISRUC-III-09,ISRUC-III-09,ISRUC-III,688,1,688,train
ISRUC-III-09,ISRUC-III-09,ISRUC-III,689,1,689,train
ISRUC-III-09,ISRUC-III-09,ISRUC-III,690,1,690,train
ISRUC-III-09,ISRUC-III-09,ISRUC-III,691,4,691,train
ISRUC-III-09,ISRUC-III-09,ISRUC-III,692,4,692,train
ISRUC-III-09,ISRUC-III-09,ISRUC-III,693,4,693,train
ISRUC-III-09,ISRUC-III-09,ISRUC-III,694,4,694,train
ISRUC-III-09,ISRUC-III-09,ISRUC-III,695,4,695,train
ISRUC-III-09,ISRUC-III-09,ISRUC-III,696,0,696,train
ISRUC-III-09,ISRUC-III-09,ISRUC-III,697,0,697,train
ISRUC-III-09,ISRUC-III-09,ISRUC-III,698,1,698,train
ISRUC-III-09,ISRUC-III-09,ISRUC-III,699,0,699,train
ISRUC-III-09,ISRUC-III-09,ISRUC-III,700,1,700,train
ISRUC-III-09,ISRUC-III-09,ISRUC-III,701,1,701,train
ISRUC-III-09,ISRUC-III-09,ISRUC-III,702,0,702,train
ISRUC-III-09,ISRUC-III-09,ISRUC-III,703,1,703,train
ISRUC-III-09,ISRUC-III-09,ISRUC-III,704,1,704,train
ISRUC-III-09,ISRUC-III-09,ISRUC-III,705,1,705,train
ISRUC-III-09,ISRUC-III-09,ISRUC-III,706,1,706,train
ISRUC-III-09,ISRUC-III-09,ISRUC-III,707,1,707,train
ISRUC-III-09,ISRUC-III-09,ISRUC-III,708,1,708,train
ISRUC-III-09,ISRUC-III-09,ISRUC-III,709,1,709,train
ISRUC-III-09,ISRUC-III-09,ISRUC-III,710,2,710,train
ISRUC-III-09,ISRUC-III-09,ISRUC-III,711,1,711,train
ISRUC-III-09,ISRUC-III-09,ISRUC-III,712,2,712,train
ISRUC-III-09,ISRUC-III-09,ISRUC-III,713,2,713,train
ISRUC-III-09,ISRUC-III-09,ISRUC-III,714,2,714,train
ISRUC-III-09,ISRUC-III-09,ISRUC-III,715,2,715,train
ISRUC-III-09,ISRUC-III-09,ISRUC-III,716,2,716,train
ISRUC-III-09,ISRUC-III-09,ISRUC-III,717,0,717,train
ISRUC-III-09,ISRUC-III-09,ISRUC-III,718,0,718,train
ISRUC-III-09,ISRUC-III-09,ISRUC-III,719,0,719,train
ISRUC-III-09,ISRUC-III-09,ISRUC-III,720,1,720,train
ISRUC-III-09,ISRUC-III-09,ISRUC-III,721,0,721,train
ISRUC-III-09,ISRUC-III-09,ISRUC-III,722,1,722,train
ISRUC-III-09,ISRUC-III-09,ISRUC-III,723,1,723,train
ISRUC-III-09,ISRUC-III-09,ISRUC-III,724,1,724,train
ISRUC-III-09,ISRUC-III-09,ISRUC-III,725,2,725,train
ISRUC-III-09,ISRUC-III-09,ISRUC-III,726,2,726,train
ISRUC-III-09,ISRUC-III-09,ISRUC-III,727,2,727,train
ISRUC-III-09,ISRUC-III-09,ISRUC-III,728,2,728,train
ISRUC-III-09,ISRUC-III-09,ISRUC-III,729,2,729,train
ISRUC-III-09,ISRUC-III-09,ISRUC-III,730,1,730,train
ISRUC-III-09,ISRUC-III-09,ISRUC-III,731,2,731,train
ISRUC-III-09,ISRUC-III-09,ISRUC-III,732,2,732,train
ISRUC-III-09,ISRUC-III-09,ISRUC-III,733,2,733,train
ISRUC-III-09,ISRUC-III-09,ISRUC-III,734,1,734,train
ISRUC-III-09,ISRUC-III-09,ISRUC-III,735,2,735,train
ISRUC-III-09,ISRUC-III-09,ISRUC-III,736,2,736,train
ISRUC-III-09,ISRUC-III-09,ISRUC-III,737,2,737,train
ISRUC-III-09,ISRUC-III-09,ISRUC-III,738,2,738,train
ISRUC-III-09,ISRUC-III-09,ISRUC-III,739,2,739,train
ISRUC-III-09,ISRUC-III-09,ISRUC-III,740,2,740,train
ISRUC-III-09,ISRUC-III-09,ISRUC-III,741,1,741,train
ISRUC-III-09,ISRUC-III-09,ISRUC-III,742,1,742,train
ISRUC-III-09,ISRUC-III-09,ISRUC-III,743,1,743,train
ISRUC-III-09,ISRUC-III-09,ISRUC-III,744,1,744,train
ISRUC-III-09,ISRUC-III-09,ISRUC-III,745,2,745,train
ISRUC-III-09,ISRUC-III-09,ISRUC-III,746,0,746,train
ISRUC-III-09,ISRUC-III-09,ISRUC-III,747,1,747,train
ISRUC-III-09,ISRUC-III-09,ISRUC-III,748,2,748,train
ISRUC-III-09,ISRUC-III-09,ISRUC-III,749,2,749,train
ISRUC-III-09,ISRUC-III-09,ISRUC-III,750,2,750,train
ISRUC-III-09,ISRUC-III-09,ISRUC-III,751,2,751,train
ISRUC-III-09,ISRUC-III-09,ISRUC-III,752,2,752,train
ISRUC-III-09,ISRUC-III-09,ISRUC-III,753,2,753,train
ISRUC-III-09,ISRUC-III-09,ISRUC-III,754,2,754,train
ISRUC-III-09,ISRUC-III-09,ISRUC-III,755,2,755,train
ISRUC-III-09,ISRUC-III-09,ISRUC-III,756,2,756,train
ISRUC-III-09,ISRUC-III-09,ISRUC-III,757,2,757,train
ISRUC-III-09,ISRUC-III-09,ISRUC-III,758,2,758,train
ISRUC-III-09,ISRUC-III-09,ISRUC-III,759,1,759,train
ISRUC-III-09,ISRUC-III-09,ISRUC-III,760,1,760,train
ISRUC-III-09,ISRUC-III-09,ISRUC-III,761,1,761,train
ISRUC-III-09,ISRUC-III-09,ISRUC-III,762,4,762,train
ISRUC-III-09,ISRUC-III-09,ISRUC-III,763,4,763,train
ISRUC-III-09,ISRUC-III-09,ISRUC-III,764,4,764,train
ISRUC-III-09,ISRUC-III-09,ISRUC-III,765,4,765,train
ISRUC-III-09,ISRUC-III-09,ISRUC-III,766,4,766,train
ISRUC-III-09,ISRUC-III-09,ISRUC-III,767,4,767,train
ISRUC-III-09,ISRUC-III-09,ISRUC-III,768,4,768,train
ISRUC-III-09,ISRUC-III-09,ISRUC-III,769,4,769,train
ISRUC-III-09,ISRUC-III-09,ISRUC-III,770,1,770,train
ISRUC-III-09,ISRUC-III-09,ISRUC-III,771,4,771,train
ISRUC-III-09,ISRUC-III-09,ISRUC-III,772,4,772,train
ISRUC-III-09,ISRUC-III-09,ISRUC-III,773,0,773,train
ISRUC-III-09,ISRUC-III-09,ISRUC-III,774,4,774,train
ISRUC-III-09,ISRUC-III-09,ISRUC-III,775,4,775,train
ISRUC-III-09,ISRUC-III-09,ISRUC-III,776,4,776,train
ISRUC-III-09,ISRUC-III-09,ISRUC-III,777,0,777,train
ISRUC-III-09,ISRUC-III-09,ISRUC-III,778,0,778,train
ISRUC-III-09,ISRUC-III-09,ISRUC-III,779,0,779,train
ISRUC-III-09,ISRUC-III-09,ISRUC-III,780,0,780,train
ISRUC-III-09,ISRUC-III-09,ISRUC-III,781,0,781,train
ISRUC-III-09,ISRUC-III-09,ISRUC-III,782,1,782,train
ISRUC-III-09,ISRUC-III-09,ISRUC-III,783,1,783,train
ISRUC-III-09,ISRUC-III-09,ISRUC-III,784,1,784,train
ISRUC-III-09,ISRUC-III-09,ISRUC-III,785,2,785,train
ISRUC-III-09,ISRUC-III-09,ISRUC-III,786,2,786,train
ISRUC-III-09,ISRUC-III-09,ISRUC-III,787,1,787,train
ISRUC-III-09,ISRUC-III-09,ISRUC-III,788,2,788,train
ISRUC-III-09,ISRUC-III-09,ISRUC-III,789,2,789,train
ISRUC-III-09,ISRUC-III-09,ISRUC-III,790,2,790,train
ISRUC-III-09,ISRUC-III-09,ISRUC-III,791,2,791,train
ISRUC-III-09,ISRUC-III-09,ISRUC-III,792,1,792,train
ISRUC-III-09,ISRUC-III-09,ISRUC-III,793,2,793,train
ISRUC-III-09,ISRUC-III-09,ISRUC-III,794,2,794,train
ISRUC-III-09,ISRUC-III-09,ISRUC-III,795,2,795,train
ISRUC-III-09,ISRUC-III-09,ISRUC-III,796,2,796,train
ISRUC-III-09,ISRUC-III-09,ISRUC-III,797,2,797,train
ISRUC-III-09,ISRUC-III-09,ISRUC-III,798,2,798,train
ISRUC-III-09,ISRUC-III-09,ISRUC-III,799,2,799,train
ISRUC-III-09,ISRUC-III-09,ISRUC-III,800,2,800,train
ISRUC-III-09,ISRUC-III-09,ISRUC-III,801,2,801,train
ISRUC-III-09,ISRUC-III-09,ISRUC-III,802,2,802,train
ISRUC-III-09,ISRUC-III-09,ISRUC-III,803,0,803,train
ISRUC-III-09,ISRUC-III-09,ISRUC-III,804,0,804,train
ISRUC-III-09,ISRUC-III-09,ISRUC-III,805,0,805,train
ISRUC-III-09,ISRUC-III-09,ISRUC-III,806,0,806,train
ISRUC-III-09,ISRUC-III-09,ISRUC-III,807,0,807,train
ISRUC-III-09,ISRUC-III-09,ISRUC-III,808,0,808,train
ISRUC-III-09,ISRUC-III-09,ISRUC-III,809,0,809,train
ISRUC-III-09,ISRUC-III-09,ISRUC-III,810,1,810,train
ISRUC-III-09,ISRUC-III-09,ISRUC-III,811,2,811,train
ISRUC-III-09,ISRUC-III-09,ISRUC-III,812,2,812,train
ISRUC-III-09,ISRUC-III-09,ISRUC-III,813,2,813,train
ISRUC-III-09,ISRUC-III-09,ISRUC-III,814,2,814,train
ISRUC-III-09,ISRUC-III-09,ISRUC-III,815,2,815,train
ISRUC-III-09,ISRUC-III-09,ISRUC-III,816,2,816,train
ISRUC-III-09,ISRUC-III-09,ISRUC-III,817,2,817,train
ISRUC-III-09,ISRUC-III-09,ISRUC-III,818,2,818,train
ISRUC-III-09,ISRUC-III-09,ISRUC-III,819,2,819,train
ISRUC-III-09,ISRUC-III-09,ISRUC-III,820,2,820,train
ISRUC-III-09,ISRUC-III-09,ISRUC-III,821,2,821,train
ISRUC-III-09,ISRUC-III-09,ISRUC-III,822,2,822,train
ISRUC-III-09,ISRUC-III-09,ISRUC-III,823,2,823,train
ISRUC-III-09,ISRUC-III-09,ISRUC-III,824,2,824,train
ISRUC-III-09,ISRUC-III-09,ISRUC-III,825,2,825,train
ISRUC-III-09,ISRUC-III-09,ISRUC-III,826,2,826,train
ISRUC-III-09,ISRUC-III-09,ISRUC-III,827,2,827,train
ISRUC-III-09,ISRUC-III-09,ISRUC-III,828,2,828,train
ISRUC-III-09,ISRUC-III-09,ISRUC-III,829,2,829,train
ISRUC-III-09,ISRUC-III-09,ISRUC-III,830,2,830,train
ISRUC-III-09,ISRUC-III-09,ISRUC-III,831,2,831,train
ISRUC-III-09,ISRUC-III-09,ISRUC-III,832,2,832,train
ISRUC-III-09,ISRUC-III-09,ISRUC-III,833,2,833,train
ISRUC-III-09,ISRUC-III-09,ISRUC-III,834,2,834,train
ISRUC-III-09,ISRUC-III-09,ISRUC-III,835,2,835,train
ISRUC-III-09,ISRUC-III-09,ISRUC-III,836,2,836,train
ISRUC-III-09,ISRUC-III-09,ISRUC-III,837,2,837,train
ISRUC-III-09,ISRUC-III-09,ISRUC-III,838,2,838,train
ISRUC-III-09,ISRUC-III-09,ISRUC-III,839,2,839,train
ISRUC-III-09,ISRUC-III-09,ISRUC-III,840,2,840,train
ISRUC-III-09,ISRUC-III-09,ISRUC-III,841,0,841,train
ISRUC-III-09,ISRUC-III-09,ISRUC-III,842,0,842,train
ISRUC-III-09,ISRUC-III-09,ISRUC-III,843,1,843,train
ISRUC-III-09,ISRUC-III-09,ISRUC-III,844,2,844,train
ISRUC-III-09,ISRUC-III-09,ISRUC-III,845,2,845,train
ISRUC-III-09,ISRUC-III-09,ISRUC-III,846,2,846,train
ISRUC-III-09,ISRUC-III-09,ISRUC-III,847,2,847,train
ISRUC-III-09,ISRUC-III-09,ISRUC-III,848,2,848,train
ISRUC-III-09,ISRUC-III-09,ISRUC-III,849,2,849,train
ISRUC-III-09,ISRUC-III-09,ISRUC-III,850,2,850,train
ISRUC-III-09,ISRUC-III-09,ISRUC-III,851,2,851,train
ISRUC-III-09,ISRUC-III-09,ISRUC-III,852,4,852,train
ISRUC-III-09,ISRUC-III-09,ISRUC-III,853,4,853,train
ISRUC-III-09,ISRUC-III-09,ISRUC-III,854,4,854,train
ISRUC-III-09,ISRUC-III-09,ISRUC-III,855,4,855,train
ISRUC-III-09,ISRUC-III-09,ISRUC-III,856,4,856,train
ISRUC-III-09,ISRUC-III-09,ISRUC-III,857,4,857,train
ISRUC-III-09,ISRUC-III-09,ISRUC-III,858,1,858,train
ISRUC-III-09,ISRUC-III-09,ISRUC-III,859,4,859,train
ISRUC-III-09,ISRUC-III-09,ISRUC-III,860,4,860,train
ISRUC-III-09,ISRUC-III-09,ISRUC-III,861,1,861,train
ISRUC-III-09,ISRUC-III-09,ISRUC-III,862,1,862,train
ISRUC-III-09,ISRUC-III-09,ISRUC-III,863,1,863,train
ISRUC-III-09,ISRUC-III-09,ISRUC-III,864,0,864,train
ISRUC-III-09,ISRUC-III-09,ISRUC-III,865,0,865,train
ISRUC-III-09,ISRUC-III-09,ISRUC-III,866,0,866,train
ISRUC-III-09,ISRUC-III-09,ISRUC-III,867,0,867,train
ISRUC-III-09,ISRUC-III-09,ISRUC-III,868,0,868,train
ISRUC-III-09,ISRUC-III-09,ISRUC-III,869,0,869,train
ISRUC-III-09,ISRUC-III-09,ISRUC-III,870,1,870,train
ISRUC-III-09,ISRUC-III-09,ISRUC-III,871,1,871,train
ISRUC-III-09,ISRUC-III-09,ISRUC-III,872,2,872,train
ISRUC-III-09,ISRUC-III-09,ISRUC-III,873,1,873,train
ISRUC-III-09,ISRUC-III-09,ISRUC-III,874,2,874,train
ISRUC-III-09,ISRUC-III-09,ISRUC-III,875,2,875,train
ISRUC-III-09,ISRUC-III-09,ISRUC-III,876,2,876,train
ISRUC-III-09,ISRUC-III-09,ISRUC-III,877,2,877,train
ISRUC-III-09,ISRUC-III-09,ISRUC-III,878,2,878,train
ISRUC-III-09,ISRUC-III-09,ISRUC-III,879,2,879,train
ISRUC-III-09,ISRUC-III-09,ISRUC-III,880,1,880,train
ISRUC-III-09,ISRUC-III-09,ISRUC-III,881,2,881,train
ISRUC-III-09,ISRUC-III-09,ISRUC-III,882,2,882,train
ISRUC-III-09,ISRUC-III-09,ISRUC-III,883,1,883,train
ISRUC-III-09,ISRUC-III-09,ISRUC-III,884,1,884,train
ISRUC-III-09,ISRUC-III-09,ISRUC-III,885,1,885,train
ISRUC-III-09,ISRUC-III-09,ISRUC-III,886,2,886,train
ISRUC-III-09,ISRUC-III-09,ISRUC-III,887,2,887,train
ISRUC-III-09,ISRUC-III-09,ISRUC-III,888,2,888,train
ISRUC-III-09,ISRUC-III-09,ISRUC-III,889,2,889,train
ISRUC-III-09,ISRUC-III-09,ISRUC-III,890,2,890,train
ISRUC-III-09,ISRUC-III-09,ISRUC-III,891,2,891,train
ISRUC-III-09,ISRUC-III-09,ISRUC-III,892,2,892,train
ISRUC-III-09,ISRUC-III-09,ISRUC-III,893,2,893,train
ISRUC-III-09,ISRUC-III-09,ISRUC-III,894,2,894,train
ISRUC-III-09,ISRUC-III-09,ISRUC-III,895,2,895,train
ISRUC-III-09,ISRUC-III-09,ISRUC-III,896,2,896,train
ISRUC-III-09,ISRUC-III-09,ISRUC-III,897,2,897,train
ISRUC-III-09,ISRUC-III-09,ISRUC-III,898,2,898,train
ISRUC-III-09,ISRUC-III-09,ISRUC-III,899,2,899,train
ISRUC-III-09,ISRUC-III-09,ISRUC-III,900,2,900,train
ISRUC-III-09,ISRUC-III-09,ISRUC-III,901,2,901,train
ISRUC-III-09,ISRUC-III-09,ISRUC-III,902,2,902,train
ISRUC-III-09,ISRUC-III-09,ISRUC-III,903,2,903,train
ISRUC-III-09,ISRUC-III-09,ISRUC-III,904,2,904,train
ISRUC-III-09,ISRUC-III-09,ISRUC-III,905,2,905,train
ISRUC-III-09,ISRUC-III-09,ISRUC-III,906,2,906,train
ISRUC-III-09,ISRUC-III-09,ISRUC-III,907,2,907,train
ISRUC-III-09,ISRUC-III-09,ISRUC-III,908,2,908,train
ISRUC-III-09,ISRUC-III-09,ISRUC-III,909,2,909,train
ISRUC-III-09,ISRUC-III-09,ISRUC-III,910,2,910,train
ISRUC-III-09,ISRUC-III-09,ISRUC-III,911,2,911,train
ISRUC-III-09,ISRUC-III-09,ISRUC-III,912,2,912,train
ISRUC-III-09,ISRUC-III-09,ISRUC-III,913,2,913,train
ISRUC-III-09,ISRUC-III-09,ISRUC-III,914,2,914,train
ISRUC-III-09,ISRUC-III-09,ISRUC-III,915,2,915,train
ISRUC-III-09,ISRUC-III-09,ISRUC-III,916,2,916,train
ISRUC-III-09,ISRUC-III-09,ISRUC-III,917,2,917,train
ISRUC-III-09,ISRUC-III-09,ISRUC-III,918,2,918,train
ISRUC-III-09,ISRUC-III-09,ISRUC-III,919,2,919,train
ISRUC-III-09,ISRUC-III-09,ISRUC-III,920,2,920,train
ISRUC-III-09,ISRUC-III-09,ISRUC-III,921,2,921,train
ISRUC-III-09,ISRUC-III-09,ISRUC-III,922,2,922,train
ISRUC-III-09,ISRUC-III-09,ISRUC-III,923,2,923,train
ISRUC-III-09,ISRUC-III-09,ISRUC-III,924,2,924,train
ISRUC-III-09,ISRUC-III-09,ISRUC-III,925,2,925,train
ISRUC-III-09,ISRUC-III-09,ISRUC-III,926,2,926,train
ISRUC-III-09,ISRUC-III-09,ISRUC-III,927,2,927,train
ISRUC-III-09,ISRUC-III-09,ISRUC-III,928,2,928,train
ISRUC-III-09,ISRUC-III-09,ISRUC-III,929,2,929,train
ISRUC-III-09,ISRUC-III-09,ISRUC-III,930,2,930,train
ISRUC-III-09,ISRUC-III-09,ISRUC-III,931,2,931,train
ISRUC-III-09,ISRUC-III-09,ISRUC-III,932,2,932,train
ISRUC-III-09,ISRUC-III-09,ISRUC-III,933,2,933,train
ISRUC-III-09,ISRUC-III-09,ISRUC-III,934,2,934,train
ISRUC-III-09,ISRUC-III-09,ISRUC-III,935,2,935,train
ISRUC-III-09,ISRUC-III-09,ISRUC-III,936,2,936,train
ISRUC-III-09,ISRUC-III-09,ISRUC-III,937,2,937,train
ISRUC-III-09,ISRUC-III-09,ISRUC-III,938,2,938,train
ISRUC-III-10,ISRUC-III-10,ISRUC-III,0,0,0,train
ISRUC-III-10,ISRUC-III-10,ISRUC-III,1,0,1,train
ISRUC-III-10,ISRUC-III-10,ISRUC-III,2,0,2,train
ISRUC-III-10,ISRUC-III-10,ISRUC-III,3,0,3,train
ISRUC-III-10,ISRUC-III-10,ISRUC-III,4,0,4,train
ISRUC-III-10,ISRUC-III-10,ISRUC-III,5,0,5,train
ISRUC-III-10,ISRUC-III-10,ISRUC-III,6,0,6,train
ISRUC-III-10,ISRUC-III-10,ISRUC-III,7,0,7,train
ISRUC-III-10,ISRUC-III-10,ISRUC-III,8,0,8,train
ISRUC-III-10,ISRUC-III-10,ISRUC-III,9,0,9,train
ISRUC-III-10,ISRUC-III-10,ISRUC-III,10,0,10,train
ISRUC-III-10,ISRUC-III-10,ISRUC-III,11,0,11,train
ISRUC-III-10,ISRUC-III-10,ISRUC-III,12,0,12,train
ISRUC-III-10,ISRUC-III-10,ISRUC-III,13,0,13,train
ISRUC-III-10,ISRUC-III-10,ISRUC-III,14,0,14,train
ISRUC-III-10,ISRUC-III-10,ISRUC-III,15,0,15,train
ISRUC-III-10,ISRUC-III-10,ISRUC-III,16,0,16,train
ISRUC-III-10,ISRUC-III-10,ISRUC-III,17,0,17,train
ISRUC-III-10,ISRUC-III-10,ISRUC-III,18,0,18,train
ISRUC-III-10,ISRUC-III-10,ISRUC-III,19,0,19,train
ISRUC-III-10,ISRUC-III-10,ISRUC-III,20,0,20,train
ISRUC-III-10,ISRUC-III-10,ISRUC-III,21,0,21,train
ISRUC-III-10,ISRUC-III-10,ISRUC-III,22,0,22,train
ISRUC-III-10,ISRUC-III-10,ISRUC-III,23,0,23,train
ISRUC-III-10,ISRUC-III-10,ISRUC-III,24,0,24,train
ISRUC-III-10,ISRUC-III-10,ISRUC-III,25,0,25,train
ISRUC-III-10,ISRUC-III-10,ISRUC-III,26,0,26,train
ISRUC-III-10,ISRUC-III-10,ISRUC-III,27,0,27,train
ISRUC-III-10,ISRUC-III-10,ISRUC-III,28,0,28,train
ISRUC-III-10,ISRUC-III-10,ISRUC-III,29,0,29,train
ISRUC-III-10,ISRUC-III-10,ISRUC-III,30,0,30,train
ISRUC-III-10,ISRUC-III-10,ISRUC-III,31,0,31,train
ISRUC-III-10,ISRUC-III-10,ISRUC-III,32,0,32,train
ISRUC-III-10,ISRUC-III-10,ISRUC-III,33,0,33,train
ISRUC-III-10,ISRUC-III-10,ISRUC-III,34,0,34,train
ISRUC-III-10,ISRUC-III-10,ISRUC-III,35,0,35,train
ISRUC-III-10,ISRUC-III-10,ISRUC-III,36,0,36,train
ISRUC-III-10,ISRUC-III-10,ISRUC-III,37,0,37,train
ISRUC-III-10,ISRUC-III-10,ISRUC-III,38,0,38,train
ISRUC-III-10,ISRUC-III-10,ISRUC-III,39,0,39,train
ISRUC-III-10,ISRUC-III-10,ISRUC-III,40,0,40,train
ISRUC-III-10,ISRUC-III-10,ISRUC-III,41,0,41,train
ISRUC-III-10,ISRUC-III-10,ISRUC-III,42,0,42,train
ISRUC-III-10,ISRUC-III-10,ISRUC-III,43,0,43,train
ISRUC-III-10,ISRUC-III-10,ISRUC-III,44,1,44,train
ISRUC-III-10,ISRUC-III-10,ISRUC-III,45,1,45,train
ISRUC-III-10,ISRUC-III-10,ISRUC-III,46,1,46,train
ISRUC-III-10,ISRUC-III-10,ISRUC-III,47,0,47,train
ISRUC-III-10,ISRUC-III-10,ISRUC-III,48,0,48,train
ISRUC-III-10,ISRUC-III-10,ISRUC-III,49,0,49,train
ISRUC-III-10,ISRUC-III-10,ISRUC-III,50,0,50,train
ISRUC-III-10,ISRUC-III-10,ISRUC-III,51,0,51,train
ISRUC-III-10,ISRUC-III-10,ISRUC-III,52,0,52,train
ISRUC-III-10,ISRUC-III-10,ISRUC-III,53,0,53,train
ISRUC-III-10,ISRUC-III-10,ISRUC-III,54,0,54,train
ISRUC-III-10,ISRUC-III-10,ISRUC-III,55,1,55,train
ISRUC-III-10,ISRUC-III-10,ISRUC-III,56,1,56,train
ISRUC-III-10,ISRUC-III-10,ISRUC-III,57,1,57,train
ISRUC-III-10,ISRUC-III-10,ISRUC-III,58,1,58,train
ISRUC-III-10,ISRUC-III-10,ISRUC-III,59,1,59,train
ISRUC-III-10,ISRUC-III-10,ISRUC-III,60,1,60,train
ISRUC-III-10,ISRUC-III-10,ISRUC-III,61,1,61,train
ISRUC-III-10,ISRUC-III-10,ISRUC-III,62,0,62,train
ISRUC-III-10,ISRUC-III-10,ISRUC-III,63,0,63,train
ISRUC-III-10,ISRUC-III-10,ISRUC-III,64,0,64,train
ISRUC-III-10,ISRUC-III-10,ISRUC-III,65,0,65,train
ISRUC-III-10,ISRUC-III-10,ISRUC-III,66,0,66,train
ISRUC-III-10,ISRUC-III-10,ISRUC-III,67,0,67,train
ISRUC-III-10,ISRUC-III-10,ISRUC-III,68,0,68,train
ISRUC-III-10,ISRUC-III-10,ISRUC-III,69,0,69,train
ISRUC-III-10,ISRUC-III-10,ISRUC-III,70,0,70,train
ISRUC-III-10,ISRUC-III-10,ISRUC-III,71,1,71,train
ISRUC-III-10,ISRUC-III-10,ISRUC-III,72,1,72,train
ISRUC-III-10,ISRUC-III-10,ISRUC-III,73,1,73,train
ISRUC-III-10,ISRUC-III-10,ISRUC-III,74,1,74,train
ISRUC-III-10,ISRUC-III-10,ISRUC-III,75,1,75,train
ISRUC-III-10,ISRUC-III-10,ISRUC-III,76,1,76,train
ISRUC-III-10,ISRUC-III-10,ISRUC-III,77,1,77,train
ISRUC-III-10,ISRUC-III-10,ISRUC-III,78,0,78,train
ISRUC-III-10,ISRUC-III-10,ISRUC-III,79,0,79,train
ISRUC-III-10,ISRUC-III-10,ISRUC-III,80,0,80,train
ISRUC-III-10,ISRUC-III-10,ISRUC-III,81,1,81,train
ISRUC-III-10,ISRUC-III-10,ISRUC-III,82,2,82,train
ISRUC-III-10,ISRUC-III-10,ISRUC-III,83,2,83,train
ISRUC-III-10,ISRUC-III-10,ISRUC-III,84,2,84,train
ISRUC-III-10,ISRUC-III-10,ISRUC-III,85,0,85,train
ISRUC-III-10,ISRUC-III-10,ISRUC-III,86,0,86,train
ISRUC-III-10,ISRUC-III-10,ISRUC-III,87,1,87,train
ISRUC-III-10,ISRUC-III-10,ISRUC-III,88,0,88,train
ISRUC-III-10,ISRUC-III-10,ISRUC-III,89,0,89,train
ISRUC-III-10,ISRUC-III-10,ISRUC-III,90,0,90,train
ISRUC-III-10,ISRUC-III-10,ISRUC-III,91,1,91,train
ISRUC-III-10,ISRUC-III-10,ISRUC-III,92,1,92,train
ISRUC-III-10,ISRUC-III-10,ISRUC-III,93,1,93,train
ISRUC-III-10,ISRUC-III-10,ISRUC-III,94,1,94,train
ISRUC-III-10,ISRUC-III-10,ISRUC-III,95,1,95,train
ISRUC-III-10,ISRUC-III-10,ISRUC-III,96,0,96,train
ISRUC-III-10,ISRUC-III-10,ISRUC-III,97,1,97,train
ISRUC-III-10,ISRUC-III-10,ISRUC-III,98,1,98,train
ISRUC-III-10,ISRUC-III-10,ISRUC-III,99,1,99,train
ISRUC-III-10,ISRUC-III-10,ISRUC-III,100,1,100,train
ISRUC-III-10,ISRUC-III-10,ISRUC-III,101,1,101,train
ISRUC-III-10,ISRUC-III-10,ISRUC-III,102,1,102,train
ISRUC-III-10,ISRUC-III-10,ISRUC-III,103,0,103,train
ISRUC-III-10,ISRUC-III-10,ISRUC-III,104,1,104,train
ISRUC-III-10,ISRUC-III-10,ISRUC-III,105,1,105,train
ISRUC-III-10,ISRUC-III-10,ISRUC-III,106,1,106,train
ISRUC-III-10,ISRUC-III-10,ISRUC-III,107,1,107,train
ISRUC-III-10,ISRUC-III-10,ISRUC-III,108,0,108,train
ISRUC-III-10,ISRUC-III-10,ISRUC-III,109,1,109,train
ISRUC-III-10,ISRUC-III-10,ISRUC-III,110,2,110,train
ISRUC-III-10,ISRUC-III-10,ISRUC-III,111,0,111,train
ISRUC-III-10,ISRUC-III-10,ISRUC-III,112,2,112,train
ISRUC-III-10,ISRUC-III-10,ISRUC-III,113,1,113,train
ISRUC-III-10,ISRUC-III-10,ISRUC-III,114,1,114,train
ISRUC-III-10,ISRUC-III-10,ISRUC-III,115,2,115,train
ISRUC-III-10,ISRUC-III-10,ISRUC-III,116,2,116,train
ISRUC-III-10,ISRUC-III-10,ISRUC-III,117,0,117,train
ISRUC-III-10,ISRUC-III-10,ISRUC-III,118,1,118,train
ISRUC-III-10,ISRUC-III-10,ISRUC-III,119,2,119,train
ISRUC-III-10,ISRUC-III-10,ISRUC-III,120,2,120,train
ISRUC-III-10,ISRUC-III-10,ISRUC-III,121,1,121,train
ISRUC-III-10,ISRUC-III-10,ISRUC-III,122,2,122,train
ISRUC-III-10,ISRUC-III-10,ISRUC-III,123,2,123,train
ISRUC-III-10,ISRUC-III-10,ISRUC-III,124,2,124,train
ISRUC-III-10,ISRUC-III-10,ISRUC-III,125,2,125,train
ISRUC-III-10,ISRUC-III-10,ISRUC-III,126,0,126,train
ISRUC-III-10,ISRUC-III-10,ISRUC-III,127,1,127,train
ISRUC-III-10,ISRUC-III-10,ISRUC-III,128,0,128,train
ISRUC-III-10,ISRUC-III-10,ISRUC-III,129,1,129,train
ISRUC-III-10,ISRUC-III-10,ISRUC-III,130,1,130,train
ISRUC-III-10,ISRUC-III-10,ISRUC-III,131,1,131,train
ISRUC-III-10,ISRUC-III-10,ISRUC-III,132,1,132,train
ISRUC-III-10,ISRUC-III-10,ISRUC-III,133,2,133,train
ISRUC-III-10,ISRUC-III-10,ISRUC-III,134,1,134,train
ISRUC-III-10,ISRUC-III-10,ISRUC-III,135,2,135,train
ISRUC-III-10,ISRUC-III-10,ISRUC-III,136,2,136,train
ISRUC-III-10,ISRUC-III-10,ISRUC-III,137,1,137,train
ISRUC-III-10,ISRUC-III-10,ISRUC-III,138,0,138,train
ISRUC-III-10,ISRUC-III-10,ISRUC-III,139,0,139,train
ISRUC-III-10,ISRUC-III-10,ISRUC-III,140,0,140,train
ISRUC-III-10,ISRUC-III-10,ISRUC-III,141,1,141,train
ISRUC-III-10,ISRUC-III-10,ISRUC-III,142,1,142,train
ISRUC-III-10,ISRUC-III-10,ISRUC-III,143,2,143,train
ISRUC-III-10,ISRUC-III-10,ISRUC-III,144,2,144,train
ISRUC-III-10,ISRUC-III-10,ISRUC-III,145,2,145,train
ISRUC-III-10,ISRUC-III-10,ISRUC-III,146,2,146,train
ISRUC-III-10,ISRUC-III-10,ISRUC-III,147,2,147,train
ISRUC-III-10,ISRUC-III-10,ISRUC-III,148,2,148,train
ISRUC-III-10,ISRUC-III-10,ISRUC-III,149,2,149,train
ISRUC-III-10,ISRUC-III-10,ISRUC-III,150,2,150,train
ISRUC-III-10,ISRUC-III-10,ISRUC-III,151,2,151,train
ISRUC-III-10,ISRUC-III-10,ISRUC-III,152,2,152,train
ISRUC-III-10,ISRUC-III-10,ISRUC-III,153,2,153,train
ISRUC-III-10,ISRUC-III-10,ISRUC-III,154,2,154,train
ISRUC-III-10,ISRUC-III-10,ISRUC-III,155,2,155,train
ISRUC-III-10,ISRUC-III-10,ISRUC-III,156,1,156,train
ISRUC-III-10,ISRUC-III-10,ISRUC-III,157,2,157,train
ISRUC-III-10,ISRUC-III-10,ISRUC-III,158,2,158,train
ISRUC-III-10,ISRUC-III-10,ISRUC-III,159,2,159,train
ISRUC-III-10,ISRUC-III-10,ISRUC-III,160,2,160,train
ISRUC-III-10,ISRUC-III-10,ISRUC-III,161,2,161,train
ISRUC-III-10,ISRUC-III-10,ISRUC-III,162,2,162,train
ISRUC-III-10,ISRUC-III-10,ISRUC-III,163,2,163,train
ISRUC-III-10,ISRUC-III-10,ISRUC-III,164,2,164,train
ISRUC-III-10,ISRUC-III-10,ISRUC-III,165,2,165,train
ISRUC-III-10,ISRUC-III-10,ISRUC-III,166,2,166,train
ISRUC-III-10,ISRUC-III-10,ISRUC-III,167,2,167,train
ISRUC-III-10,ISRUC-III-10,ISRUC-III,168,2,168,train
ISRUC-III-10,ISRUC-III-10,ISRUC-III,169,2,169,train
ISRUC-III-10,ISRUC-III-10,ISRUC-III,170,2,170,train
ISRUC-III-10,ISRUC-III-10,ISRUC-III,171,3,171,train
ISRUC-III-10,ISRUC-III-10,ISRUC-III,172,2,172,train
ISRUC-III-10,ISRUC-III-10,ISRUC-III,173,0,173,train
ISRUC-III-10,ISRUC-III-10,ISRUC-III,174,0,174,train
ISRUC-III-10,ISRUC-III-10,ISRUC-III,175,0,175,train
ISRUC-III-10,ISRUC-III-10,ISRUC-III,176,0,176,train
ISRUC-III-10,ISRUC-III-10,ISRUC-III,177,1,177,train
ISRUC-III-10,ISRUC-III-10,ISRUC-III,178,1,178,train
ISRUC-III-10,ISRUC-III-10,ISRUC-III,179,1,179,train
ISRUC-III-10,ISRUC-III-10,ISRUC-III,180,2,180,train
ISRUC-III-10,ISRUC-III-10,ISRUC-III,181,2,181,train
ISRUC-III-10,ISRUC-III-10,ISRUC-III,182,2,182,train
ISRUC-III-10,ISRUC-III-10,ISRUC-III,183,2,183,train
ISRUC-III-10,ISRUC-III-10,ISRUC-III,184,2,184,train
ISRUC-III-10,ISRUC-III-10,ISRUC-III,185,2,185,train
ISRUC-III-10,ISRUC-III-10,ISRUC-III,186,2,186,train
ISRUC-III-10,ISRUC-III-10,ISRUC-III,187,2,187,train
ISRUC-III-10,ISRUC-III-10,ISRUC-III,188,0,188,train
ISRUC-III-10,ISRUC-III-10,ISRUC-III,189,1,189,train
ISRUC-III-10,ISRUC-III-10,ISRUC-III,190,1,190,train
ISRUC-III-10,ISRUC-III-10,ISRUC-III,191,1,191,train
ISRUC-III-10,ISRUC-III-10,ISRUC-III,192,1,192,train
ISRUC-III-10,ISRUC-III-10,ISRUC-III,193,1,193,train
ISRUC-III-10,ISRUC-III-10,ISRUC-III,194,0,194,train
ISRUC-III-10,ISRUC-III-10,ISRUC-III,195,1,195,train
ISRUC-III-10,ISRUC-III-10,ISRUC-III,196,1,196,train
ISRUC-III-10,ISRUC-III-10,ISRUC-III,197,1,197,train
ISRUC-III-10,ISRUC-III-10,ISRUC-III,198,2,198,train
ISRUC-III-10,ISRUC-III-10,ISRUC-III,199,2,199,train
ISRUC-III-10,ISRUC-III-10,ISRUC-III,200,2,200,train
ISRUC-III-10,ISRUC-III-10,ISRUC-III,201,2,201,train
ISRUC-III-10,ISRUC-III-10,ISRUC-III,202,0,202,train
ISRUC-III-10,ISRUC-III-10,ISRUC-III,203,0,203,train
ISRUC-III-10,ISRUC-III-10,ISRUC-III,204,1,204,train
ISRUC-III-10,ISRUC-III-10,ISRUC-III,205,1,205,train
ISRUC-III-10,ISRUC-III-10,ISRUC-III,206,2,206,train
ISRUC-III-10,ISRUC-III-10,ISRUC-III,207,2,207,train
ISRUC-III-10,ISRUC-III-10,ISRUC-III,208,2,208,train
ISRUC-III-10,ISRUC-III-10,ISRUC-III,209,4,209,train
ISRUC-III-10,ISRUC-III-10,ISRUC-III,210,4,210,train
ISRUC-III-10,ISRUC-III-10,ISRUC-III,211,4,211,train
ISRUC-III-10,ISRUC-III-10,ISRUC-III,212,4,212,train
ISRUC-III-10,ISRUC-III-10,ISRUC-III,213,4,213,train
ISRUC-III-10,ISRUC-III-10,ISRUC-III,214,4,214,train
ISRUC-III-10,ISRUC-III-10,ISRUC-III,215,4,215,train
ISRUC-III-10,ISRUC-III-10,ISRUC-III,216,4,216,train
ISRUC-III-10,ISRUC-III-10,ISRUC-III,217,4,217,train
ISRUC-III-10,ISRUC-III-10,ISRUC-III,218,4,218,train
ISRUC-III-10,ISRUC-III-10,ISRUC-III,219,4,219,train
ISRUC-III-10,ISRUC-III-10,ISRUC-III,220,4,220,train
ISRUC-III-10,ISRUC-III-10,ISRUC-III,221,4,221,train
ISRUC-III-10,ISRUC-III-10,ISRUC-III,222,4,222,train
ISRUC-III-10,ISRUC-III-10,ISRUC-III,223,4,223,train
ISRUC-III-10,ISRUC-III-10,ISRUC-III,224,4,224,train
ISRUC-III-10,ISRUC-III-10,ISRUC-III,225,4,225,train
ISRUC-III-10,ISRUC-III-10,ISRUC-III,226,4,226,train
ISRUC-III-10,ISRUC-III-10,ISRUC-III,227,4,227,train
ISRUC-III-10,ISRUC-III-10,ISRUC-III,228,4,228,train
ISRUC-III-10,ISRUC-III-10,ISRUC-III,229,4,229,train
ISRUC-III-10,ISRUC-III-10,ISRUC-III,230,4,230,train
ISRUC-III-10,ISRUC-III-10,ISRUC-III,231,4,231,train
ISRUC-III-10,ISRUC-III-10,ISRUC-III,232,4,232,train
ISRUC-III-10,ISRUC-III-10,ISRUC-III,233,4,233,train
ISRUC-III-10,ISRUC-III-10,ISRUC-III,234,4,234,train
ISRUC-III-10,ISRUC-III-10,ISRUC-III,235,4,235,train
ISRUC-III-10,ISRUC-III-10,ISRUC-III,236,4,236,train
ISRUC-III-10,ISRUC-III-10,ISRUC-III,237,4,237,train
ISRUC-III-10,ISRUC-III-10,ISRUC-III,238,4,238,train
ISRUC-III-10,ISRUC-III-10,ISRUC-III,239,4,239,train
ISRUC-III-10,ISRUC-III-10,ISRUC-III,240,4,240,train
ISRUC-III-10,ISRUC-III-10,ISRUC-III,241,4,241,train
ISRUC-III-10,ISRUC-III-10,ISRUC-III,242,4,242,train
ISRUC-III-10,ISRUC-III-10,ISRUC-III,243,4,243,train
ISRUC-III-10,ISRUC-III-10,ISRUC-III,244,4,244,train
ISRUC-III-10,ISRUC-III-10,ISRUC-III,245,4,245,train
ISRUC-III-10,ISRUC-III-10,ISRUC-III,246,4,246,train
ISRUC-III-10,ISRUC-III-10,ISRUC-III,247,4,247,train
ISRUC-III-10,ISRUC-III-10,ISRUC-III,248,4,248,train
ISRUC-III-10,ISRUC-III-10,ISRUC-III,249,4,249,train
ISRUC-III-10,ISRUC-III-10,ISRUC-III,250,4,250,train
ISRUC-III-10,ISRUC-III-10,ISRUC-III,251,4,251,train
ISRUC-III-10,ISRUC-III-10,ISRUC-III,252,4,252,train
ISRUC-III-10,ISRUC-III-10,ISRUC-III,253,4,253,train
ISRUC-III-10,ISRUC-III-10,ISRUC-III,254,4,254,train
ISRUC-III-10,ISRUC-III-10,ISRUC-III,255,4,255,train
ISRUC-III-10,ISRUC-III-10,ISRUC-III,256,4,256,train
ISRUC-III-10,ISRUC-III-10,ISRUC-III,257,4,257,train
ISRUC-III-10,ISRUC-III-10,ISRUC-III,258,4,258,train
ISRUC-III-10,ISRUC-III-10,ISRUC-III,259,4,259,train
ISRUC-III-10,ISRUC-III-10,ISRUC-III,260,4,260,train
ISRUC-III-10,ISRUC-III-10,ISRUC-III,261,4,261,train
ISRUC-III-10,ISRUC-III-10,ISRUC-III,262,4,262,train
ISRUC-III-10,ISRUC-III-10,ISRUC-III,263,4,263,train
ISRUC-III-10,ISRUC-III-10,ISRUC-III,264,4,264,train
ISRUC-III-10,ISRUC-III-10,ISRUC-III,265,4,265,train
ISRUC-III-10,ISRUC-III-10,ISRUC-III,266,2,266,train
ISRUC-III-10,ISRUC-III-10,ISRUC-III,267,2,267,train
ISRUC-III-10,ISRUC-III-10,ISRUC-III,268,2,268,train
ISRUC-III-10,ISRUC-III-10,ISRUC-III,269,2,269,train
ISRUC-III-10,ISRUC-III-10,ISRUC-III,270,2,270,train
ISRUC-III-10,ISRUC-III-10,ISRUC-III,271,2,271,train
ISRUC-III-10,ISRUC-III-10,ISRUC-III,272,2,272,train
ISRUC-III-10,ISRUC-III-10,ISRUC-III,273,2,273,train
ISRUC-III-10,ISRUC-III-10,ISRUC-III,274,2,274,train
ISRUC-III-10,ISRUC-III-10,ISRUC-III,275,2,275,train
ISRUC-III-10,ISRUC-III-10,ISRUC-III,276,2,276,train
ISRUC-III-10,ISRUC-III-10,ISRUC-III,277,2,277,train
ISRUC-III-10,ISRUC-III-10,ISRUC-III,278,2,278,train
ISRUC-III-10,ISRUC-III-10,ISRUC-III,279,2,279,train
ISRUC-III-10,ISRUC-III-10,ISRUC-III,280,3,280,train
ISRUC-III-10,ISRUC-III-10,ISRUC-III,281,3,281,train
ISRUC-III-10,ISRUC-III-10,ISRUC-III,282,3,282,train
ISRUC-III-10,ISRUC-III-10,ISRUC-III,283,3,283,train
ISRUC-III-10,ISRUC-III-10,ISRUC-III,284,3,284,train
ISRUC-III-10,ISRUC-III-10,ISRUC-III,285,3,285,train
ISRUC-III-10,ISRUC-III-10,ISRUC-III,286,3,286,train
ISRUC-III-10,ISRUC-III-10,ISRUC-III,287,3,287,train
ISRUC-III-10,ISRUC-III-10,ISRUC-III,288,3,288,train
ISRUC-III-10,ISRUC-III-10,ISRUC-III,289,3,289,train
ISRUC-III-10,ISRUC-III-10,ISRUC-III,290,3,290,train
ISRUC-III-10,ISRUC-III-10,ISRUC-III,291,3,291,train
ISRUC-III-10,ISRUC-III-10,ISRUC-III,292,3,292,train
ISRUC-III-10,ISRUC-III-10,ISRUC-III,293,3,293,train
ISRUC-III-10,ISRUC-III-10,ISRUC-III,294,3,294,train
ISRUC-III-10,ISRUC-III-10,ISRUC-III,295,3,295,train
ISRUC-III-10,ISRUC-III-10,ISRUC-III,296,3,296,train
ISRUC-III-10,ISRUC-III-10,ISRUC-III,297,3,297,train
ISRUC-III-10,ISRUC-III-10,ISRUC-III,298,3,298,train
ISRUC-III-10,ISRUC-III-10,ISRUC-III,299,3,299,train
ISRUC-III-10,ISRUC-III-10,ISRUC-III,300,3,300,train
ISRUC-III-10,ISRUC-III-10,ISRUC-III,301,3,301,train
ISRUC-III-10,ISRUC-III-10,ISRUC-III,302,3,302,train
ISRUC-III-10,ISRUC-III-10,ISRUC-III,303,3,303,train
ISRUC-III-10,ISRUC-III-10,ISRUC-III,304,3,304,train
ISRUC-III-10,ISRUC-III-10,ISRUC-III,305,3,305,train
ISRUC-III-10,ISRUC-III-10,ISRUC-III,306,3,306,train
ISRUC-III-10,ISRUC-III-10,ISRUC-III,307,3,307,train
ISRUC-III-10,ISRUC-III-10,ISRUC-III,308,3,308,train
ISRUC-III-10,ISRUC-III-10,ISRUC-III,309,3,309,train
ISRUC-III-10,ISRUC-III-10,ISRUC-III,310,3,310,train
ISRUC-III-10,ISRUC-III-10,ISRUC-III,311,3,311,train
ISRUC-III-10,ISRUC-III-10,ISRUC-III,312,3,312,train
ISRUC-III-10,ISRUC-III-10,ISRUC-III,313,3,313,train
ISRUC-III-10,ISRUC-III-10,ISRUC-III,314,3,314,train
ISRUC-III-10,ISRUC-III-10,ISRUC-III,315,3,315,train
ISRUC-III-10,ISRUC-III-10,ISRUC-III,316,3,316,train
ISRUC-III-10,ISRUC-III-10,ISRUC-III,317,3,317,train
ISRUC-III-10,ISRUC-III-10,ISRUC-III,318,3,318,train
ISRUC-III-10,ISRUC-III-10,ISRUC-III,319,3,319,train
ISRUC-III-10,ISRUC-III-10,ISRUC-III,320,3,320,train
ISRUC-III-10,ISRUC-III-10,ISRUC-III,321,3,321,train
ISRUC-III-10,ISRUC-III-10,ISRUC-III,322,3,322,train
ISRUC-III-10,ISRUC-III-10,ISRUC-III,323,3,323,train
ISRUC-III-10,ISRUC-III-10,ISRUC-III,324,3,324,train
ISRUC-III-10,ISRUC-III-10,ISRUC-III,325,3,325,train
ISRUC-III-10,ISRUC-III-10,ISRUC-III,326,3,326,train
ISRUC-III-10,ISRUC-III-10,ISRUC-III,327,3,327,train
ISRUC-III-10,ISRUC-III-10,ISRUC-III,328,3,328,train
ISRUC-III-10,ISRUC-III-10,ISRUC-III,329,3,329,train
ISRUC-III-10,ISRUC-III-10,ISRUC-III,330,3,330,train
ISRUC-III-10,ISRUC-III-10,ISRUC-III,331,3,331,train
ISRUC-III-10,ISRUC-III-10,ISRUC-III,332,3,332,train
ISRUC-III-10,ISRUC-III-10,ISRUC-III,333,3,333,train
ISRUC-III-10,ISRUC-III-10,ISRUC-III,334,3,334,train
ISRUC-III-10,ISRUC-III-10,ISRUC-III,335,3,335,train
ISRUC-III-10,ISRUC-III-10,ISRUC-III,336,3,336,train
ISRUC-III-10,ISRUC-III-10,ISRUC-III,337,3,337,train
ISRUC-III-10,ISRUC-III-10,ISRUC-III,338,3,338,train
ISRUC-III-10,ISRUC-III-10,ISRUC-III,339,3,339,train
ISRUC-III-10,ISRUC-III-10,ISRUC-III,340,3,340,train
ISRUC-III-10,ISRUC-III-10,ISRUC-III,341,3,341,train
ISRUC-III-10,ISRUC-III-10,ISRUC-III,342,3,342,train
ISRUC-III-10,ISRUC-III-10,ISRUC-III,343,3,343,train
ISRUC-III-10,ISRUC-III-10,ISRUC-III,344,3,344,train
ISRUC-III-10,ISRUC-III-10,ISRUC-III,345,3,345,train
ISRUC-III-10,ISRUC-III-10,ISRUC-III,346,3,346,train
ISRUC-III-10,ISRUC-III-10,ISRUC-III,347,3,347,train
ISRUC-III-10,ISRUC-III-10,ISRUC-III,348,3,348,train
ISRUC-III-10,ISRUC-III-10,ISRUC-III,349,3,349,train
ISRUC-III-10,ISRUC-III-10,ISRUC-III,350,3,350,train
ISRUC-III-10,ISRUC-III-10,ISRUC-III,351,3,351,train
ISRUC-III-10,ISRUC-III-10,ISRUC-III,352,3,352,train
ISRUC-III-10,ISRUC-III-10,ISRUC-III,353,3,353,train
ISRUC-III-10,ISRUC-III-10,ISRUC-III,354,3,354,train
ISRUC-III-10,ISRUC-III-10,ISRUC-III,355,3,355,train
ISRUC-III-10,ISRUC-III-10,ISRUC-III,356,3,356,train
ISRUC-III-10,ISRUC-III-10,ISRUC-III,357,3,357,train
ISRUC-III-10,ISRUC-III-10,ISRUC-III,358,3,358,train
ISRUC-III-10,ISRUC-III-10,ISRUC-III,359,3,359,train
ISRUC-III-10,ISRUC-III-10,ISRUC-III,360,3,360,train
ISRUC-III-10,ISRUC-III-10,ISRUC-III,361,3,361,train
ISRUC-III-10,ISRUC-III-10,ISRUC-III,362,3,362,train
ISRUC-III-10,ISRUC-III-10,ISRUC-III,363,3,363,train
ISRUC-III-10,ISRUC-III-10,ISRUC-III,364,3,364,train
ISRUC-III-10,ISRUC-III-10,ISRUC-III,365,0,365,train
ISRUC-III-10,ISRUC-III-10,ISRUC-III,366,2,366,train
ISRUC-III-10,ISRUC-III-10,ISRUC-III,367,2,367,train
ISRUC-III-10,ISRUC-III-10,ISRUC-III,368,2,368,train
ISRUC-III-10,ISRUC-III-10,ISRUC-III,369,2,369,train
ISRUC-III-10,ISRUC-III-10,ISRUC-III,370,2,370,train
ISRUC-III-10,ISRUC-III-10,ISRUC-III,371,2,371,train
ISRUC-III-10,ISRUC-III-10,ISRUC-III,372,2,372,train
ISRUC-III-10,ISRUC-III-10,ISRUC-III,373,2,373,train
ISRUC-III-10,ISRUC-III-10,ISRUC-III,374,1,374,train
ISRUC-III-10,ISRUC-III-10,ISRUC-III,375,1,375,train
ISRUC-III-10,ISRUC-III-10,ISRUC-III,376,0,376,train
ISRUC-III-10,ISRUC-III-10,ISRUC-III,377,1,377,train
ISRUC-III-10,ISRUC-III-10,ISRUC-III,378,1,378,train
ISRUC-III-10,ISRUC-III-10,ISRUC-III,379,1,379,train
ISRUC-III-10,ISRUC-III-10,ISRUC-III,380,2,380,train
ISRUC-III-10,ISRUC-III-10,ISRUC-III,381,0,381,train
ISRUC-III-10,ISRUC-III-10,ISRUC-III,382,1,382,train
ISRUC-III-10,ISRUC-III-10,ISRUC-III,383,2,383,train
ISRUC-III-10,ISRUC-III-10,ISRUC-III,384,1,384,train
ISRUC-III-10,ISRUC-III-10,ISRUC-III,385,1,385,train
ISRUC-III-10,ISRUC-III-10,ISRUC-III,386,0,386,train
ISRUC-III-10,ISRUC-III-10,ISRUC-III,387,0,387,train
ISRUC-III-10,ISRUC-III-10,ISRUC-III,388,1,388,train
ISRUC-III-10,ISRUC-III-10,ISRUC-III,389,0,389,train
ISRUC-III-10,ISRUC-III-10,ISRUC-III,390,1,390,train
ISRUC-III-10,ISRUC-III-10,ISRUC-III,391,1,391,train
ISRUC-III-10,ISRUC-III-10,ISRUC-III,392,1,392,train
ISRUC-III-10,ISRUC-III-10,ISRUC-III,393,2,393,train
ISRUC-III-10,ISRUC-III-10,ISRUC-III,394,2,394,train
ISRUC-III-10,ISRUC-III-10,ISRUC-III,395,2,395,train
ISRUC-III-10,ISRUC-III-10,ISRUC-III,396,2,396,train
ISRUC-III-10,ISRUC-III-10,ISRUC-III,397,2,397,train
ISRUC-III-10,ISRUC-III-10,ISRUC-III,398,2,398,train
ISRUC-III-10,ISRUC-III-10,ISRUC-III,399,2,399,train
ISRUC-III-10,ISRUC-III-10,ISRUC-III,400,1,400,train
ISRUC-III-10,ISRUC-III-10,ISRUC-III,401,2,401,train
ISRUC-III-10,ISRUC-III-10,ISRUC-III,402,2,402,train
ISRUC-III-10,ISRUC-III-10,ISRUC-III,403,2,403,train
ISRUC-III-10,ISRUC-III-10,ISRUC-III,404,2,404,train
ISRUC-III-10,ISRUC-III-10,ISRUC-III,405,2,405,train
ISRUC-III-10,ISRUC-III-10,ISRUC-III,406,2,406,train
ISRUC-III-10,ISRUC-III-10,ISRUC-III,407,2,407,train
ISRUC-III-10,ISRUC-III-10,ISRUC-III,408,4,408,train
ISRUC-III-10,ISRUC-III-10,ISRUC-III,409,4,409,train
ISRUC-III-10,ISRUC-III-10,ISRUC-III,410,4,410,train
ISRUC-III-10,ISRUC-III-10,ISRUC-III,411,4,411,train
ISRUC-III-10,ISRUC-III-10,ISRUC-III,412,4,412,train
ISRUC-III-10,ISRUC-III-10,ISRUC-III,413,4,413,train
ISRUC-III-10,ISRUC-III-10,ISRUC-III,414,4,414,train
ISRUC-III-10,ISRUC-III-10,ISRUC-III,415,4,415,train
ISRUC-III-10,ISRUC-III-10,ISRUC-III,416,4,416,train
ISRUC-III-10,ISRUC-III-10,ISRUC-III,417,4,417,train
ISRUC-III-10,ISRUC-III-10,ISRUC-III,418,4,418,train
ISRUC-III-10,ISRUC-III-10,ISRUC-III,419,4,419,train
ISRUC-III-10,ISRUC-III-10,ISRUC-III,420,4,420,train
ISRUC-III-10,ISRUC-III-10,ISRUC-III,421,4,421,train
ISRUC-III-10,ISRUC-III-10,ISRUC-III,422,4,422,train
ISRUC-III-10,ISRUC-III-10,ISRUC-III,423,4,423,train
ISRUC-III-10,ISRUC-III-10,ISRUC-III,424,4,424,train
ISRUC-III-10,ISRUC-III-10,ISRUC-III,425,4,425,train
ISRUC-III-10,ISRUC-III-10,ISRUC-III,426,4,426,train
ISRUC-III-10,ISRUC-III-10,ISRUC-III,427,4,427,train
ISRUC-III-10,ISRUC-III-10,ISRUC-III,428,4,428,train
ISRUC-III-10,ISRUC-III-10,ISRUC-III,429,4,429,train
ISRUC-III-10,ISRUC-III-10,ISRUC-III,430,4,430,train
ISRUC-III-10,ISRUC-III-10,ISRUC-III,431,4,431,train
ISRUC-III-10,ISRUC-III-10,ISRUC-III,432,4,432,train
ISRUC-III-10,ISRUC-III-10,ISRUC-III,433,4,433,train
ISRUC-III-10,ISRUC-III-10,ISRUC-III,434,4,434,train
ISRUC-III-10,ISRUC-III-10,ISRUC-III,435,4,435,train
ISRUC-III-10,ISRUC-III-10,ISRUC-III,436,4,436,train
ISRUC-III-10,ISRUC-III-10,ISRUC-III,437,4,437,train
ISRUC-III-10,ISRUC-III-10,ISRUC-III,438,4,438,train
ISRUC-III-10,ISRUC-III-10,ISRUC-III,439,4,439,train
ISRUC-III-10,ISRUC-III-10,ISRUC-III,440,4,440,train
ISRUC-III-10,ISRUC-III-10,ISRUC-III,441,2,441,train
ISRUC-III-10,ISRUC-III-10,ISRUC-III,442,2,442,train
ISRUC-III-10,ISRUC-III-10,ISRUC-III,443,1,443,train
ISRUC-III-10,ISRUC-III-10,ISRUC-III,444,1,444,train
ISRUC-III-10,ISRUC-III-10,ISRUC-III,445,2,445,train
ISRUC-III-10,ISRUC-III-10,ISRUC-III,446,2,446,train
ISRUC-III-10,ISRUC-III-10,ISRUC-III,447,2,447,train
ISRUC-III-10,ISRUC-III-10,ISRUC-III,448,2,448,train
ISRUC-III-10,ISRUC-III-10,ISRUC-III,449,1,449,train
ISRUC-III-10,ISRUC-III-10,ISRUC-III,450,2,450,train
ISRUC-III-10,ISRUC-III-10,ISRUC-III,451,2,451,train
ISRUC-III-10,ISRUC-III-10,ISRUC-III,452,2,452,train
ISRUC-III-10,ISRUC-III-10,ISRUC-III,453,2,453,train
ISRUC-III-10,ISRUC-III-10,ISRUC-III,454,2,454,train
ISRUC-III-10,ISRUC-III-10,ISRUC-III,455,2,455,train
ISRUC-III-10,ISRUC-III-10,ISRUC-III,456,2,456,train
ISRUC-III-10,ISRUC-III-10,ISRUC-III,457,0,457,train
ISRUC-III-10,ISRUC-III-10,ISRUC-III,458,0,458,train
ISRUC-III-10,ISRUC-III-10,ISRUC-III,459,1,459,train
ISRUC-III-10,ISRUC-III-10,ISRUC-III,460,1,460,train
ISRUC-III-10,ISRUC-III-10,ISRUC-III,461,1,461,train
ISRUC-III-10,ISRUC-III-10,ISRUC-III,462,1,462,train
ISRUC-III-10,ISRUC-III-10,ISRUC-III,463,1,463,train
ISRUC-III-10,ISRUC-III-10,ISRUC-III,464,2,464,train
ISRUC-III-10,ISRUC-III-10,ISRUC-III,465,1,465,train
ISRUC-III-10,ISRUC-III-10,ISRUC-III,466,0,466,train
ISRUC-III-10,ISRUC-III-10,ISRUC-III,467,1,467,train
ISRUC-III-10,ISRUC-III-10,ISRUC-III,468,0,468,train
ISRUC-III-10,ISRUC-III-10,ISRUC-III,469,1,469,train
ISRUC-III-10,ISRUC-III-10,ISRUC-III,470,1,470,train
ISRUC-III-10,ISRUC-III-10,ISRUC-III,471,1,471,train
ISRUC-III-10,ISRUC-III-10,ISRUC-III,472,1,472,train
ISRUC-III-10,ISRUC-III-10,ISRUC-III,473,1,473,train
ISRUC-III-10,ISRUC-III-10,ISRUC-III,474,0,474,train
ISRUC-III-10,ISRUC-III-10,ISRUC-III,475,0,475,train
ISRUC-III-10,ISRUC-III-10,ISRUC-III,476,0,476,train
ISRUC-III-10,ISRUC-III-10,ISRUC-III,477,0,477,train
ISRUC-III-10,ISRUC-III-10,ISRUC-III,478,1,478,train
ISRUC-III-10,ISRUC-III-10,ISRUC-III,479,1,479,train
ISRUC-III-10,ISRUC-III-10,ISRUC-III,480,1,480,train
ISRUC-III-10,ISRUC-III-10,ISRUC-III,481,0,481,train
ISRUC-III-10,ISRUC-III-10,ISRUC-III,482,0,482,train
ISRUC-III-10,ISRUC-III-10,ISRUC-III,483,0,483,train
ISRUC-III-10,ISRUC-III-10,ISRUC-III,484,0,484,train
ISRUC-III-10,ISRUC-III-10,ISRUC-III,485,1,485,train
ISRUC-III-10,ISRUC-III-10,ISRUC-III,486,1,486,train
ISRUC-III-10,ISRUC-III-10,ISRUC-III,487,1,487,train
ISRUC-III-10,ISRUC-III-10,ISRUC-III,488,1,488,train
ISRUC-III-10,ISRUC-III-10,ISRUC-III,489,1,489,train
ISRUC-III-10,ISRUC-III-10,ISRUC-III,490,1,490,train
ISRUC-III-10,ISRUC-III-10,ISRUC-III,491,1,491,train
ISRUC-III-10,ISRUC-III-10,ISRUC-III,492,1,492,train
ISRUC-III-10,ISRUC-III-10,ISRUC-III,493,0,493,train
ISRUC-III-10,ISRUC-III-10,ISRUC-III,494,1,494,train
ISRUC-III-10,ISRUC-III-10,ISRUC-III,495,1,495,train
ISRUC-III-10,ISRUC-III-10,ISRUC-III,496,1,496,train
ISRUC-III-10,ISRUC-III-10,ISRUC-III,497,1,497,train
ISRUC-III-10,ISRUC-III-10,ISRUC-III,498,1,498,train
ISRUC-III-10,ISRUC-III-10,ISRUC-III,499,1,499,train
ISRUC-III-10,ISRUC-III-10,ISRUC-III,500,1,500,train
ISRUC-III-10,ISRUC-III-10,ISRUC-III,501,1,501,train
ISRUC-III-10,ISRUC-III-10,ISRUC-III,502,1,502,train
ISRUC-III-10,ISRUC-III-10,ISRUC-III,503,1,503,train
ISRUC-III-10,ISRUC-III-10,ISRUC-III,504,1,504,train
ISRUC-III-10,ISRUC-III-10,ISRUC-III,505,1,505,train
ISRUC-III-10,ISRUC-III-10,ISRUC-III,506,1,506,train
ISRUC-III-10,ISRUC-III-10,ISRUC-III,507,1,507,train
ISRUC-III-10,ISRUC-III-10,ISRUC-III,508,1,508,train
ISRUC-III-10,ISRUC-III-10,ISRUC-III,509,1,509,train
ISRUC-III-10,ISRUC-III-10,ISRUC-III,510,1,510,train
ISRUC-III-10,ISRUC-III-10,ISRUC-III,511,1,511,train
ISRUC-III-10,ISRUC-III-10,ISRUC-III,512,0,512,train
ISRUC-III-10,ISRUC-III-10,ISRUC-III,513,1,513,train
ISRUC-III-10,ISRUC-III-10,ISRUC-III,514,1,514,train
ISRUC-III-10,ISRUC-III-10,ISRUC-III,515,1,515,train
ISRUC-III-10,ISRUC-III-10,ISRUC-III,516,1,516,train
ISRUC-III-10,ISRUC-III-10,ISRUC-III,517,1,517,train
ISRUC-III-10,ISRUC-III-10,ISRUC-III,518,0,518,train
ISRUC-III-10,ISRUC-III-10,ISRUC-III,519,1,519,train
ISRUC-III-10,ISRUC-III-10,ISRUC-III,520,1,520,train
ISRUC-III-10,ISRUC-III-10,ISRUC-III,521,1,521,train
ISRUC-III-10,ISRUC-III-10,ISRUC-III,522,1,522,train
ISRUC-III-10,ISRUC-III-10,ISRUC-III,523,1,523,train
ISRUC-III-10,ISRUC-III-10,ISRUC-III,524,1,524,train
ISRUC-III-10,ISRUC-III-10,ISRUC-III,525,1,525,train
ISRUC-III-10,ISRUC-III-10,ISRUC-III,526,1,526,train
ISRUC-III-10,ISRUC-III-10,ISRUC-III,527,1,527,train
ISRUC-III-10,ISRUC-III-10,ISRUC-III,528,1,528,train
ISRUC-III-10,ISRUC-III-10,ISRUC-III,529,1,529,train
ISRUC-III-10,ISRUC-III-10,ISRUC-III,530,1,530,train
ISRUC-III-10,ISRUC-III-10,ISRUC-III,531,1,531,train
ISRUC-III-10,ISRUC-III-10,ISRUC-III,532,2,532,train
ISRUC-III-10,ISRUC-III-10,ISRUC-III,533,0,533,train
ISRUC-III-10,ISRUC-III-10,ISRUC-III,534,0,534,train
ISRUC-III-10,ISRUC-III-10,ISRUC-III,535,1,535,train
ISRUC-III-10,ISRUC-III-10,ISRUC-III,536,1,536,train
ISRUC-III-10,ISRUC-III-10,ISRUC-III,537,0,537,train
ISRUC-III-10,ISRUC-III-10,ISRUC-III,538,1,538,train
ISRUC-III-10,ISRUC-III-10,ISRUC-III,539,1,539,train
ISRUC-III-10,ISRUC-III-10,ISRUC-III,540,1,540,train
ISRUC-III-10,ISRUC-III-10,ISRUC-III,541,0,541,train
ISRUC-III-10,ISRUC-III-10,ISRUC-III,542,1,542,train
ISRUC-III-10,ISRUC-III-10,ISRUC-III,543,1,543,train
ISRUC-III-10,ISRUC-III-10,ISRUC-III,544,1,544,train
ISRUC-III-10,ISRUC-III-10,ISRUC-III,545,1,545,train
ISRUC-III-10,ISRUC-III-10,ISRUC-III,546,0,546,train
ISRUC-III-10,ISRUC-III-10,ISRUC-III,547,1,547,train
ISRUC-III-10,ISRUC-III-10,ISRUC-III,548,1,548,train
ISRUC-III-10,ISRUC-III-10,ISRUC-III,549,1,549,train
ISRUC-III-10,ISRUC-III-10,ISRUC-III,550,1,550,train
ISRUC-III-10,ISRUC-III-10,ISRUC-III,551,1,551,train
ISRUC-III-10,ISRUC-III-10,ISRUC-III,552,1,552,train
ISRUC-III-10,ISRUC-III-10,ISRUC-III,553,1,553,train
ISRUC-III-10,ISRUC-III-10,ISRUC-III,554,1,554,train
ISRUC-III-10,ISRUC-III-10,ISRUC-III,555,0,555,train
ISRUC-III-10,ISRUC-III-10,ISRUC-III,556,1,556,train
ISRUC-III-10,ISRUC-III-10,ISRUC-III,557,1,557,train
ISRUC-III-10,ISRUC-III-10,ISRUC-III,558,0,558,train
ISRUC-III-10,ISRUC-III-10,ISRUC-III,559,1,559,train
ISRUC-III-10,ISRUC-III-10,ISRUC-III,560,1,560,train
ISRUC-III-10,ISRUC-III-10,ISRUC-III,561,1,561,train
ISRUC-III-10,ISRUC-III-10,ISRUC-III,562,1,562,train
ISRUC-III-10,ISRUC-III-10,ISRUC-III,563,1,563,train
ISRUC-III-10,ISRUC-III-10,ISRUC-III,564,1,564,train
ISRUC-III-10,ISRUC-III-10,ISRUC-III,565,1,565,train
ISRUC-III-10,ISRUC-III-10,ISRUC-III,566,1,566,train
ISRUC-III-10,ISRUC-III-10,ISRUC-III,567,1,567,train
ISRUC-III-10,ISRUC-III-10,ISRUC-III,568,1,568,train
ISRUC-III-10,ISRUC-III-10,ISRUC-III,569,0,569,train
ISRUC-III-10,ISRUC-III-10,ISRUC-III,570,1,570,train
ISRUC-III-10,ISRUC-III-10,ISRUC-III,571,1,571,train
ISRUC-III-10,ISRUC-III-10,ISRUC-III,572,1,572,train
ISRUC-III-10,ISRUC-III-10,ISRUC-III,573,1,573,train
ISRUC-III-10,ISRUC-III-10,ISRUC-III,574,1,574,train
ISRUC-III-10,ISRUC-III-10,ISRUC-III,575,1,575,train
ISRUC-III-10,ISRUC-III-10,ISRUC-III,576,1,576,train
ISRUC-III-10,ISRUC-III-10,ISRUC-III,577,1,577,train
ISRUC-III-10,ISRUC-III-10,ISRUC-III,578,1,578,train
ISRUC-III-10,ISRUC-III-10,ISRUC-III,579,1,579,train
ISRUC-III-10,ISRUC-III-10,ISRUC-III,580,1,580,train
ISRUC-III-10,ISRUC-III-10,ISRUC-III,581,1,581,train
ISRUC-III-10,ISRUC-III-10,ISRUC-III,582,2,582,train
ISRUC-III-10,ISRUC-III-10,ISRUC-III,583,2,583,train
ISRUC-III-10,ISRUC-III-10,ISRUC-III,584,2,584,train
ISRUC-III-10,ISRUC-III-10,ISRUC-III,585,1,585,train
ISRUC-III-10,ISRUC-III-10,ISRUC-III,586,0,586,train
ISRUC-III-10,ISRUC-III-10,ISRUC-III,587,1,587,train
ISRUC-III-10,ISRUC-III-10,ISRUC-III,588,1,588,train
ISRUC-III-10,ISRUC-III-10,ISRUC-III,589,1,589,train
ISRUC-III-10,ISRUC-III-10,ISRUC-III,590,0,590,train
ISRUC-III-10,ISRUC-III-10,ISRUC-III,591,1,591,train
ISRUC-III-10,ISRUC-III-10,ISRUC-III,592,1,592,train
ISRUC-III-10,ISRUC-III-10,ISRUC-III,593,0,593,train
ISRUC-III-10,ISRUC-III-10,ISRUC-III,594,1,594,train
ISRUC-III-10,ISRUC-III-10,ISRUC-III,595,1,595,train
ISRUC-III-10,ISRUC-III-10,ISRUC-III,596,2,596,train
ISRUC-III-10,ISRUC-III-10,ISRUC-III,597,2,597,train
ISRUC-III-10,ISRUC-III-10,ISRUC-III,598,1,598,train
ISRUC-III-10,ISRUC-III-10,ISRUC-III,599,1,599,train
ISRUC-III-10,ISRUC-III-10,ISRUC-III,600,0,600,train
ISRUC-III-10,ISRUC-III-10,ISRUC-III,601,0,601,train
ISRUC-III-10,ISRUC-III-10,ISRUC-III,602,1,602,train
ISRUC-III-10,ISRUC-III-10,ISRUC-III,603,2,603,train
ISRUC-III-10,ISRUC-III-10,ISRUC-III,604,2,604,train
ISRUC-III-10,ISRUC-III-10,ISRUC-III,605,1,605,train
ISRUC-III-10,ISRUC-III-10,ISRUC-III,606,2,606,train
ISRUC-III-10,ISRUC-III-10,ISRUC-III,607,2,607,train
ISRUC-III-10,ISRUC-III-10,ISRUC-III,608,2,608,train
ISRUC-III-10,ISRUC-III-10,ISRUC-III,609,2,609,train
ISRUC-III-10,ISRUC-III-10,ISRUC-III,610,2,610,train
ISRUC-III-10,ISRUC-III-10,ISRUC-III,611,2,611,train
ISRUC-III-10,ISRUC-III-10,ISRUC-III,612,0,612,train
ISRUC-III-10,ISRUC-III-10,ISRUC-III,613,1,613,train
ISRUC-III-10,ISRUC-III-10,ISRUC-III,614,1,614,train
ISRUC-III-10,ISRUC-III-10,ISRUC-III,615,1,615,train
ISRUC-III-10,ISRUC-III-10,ISRUC-III,616,0,616,train
ISRUC-III-10,ISRUC-III-10,ISRUC-III,617,1,617,train
ISRUC-III-10,ISRUC-III-10,ISRUC-III,618,1,618,train
ISRUC-III-10,ISRUC-III-10,ISRUC-III,619,1,619,train
ISRUC-III-10,ISRUC-III-10,ISRUC-III,620,1,620,train
ISRUC-III-10,ISRUC-III-10,ISRUC-III,621,1,621,train
ISRUC-III-10,ISRUC-III-10,ISRUC-III,622,1,622,train
ISRUC-III-10,ISRUC-III-10,ISRUC-III,623,2,623,train
ISRUC-III-10,ISRUC-III-10,ISRUC-III,624,2,624,train
ISRUC-III-10,ISRUC-III-10,ISRUC-III,625,2,625,train
ISRUC-III-10,ISRUC-III-10,ISRUC-III,626,2,626,train
ISRUC-III-10,ISRUC-III-10,ISRUC-III,627,2,627,train
ISRUC-III-10,ISRUC-III-10,ISRUC-III,628,2,628,train
ISRUC-III-10,ISRUC-III-10,ISRUC-III,629,2,629,train
ISRUC-III-10,ISRUC-III-10,ISRUC-III,630,2,630,train
ISRUC-III-10,ISRUC-III-10,ISRUC-III,631,2,631,train
ISRUC-III-10,ISRUC-III-10,ISRUC-III,632,1,632,train
ISRUC-III-10,ISRUC-III-10,ISRUC-III,633,0,633,train
ISRUC-III-10,ISRUC-III-10,ISRUC-III,634,1,634,train
ISRUC-III-10,ISRUC-III-10,ISRUC-III,635,2,635,train
ISRUC-III-10,ISRUC-III-10,ISRUC-III,636,2,636,train
ISRUC-III-10,ISRUC-III-10,ISRUC-III,637,2,637,train
ISRUC-III-10,ISRUC-III-10,ISRUC-III,638,2,638,train
ISRUC-III-10,ISRUC-III-10,ISRUC-III,639,2,639,train
ISRUC-III-10,ISRUC-III-10,ISRUC-III,640,2,640,train
ISRUC-III-10,ISRUC-III-10,ISRUC-III,641,2,641,train
ISRUC-III-10,ISRUC-III-10,ISRUC-III,642,2,642,train
ISRUC-III-10,ISRUC-III-10,ISRUC-III,643,2,643,train
ISRUC-III-10,ISRUC-III-10,ISRUC-III,644,2,644,train
ISRUC-III-10,ISRUC-III-10,ISRUC-III,645,4,645,train
ISRUC-III-10,ISRUC-III-10,ISRUC-III,646,4,646,train
ISRUC-III-10,ISRUC-III-10,ISRUC-III,647,4,647,train
ISRUC-III-10,ISRUC-III-10,ISRUC-III,648,0,648,train
ISRUC-III-10,ISRUC-III-10,ISRUC-III,649,1,649,train
ISRUC-III-10,ISRUC-III-10,ISRUC-III,650,0,650,train
ISRUC-III-10,ISRUC-III-10,ISRUC-III,651,1,651,train
ISRUC-III-10,ISRUC-III-10,ISRUC-III,652,1,652,train
ISRUC-III-10,ISRUC-III-10,ISRUC-III,653,1,653,train
ISRUC-III-10,ISRUC-III-10,ISRUC-III,654,1,654,train
ISRUC-III-10,ISRUC-III-10,ISRUC-III,655,1,655,train
ISRUC-III-10,ISRUC-III-10,ISRUC-III,656,1,656,train
ISRUC-III-10,ISRUC-III-10,ISRUC-III,657,2,657,train
ISRUC-III-10,ISRUC-III-10,ISRUC-III,658,1,658,train
ISRUC-III-10,ISRUC-III-10,ISRUC-III,659,1,659,train
ISRUC-III-10,ISRUC-III-10,ISRUC-III,660,1,660,train
ISRUC-III-10,ISRUC-III-10,ISRUC-III,661,2,661,train
ISRUC-III-10,ISRUC-III-10,ISRUC-III,662,2,662,train
ISRUC-III-10,ISRUC-III-10,ISRUC-III,663,2,663,train
ISRUC-III-10,ISRUC-III-10,ISRUC-III,664,2,664,train
ISRUC-III-10,ISRUC-III-10,ISRUC-III,665,2,665,train
ISRUC-III-10,ISRUC-III-10,ISRUC-III,666,1,666,train
ISRUC-III-10,ISRUC-III-10,ISRUC-III,667,1,667,train
ISRUC-III-10,ISRUC-III-10,ISRUC-III,668,4,668,train
ISRUC-III-10,ISRUC-III-10,ISRUC-III,669,4,669,train
ISRUC-III-10,ISRUC-III-10,ISRUC-III,670,4,670,train
ISRUC-III-10,ISRUC-III-10,ISRUC-III,671,4,671,train
ISRUC-III-10,ISRUC-III-10,ISRUC-III,672,4,672,train
ISRUC-III-10,ISRUC-III-10,ISRUC-III,673,4,673,train
ISRUC-III-10,ISRUC-III-10,ISRUC-III,674,4,674,train
ISRUC-III-10,ISRUC-III-10,ISRUC-III,675,4,675,train
ISRUC-III-10,ISRUC-III-10,ISRUC-III,676,4,676,train
ISRUC-III-10,ISRUC-III-10,ISRUC-III,677,4,677,train
ISRUC-III-10,ISRUC-III-10,ISRUC-III,678,4,678,train
ISRUC-III-10,ISRUC-III-10,ISRUC-III,679,4,679,train
ISRUC-III-10,ISRUC-III-10,ISRUC-III,680,4,680,train
ISRUC-III-10,ISRUC-III-10,ISRUC-III,681,4,681,train
ISRUC-III-10,ISRUC-III-10,ISRUC-III,682,4,682,train
ISRUC-III-10,ISRUC-III-10,ISRUC-III,683,4,683,train
ISRUC-III-10,ISRUC-III-10,ISRUC-III,684,4,684,train
ISRUC-III-10,ISRUC-III-10,ISRUC-III,685,4,685,train
ISRUC-III-10,ISRUC-III-10,ISRUC-III,686,4,686,train
ISRUC-III-10,ISRUC-III-10,ISRUC-III,687,4,687,train
ISRUC-III-10,ISRUC-III-10,ISRUC-III,688,4,688,train
ISRUC-III-10,ISRUC-III-10,ISRUC-III,689,4,689,train
ISRUC-III-10,ISRUC-III-10,ISRUC-III,690,4,690,train
ISRUC-III-10,ISRUC-III-10,ISRUC-III,691,4,691,train
ISRUC-III-10,ISRUC-III-10,ISRUC-III,692,4,692,train
ISRUC-III-10,ISRUC-III-10,ISRUC-III,693,4,693,train
ISRUC-III-10,ISRUC-III-10,ISRUC-III,694,4,694,train
ISRUC-III-10,ISRUC-III-10,ISRUC-III,695,4,695,train
ISRUC-III-10,ISRUC-III-10,ISRUC-III,696,1,696,train
ISRUC-III-10,ISRUC-III-10,ISRUC-III,697,4,697,train
ISRUC-III-10,ISRUC-III-10,ISRUC-III,698,4,698,train
ISRUC-III-10,ISRUC-III-10,ISRUC-III,699,4,699,train
ISRUC-III-10,ISRUC-III-10,ISRUC-III,700,4,700,train
ISRUC-III-10,ISRUC-III-10,ISRUC-III,701,4,701,train
ISRUC-III-10,ISRUC-III-10,ISRUC-III,702,4,702,train
ISRUC-III-10,ISRUC-III-10,ISRUC-III,703,4,703,train
ISRUC-III-10,ISRUC-III-10,ISRUC-III,704,4,704,train
ISRUC-III-10,ISRUC-III-10,ISRUC-III,705,4,705,train
ISRUC-III-10,ISRUC-III-10,ISRUC-III,706,4,706,train
ISRUC-III-10,ISRUC-III-10,ISRUC-III,707,4,707,train
ISRUC-III-10,ISRUC-III-10,ISRUC-III,708,4,708,train
ISRUC-III-10,ISRUC-III-10,ISRUC-III,709,4,709,train
ISRUC-III-10,ISRUC-III-10,ISRUC-III,710,4,710,train
ISRUC-III-10,ISRUC-III-10,ISRUC-III,711,1,711,train
ISRUC-III-10,ISRUC-III-10,ISRUC-III,712,1,712,train
ISRUC-III-10,ISRUC-III-10,ISRUC-III,713,1,713,train
ISRUC-III-10,ISRUC-III-10,ISRUC-III,714,2,714,train
ISRUC-III-10,ISRUC-III-10,ISRUC-III,715,2,715,train
ISRUC-III-10,ISRUC-III-10,ISRUC-III,716,2,716,train
ISRUC-III-10,ISRUC-III-10,ISRUC-III,717,2,717,train
ISRUC-III-10,ISRUC-III-10,ISRUC-III,718,2,718,train
ISRUC-III-10,ISRUC-III-10,ISRUC-III,719,2,719,train
ISRUC-III-10,ISRUC-III-10,ISRUC-III,720,2,720,train
ISRUC-III-10,ISRUC-III-10,ISRUC-III,721,2,721,train
ISRUC-III-10,ISRUC-III-10,ISRUC-III,722,2,722,train
ISRUC-III-10,ISRUC-III-10,ISRUC-III,723,2,723,train
ISRUC-III-10,ISRUC-III-10,ISRUC-III,724,1,724,train
ISRUC-III-10,ISRUC-III-10,ISRUC-III,725,2,725,train
ISRUC-III-10,ISRUC-III-10,ISRUC-III,726,2,726,train
ISRUC-III-10,ISRUC-III-10,ISRUC-III,727,2,727,train
ISRUC-III-10,ISRUC-III-10,ISRUC-III,728,2,728,train
ISRUC-III-10,ISRUC-III-10,ISRUC-III,729,2,729,train
ISRUC-III-10,ISRUC-III-10,ISRUC-III,730,2,730,train
ISRUC-III-10,ISRUC-III-10,ISRUC-III,731,2,731,train
ISRUC-III-10,ISRUC-III-10,ISRUC-III,732,2,732,train
ISRUC-III-10,ISRUC-III-10,ISRUC-III,733,2,733,train
ISRUC-III-10,ISRUC-III-10,ISRUC-III,734,2,734,train
ISRUC-III-10,ISRUC-III-10,ISRUC-III,735,2,735,train
ISRUC-III-10,ISRUC-III-10,ISRUC-III,736,2,736,train
ISRUC-III-10,ISRUC-III-10,ISRUC-III,737,3,737,train
ISRUC-III-10,ISRUC-III-10,ISRUC-III,738,3,738,train
ISRUC-III-10,ISRUC-III-10,ISRUC-III,739,3,739,train
ISRUC-III-10,ISRUC-III-10,ISRUC-III,740,3,740,train
ISRUC-III-10,ISRUC-III-10,ISRUC-III,741,3,741,train
ISRUC-III-10,ISRUC-III-10,ISRUC-III,742,3,742,train
ISRUC-III-10,ISRUC-III-10,ISRUC-III,743,3,743,train
ISRUC-III-10,ISRUC-III-10,ISRUC-III,744,2,744,train
ISRUC-III-10,ISRUC-III-10,ISRUC-III,745,3,745,train
ISRUC-III-10,ISRUC-III-10,ISRUC-III,746,3,746,train
ISRUC-III-10,ISRUC-III-10,ISRUC-III,747,3,747,train
ISRUC-III-10,ISRUC-III-10,ISRUC-III,748,3,748,train
ISRUC-III-10,ISRUC-III-10,ISRUC-III,749,3,749,train
ISRUC-III-10,ISRUC-III-10,ISRUC-III,750,3,750,train
ISRUC-III-10,ISRUC-III-10,ISRUC-III,751,3,751,train
ISRUC-III-10,ISRUC-III-10,ISRUC-III,752,3,752,train
ISRUC-III-10,ISRUC-III-10,ISRUC-III,753,3,753,train
ISRUC-III-10,ISRUC-III-10,ISRUC-III,754,3,754,train
ISRUC-III-10,ISRUC-III-10,ISRUC-III,755,3,755,train
ISRUC-III-10,ISRUC-III-10,ISRUC-III,756,3,756,train
ISRUC-III-10,ISRUC-III-10,ISRUC-III,757,3,757,train
ISRUC-III-10,ISRUC-III-10,ISRUC-III,758,3,758,train
ISRUC-III-10,ISRUC-III-10,ISRUC-III,759,3,759,train
ISRUC-III-10,ISRUC-III-10,ISRUC-III,760,3,760,train
ISRUC-III-10,ISRUC-III-10,ISRUC-III,761,3,761,train
ISRUC-III-10,ISRUC-III-10,ISRUC-III,762,3,762,train
ISRUC-III-10,ISRUC-III-10,ISRUC-III,763,3,763,train
ISRUC-III-10,ISRUC-III-10,ISRUC-III,764,0,764,train
ISRUC-III-10,ISRUC-III-10,ISRUC-III,765,1,765,train
